date,code,name,exchange,adjustment,open,high,low,close,pre_close,change,pct_change,amplitude_pct,volume_lot,volume_shares,amount_wan,amount_yuan,turnover_rate_pct,ma5,ma10,ma20,ma60,vol_ma5_lot,vol_ma10_lot,vol_ma20_lot,high_20,low_20,high_60,low_60,bar_status,quote_time,source
2024-05-21,605006,山东玻纤,SH,qfq,5.800,5.800,5.660,5.690,5.790,-0.100,-1.73,2.42,28381,2838100,1630.64,16306400.00,0.47,5.692,5.681,5.576,5.633,31162,31152,35598,6.030,5.160,6.250,5.000,closed,,tencent_newfqkline
2024-05-22,605006,山东玻纤,SH,qfq,5.720,5.760,5.670,5.700,5.690,0.010,0.18,1.58,14179,1417900,817.89,8178900.00,0.24,5.724,5.681,5.587,5.641,30799,29412,35268,6.030,5.160,6.250,5.000,closed,,tencent_newfqkline
2024-05-23,605006,山东玻纤,SH,qfq,5.710,5.720,5.550,5.550,5.700,-0.150,-2.63,2.98,19617,1961700,1109.47,11094700.00,0.33,5.710,5.660,5.577,5.644,29427,28347,33138,5.950,5.160,6.250,5.000,closed,,tencent_newfqkline
2024-05-24,605006,山东玻纤,SH,qfq,5.560,5.600,5.500,5.510,5.550,-0.040,-0.72,1.80,15454,1545400,863.61,8636100.00,0.26,5.648,5.633,5.581,5.642,23516,27175,31029,5.950,5.160,6.250,5.000,closed,,tencent_newfqkline
2024-05-27,605006,山东玻纤,SH,qfq,5.510,5.520,5.370,5.440,5.510,-0.070,-1.27,2.72,19474,1947400,1065.30,10653000.00,0.32,5.578,5.624,5.586,5.635,19421,24419,29778,5.950,5.160,6.250,5.000,closed,,tencent_newfqkline
2024-05-28,605006,山东玻纤,SH,qfq,5.470,5.510,5.350,5.350,5.440,-0.090,-1.65,2.94,19814,1981400,1080.21,10802100.00,0.33,5.510,5.601,5.587,5.627,17708,24435,29362,5.950,5.160,6.250,5.000,closed,,tencent_newfqkline
2024-05-29,605006,山东玻纤,SH,qfq,5.380,5.440,5.350,5.400,5.350,0.050,0.93,1.68,13773,1377300,751.29,7512900.00,0.23,5.450,5.587,5.595,5.628,17626,24213,28415,5.950,5.230,6.250,5.000,closed,,tencent_newfqkline
2024-05-30,605006,山东玻纤,SH,qfq,5.380,5.460,5.290,5.330,5.400,-0.070,-1.30,3.15,19367,1936700,1046.08,10460800.00,0.32,5.406,5.558,5.591,5.625,17576,23502,27488,5.950,5.290,6.250,5.000,closed,,tencent_newfqkline
2024-05-31,605006,山东玻纤,SH,qfq,5.310,5.400,5.300,5.320,5.330,-0.010,-0.19,1.88,14286,1428600,769.52,7695200.00,0.24,5.368,5.508,5.590,5.621,17343,20429,27162,5.950,5.290,6.250,5.000,closed,,tencent_newfqkline
2024-06-03,605006,山东玻纤,SH,qfq,5.320,5.340,5.080,5.120,5.320,-0.200,-3.76,4.89,23656,2365600,1230.79,12307900.00,0.39,5.304,5.441,5.565,5.614,18179,18800,25996,5.950,5.080,6.250,5.000,closed,,tencent_newfqkline
2024-06-04,605006,山东玻纤,SH,qfq,5.100,5.110,5.020,5.050,5.120,-0.070,-1.37,1.76,19981,1998100,1018.75,10187500.00,0.33,5.244,5.377,5.529,5.606,18213,17960,24556,5.950,5.020,6.250,5.000,closed,,tencent_newfqkline
2024-06-05,605006,山东玻纤,SH,qfq,5.100,5.100,4.960,4.970,5.050,-0.080,-1.58,2.77,13991,1399100,699.12,6991200.00,0.23,5.158,5.304,5.492,5.598,18256,17941,23677,5.950,4.960,6.250,4.960,closed,,tencent_newfqkline
2024-06-06,605006,山东玻纤,SH,qfq,4.900,5.020,4.660,4.720,4.970,-0.250,-5.03,7.24,38833,3883300,1858.32,18583200.00,0.65,5.036,5.221,5.441,5.585,22149,19863,24105,5.950,4.660,6.250,4.660,closed,,tencent_newfqkline
2024-06-07,605006,山东玻纤,SH,qfq,4.800,4.870,4.760,4.820,4.720,0.100,2.12,2.33,19254,1925400,927.34,9273400.00,0.32,4.936,5.152,5.393,5.573,23143,20243,23709,5.950,4.660,6.250,4.660,closed,,tencent_newfqkline
2024-06-11,605006,山东玻纤,SH,qfq,4.830,4.870,4.710,4.850,4.820,0.030,0.62,3.32,18266,1826600,875.89,8758900.00,0.30,4.882,5.093,5.359,5.562,22065,20122,22271,5.950,4.660,6.250,4.660,closed,,tencent_newfqkline
2024-06-12,605006,山东玻纤,SH,qfq,4.800,4.880,4.790,4.830,4.850,-0.020,-0.41,1.86,12307,1230700,595.64,5956400.00,0.21,4.838,5.041,5.321,5.549,20530,19371,21903,5.950,4.660,6.250,4.660,closed,,tencent_newfqkline
2024-06-13,605006,山东玻纤,SH,qfq,4.840,4.860,4.730,4.750,4.830,-0.080,-1.66,2.69,11847,1184700,566.29,5662900.00,0.20,4.794,4.976,5.281,5.534,20101,19179,21696,5.950,4.660,6.250,4.660,closed,,tencent_newfqkline
2024-06-14,605006,山东玻纤,SH,qfq,4.750,4.780,4.670,4.770,4.750,0.020,0.42,2.32,11638,1163800,549.94,5499400.00,0.19,4.804,4.920,5.239,5.519,14662,18406,20954,5.950,4.660,6.250,4.660,closed,,tencent_newfqkline
2024-06-17,605006,山东玻纤,SH,qfq,4.760,4.760,4.690,4.710,4.770,-0.060,-1.26,1.47,12773,1277300,601.46,6014600.00,0.21,4.782,4.859,5.184,5.503,13366,18255,19342,5.950,4.660,6.250,4.660,closed,,tencent_newfqkline
2024-06-18,605006,山东玻纤,SH,qfq,4.720,4.750,4.680,4.740,4.710,0.030,0.64,1.49,9764,976400,461.58,4615800.00,0.16,4.760,4.821,5.131,5.481,11666,16865,17833,5.800,4.660,6.140,4.660,closed,,tencent_newfqkline
2024-06-19,605006,山东玻纤,SH,qfq,4.740,4.760,4.710,4.720,4.740,-0.020,-0.42,1.05,7955,795500,376.42,3764200.00,0.13,4.738,4.788,5.083,5.462,10795,15663,16811,5.760,4.660,6.140,4.660,closed,,tencent_newfqkline
2024-06-20,605006,山东玻纤,SH,qfq,4.750,4.760,4.650,4.690,4.720,-0.030,-0.64,2.33,14440,1444000,676.81,6768100.00,0.24,4.726,4.760,5.032,5.442,11314,15708,16824,5.720,4.650,6.140,4.650,closed,,tencent_newfqkline
2024-06-21,605006,山东玻纤,SH,qfq,4.690,4.750,4.600,4.740,4.690,0.050,1.07,3.20,15089,1508900,707.97,7079700.00,0.25,4.720,4.762,4.992,5.424,12004,13333,16598,5.600,4.600,6.140,4.600,closed,,tencent_newfqkline
2024-06-24,605006,山东玻纤,SH,qfq,4.700,5.160,4.640,4.940,4.740,0.200,4.22,10.97,88209,8820900,4335.40,43354000.00,1.47,4.766,4.774,4.963,5.412,27091,20229,20236,5.520,4.600,6.140,4.600,closed,,tencent_newfqkline
2024-06-25,605006,山东玻纤,SH,qfq,4.940,4.940,4.720,4.800,4.940,-0.140,-2.83,4.45,45607,4560700,2184.92,21849200.00,0.76,4.778,4.769,4.931,5.396,34260,22963,21542,5.510,4.600,6.140,4.600,closed,,tencent_newfqkline
2024-06-26,605006,山东玻纤,SH,qfq,4.770,4.790,4.610,4.790,4.800,-0.010,-0.21,3.75,29772,2977200,1397.61,13976100.00,0.50,4.792,4.765,4.903,5.376,38623,24709,22040,5.460,4.600,6.140,4.600,closed,,tencent_newfqkline
2024-06-27,605006,山东玻纤,SH,qfq,4.740,4.770,4.640,4.690,4.790,-0.100,-2.09,2.71,21093,2109300,991.36,9913600.00,0.35,4.792,4.759,4.867,5.362,39954,25634,22406,5.460,4.600,6.140,4.600,closed,,tencent_newfqkline
2024-06-28,605006,山东玻纤,SH,qfq,4.620,4.690,4.360,4.410,4.690,-0.280,-5.97,7.04,54164,5416400,2432.79,24327900.00,0.90,4.726,4.723,4.822,5.343,47769,29887,24146,5.400,4.360,6.140,4.360,closed,,tencent_newfqkline
2024-07-01,605006,山东玻纤,SH,qfq,4.350,4.450,4.310,4.440,4.410,0.030,0.68,3.17,26888,2688800,1181.01,11810100.00,0.45,4.626,4.696,4.777,5.322,35505,31298,24776,5.340,4.310,6.140,4.310,closed,,tencent_newfqkline
2024-07-02,605006,山东玻纤,SH,qfq,4.420,4.480,4.370,4.450,4.440,0.010,0.23,2.48,21942,2194200,973.67,9736700.00,0.37,4.556,4.667,4.744,5.295,30772,32516,24691,5.160,4.310,6.140,4.310,closed,,tencent_newfqkline
2024-07-03,605006,山东玻纤,SH,qfq,4.450,4.540,4.410,4.460,4.450,0.010,0.22,2.92,19579,1957900,876.32,8763200.00,0.33,4.490,4.641,4.715,5.268,28733,33678,24671,5.160,4.310,6.140,4.310,closed,,tencent_newfqkline
2024-07-04,605006,山东玻纤,SH,qfq,4.450,4.500,4.330,4.340,4.460,-0.120,-2.69,3.81,22441,2244100,989.15,9891500.00,0.37,4.420,4.606,4.683,5.240,29003,34478,25093,5.160,4.310,6.030,4.310,closed,,tencent_newfqkline
2024-07-05,605006,山东玻纤,SH,qfq,4.290,4.430,4.270,4.420,4.340,0.080,1.84,3.69,19343,1934300,846.55,8465500.00,0.32,4.422,4.574,4.668,5.217,22039,34904,24119,5.160,4.270,6.030,4.270,closed,,tencent_newfqkline
2024-07-08,605006,山东玻纤,SH,qfq,4.430,4.450,4.270,4.280,4.420,-0.140,-3.17,4.07,18932,1893200,816.38,8163800.00,0.32,4.390,4.508,4.641,5.189,20447,27976,24102,5.160,4.270,6.030,4.270,closed,,tencent_newfqkline
2024-07-09,605006,山东玻纤,SH,qfq,4.270,4.320,4.180,4.280,4.280,0.000,0.00,3.27,17450,1745000,743.47,7434700.00,0.29,4.356,4.456,4.612,5.164,19549,25160,24062,5.160,4.180,6.030,4.180,closed,,tencent_newfqkline
2024-07-10,605006,山东玻纤,SH,qfq,4.220,4.280,4.180,4.200,4.280,-0.080,-1.87,2.34,14134,1413400,598.10,5981000.00,0.24,4.304,4.397,4.581,5.138,18460,23597,24153,5.160,4.180,6.030,4.180,closed,,tencent_newfqkline
2024-07-11,605006,山东玻纤,SH,qfq,4.270,4.350,4.230,4.320,4.200,0.120,2.86,2.86,24569,2456900,1056.33,10563300.00,0.41,4.300,4.360,4.559,5.114,18886,23944,24789,5.160,4.180,6.030,4.180,closed,,tencent_newfqkline
2024-07-12,605006,山东玻纤,SH,qfq,4.310,4.370,4.280,4.310,4.320,-0.010,-0.23,2.08,18559,1855900,801.83,8018300.00,0.31,4.278,4.350,4.537,5.094,18729,20384,25135,5.160,4.180,6.030,4.180,closed,,tencent_newfqkline
2024-07-15,605006,山东玻纤,SH,qfq,4.270,4.300,4.150,4.180,4.310,-0.130,-3.02,3.48,16799,1679900,706.03,7060300.00,0.28,4.258,4.324,4.510,5.080,18302,19375,25336,5.160,4.150,6.030,4.150,closed,,tencent_newfqkline
2024-07-16,605006,山东玻纤,SH,qfq,4.180,4.180,4.110,4.130,4.180,-0.050,-1.20,1.67,12148,1214800,502.11,5021100.00,0.20,4.228,4.292,4.479,5.059,17242,18395,25456,5.160,4.110,6.030,4.110,closed,,tencent_newfqkline
2024-07-17,605006,山东玻纤,SH,qfq,4.120,4.130,4.050,4.080,4.130,-0.050,-1.21,1.94,17572,1757200,717.11,7171100.00,0.29,4.204,4.254,4.447,5.035,17929,18195,25936,5.160,4.050,6.030,4.050,closed,,tencent_newfqkline
2024-07-18,605006,山东玻纤,SH,qfq,4.030,4.070,3.970,4.040,4.080,-0.040,-0.98,2.45,18268,1826800,731.47,7314700.00,0.30,4.148,4.224,4.415,5.011,16669,17777,26128,5.160,3.970,6.030,3.970,closed,,tencent_newfqkline
2024-07-19,605006,山东玻纤,SH,qfq,4.030,4.110,4.010,4.100,4.040,0.060,1.49,2.48,18659,1865900,759.99,7599900.00,0.31,4.106,4.192,4.383,4.984,16689,17709,26306,5.160,3.970,5.950,3.970,closed,,tencent_newfqkline
2024-07-22,605006,山东玻纤,SH,qfq,4.110,4.120,4.060,4.100,4.100,0.000,0.00,1.46,10362,1036200,423.55,4235500.00,0.17,4.090,4.174,4.341,4.962,15402,16852,22414,4.940,3.970,5.950,3.970,closed,,tencent_newfqkline
2024-07-23,605006,山东玻纤,SH,qfq,4.120,4.140,4.050,4.050,4.100,-0.050,-1.22,2.20,10725,1072500,439.27,4392700.00,0.18,4.074,4.151,4.303,4.940,15117,16180,20670,4.790,3.970,5.950,3.970,closed,,tencent_newfqkline
2024-07-24,605006,山东玻纤,SH,qfq,4.030,4.050,3.960,3.990,4.050,-0.060,-1.48,2.22,11822,1182200,472.56,4725600.00,0.20,4.056,4.130,4.263,4.918,13967,15948,19772,4.770,3.960,5.950,3.960,closed,,tencent_newfqkline
2024-07-25,605006,山东玻纤,SH,qfq,3.970,4.090,3.970,4.050,3.990,0.060,1.50,3.01,12133,1213300,488.64,4886400.00,0.20,4.058,4.103,4.231,4.898,12740,14705,19324,4.690,3.960,5.950,3.960,closed,,tencent_newfqkline
2024-07-26,605006,山东玻纤,SH,qfq,4.040,4.140,4.030,4.130,4.050,0.080,1.98,2.72,11037,1103700,453.90,4539000.00,0.18,4.064,4.085,4.217,4.876,11216,13952,17168,4.540,3.960,5.950,3.960,closed,,tencent_newfqkline
2024-07-29,605006,山东玻纤,SH,qfq,4.090,4.140,4.050,4.080,4.130,-0.050,-1.21,2.18,15878,1587800,648.30,6483000.00,0.26,4.060,4.075,4.199,4.856,12319,13860,16618,4.540,3.960,5.950,3.960,closed,,tencent_newfqkline
2024-07-30,605006,山东玻纤,SH,qfq,4.090,4.160,4.040,4.150,4.080,0.070,1.72,2.94,17365,1736500,717.39,7173900.00,0.29,4.080,4.077,4.184,4.831,13647,14382,16389,4.540,3.960,5.950,3.960,closed,,tencent_newfqkline
2024-07-31,605006,山东玻纤,SH,qfq,4.140,4.290,4.130,4.290,4.150,0.140,3.37,3.86,19149,1914900,811.36,8113600.00,0.32,4.140,4.098,4.176,4.806,15112,14540,16367,4.500,3.960,5.950,3.960,closed,,tencent_newfqkline
2024-08-01,605006,山东玻纤,SH,qfq,4.300,4.330,4.210,4.240,4.290,-0.050,-1.17,2.80,17142,1714200,728.75,7287500.00,0.29,4.178,4.118,4.171,4.782,16114,14427,16102,4.450,3.960,5.950,3.960,closed,,tencent_newfqkline
2024-08-02,605006,山东玻纤,SH,qfq,4.200,4.290,4.190,4.240,4.240,0.000,0.00,2.36,15428,1542800,656.75,6567500.00,0.26,4.200,4.132,4.162,4.757,16992,14104,15907,4.450,3.960,5.950,3.960,closed,,tencent_newfqkline
2024-08-05,605006,山东玻纤,SH,qfq,4.240,4.300,4.200,4.200,4.240,-0.040,-0.94,2.36,12088,1208800,513.91,5139100.00,0.20,4.224,4.142,4.158,4.731,16234,14277,15564,4.370,3.960,5.950,3.960,closed,,tencent_newfqkline
2024-08-06,605006,山东玻纤,SH,qfq,4.280,4.280,4.210,4.250,4.200,0.050,1.19,1.67,8302,830200,351.83,3518300.00,0.14,4.244,4.162,4.156,4.709,14422,14034,15107,4.370,3.960,5.950,3.960,closed,,tencent_newfqkline
2024-08-07,605006,山东玻纤,SH,qfq,4.260,4.270,4.210,4.230,4.250,-0.020,-0.47,1.41,6551,655100,277.54,2775400.00,0.11,4.232,4.186,4.158,4.687,11902,13507,14728,4.370,3.960,5.950,3.960,closed,,tencent_newfqkline
2024-08-08,605006,山东玻纤,SH,qfq,4.230,4.280,4.180,4.270,4.230,0.040,0.95,2.36,13697,1369700,581.04,5810400.00,0.23,4.238,4.208,4.155,4.665,11213,13664,14184,4.370,3.960,5.950,3.960,closed,,tencent_newfqkline
2024-08-09,605006,山东玻纤,SH,qfq,4.260,4.290,4.220,4.220,4.270,-0.050,-1.17,1.64,7912,791200,336.66,3366600.00,0.13,4.234,4.217,4.151,4.642,9710,13351,13652,4.330,3.960,5.950,3.960,closed,,tencent_newfqkline
2024-08-12,605006,山东玻纤,SH,qfq,4.220,4.270,4.180,4.210,4.220,-0.010,-0.24,2.13,13067,1306700,551.42,5514200.00,0.22,4.236,4.230,4.152,4.615,9906,13070,13465,4.330,3.960,5.950,3.960,closed,,tencent_newfqkline
2024-08-13,605006,山东玻纤,SH,qfq,4.230,4.250,4.150,4.250,4.210,0.040,0.95,2.38,12429,1242900,523.38,5233800.00,0.21,4.236,4.240,4.159,4.590,10731,12576,13479,4.330,3.960,5.800,3.960,closed,,tencent_newfqkline
2024-08-14,605006,山东玻纤,SH,qfq,4.220,4.290,4.180,4.200,4.250,-0.050,-1.18,2.59,11638,1163800,492.59,4925900.00,0.19,4.230,4.231,4.165,4.565,11749,11825,13183,4.330,3.960,5.760,3.960,closed,,tencent_newfqkline
2024-08-15,605006,山东玻纤,SH,qfq,4.230,4.250,4.170,4.250,4.200,0.050,1.19,1.90,14315,1431500,603.60,6036000.00,0.24,4.226,4.232,4.175,4.541,11872,11543,12985,4.330,3.960,5.720,3.960,closed,,tencent_newfqkline
2024-08-16,605006,山东玻纤,SH,qfq,4.240,4.250,4.130,4.140,4.250,-0.110,-2.59,2.82,15191,1519100,636.04,6360400.00,0.25,4.210,4.222,4.177,4.517,13328,11519,12812,4.330,3.960,5.600,3.960,closed,,tencent_newfqkline
2024-08-19,605006,山东玻纤,SH,qfq,4.130,4.180,4.100,4.170,4.140,0.030,0.72,1.93,15812,1581200,657.14,6571400.00,0.26,4.202,4.219,4.181,4.495,13877,11891,13084,4.330,3.960,5.520,3.960,closed,,tencent_newfqkline
2024-08-20,605006,山东玻纤,SH,qfq,4.220,4.230,4.120,4.170,4.170,0.000,0.00,2.64,20385,2038500,850.17,8501700.00,0.34,4.186,4.211,4.187,4.474,15468,13100,13567,4.330,3.960,5.510,3.960,closed,,tencent_newfqkline
2024-08-21,605006,山东玻纤,SH,qfq,4.150,4.210,4.140,4.150,4.170,-0.020,-0.48,1.68,11275,1127500,470.12,4701200.00,0.19,4.176,4.203,4.194,4.454,15396,13572,13540,4.330,3.970,5.460,3.960,closed,,tencent_newfqkline
2024-08-22,605006,山东玻纤,SH,qfq,4.190,4.190,4.040,4.040,4.150,-0.110,-2.65,3.61,13747,1374700,565.10,5651000.00,0.23,4.134,4.180,4.194,4.431,15282,13577,13620,4.330,4.030,5.460,3.960,closed,,tencent_newfqkline
2024-08-23,605006,山东玻纤,SH,qfq,4.050,4.290,4.000,4.250,4.040,0.210,5.20,7.18,42802,4280200,1774.08,17740800.00,0.71,4.156,4.183,4.200,4.413,20804,17066,15209,4.330,4.000,5.400,3.960,closed,,tencent_newfqkline
2024-08-26,605006,山东玻纤,SH,qfq,4.250,4.260,4.030,4.100,4.250,-0.150,-3.53,5.41,48952,4895200,2010.35,20103500.00,0.82,4.142,4.172,4.201,4.393,27432,20655,16862,4.330,4.000,5.340,3.960,closed,,tencent_newfqkline
2024-08-27,605006,山东玻纤,SH,qfq,4.050,4.060,3.910,3.940,4.100,-0.160,-3.90,3.66,31265,3126500,1242.49,12424900.00,0.52,4.096,4.141,4.191,4.373,29608,22538,17557,4.330,3.910,5.160,3.910,closed,,tencent_newfqkline
2024-08-28,605006,山东玻纤,SH,qfq,3.910,4.040,3.910,3.950,3.940,0.010,0.25,3.30,28845,2884500,1148.29,11482900.00,0.48,4.056,4.116,4.173,4.355,33122,24259,18042,4.330,3.910,5.160,3.910,closed,,tencent_newfqkline
2024-08-29,605006,山东玻纤,SH,qfq,3.950,4.030,3.930,4.010,3.950,0.060,1.52,2.53,12809,1280900,510.43,5104300.00,0.21,4.050,4.092,4.162,4.339,32935,24108,17826,4.300,3.910,5.160,3.910,closed,,tencent_newfqkline
2024-08-30,605006,山东玻纤,SH,qfq,4.020,4.110,3.980,4.070,4.010,0.060,1.50,3.24,22867,2286700,929.29,9292900.00,0.38,4.014,4.085,4.153,4.328,28948,24876,18197,4.300,3.910,5.160,3.910,closed,,tencent_newfqkline
2024-09-02,605006,山东玻纤,SH,qfq,4.090,4.120,4.030,4.060,4.070,-0.010,-0.25,2.21,17713,1771300,722.50,7225000.00,0.30,4.006,4.074,4.146,4.315,22700,25066,18479,4.290,3.910,5.160,3.910,closed,,tencent_newfqkline
2024-09-03,605006,山东玻纤,SH,qfq,4.110,4.120,4.020,4.110,4.060,0.050,1.23,2.46,23663,2366300,967.57,9675700.00,0.39,4.040,4.068,4.139,4.303,21179,25394,19247,4.290,3.910,5.160,3.910,closed,,tencent_newfqkline
2024-09-04,605006,山东玻纤,SH,qfq,4.100,4.210,4.070,4.210,4.110,0.100,2.43,3.41,28007,2800700,1166.66,11666600.00,0.47,4.092,4.074,4.138,4.293,21012,27067,20320,4.290,3.910,5.160,3.910,closed,,tencent_newfqkline
2024-09-05,605006,山东玻纤,SH,qfq,4.190,4.230,4.170,4.210,4.210,0.000,0.00,1.43,11716,1171600,492.17,4921700.00,0.20,4.132,4.091,4.135,4.284,20793,26864,20220,4.290,3.910,5.160,3.910,closed,,tencent_newfqkline
2024-09-06,605006,山东玻纤,SH,qfq,4.210,4.270,4.150,4.270,4.210,0.060,1.43,2.85,23959,2395900,1010.63,10106300.00,0.40,4.172,4.093,4.138,4.275,21012,24980,21023,4.290,3.910,5.160,3.910,closed,,tencent_newfqkline
2024-09-09,605006,山东玻纤,SH,qfq,4.250,4.350,4.220,4.330,4.270,0.060,1.41,3.04,22592,2259200,972.97,9729700.00,0.38,4.226,4.116,4.144,4.269,21987,22344,21499,4.350,3.910,5.160,3.910,closed,,tencent_newfqkline
2024-09-10,605006,山东玻纤,SH,qfq,4.320,4.340,4.240,4.330,4.330,0.000,0.00,2.31,19101,1910100,819.67,8196700.00,0.32,4.270,4.155,4.148,4.262,21075,21127,21833,4.350,3.910,5.160,3.910,closed,,tencent_newfqkline
2024-09-11,605006,山东玻纤,SH,qfq,4.310,4.390,4.280,4.380,4.330,0.050,1.15,2.54,20047,2004700,875.91,8759100.00,0.33,4.304,4.198,4.157,4.256,19483,20247,22253,4.390,3.910,5.160,3.910,closed,,tencent_newfqkline
2024-09-12,605006,山东玻纤,SH,qfq,4.400,4.480,4.320,4.390,4.380,0.010,0.23,3.65,40950,4095000,1804.82,18048200.00,0.68,4.340,4.236,4.164,4.251,25330,23062,23585,4.480,3.910,5.160,3.910,closed,,tencent_newfqkline
2024-09-13,605006,山东玻纤,SH,qfq,4.450,4.460,4.090,4.130,4.390,-0.260,-5.92,8.43,81097,8109700,3411.86,34118600.00,1.35,4.312,4.242,4.163,4.241,36757,28884,26880,4.480,3.910,5.160,3.910,closed,,tencent_newfqkline
2024-09-18,605006,山东玻纤,SH,qfq,4.070,4.140,4.050,4.140,4.130,0.010,0.24,2.18,24922,2492200,1020.63,10206300.00,0.42,4.274,4.250,4.162,4.228,37223,29605,27336,4.480,3.910,4.940,3.910,closed,,tencent_newfqkline
2024-09-19,605006,山东玻纤,SH,qfq,4.150,4.250,4.130,4.230,4.140,0.090,2.17,2.90,24660,2466000,1034.90,10349000.00,0.41,4.254,4.262,4.165,4.218,38335,29705,27549,4.480,3.910,4.790,3.910,closed,,tencent_newfqkline
2024-09-20,605006,山东玻纤,SH,qfq,4.230,4.250,4.180,4.240,4.230,0.010,0.24,1.65,17611,1761100,742.95,7429500.00,0.29,4.226,4.265,4.170,4.209,37848,28666,27866,4.480,3.910,4.770,3.910,closed,,tencent_newfqkline
2024-09-23,605006,山东玻纤,SH,qfq,4.240,4.260,4.140,4.150,4.240,-0.090,-2.12,2.83,19979,1997900,837.81,8378100.00,0.33,4.178,4.259,4.175,4.200,33654,29492,28178,4.480,3.910,4.690,3.910,closed,,tencent_newfqkline
2024-09-24,605006,山东玻纤,SH,qfq,4.180,4.340,4.140,4.310,4.150,0.160,3.86,4.82,28564,2856400,1217.18,12171800.00,0.48,4.214,4.263,4.178,4.199,23147,29952,27466,4.480,3.910,4.540,3.910,closed,,tencent_newfqkline
2024-09-25,605006,山东玻纤,SH,qfq,4.330,4.440,4.330,4.340,4.310,0.030,0.70,2.55,23919,2391900,1046.22,10462200.00,0.40,4.254,4.264,4.190,4.197,22947,30085,26214,4.480,3.910,4.540,3.910,closed,,tencent_newfqkline
2024-09-26,605006,山东玻纤,SH,qfq,4.340,4.440,4.310,4.440,4.340,0.100,2.30,3.00,22139,2213900,968.34,9683400.00,0.37,4.296,4.275,4.215,4.197,22442,30389,25758,4.480,3.910,4.540,3.910,closed,,tencent_newfqkline
2024-09-27,605006,山东玻纤,SH,qfq,4.490,4.600,4.450,4.600,4.440,0.160,3.60,3.38,30392,3039200,1377.72,13777200.00,0.51,4.368,4.297,4.248,4.199,24999,31423,25835,4.600,3.930,4.600,3.910,closed,,tencent_newfqkline
2024-09-30,605006,山东玻纤,SH,qfq,4.730,5.000,4.610,4.940,4.600,0.340,7.39,8.48,121169,12116900,5868.37,58683700.00,2.02,4.526,4.352,4.294,4.209,45237,39445,31253,5.000,3.980,5.000,3.910,closed,,tencent_newfqkline
2024-10-08,605006,山东玻纤,SH,qfq,5.390,5.430,4.960,5.170,4.940,0.230,4.66,9.51,124529,12452900,6462.72,64627200.00,2.08,4.698,4.456,4.349,4.221,64430,43788,36336,5.430,4.020,5.430,3.910,closed,,tencent_newfqkline
2024-10-09,605006,山东玻纤,SH,qfq,5.080,5.080,4.660,4.660,5.170,-0.510,-9.86,8.12,74826,7482600,3621.69,36216900.00,1.25,4.762,4.508,4.379,4.228,74611,48779,39192,5.430,4.020,5.430,3.910,closed,,tencent_newfqkline
2024-10-10,605006,山东玻纤,SH,qfq,4.650,4.790,4.600,4.670,4.660,0.010,0.21,4.08,45548,4554800,2140.33,21403300.00,0.76,4.808,4.552,4.407,4.234,79293,50868,40286,5.430,4.050,5.430,3.910,closed,,tencent_newfqkline
2024-10-11,605006,山东玻纤,SH,qfq,4.670,4.720,4.600,4.620,4.670,-0.050,-1.07,2.57,37683,3768300,1752.83,17528300.00,0.63,4.812,4.590,4.428,4.241,80751,52875,40770,5.430,4.050,5.430,3.910,closed,,tencent_newfqkline
2024-10-14,605006,山东玻纤,SH,qfq,4.680,4.740,4.600,4.710,4.620,0.090,1.95,3.03,27125,2712500,1269.68,12696800.00,0.45,4.766,4.646,4.452,4.248,61942,53589,41541,5.430,4.050,5.430,3.910,closed,,tencent_newfqkline
2024-10-15,605006,山东玻纤,SH,qfq,4.670,4.730,4.640,4.670,4.710,-0.040,-0.85,1.91,23559,2355900,1101.43,11014300.00,0.39,4.666,4.682,4.473,4.254,41748,53089,41521,5.430,4.050,5.430,3.910,closed,,tencent_newfqkline
2024-10-16,605006,山东玻纤,SH,qfq,4.590,4.710,4.590,4.680,4.670,0.010,0.21,2.57,21244,2124400,991.83,9918300.00,0.35,4.670,4.716,4.490,4.262,31032,52821,41453,5.430,4.050,5.430,3.910,closed,,tencent_newfqkline
2024-10-17,605006,山东玻纤,SH,qfq,4.690,4.710,4.640,4.650,4.680,-0.030,-0.64,1.50,25151,2515100,1176.12,11761200.00,0.42,4.666,4.737,4.506,4.271,26952,53123,41756,5.430,4.050,5.430,3.910,closed,,tencent_newfqkline
2024-10-18,605006,山东玻纤,SH,qfq,4.650,4.740,4.600,4.700,4.650,0.050,1.08,3.01,32617,3261700,1523.16,15231600.00,0.54,4.682,4.747,4.522,4.281,25939,53345,42384,5.430,4.050,5.430,3.910,closed,,tencent_newfqkline
2024-10-21,605006,山东玻纤,SH,qfq,4.700,4.710,4.650,4.680,4.700,-0.020,-0.43,1.28,26822,2682200,1254.54,12545400.00,0.45,4.676,4.721,4.537,4.292,25879,43910,41678,5.430,4.050,5.430,3.910,closed,,tencent_newfqkline
2024-10-22,605006,山东玻纤,SH,qfq,4.660,4.720,4.660,4.720,4.680,0.040,0.85,1.28,25704,2570400,1206.56,12065600.00,0.43,4.686,4.676,4.566,4.302,26308,34028,38908,5.430,4.050,5.430,3.910,closed,,tencent_newfqkline
2024-10-23,605006,山东玻纤,SH,qfq,4.730,4.810,4.710,4.750,4.720,0.030,0.64,2.12,31561,3156100,1500.91,15009100.00,0.53,4.700,4.685,4.597,4.313,28371,29701,39240,5.430,4.130,5.430,3.910,closed,,tencent_newfqkline
2024-10-24,605006,山东玻纤,SH,qfq,4.750,4.870,4.710,4.790,4.750,0.040,0.84,3.37,40873,4087300,1960.23,19602300.00,0.68,4.728,4.697,4.624,4.325,31515,29234,40051,5.430,4.140,5.430,3.910,closed,,tencent_newfqkline
2024-10-25,605006,山东玻纤,SH,qfq,4.780,4.920,4.780,4.910,4.790,0.120,2.51,2.92,51062,5106200,2489.51,24895100.00,0.85,4.770,4.726,4.658,4.341,35204,30572,41723,5.430,4.140,5.430,3.910,closed,,tencent_newfqkline
2024-10-28,605006,山东玻纤,SH,qfq,4.920,5.080,4.920,5.080,4.910,0.170,3.46,3.26,44150,4415000,2209.18,22091800.00,0.74,4.850,4.763,4.705,4.358,38670,32274,42932,5.430,4.140,5.430,3.910,closed,,tencent_newfqkline
2024-10-29,605006,山东玻纤,SH,qfq,5.100,5.100,4.860,4.860,5.080,-0.220,-4.33,4.72,49389,4938900,2444.75,24447500.00,0.82,4.878,4.782,4.732,4.370,43407,34857,43973,5.430,4.310,5.430,3.910,closed,,tencent_newfqkline
2024-10-30,605006,山东玻纤,SH,qfq,4.840,5.000,4.810,4.960,4.860,0.100,2.06,3.91,38885,3888500,1919.54,19195400.00,0.65,4.920,4.810,4.763,4.385,44872,36621,44721,5.430,4.310,5.430,3.910,closed,,tencent_newfqkline
2024-10-31,605006,山东玻纤,SH,qfq,4.940,5.010,4.920,4.970,4.960,0.010,0.20,1.81,43402,4340200,2162.76,21627600.00,0.72,4.956,4.842,4.790,4.398,45378,38446,45785,5.430,4.450,5.430,3.910,closed,,tencent_newfqkline
2024-11-01,605006,山东玻纤,SH,qfq,4.950,5.050,4.940,5.010,4.970,0.040,0.80,2.21,47326,4732600,2367.62,23676200.00,0.79,4.976,4.873,4.810,4.410,44630,39917,46631,5.430,4.590,5.430,3.910,closed,,tencent_newfqkline
2024-11-04,605006,山东玻纤,SH,qfq,4.950,5.010,4.940,4.990,5.010,-0.020,-0.40,1.40,28238,2823800,1402.06,14020600.00,0.47,4.958,4.904,4.812,4.423,41448,40059,41985,5.430,4.590,5.430,3.910,closed,,tencent_newfqkline
2024-11-05,605006,山东玻纤,SH,qfq,4.990,5.050,4.990,5.030,4.990,0.040,0.80,1.20,39191,3919100,1971.62,19716200.00,0.65,4.992,4.935,4.806,4.436,39408,41408,37718,5.100,4.590,5.430,3.910,closed,,tencent_newfqkline
2024-11-06,605006,山东玻纤,SH,qfq,5.000,5.100,4.990,5.060,5.030,0.030,0.60,2.19,46326,4632600,2342.59,23425900.00,0.77,5.012,4.966,4.825,4.450,40897,42884,36293,5.100,4.590,5.430,3.910,closed,,tencent_newfqkline
2024-11-07,605006,山东玻纤,SH,qfq,5.050,5.200,5.030,5.200,5.060,0.140,2.77,3.36,50828,5082800,2613.83,26138300.00,0.85,5.058,5.007,4.852,4.466,42382,43880,36557,5.200,4.590,5.430,3.910,closed,,tencent_newfqkline
2024-11-08,605006,山东玻纤,SH,qfq,5.200,5.220,5.100,5.140,5.200,-0.060,-1.15,2.31,51590,5159000,2653.17,26531700.00,0.86,5.084,5.030,4.878,4.481,43235,43932,37252,5.220,4.590,5.430,3.910,closed,,tencent_newfqkline
2024-11-11,605006,山东玻纤,SH,qfq,5.130,5.190,5.080,5.160,5.140,0.020,0.39,2.14,34216,3421600,1756.05,17560500.00,0.57,5.118,5.038,4.901,4.496,44430,42939,37607,5.220,4.590,5.430,3.910,closed,,tencent_newfqkline
2024-11-12,605006,山东玻纤,SH,qfq,5.150,5.190,5.100,5.130,5.160,-0.030,-0.58,1.74,42583,4258300,2192.03,21920300.00,0.71,5.138,5.065,4.923,4.511,45109,42258,38558,5.220,4.590,5.430,3.910,closed,,tencent_newfqkline
2024-11-13,605006,山东玻纤,SH,qfq,5.100,5.180,5.010,5.090,5.130,-0.040,-0.78,3.31,31199,3119900,1585.24,15852400.00,0.52,5.144,5.078,4.944,4.526,42083,41490,39056,5.220,4.600,5.430,3.910,closed,,tencent_newfqkline
2024-11-14,605006,山东玻纤,SH,qfq,5.090,5.110,4.990,5.010,5.090,-0.080,-1.57,2.36,28871,2887100,1453.69,14536900.00,0.48,5.106,5.082,4.962,4.539,37692,40037,39242,5.220,4.600,5.430,3.910,closed,,tencent_newfqkline
2024-11-15,605006,山东玻纤,SH,qfq,5.020,5.070,4.910,4.950,5.010,-0.060,-1.20,3.19,34315,3431500,1720.11,17201100.00,0.57,5.068,5.076,4.974,4.551,34237,38736,39327,5.220,4.650,5.430,3.910,closed,,tencent_newfqkline
2024-11-18,605006,山东玻纤,SH,qfq,5.000,5.010,4.870,4.890,4.950,-0.060,-1.21,2.83,27352,2735200,1353.85,13538500.00,0.46,5.014,5.066,4.985,4.562,32864,38647,39353,5.220,4.660,5.430,3.910,closed,,tencent_newfqkline
2024-11-19,605006,山东玻纤,SH,qfq,4.890,4.950,4.850,4.940,4.890,0.050,1.02,2.04,18089,1808900,887.47,8874700.00,0.30,4.976,5.057,4.996,4.575,27965,36537,38972,5.220,4.710,5.430,3.910,closed,,tencent_newfqkline
2024-11-20,605006,山东玻纤,SH,qfq,4.940,5.070,4.930,5.050,4.940,0.110,2.23,2.83,28220,2822000,1414.12,14141200.00,0.47,4.968,5.056,5.011,4.590,27369,34726,38805,5.220,4.710,5.430,3.910,closed,,tencent_newfqkline
2024-11-21,605006,山东玻纤,SH,qfq,5.070,5.100,5.050,5.100,5.050,0.050,0.99,0.99,28209,2820900,1432.71,14327100.00,0.47,4.986,5.046,5.027,4.605,27237,32464,38172,5.220,4.780,5.430,3.910,closed,,tencent_newfqkline
2024-11-22,605006,山东玻纤,SH,qfq,5.080,5.150,4.990,4.990,5.100,-0.110,-2.16,3.14,35648,3564800,1816.75,18167500.00,0.59,4.994,5.031,5.030,4.619,27504,30870,37401,5.220,4.810,5.430,3.910,closed,,tencent_newfqkline
2024-11-25,605006,山东玻纤,SH,qfq,5.030,5.130,5.010,5.120,4.990,0.130,2.61,2.40,32993,3299300,1676.16,16761600.00,0.55,5.040,5.027,5.033,4.637,28632,30748,36844,5.220,4.810,5.430,3.910,closed,,tencent_newfqkline
2024-11-26,605006,山东玻纤,SH,qfq,5.140,5.190,5.100,5.130,5.120,0.010,0.20,1.76,32035,3203500,1643.94,16439400.00,0.53,5.078,5.027,5.046,4.652,31421,29693,35976,5.220,4.810,5.430,3.910,closed,,tencent_newfqkline
2024-11-27,605006,山东玻纤,SH,qfq,5.110,5.130,4.960,5.130,5.130,0.000,0.00,3.31,32852,3285200,1654.45,16544500.00,0.55,5.094,5.031,5.054,4.669,32347,29858,35674,5.220,4.850,5.430,3.910,closed,,tencent_newfqkline
2024-11-28,605006,山东玻纤,SH,qfq,5.170,5.450,5.170,5.210,5.130,0.080,1.56,5.46,81942,8194200,4323.18,43231800.00,1.37,5.116,5.051,5.066,4.690,43094,35166,37601,5.450,4.850,5.450,3.910,closed,,tencent_newfqkline
2024-11-29,605006,山东玻纤,SH,qfq,5.200,5.240,5.140,5.170,5.210,-0.040,-0.77,1.92,62240,6224000,3223.70,32237000.00,1.04,5.152,5.073,5.074,4.711,48412,37958,38347,5.450,4.850,5.450,3.930,closed,,tencent_newfqkline
2024-12-02,605006,山东玻纤,SH,qfq,5.210,5.480,5.210,5.400,5.170,0.230,4.45,5.22,95269,9526900,5124.01,51240100.00,1.59,5.208,5.124,5.095,4.734,60868,44750,41698,5.480,4.850,5.480,3.980,closed,,tencent_newfqkline
2024-12-03,605006,山东玻纤,SH,qfq,5.370,5.620,5.310,5.570,5.400,0.170,3.15,5.74,119019,11901900,6557.66,65576600.00,1.98,5.296,5.187,5.122,4.759,78264,54843,45690,5.620,4.850,5.620,4.020,closed,,tencent_newfqkline
2024-12-04,605006,山东玻纤,SH,qfq,5.570,6.130,5.360,6.130,5.570,0.560,10.05,13.82,305724,30572400,18302.05,183020500.00,5.10,5.496,5.295,5.176,4.793,132839,82593,58660,6.130,4.850,6.130,4.020,closed,,tencent_newfqkline
2024-12-05,605006,山东玻纤,SH,qfq,6.250,6.740,6.120,6.740,6.130,0.610,9.95,10.11,508600,50860000,33073.87,330738700.00,8.48,5.802,5.459,5.252,4.837,218170,130632,81548,6.740,4.850,6.740,4.050,closed,,tencent_newfqkline
2024-12-06,605006,山东玻纤,SH,qfq,6.720,7.410,6.400,7.410,6.740,0.670,9.94,14.99,564206,56420600,40753.86,407538600.00,9.40,6.250,5.701,5.366,4.891,318564,183488,107179,7.410,4.850,7.410,4.050,closed,,tencent_newfqkline
2024-12-09,605006,山东玻纤,SH,qfq,7.650,8.150,7.450,8.150,7.410,0.740,9.99,9.45,760671,76067100,60764.66,607646600.00,12.68,6.800,6.004,5.516,4.956,451644,256256,143502,8.150,4.850,8.150,4.050,closed,,tencent_newfqkline
2024-12-10,605006,山东玻纤,SH,qfq,8.790,8.970,7.880,8.970,8.150,0.820,10.06,13.37,588904,58890400,51452.69,514526900.00,9.81,7.480,6.388,5.708,5.034,545621,311943,170818,8.970,4.850,8.970,4.050,closed,,tencent_newfqkline
2024-12-11,605006,山东玻纤,SH,qfq,9.000,9.870,8.990,9.870,8.970,0.900,10.03,9.81,234553,23455300,22628.22,226282200.00,3.91,8.228,6.862,5.947,5.127,531387,332113,180986,9.870,4.850,9.870,4.050,closed,,tencent_newfqkline
2024-12-12,605006,山东玻纤,SH,qfq,10.860,10.860,10.500,10.860,9.870,0.990,10.03,3.65,261730,26173000,28334.34,283343400.00,4.36,9.052,7.427,6.239,5.236,482013,350092,192629,10.860,4.850,10.860,4.050,closed,,tencent_newfqkline
2024-12-13,605006,山东玻纤,SH,qfq,11.080,11.950,9.770,9.770,10.860,-1.090,-10.04,20.07,1089391,108939100,117160.40,1171604000.00,18.16,9.524,7.887,6.480,5.325,587050,452807,245382,11.950,4.850,11.950,4.050,closed,,tencent_newfqkline
2024-12-16,605006,山东玻纤,SH,qfq,8.790,8.790,8.790,8.790,9.770,-0.980,-10.03,0.00,34420,3442000,3025.52,30255200.00,0.57,9.652,8.226,6.675,5.399,441800,446722,245736,11.950,4.850,11.950,4.050,closed,,tencent_newfqkline
2024-12-17,605006,山东玻纤,SH,qfq,7.910,7.910,7.910,7.910,8.790,-0.880,-10.01,0.00,67559,6755900,5343.92,53439200.00,1.13,9.440,8.460,6.824,5.462,337531,441576,248209,11.950,4.930,11.950,4.050,closed,,tencent_newfqkline
2024-12-18,605006,山东玻纤,SH,qfq,7.370,7.860,7.210,7.420,7.910,-0.490,-6.19,8.22,940856,94085600,69746.51,697465100.00,15.68,8.950,8.589,6.942,5.516,478791,505089,293841,11.950,4.960,11.950,4.130,closed,,tencent_newfqkline
2024-12-19,605006,山东玻纤,SH,qfq,7.110,7.260,6.980,7.010,7.420,-0.410,-5.53,3.77,603661,60366100,42744.87,427448700.00,10.06,8.180,8.616,7.037,5.563,547177,514595,322614,11.950,4.960,11.950,4.140,closed,,tencent_newfqkline
2024-12-20,605006,山东玻纤,SH,qfq,7.000,7.090,6.960,7.090,7.010,0.080,1.14,1.85,342888,34288800,24057.62,240576200.00,5.71,7.644,8.584,7.143,5.610,397877,492463,337976,11.950,4.960,11.950,4.140,closed,,tencent_newfqkline
2024-12-23,605006,山东玻纤,SH,qfq,7.060,7.080,6.400,6.610,7.090,-0.480,-6.77,9.59,422964,42296400,28427.13,284271300.00,7.05,7.208,8.430,7.217,5.651,475586,458693,357474,11.950,4.960,11.950,4.140,closed,,tencent_newfqkline
2024-12-24,605006,山东玻纤,SH,qfq,6.530,6.700,6.430,6.610,6.610,0.000,0.00,4.08,251928,25192800,16528.35,165283500.00,4.20,6.948,8.194,7.291,5.690,512459,424995,368469,11.950,4.960,11.950,4.310,closed,,tencent_newfqkline
2024-12-25,605006,山东玻纤,SH,qfq,6.630,6.830,6.280,6.770,6.610,0.160,2.42,8.32,405688,40568800,26840.88,268408800.00,6.76,6.818,7.884,7.373,5.730,405426,442108,387111,11.950,5.140,11.950,4.310,closed,,tencent_newfqkline
2024-12-26,605006,山东玻纤,SH,qfq,6.680,6.770,6.530,6.590,6.770,-0.180,-2.66,3.55,266622,26662200,17712.84,177128400.00,4.44,6.734,7.457,7.442,5.766,338018,442598,396345,11.950,5.140,11.950,4.450,closed,,tencent_newfqkline
2024-12-27,605006,山东玻纤,SH,qfq,6.570,6.690,6.500,6.530,6.590,-0.060,-0.91,2.88,204357,20435700,13470.19,134701900.00,3.41,6.622,7.133,7.510,5.798,310312,354094,403450,11.950,5.210,11.950,4.590,closed,,tencent_newfqkline
2024-12-30,605006,山东玻纤,SH,qfq,6.480,6.480,6.320,6.430,6.530,-0.100,-1.53,2.45,185639,18563900,11889.97,118899700.00,3.09,6.586,6.897,7.561,5.823,262847,369216,407969,11.950,5.310,11.950,4.590,closed,,tencent_newfqkline
2024-12-31,605006,山东玻纤,SH,qfq,6.430,6.490,6.250,6.290,6.430,-0.140,-2.18,3.73,163612,16361200,10414.87,104148700.00,2.73,6.522,6.735,7.597,5.842,245184,378822,410199,11.950,5.360,11.950,4.590,closed,,tencent_newfqkline
2025-01-02,605006,山东玻纤,SH,qfq,6.290,6.570,6.210,6.360,6.290,0.070,1.11,5.72,228518,22851800,14585.73,145857300.00,3.81,6.440,6.629,7.609,5.870,209750,307588,406338,11.950,6.120,11.950,4.590,closed,,tencent_newfqkline
2025-01-03,605006,山东玻纤,SH,qfq,6.460,6.570,6.120,6.160,6.360,-0.200,-3.14,7.08,283909,28390900,18066.00,180660000.00,4.73,6.354,6.544,7.580,5.895,213207,275612,395104,11.950,6.120,11.950,4.590,closed,,tencent_newfqkline
2025-01-06,605006,山东玻纤,SH,qfq,6.050,6.170,5.960,6.010,6.160,-0.150,-2.44,3.41,187767,18776700,11319.89,113198900.00,3.13,6.250,6.436,7.510,5.918,209889,260100,376282,11.950,5.960,11.950,4.590,closed,,tencent_newfqkline
2025-01-07,605006,山东玻纤,SH,qfq,6.060,6.160,5.980,6.160,6.010,0.150,2.50,3.00,150833,15083300,9171.92,91719200.00,2.51,6.196,6.391,7.411,5.942,202928,232887,345790,11.950,5.960,11.950,4.590,closed,,tencent_newfqkline
2025-01-08,605006,山东玻纤,SH,qfq,6.110,6.340,5.940,6.290,6.160,0.130,2.11,6.49,246367,24636700,15087.13,150871300.00,4.11,6.196,6.359,7.277,5.969,219479,232331,328663,11.950,5.940,11.950,4.590,closed,,tencent_newfqkline
2025-01-09,605006,山东玻纤,SH,qfq,6.220,6.440,6.180,6.370,6.290,0.080,1.27,4.13,218389,21838900,13792.22,137922200.00,3.64,6.198,6.319,7.101,5.997,217453,213601,327855,11.950,5.940,11.950,4.600,closed,,tencent_newfqkline
2025-01-10,605006,山东玻纤,SH,qfq,6.330,6.530,6.100,6.160,6.370,-0.210,-3.30,6.75,249648,24964800,15789.78,157897800.00,4.16,6.198,6.276,6.867,6.022,210601,211904,327251,11.950,5.940,11.950,4.600,closed,,tencent_newfqkline
2025-01-13,605006,山东玻纤,SH,qfq,6.220,6.260,6.000,6.090,6.160,-0.070,-1.14,4.22,153295,15329500,9394.54,93945400.00,2.55,6.214,6.232,6.683,6.046,203706,206798,280446,8.790,5.940,11.950,4.650,closed,,tencent_newfqkline
2025-01-14,605006,山东玻纤,SH,qfq,6.150,6.500,6.140,6.450,6.090,0.360,5.91,5.91,274225,27422500,17393.09,173930900.00,4.57,6.272,6.234,6.566,6.075,228385,215656,292436,7.910,5.940,11.950,4.660,closed,,tencent_newfqkline
2025-01-15,605006,山东玻纤,SH,qfq,6.510,6.510,6.320,6.380,6.450,-0.070,-1.09,2.95,215799,21579900,13789.12,137891200.00,3.60,6.290,6.243,6.489,6.103,222271,220875,299848,7.860,5.940,11.950,4.710,closed,,tencent_newfqkline
2025-01-16,605006,山东玻纤,SH,qfq,6.350,6.530,6.330,6.390,6.380,0.010,0.16,3.13,212305,21230500,13629.38,136293800.00,3.54,6.294,6.246,6.438,6.130,221054,219254,263421,7.260,5.940,11.950,4.710,closed,,tencent_newfqkline
2025-01-17,605006,山东玻纤,SH,qfq,6.260,6.540,6.260,6.400,6.390,0.010,0.16,4.38,206443,20644300,13210.11,132101100.00,3.44,6.342,6.270,6.407,6.157,212413,211507,243560,7.090,5.940,11.950,4.780,closed,,tencent_newfqkline
2025-01-20,605006,山东玻纤,SH,qfq,6.450,6.500,6.300,6.390,6.400,-0.010,-0.16,3.13,170280,17028000,10889.04,108890400.00,2.84,6.402,6.308,6.372,6.182,215810,209758,234929,7.080,5.940,11.950,4.810,closed,,tencent_newfqkline
2025-01-21,605006,山东玻纤,SH,qfq,6.400,6.430,6.150,6.180,6.390,-0.210,-3.29,4.38,172785,17278500,10766.78,107667800.00,2.88,6.348,6.310,6.351,6.200,195522,211954,222420,6.830,5.940,11.950,4.810,closed,,tencent_newfqkline
2025-01-22,605006,山东玻纤,SH,qfq,6.130,6.200,5.980,5.980,6.180,-0.200,-3.24,3.56,143036,14303600,8663.37,86633700.00,2.38,6.268,6.279,6.319,6.219,180970,201620,216976,6.830,5.940,11.950,4.810,closed,,tencent_newfqkline
2025-01-23,605006,山东玻纤,SH,qfq,6.040,6.130,5.950,5.960,5.980,-0.020,-0.33,3.01,131750,13175000,7959.81,79598100.00,2.20,6.182,6.238,6.278,6.235,164859,192957,203279,6.770,5.940,11.950,4.850,closed,,tencent_newfqkline
2025-01-24,605006,山东玻纤,SH,qfq,5.920,6.070,5.910,6.040,5.960,0.080,1.34,2.68,95846,9584600,5755.83,57558300.00,1.60,6.110,6.226,6.251,6.253,142739,177576,194740,6.690,5.910,11.950,4.850,closed,,tencent_newfqkline
2025-01-27,605006,山东玻纤,SH,qfq,6.050,6.140,5.950,5.960,6.040,-0.080,-1.32,3.15,103282,10328200,6218.25,62182500.00,1.72,6.024,6.213,6.223,6.269,129340,172575,189686,6.570,5.910,11.950,4.850,closed,,tencent_newfqkline
2025-02-05,605006,山东玻纤,SH,qfq,6.040,6.090,5.960,6.030,5.960,0.070,1.17,2.18,106700,10670000,6431.64,64316400.00,1.78,5.994,6.171,6.202,6.286,116123,155823,185739,6.570,5.910,11.950,4.850,closed,,tencent_newfqkline
2025-02-06,605006,山东玻纤,SH,qfq,5.990,6.230,5.980,6.190,6.030,0.160,2.65,4.15,151822,15182200,9277.05,92770500.00,2.53,6.036,6.152,6.197,6.306,117880,149425,185150,6.570,5.910,11.950,4.850,closed,,tencent_newfqkline
2025-02-07,605006,山东玻纤,SH,qfq,6.250,6.330,6.150,6.240,6.190,0.050,0.81,2.91,168818,16881800,10548.64,105486400.00,2.81,6.092,6.137,6.191,6.325,125294,145076,182165,6.570,5.910,11.950,4.850,closed,,tencent_newfqkline
2025-02-10,605006,山东玻纤,SH,qfq,6.240,6.380,6.240,6.370,6.240,0.130,2.08,2.24,133321,13332100,8398.47,83984700.00,2.22,6.158,6.134,6.202,6.345,132789,137764,174636,6.540,5.910,11.950,4.850,closed,,tencent_newfqkline
2025-02-11,605006,山东玻纤,SH,qfq,6.410,6.490,6.260,6.440,6.370,0.070,1.10,3.61,245183,24518300,15708.68,157086800.00,4.09,6.254,6.139,6.223,6.367,161169,145254,177506,6.540,5.910,11.950,4.850,closed,,tencent_newfqkline
2025-02-12,605006,山东玻纤,SH,qfq,6.450,6.660,6.420,6.510,6.440,0.070,1.09,3.73,226746,22674600,14758.39,147583900.00,3.78,6.350,6.172,6.241,6.389,185178,150650,181302,6.660,5.910,11.950,4.850,closed,,tencent_newfqkline
2025-02-13,605006,山东玻纤,SH,qfq,6.510,6.540,6.380,6.410,6.510,-0.100,-1.54,2.46,156522,15652200,10098.40,100984000.00,2.61,6.394,6.215,6.247,6.410,186118,151999,176810,6.660,5.910,11.950,4.850,closed,,tencent_newfqkline
2025-02-14,605006,山东玻纤,SH,qfq,6.420,6.480,6.310,6.370,6.410,-0.040,-0.62,2.65,127016,12701600,8118.25,81182500.00,2.12,6.420,6.256,6.247,6.432,177758,151526,172241,6.660,5.910,11.950,4.850,closed,,tencent_newfqkline
2025-02-17,605006,山东玻纤,SH,qfq,6.410,6.570,6.410,6.530,6.370,0.160,2.51,2.51,166725,16672500,10835.36,108353600.00,2.78,6.452,6.305,6.266,6.457,184438,158614,168095,6.660,5.910,11.950,4.850,closed,,tencent_newfqkline
2025-02-18,605006,山东玻纤,SH,qfq,6.550,6.550,6.330,6.340,6.530,-0.190,-2.91,3.37,109274,10927400,7034.43,70344300.00,1.82,6.432,6.343,6.278,6.480,157257,159213,165894,6.660,5.910,11.950,4.850,closed,,tencent_newfqkline
2025-02-19,605006,山东玻纤,SH,qfq,6.350,6.750,6.340,6.620,6.340,0.280,4.42,6.47,273799,27379900,18008.80,180088000.00,4.56,6.454,6.402,6.287,6.509,166667,175923,165873,6.750,5.910,11.950,4.850,closed,,tencent_newfqkline
2025-02-20,605006,山东玻纤,SH,qfq,6.590,6.840,6.440,6.720,6.620,0.100,1.51,6.04,285166,28516600,18879.08,188790800.00,4.75,6.516,6.455,6.304,6.539,192396,189257,169341,6.840,5.910,11.950,4.930,closed,,tencent_newfqkline
2025-02-21,605006,山东玻纤,SH,qfq,6.720,6.730,6.570,6.620,6.720,-0.100,-1.49,2.38,202569,20256900,13429.81,134298100.00,3.38,6.566,6.493,6.315,6.565,207507,192632,168854,6.840,5.910,11.950,4.960,closed,,tencent_newfqkline
2025-02-24,605006,山东玻纤,SH,qfq,6.640,6.950,6.500,6.740,6.620,0.120,1.81,6.80,288610,28861000,19361.38,193613800.00,4.81,6.608,6.530,6.332,6.592,231884,208161,172962,6.950,5.910,11.950,4.960,closed,,tencent_newfqkline
2025-02-25,605006,山东玻纤,SH,qfq,6.650,6.780,6.500,6.570,6.740,-0.170,-2.52,4.15,190187,19018700,12655.66,126556600.00,3.17,6.654,6.543,6.341,6.619,248066,202661,173958,6.950,5.910,11.950,4.960,closed,,tencent_newfqkline
2025-02-26,605006,山东玻纤,SH,qfq,6.590,6.680,6.550,6.610,6.570,0.040,0.61,1.98,131418,13141800,8674.11,86741100.00,2.19,6.652,6.553,6.362,6.643,219590,193129,171890,6.950,5.910,11.950,4.960,closed,,tencent_newfqkline
2025-02-27,605006,山东玻纤,SH,qfq,6.630,6.670,6.450,6.580,6.610,-0.030,-0.45,3.33,141338,14133800,9283.68,92836800.00,2.36,6.624,6.570,6.393,6.668,190824,191610,171805,6.950,5.910,11.950,4.960,closed,,tencent_newfqkline
2025-02-28,605006,山东玻纤,SH,qfq,6.550,6.620,6.380,6.430,6.580,-0.150,-2.28,3.65,119395,11939500,7756.49,77564900.00,1.99,6.586,6.576,6.416,6.689,174190,190848,171187,6.950,5.910,11.950,5.140,closed,,tencent_newfqkline
2025-03-03,605006,山东玻纤,SH,qfq,6.420,6.600,6.410,6.510,6.430,0.080,1.24,2.95,117210,11721000,7646.84,76468400.00,1.95,6.540,6.574,6.439,6.711,139910,185897,172255,6.950,5.950,11.950,5.140,closed,,tencent_newfqkline
2025-03-04,605006,山东玻纤,SH,qfq,6.520,6.690,6.470,6.640,6.510,0.130,2.00,3.38,124156,12415600,8224.21,82242100.00,2.07,6.554,6.604,6.473,6.735,126703,187385,173299,6.950,5.960,11.950,5.210,closed,,tencent_newfqkline
2025-03-05,605006,山东玻纤,SH,qfq,6.630,6.630,6.440,6.560,6.640,-0.080,-1.20,2.86,114538,11453800,7458.82,74588200.00,1.91,6.544,6.598,6.500,6.755,123327,171459,173691,6.950,5.980,11.950,5.310,closed,,tencent_newfqkline
2025-03-06,605006,山东玻纤,SH,qfq,6.560,6.610,6.490,6.590,6.560,0.030,0.46,1.83,108575,10857500,7135.51,71355100.00,1.81,6.546,6.585,6.520,6.772,116775,153800,171528,6.950,6.150,11.950,5.360,closed,,tencent_newfqkline
2025-03-07,605006,山东玻纤,SH,qfq,6.620,6.690,6.460,6.520,6.590,-0.070,-1.06,3.49,130283,13028300,8562.44,85624400.00,2.17,6.564,6.575,6.534,6.778,118952,146571,169602,6.950,6.240,11.950,5.910,closed,,tencent_newfqkline
2025-03-10,605006,山东玻纤,SH,qfq,6.490,6.540,6.460,6.510,6.520,-0.010,-0.15,1.23,83195,8319500,5408.89,54088900.00,1.39,6.564,6.552,6.541,6.774,112149,126030,167095,6.950,6.260,11.950,5.910,closed,,tencent_newfqkline
2025-03-11,605006,山东玻纤,SH,qfq,6.460,6.540,6.400,6.540,6.510,0.030,0.46,2.15,77208,7720800,4998.26,49982600.00,1.29,6.544,6.549,6.546,6.760,102760,114732,158696,6.950,6.310,11.950,5.910,closed,,tencent_newfqkline
2025-03-12,605006,山东玻纤,SH,qfq,6.540,6.570,6.480,6.510,6.540,-0.030,-0.46,1.38,69175,6917500,4508.44,45084400.00,1.15,6.534,6.539,6.546,6.732,93687,108507,150818,6.950,6.310,11.950,5.910,closed,,tencent_newfqkline
2025-03-13,605006,山东玻纤,SH,qfq,6.490,6.500,6.250,6.360,6.510,-0.150,-2.30,3.84,115264,11526400,7320.56,73205600.00,1.92,6.488,6.517,6.543,6.689,95025,105900,148755,6.950,6.250,11.950,5.910,closed,,tencent_newfqkline
2025-03-14,605006,山东玻纤,SH,qfq,6.340,6.500,6.310,6.500,6.360,0.140,2.20,2.99,101468,10146800,6527.22,65272200.00,1.69,6.484,6.524,6.550,6.633,89262,104107,147478,6.950,6.250,11.950,5.910,closed,,tencent_newfqkline
2025-03-17,605006,山东玻纤,SH,qfq,6.500,6.660,6.500,6.570,6.500,0.070,1.08,2.46,108767,10876700,7167.32,71673200.00,1.81,6.496,6.530,6.552,6.561,94376,103263,144580,6.950,6.250,11.950,5.910,closed,,tencent_newfqkline
2025-03-18,605006,山东玻纤,SH,qfq,6.580,6.620,6.520,6.600,6.570,0.030,0.46,1.52,83009,8300900,5454.08,54540800.00,1.38,6.508,6.526,6.565,6.508,95537,99148,143266,6.950,6.250,8.790,5.910,closed,,tencent_newfqkline
2025-03-19,605006,山东玻纤,SH,qfq,6.580,6.620,6.520,6.600,6.600,0.000,0.00,1.52,77480,7748000,5092.86,50928600.00,1.29,6.526,6.530,6.564,6.472,97198,95442,133451,6.950,6.250,7.910,5.910,closed,,tencent_newfqkline
2025-03-20,605006,山东玻纤,SH,qfq,6.600,6.690,6.580,6.660,6.600,0.060,0.91,1.67,143500,14350000,9532.53,95325300.00,2.39,6.586,6.537,6.561,6.451,102845,98935,126367,6.950,6.250,7.860,5.910,closed,,tencent_newfqkline
2025-03-21,605006,山东玻纤,SH,qfq,6.670,6.770,6.590,6.620,6.660,-0.040,-0.60,2.70,146507,14650700,9776.03,97760300.00,2.44,6.610,6.547,6.561,6.438,111853,100557,123564,6.950,6.250,7.260,5.910,closed,,tencent_newfqkline
2025-03-24,605006,山东玻纤,SH,qfq,6.590,6.590,6.170,6.310,6.620,-0.310,-4.68,6.34,164636,16463600,10472.96,104729600.00,2.74,6.558,6.527,6.539,6.426,123026,108701,117365,6.780,6.170,7.090,5.910,closed,,tencent_newfqkline
2025-03-25,605006,山东玻纤,SH,qfq,6.280,6.350,6.150,6.320,6.310,0.010,0.16,3.17,96881,9688100,6048.59,60485900.00,1.61,6.502,6.505,6.527,6.413,125801,110669,112700,6.770,6.150,7.080,5.910,closed,,tencent_newfqkline
2025-03-26,605006,山东玻纤,SH,qfq,6.270,6.540,6.260,6.490,6.320,0.170,2.69,4.43,118825,11882500,7700.46,77004600.00,1.98,6.480,6.503,6.521,6.411,134070,115634,112070,6.770,6.150,6.950,5.910,closed,,tencent_newfqkline
2025-03-27,605006,山东玻纤,SH,qfq,6.490,6.680,6.370,6.560,6.490,0.070,1.08,4.78,125245,12524500,8204.90,82049000.00,2.09,6.460,6.523,6.520,6.410,130419,116632,111266,6.770,6.150,6.950,5.910,closed,,tencent_newfqkline
2025-03-28,605006,山东玻纤,SH,qfq,6.560,6.600,6.220,6.230,6.560,-0.330,-5.03,5.79,124470,12447000,7866.49,78664900.00,2.07,6.382,6.496,6.510,6.401,126011,118932,111520,6.770,6.150,6.950,5.910,closed,,tencent_newfqkline
2025-03-31,605006,山东玻纤,SH,qfq,6.250,6.270,6.020,6.130,6.230,-0.100,-1.61,4.01,94215,9421500,5762.59,57625900.00,1.57,6.346,6.452,6.491,6.394,111927,117477,110370,6.770,6.020,6.950,5.910,closed,,tencent_newfqkline
2025-04-01,605006,山东玻纤,SH,qfq,6.120,6.290,6.110,6.170,6.130,0.040,0.65,2.94,72782,7278200,4521.47,45214700.00,1.21,6.316,6.409,6.467,6.388,107107,116454,107801,6.770,6.020,6.950,5.910,closed,,tencent_newfqkline
2025-04-02,605006,山东玻纤,SH,qfq,6.160,6.240,6.130,6.180,6.170,0.010,0.16,1.78,38411,3841100,2373.62,23736200.00,0.64,6.254,6.367,6.449,6.384,91025,112547,103995,6.770,6.020,6.950,5.910,closed,,tencent_newfqkline
2025-04-03,605006,山东玻纤,SH,qfq,6.130,6.230,6.110,6.220,6.180,0.040,0.65,1.94,52901,5290100,3265.94,32659400.00,0.88,6.186,6.323,6.430,6.382,76556,103487,101211,6.770,6.020,6.950,5.910,closed,,tencent_newfqkline
2025-04-07,605006,山东玻纤,SH,qfq,5.940,5.940,5.600,5.600,6.220,-0.620,-9.97,5.47,56759,5675900,3216.12,32161200.00,0.95,6.060,6.221,6.384,6.370,63014,94512,97535,6.770,5.600,6.950,5.600,closed,,tencent_newfqkline
2025-04-08,605006,山东玻纤,SH,qfq,5.360,5.490,5.150,5.300,5.600,-0.300,-5.36,6.07,142734,14273400,7562.65,75626500.00,2.38,5.894,6.120,6.324,6.356,72717,92322,100512,6.770,5.150,6.950,5.150,closed,,tencent_newfqkline
2025-04-09,605006,山东玻纤,SH,qfq,5.200,5.500,4.880,5.450,5.300,0.150,2.83,11.70,122122,12212200,6371.06,63710600.00,2.04,5.750,6.033,6.269,6.346,82585,94846,102758,6.770,4.880,6.950,4.880,closed,,tencent_newfqkline
2025-04-10,605006,山东玻纤,SH,qfq,5.560,5.710,5.530,5.640,5.450,0.190,3.49,3.30,99174,9917400,5585.94,55859400.00,1.65,5.642,5.948,6.226,6.338,94738,92881,104258,6.770,4.880,6.950,4.880,closed,,tencent_newfqkline
2025-04-11,605006,山东玻纤,SH,qfq,5.640,5.830,5.600,5.700,5.640,0.060,1.06,4.08,80672,8067200,4625.77,46257700.00,1.34,5.538,5.862,6.192,6.328,100292,88424,102528,6.770,4.880,6.950,4.880,closed,,tencent_newfqkline
2025-04-14,605006,山东玻纤,SH,qfq,5.800,5.930,5.740,5.870,5.700,0.170,2.98,3.33,86915,8691500,5078.90,50789000.00,1.45,5.592,5.826,6.161,6.319,106323,84668,101800,6.770,4.880,6.950,4.880,closed,,tencent_newfqkline
2025-04-15,605006,山东玻纤,SH,qfq,6.100,6.150,5.760,5.770,5.870,-0.100,-1.70,6.64,132123,13212300,7718.90,77189000.00,2.20,5.686,5.790,6.121,6.313,104201,88459,102968,6.770,4.880,6.950,4.880,closed,,tencent_newfqkline
2025-04-16,605006,山东玻纤,SH,qfq,5.830,5.830,5.630,5.800,5.770,0.030,0.52,3.47,94532,9453200,5432.53,54325300.00,1.58,5.756,5.753,6.081,6.308,98683,90634,103544,6.770,4.880,6.950,4.880,closed,,tencent_newfqkline
2025-04-17,605006,山东玻纤,SH,qfq,5.790,5.960,5.760,5.910,5.800,0.110,1.90,3.45,77632,7763200,4581.02,45810200.00,1.29,5.810,5.726,6.046,6.299,94375,94556,103552,6.770,4.880,6.950,4.880,closed,,tencent_newfqkline
2025-04-18,605006,山东玻纤,SH,qfq,5.960,6.050,5.900,6.020,5.910,0.110,1.86,2.54,77439,7743900,4623.05,46230500.00,1.29,5.874,5.706,6.014,6.293,93728,97010,100249,6.770,4.880,6.950,4.880,closed,,tencent_newfqkline
2025-04-21,605006,山东玻纤,SH,qfq,6.020,6.280,5.930,6.090,6.020,0.070,1.16,5.81,141354,14135400,8651.61,86516100.00,2.36,5.918,5.755,5.988,6.288,104616,105470,99991,6.680,4.880,6.950,4.880,closed,,tencent_newfqkline
2025-04-22,605006,山东玻纤,SH,qfq,6.030,6.150,5.960,6.120,6.090,0.030,0.49,3.12,110109,11010900,6709.51,67095100.00,1.84,5.988,5.837,5.978,6.283,100213,102207,97265,6.680,4.880,6.950,4.880,closed,,tencent_newfqkline
2025-04-23,605006,山东玻纤,SH,qfq,6.130,6.240,6.110,6.220,6.120,0.100,1.63,2.12,88522,8852200,5478.31,54783100.00,1.48,6.072,5.914,5.973,6.280,99011,98847,96847,6.680,4.880,6.950,4.880,closed,,tencent_newfqkline
2025-04-24,605006,山东玻纤,SH,qfq,6.190,6.280,6.060,6.110,6.220,-0.110,-1.77,3.54,70177,7017700,4310.19,43101900.00,1.17,6.112,5.961,5.955,6.279,97520,95948,94414,6.680,4.880,6.950,4.880,closed,,tencent_newfqkline
2025-04-25,605006,山东玻纤,SH,qfq,6.090,6.140,6.050,6.050,6.110,-0.060,-0.98,1.47,50443,5044300,3068.17,30681700.00,0.84,6.118,5.996,5.929,6.280,92121,92925,90674,6.600,4.880,6.950,4.880,closed,,tencent_newfqkline
2025-04-28,605006,山东玻纤,SH,qfq,6.020,6.090,5.930,5.970,6.050,-0.080,-1.32,2.64,52362,5236200,3133.46,31334600.00,0.87,6.094,6.006,5.916,6.281,74323,89469,87069,6.290,4.880,6.950,4.880,closed,,tencent_newfqkline
2025-04-29,605006,山东玻纤,SH,qfq,5.910,6.090,5.910,6.060,5.970,0.090,1.51,3.02,46477,4647700,2811.07,28110700.00,0.77,6.082,6.035,5.912,6.281,61596,80905,84682,6.290,4.880,6.950,4.880,closed,,tencent_newfqkline
2025-04-30,605006,山东玻纤,SH,qfq,6.040,6.160,6.010,6.020,6.060,-0.040,-0.66,2.48,54255,5425500,3293.73,32937300.00,0.90,6.042,6.057,5.905,6.282,54743,76877,83756,6.280,4.880,6.950,4.880,closed,,tencent_newfqkline
2025-05-06,605006,山东玻纤,SH,qfq,6.050,6.290,6.040,6.260,6.020,0.240,3.99,4.15,84569,8456900,5216.15,52161500.00,1.41,6.072,6.092,5.909,6.286,57621,77571,86064,6.290,4.880,6.950,4.880,closed,,tencent_newfqkline
2025-05-07,605006,山东玻纤,SH,qfq,6.280,6.310,6.110,6.200,6.260,-0.060,-0.96,3.19,85624,8562400,5308.32,53083200.00,1.43,6.102,6.110,5.908,6.286,64657,78389,87700,6.310,4.880,6.950,4.880,closed,,tencent_newfqkline
2025-05-08,605006,山东玻纤,SH,qfq,6.160,6.280,6.160,6.260,6.200,0.060,0.97,1.94,58906,5890600,3676.39,36763900.00,0.98,6.160,6.127,5.941,6.286,65966,70144,87807,6.310,4.880,6.950,4.880,closed,,tencent_newfqkline
2025-05-09,605006,山东玻纤,SH,qfq,6.260,6.310,6.190,6.190,6.260,-0.070,-1.12,1.92,53081,5308100,3306.70,33067000.00,0.88,6.186,6.134,5.986,6.283,67287,64442,83324,6.310,4.880,6.950,4.880,closed,,tencent_newfqkline
2025-05-12,605006,山东玻纤,SH,qfq,6.200,6.260,6.130,6.160,6.190,-0.030,-0.48,2.10,46149,4614900,2846.08,28460800.00,0.77,6.214,6.128,6.021,6.279,65666,60204,79526,6.310,5.530,6.950,4.880,closed,,tencent_newfqkline
2025-05-13,605006,山东玻纤,SH,qfq,6.220,6.250,6.120,6.140,6.160,-0.020,-0.32,2.11,56324,5632400,3478.99,34789900.00,0.94,6.190,6.131,6.046,6.272,60017,58819,77383,6.310,5.600,6.950,4.880,closed,,tencent_newfqkline
2025-05-14,605006,山东玻纤,SH,qfq,6.160,6.210,6.100,6.180,6.140,0.040,0.65,1.79,54079,5407900,3333.15,33331500.00,0.90,6.186,6.144,6.070,6.269,53708,59183,76054,6.310,5.630,6.950,4.880,closed,,tencent_newfqkline
2025-05-15,605006,山东玻纤,SH,qfq,6.180,6.200,6.090,6.130,6.180,-0.050,-0.81,1.78,44041,4404100,2698.49,26984900.00,0.73,6.160,6.160,6.083,6.265,50735,58350,73910,6.310,5.630,6.950,4.880,closed,,tencent_newfqkline
2025-05-16,605006,山东玻纤,SH,qfq,6.140,6.200,6.100,6.170,6.130,0.040,0.65,1.63,50289,5028900,3102.53,31025300.00,0.84,6.156,6.171,6.103,6.259,50176,58732,69818,6.310,5.630,6.950,4.880,closed,,tencent_newfqkline
2025-05-19,605006,山东玻纤,SH,qfq,6.200,6.300,6.160,6.300,6.170,0.130,2.11,2.27,65865,6586500,4119.09,41190900.00,1.10,6.184,6.199,6.128,6.258,54120,59893,68385,6.310,5.760,6.950,4.880,closed,,tencent_newfqkline
2025-05-20,605006,山东玻纤,SH,qfq,6.300,6.340,6.240,6.340,6.300,0.040,0.63,1.59,49671,4967100,3127.91,31279100.00,0.83,6.224,6.207,6.149,6.253,52789,56403,66987,6.340,5.900,6.950,4.880,closed,,tencent_newfqkline
2025-05-21,605006,山东玻纤,SH,qfq,6.330,6.330,6.240,6.270,6.340,-0.070,-1.10,1.42,43720,4372000,2745.79,27457900.00,0.73,6.242,6.214,6.162,6.246,50717,52212,65301,6.340,5.910,6.950,4.880,closed,,tencent_newfqkline
2025-05-22,605006,山东玻纤,SH,qfq,6.350,6.360,6.120,6.140,6.270,-0.130,-2.07,3.83,74329,7432900,4625.10,46251000.00,1.24,6.244,6.202,6.164,6.238,56775,53755,61950,6.360,5.910,6.950,4.880,closed,,tencent_newfqkline
2025-05-23,605006,山东玻纤,SH,qfq,6.130,6.270,6.060,6.060,6.140,-0.080,-1.30,3.42,68647,6864700,4221.55,42215500.00,1.14,6.222,6.189,6.161,6.226,60446,55311,59876,6.360,5.910,6.780,4.880,closed,,tencent_newfqkline
2025-05-26,605006,山东玻纤,SH,qfq,6.110,6.180,6.060,6.160,6.060,0.100,1.65,1.98,47655,4765500,2926.51,29265100.00,0.79,6.194,6.189,6.159,6.220,56804,55462,57833,6.360,5.910,6.770,4.880,closed,,tencent_newfqkline
2025-05-27,605006,山东玻纤,SH,qfq,6.170,6.230,6.090,6.210,6.160,0.050,0.81,2.27,43032,4303200,2649.64,26496400.00,0.72,6.168,6.196,6.163,6.213,55477,54133,56476,6.360,5.910,6.770,4.880,closed,,tencent_newfqkline
2025-05-28,605006,山东玻纤,SH,qfq,6.210,6.250,6.090,6.120,6.210,-0.090,-1.45,2.58,41493,4149300,2552.40,25524000.00,0.69,6.138,6.190,6.167,6.205,55031,52874,56028,6.360,5.910,6.770,4.880,closed,,tencent_newfqkline
2025-05-29,605006,山东玻纤,SH,qfq,6.110,6.220,6.100,6.220,6.120,0.100,1.63,1.96,46651,4665100,2885.31,28853100.00,0.78,6.154,6.199,6.179,6.202,49496,53135,55743,6.360,5.910,6.770,4.880,closed,,tencent_newfqkline
2025-05-30,605006,山东玻纤,SH,qfq,6.200,6.240,6.080,6.100,6.220,-0.120,-1.93,2.57,47544,4754400,2912.66,29126600.00,0.79,6.162,6.192,6.181,6.195,45275,52861,55796,6.360,6.010,6.770,4.880,closed,,tencent_newfqkline
2025-06-03,605006,山东玻纤,SH,qfq,6.080,6.710,6.060,6.710,6.100,0.610,10.00,10.66,302629,30262900,19856.85,198568500.00,5.04,6.272,6.233,6.216,6.196,96270,76537,68215,6.710,6.040,6.770,4.880,closed,,tencent_newfqkline
2025-06-04,605006,山东玻纤,SH,qfq,7.050,7.380,6.980,7.380,6.710,0.670,9.99,5.96,452784,45278400,32958.71,329587100.00,7.55,6.506,6.337,6.272,6.210,178220,116848,86626,7.380,6.060,7.380,4.880,closed,,tencent_newfqkline
2025-06-05,605006,山东玻纤,SH,qfq,7.770,7.980,6.950,7.020,7.380,-0.360,-4.88,13.96,929474,92947400,67966.58,679665800.00,15.49,6.686,6.412,6.313,6.217,355816,205424,128818,7.980,6.060,7.980,4.880,closed,,tencent_newfqkline
2025-06-06,605006,山东玻纤,SH,qfq,7.150,7.560,7.140,7.220,7.020,0.200,2.85,5.98,708096,70809600,51459.44,514594400.00,11.80,6.886,6.520,6.361,6.229,488105,268800,161278,7.980,6.060,7.980,4.880,closed,,tencent_newfqkline
2025-06-09,605006,山东玻纤,SH,qfq,7.080,7.360,6.990,7.230,7.220,0.010,0.14,5.12,541400,54140000,38711.24,387112400.00,9.02,7.112,6.637,6.413,6.241,586877,316076,185694,7.980,6.060,7.980,4.880,closed,,tencent_newfqkline
2025-06-10,605006,山东玻纤,SH,qfq,7.280,7.280,6.860,6.900,7.230,-0.330,-4.56,5.81,399727,39972700,27903.62,279036200.00,6.66,7.150,6.711,6.450,6.247,606296,351283,203372,7.980,6.060,7.980,4.880,closed,,tencent_newfqkline
2025-06-11,605006,山东玻纤,SH,qfq,6.930,6.970,6.780,6.800,6.900,-0.100,-1.45,2.75,243809,24380900,16653.03,166530300.00,4.06,7.034,6.770,6.483,6.251,564501,371361,212747,7.980,6.060,7.980,4.880,closed,,tencent_newfqkline
2025-06-12,605006,山东玻纤,SH,qfq,6.800,6.880,6.720,6.860,6.800,0.060,0.88,2.35,209726,20972600,14278.44,142784400.00,3.50,7.002,6.844,6.517,6.260,420552,388184,220529,7.980,6.060,7.980,4.880,closed,,tencent_newfqkline
2025-06-13,605006,山东玻纤,SH,qfq,6.840,6.840,6.550,6.570,6.860,-0.290,-4.23,4.23,226856,22685600,15023.64,150236400.00,3.78,6.872,6.879,6.539,6.261,324304,406204,229670,7.980,6.060,7.980,4.880,closed,,tencent_newfqkline
2025-06-16,605006,山东玻纤,SH,qfq,6.500,6.730,6.500,6.690,6.570,0.120,1.83,3.50,152306,15230600,10138.51,101385100.00,2.54,6.764,6.938,6.565,6.263,246485,416681,234771,7.980,6.060,7.980,4.880,closed,,tencent_newfqkline
2025-06-17,605006,山东玻纤,SH,qfq,6.750,6.760,6.610,6.640,6.690,-0.050,-0.75,2.24,117197,11719700,7799.44,77994400.00,1.95,6.712,6.931,6.582,6.264,189979,398138,237337,7.980,6.060,7.980,4.880,closed,,tencent_newfqkline
2025-06-18,605006,山东玻纤,SH,qfq,6.630,6.650,6.470,6.520,6.640,-0.120,-1.81,2.71,109789,10978900,7169.19,71691900.00,1.83,6.656,6.845,6.591,6.262,163175,363838,240343,7.980,6.060,7.980,4.880,closed,,tencent_newfqkline
2025-06-19,605006,山东玻纤,SH,qfq,6.540,6.620,6.400,6.430,6.520,-0.090,-1.38,3.37,111022,11102200,7223.88,72238800.00,1.85,6.570,6.786,6.599,6.258,143434,281993,243708,7.980,6.060,7.980,4.880,closed,,tencent_newfqkline
2025-06-20,605006,山东玻纤,SH,qfq,6.390,6.550,6.350,6.460,6.430,0.030,0.47,3.11,113521,11352100,7324.47,73244700.00,1.89,6.548,6.710,6.615,6.256,120767,222535,245668,7.980,6.060,7.980,4.880,closed,,tencent_newfqkline
2025-06-23,605006,山东玻纤,SH,qfq,6.370,6.630,6.300,6.590,6.460,0.130,2.01,5.11,133274,13327400,8733.13,87331300.00,2.22,6.528,6.646,6.642,6.260,116961,181723,248899,7.980,6.060,7.980,4.880,closed,,tencent_newfqkline
2025-06-24,605006,山东玻纤,SH,qfq,6.560,6.790,6.560,6.740,6.590,0.150,2.28,3.49,199613,19961300,13354.44,133544400.00,3.33,6.548,6.630,6.670,6.268,133444,161711,256497,7.980,6.060,7.980,4.880,closed,,tencent_newfqkline
2025-06-25,605006,山东玻纤,SH,qfq,6.700,6.780,6.630,6.730,6.740,-0.010,-0.15,2.23,181950,18195000,12209.14,122091400.00,3.03,6.590,6.623,6.697,6.272,147876,155525,263443,7.980,6.060,7.980,4.880,closed,,tencent_newfqkline
2025-06-26,605006,山东玻纤,SH,qfq,6.740,6.830,6.680,6.680,6.730,-0.050,-0.74,2.23,143447,14344700,9671.05,96710500.00,2.39,6.640,6.605,6.725,6.273,154361,148898,268541,7.980,6.060,7.980,4.880,closed,,tencent_newfqkline
2025-06-27,605006,山东玻纤,SH,qfq,6.710,6.770,6.680,6.700,6.680,0.020,0.30,1.35,111241,11124100,7480.86,74808600.00,1.85,6.688,6.618,6.748,6.281,153905,137336,271770,7.980,6.060,7.980,4.880,closed,,tencent_newfqkline
2025-06-30,605006,山东玻纤,SH,qfq,6.750,6.750,6.660,6.720,6.700,0.020,0.30,1.34,113347,11334700,7594.02,75940200.00,1.89,6.714,6.621,6.780,6.291,149920,133440,275060,7.980,6.060,7.980,4.880,closed,,tencent_newfqkline
2025-07-01,605006,山东玻纤,SH,qfq,6.690,7.390,6.680,7.390,6.720,0.670,9.97,10.57,488961,48896100,34606.91,346069100.00,8.15,6.844,6.696,6.814,6.311,207789,170616,284377,7.980,6.300,7.980,4.880,closed,,tencent_newfqkline
2025-07-02,605006,山东玻纤,SH,qfq,7.600,7.980,7.420,7.560,7.390,0.170,2.30,7.58,905820,90582000,69418.95,694189500.00,15.10,7.010,6.800,6.822,6.335,352563,250220,307029,7.980,6.300,7.980,4.880,closed,,tencent_newfqkline
2025-07-03,605006,山东玻纤,SH,qfq,7.540,7.960,7.260,7.780,7.560,0.220,2.91,9.26,701532,70153200,52950.45,529504500.00,11.69,7.230,6.935,6.861,6.361,464180,309271,295632,7.980,6.300,7.980,4.880,closed,,tencent_newfqkline
2025-07-04,605006,山东玻纤,SH,qfq,7.630,8.440,7.630,7.920,7.780,0.140,1.80,10.41,795457,79545700,63900.42,639004200.00,13.26,7.474,7.081,6.896,6.399,601023,377464,300000,8.440,6.300,8.440,4.880,closed,,tencent_newfqkline
2025-07-07,605006,山东玻纤,SH,qfq,7.660,8.290,7.660,7.810,7.920,-0.110,-1.39,7.95,518622,51862200,41158.16,411581600.00,8.64,7.692,7.203,6.925,6.441,682078,415999,298861,8.440,6.300,8.440,4.880,closed,,tencent_newfqkline
2025-07-08,605006,山东玻纤,SH,qfq,7.820,8.590,7.670,8.590,7.810,0.780,9.99,11.78,395943,39594300,32542.31,325423100.00,6.60,7.932,7.388,7.009,6.493,663475,435632,298672,8.590,6.300,8.590,5.530,closed,,tencent_newfqkline
2025-07-09,605006,山东玻纤,SH,qfq,9.440,9.450,8.490,8.680,8.590,0.090,1.05,11.18,1063698,106369800,94407.23,944072300.00,17.73,8.156,7.583,7.103,6.544,695050,523807,339666,9.450,6.300,9.450,5.600,closed,,tencent_newfqkline
2025-07-10,605006,山东玻纤,SH,qfq,8.520,9.550,8.450,9.550,8.680,0.870,10.02,12.67,668571,66857100,60999.16,609991600.00,11.14,8.510,7.870,7.237,6.608,688458,576319,362608,9.550,6.300,9.550,5.630,closed,,tencent_newfqkline
2025-07-11,605006,山东玻纤,SH,qfq,9.370,9.370,8.600,8.600,9.550,-0.950,-9.95,8.06,831861,83186100,74069.25,740692500.00,13.86,8.646,8.060,7.339,6.654,695739,648381,392859,9.550,6.300,9.550,5.630,closed,,tencent_newfqkline
2025-07-14,605006,山东玻纤,SH,qfq,8.100,8.320,7.820,7.910,8.600,-0.690,-8.02,5.81,571576,57157600,45836.46,458364600.00,9.53,8.666,8.179,7.400,6.689,706330,694204,413822,9.550,6.300,9.550,5.630,closed,,tencent_newfqkline
2025-07-15,605006,山东玻纤,SH,qfq,7.880,8.010,7.650,7.710,7.910,-0.200,-2.53,4.55,379565,37956500,29523.26,295232600.00,6.33,8.490,8.211,7.454,6.721,703054,683264,426940,9.550,6.300,9.550,5.760,closed,,tencent_newfqkline
2025-07-16,605006,山东玻纤,SH,qfq,7.710,7.820,7.590,7.750,7.710,0.040,0.52,2.98,237577,23757700,18365.04,183650400.00,3.96,8.304,8.230,7.515,6.752,537830,616440,433330,9.550,6.300,9.550,5.900,closed,,tencent_newfqkline
2025-07-17,605006,山东玻纤,SH,qfq,7.720,7.930,7.640,7.840,7.750,0.090,1.16,3.74,294553,29455300,22961.62,229616200.00,4.91,7.962,8.236,7.586,6.782,463026,575742,442506,9.550,6.300,9.550,5.910,closed,,tencent_newfqkline
2025-07-18,605006,山东玻纤,SH,qfq,7.790,8.080,7.740,7.870,7.840,0.030,0.38,4.34,286303,28630300,22607.25,226072500.00,4.77,7.816,8.231,7.656,6.812,353915,524827,451146,9.550,6.300,9.550,5.910,closed,,tencent_newfqkline
2025-07-21,605006,山东玻纤,SH,qfq,7.800,7.970,7.730,7.940,7.870,0.070,0.89,3.05,277654,27765400,21816.78,218167800.00,4.63,7.822,8.244,7.723,6.842,295130,500730,458365,9.550,6.560,9.550,5.910,closed,,tencent_newfqkline
2025-07-22,605006,山东玻纤,SH,qfq,7.900,7.990,7.660,7.740,7.940,-0.200,-2.52,4.16,299647,29964700,23295.92,232959200.00,4.99,7.828,8.159,7.774,6.868,279147,491100,463366,9.550,6.630,9.550,5.910,closed,,tencent_newfqkline
2025-07-23,605006,山东玻纤,SH,qfq,7.710,7.740,7.530,7.530,7.740,-0.210,-2.71,2.71,267273,26727300,20371.21,203712100.00,4.45,7.784,8.044,7.814,6.891,285086,411458,467632,9.550,6.660,9.550,5.910,closed,,tencent_newfqkline
2025-07-24,605006,山东玻纤,SH,qfq,7.500,7.700,7.480,7.700,7.530,0.170,2.26,2.92,182770,18277000,13924.50,139245000.00,3.05,7.756,7.859,7.864,6.919,262729,362878,469599,9.550,6.660,9.550,5.910,closed,,tencent_newfqkline
2025-07-25,605006,山东玻纤,SH,qfq,7.660,7.720,7.590,7.610,7.700,-0.090,-1.17,1.69,138824,13882400,10618.46,106184600.00,2.31,7.704,7.760,7.910,6.946,233234,293574,470978,9.550,6.660,9.550,5.910,closed,,tencent_newfqkline
2025-07-28,605006,山东玻纤,SH,qfq,7.570,7.650,7.520,7.620,7.610,0.010,0.13,1.71,128692,12869200,9768.33,97683300.00,2.14,7.640,7.731,7.955,6.972,203441,249286,471745,9.550,6.680,9.550,6.010,closed,,tencent_newfqkline
2025-07-29,605006,山东玻纤,SH,qfq,7.620,7.730,7.480,7.580,7.620,-0.040,-0.52,3.28,167827,16782700,12702.93,127029300.00,2.80,7.608,7.718,7.964,6.998,177077,228112,455688,9.550,7.260,9.550,6.040,closed,,tencent_newfqkline
2025-07-30,605006,山东玻纤,SH,qfq,7.590,7.640,7.430,7.480,7.580,-0.100,-1.32,2.77,142606,14260600,10717.12,107171200.00,2.38,7.598,7.691,7.961,7.018,152144,218615,417528,9.550,7.260,9.550,6.060,closed,,tencent_newfqkline
2025-07-31,605006,山东玻纤,SH,qfq,7.480,7.550,7.360,7.390,7.480,-0.090,-1.20,2.54,110560,11056000,8209.57,82095700.00,1.84,7.536,7.646,7.941,7.038,137702,200216,387979,9.550,7.360,9.550,6.060,closed,,tencent_newfqkline
2025-08-01,605006,山东玻纤,SH,qfq,7.370,7.420,7.330,7.370,7.390,-0.020,-0.27,1.22,76707,7670700,5664.11,56641100.00,1.28,7.488,7.596,7.914,7.057,125278,179256,352041,9.550,7.330,9.550,6.060,closed,,tencent_newfqkline
2025-08-04,605006,山东玻纤,SH,qfq,7.330,7.450,7.210,7.440,7.370,0.070,0.95,3.26,89284,8928400,6598.05,65980500.00,1.49,7.452,7.546,7.895,7.077,117397,160419,330575,9.550,7.210,9.550,6.060,closed,,tencent_newfqkline
2025-08-05,605006,山东玻纤,SH,qfq,7.460,7.500,7.390,7.430,7.440,-0.010,-0.13,1.48,78006,7800600,5790.65,57906500.00,1.30,7.422,7.515,7.837,7.099,99433,138255,314678,9.550,7.210,9.550,6.060,closed,,tencent_newfqkline
2025-08-06,605006,山东玻纤,SH,qfq,7.430,7.440,7.340,7.420,7.430,-0.010,-0.13,1.35,79252,7925200,5865.80,58658000.00,1.32,7.410,7.504,7.774,7.120,86762,119453,265455,9.550,7.210,9.550,6.060,closed,,tencent_newfqkline
2025-08-07,605006,山东玻纤,SH,qfq,7.420,7.440,7.330,7.350,7.420,-0.070,-0.94,1.48,97843,9784300,7209.91,72099100.00,1.63,7.402,7.469,7.664,7.139,84218,110960,236919,9.370,7.210,9.550,6.060,closed,,tencent_newfqkline
2025-08-08,605006,山东玻纤,SH,qfq,7.370,7.420,7.320,7.400,7.350,0.050,0.68,1.36,76594,7659400,5649.72,56497200.00,1.28,7.408,7.448,7.604,7.161,84196,104737,199156,8.320,7.210,9.550,6.060,closed,,tencent_newfqkline
2025-08-11,605006,山东玻纤,SH,qfq,7.400,7.570,7.400,7.570,7.400,0.170,2.30,2.30,131969,13196900,9917.27,99172700.00,2.20,7.434,7.443,7.587,7.184,92733,105065,177175,8.080,7.210,9.550,6.060,closed,,tencent_newfqkline
2025-08-12,605006,山东玻纤,SH,qfq,7.600,7.610,7.420,7.470,7.570,-0.100,-1.32,2.51,111301,11130100,8315.51,83155100.00,1.85,7.442,7.432,7.575,7.204,99392,99412,163762,8.080,7.210,9.550,6.060,closed,,tencent_newfqkline
2025-08-13,605006,山东玻纤,SH,qfq,7.460,7.500,7.420,7.480,7.470,0.010,0.13,1.07,86086,8608600,6418.62,64186200.00,1.43,7.454,7.432,7.561,7.223,100759,93760,156188,8.080,7.210,9.550,6.060,closed,,tencent_newfqkline
2025-08-14,605006,山东玻纤,SH,qfq,7.550,8.230,7.550,8.230,7.480,0.750,10.03,9.09,253876,25387600,20535.04,205350400.00,4.23,7.630,7.516,7.581,7.255,131965,108092,154154,8.230,7.210,9.550,6.060,closed,,tencent_newfqkline
2025-08-15,605006,山东玻纤,SH,qfq,8.380,9.000,8.320,8.560,8.230,0.330,4.01,8.26,947953,94795300,81873.51,818735100.00,15.80,7.862,7.635,7.615,7.296,306237,195216,187236,9.000,7.210,9.550,6.060,closed,,tencent_newfqkline
2025-08-18,605006,山东玻纤,SH,qfq,8.470,8.950,8.210,8.950,8.560,0.390,4.56,8.64,700606,70060600,60185.89,601858900.00,11.68,8.138,7.786,7.666,7.344,419964,256349,208384,9.000,7.210,9.550,6.060,closed,,tencent_newfqkline
2025-08-19,605006,山东玻纤,SH,qfq,8.660,8.760,8.500,8.530,8.950,-0.420,-4.69,2.91,457129,45712900,39197.19,391971900.00,7.62,8.350,7.896,7.706,7.383,489130,294261,216258,9.000,7.210,9.550,6.060,closed,,tencent_newfqkline
2025-08-20,605006,山东玻纤,SH,qfq,8.510,8.620,8.320,8.440,8.530,-0.090,-1.06,3.52,303123,30312300,25582.04,255820400.00,5.05,8.542,7.998,7.751,7.420,532537,316648,218050,9.000,7.210,9.550,6.060,closed,,tencent_newfqkline
2025-08-21,605006,山东玻纤,SH,qfq,8.410,8.540,8.270,8.340,8.440,-0.100,-1.18,3.20,257632,25763200,21533.79,215337900.00,4.29,8.564,8.097,7.783,7.457,533289,332627,221794,9.000,7.210,9.550,6.060,closed,,tencent_newfqkline
2025-08-22,605006,山东玻纤,SH,qfq,8.360,8.580,8.270,8.480,8.340,0.140,1.68,3.72,270617,27061700,22908.72,229087200.00,4.51,8.548,8.205,7.827,7.495,397821,352029,228383,9.000,7.210,9.550,6.060,closed,,tencent_newfqkline
2025-08-25,605006,山东玻纤,SH,qfq,8.430,8.520,8.300,8.440,8.480,-0.040,-0.47,2.59,226004,22600400,19017.82,190178200.00,3.77,8.446,8.292,7.867,7.534,302901,361433,233249,9.000,7.210,9.550,6.060,closed,,tencent_newfqkline
2025-08-26,605006,山东玻纤,SH,qfq,8.440,8.460,8.250,8.340,8.440,-0.100,-1.18,2.49,181953,18195300,15179.07,151790700.00,3.03,8.408,8.379,7.906,7.561,247866,368498,233955,9.000,7.210,9.550,6.300,closed,,tencent_newfqkline
2025-08-27,605006,山东玻纤,SH,qfq,8.280,8.370,7.980,7.990,8.340,-0.350,-4.20,4.68,239288,23928800,19560.75,195607500.00,3.99,8.318,8.430,7.931,7.571,235099,383818,238789,9.000,7.210,9.550,6.300,closed,,tencent_newfqkline
2025-08-28,605006,山东玻纤,SH,qfq,7.980,8.300,7.950,8.270,7.990,0.280,3.50,4.38,244408,24440800,19948.66,199486600.00,4.07,8.304,8.434,7.975,7.592,232454,382871,245482,9.000,7.210,9.550,6.300,closed,,tencent_newfqkline
2025-08-29,605006,山东玻纤,SH,qfq,8.500,8.850,8.350,8.410,8.270,0.140,1.69,6.05,360429,36042900,30876.74,308767400.00,6.01,8.290,8.419,8.027,7.612,250416,324119,259668,9.000,7.210,9.550,6.300,closed,,tencent_newfqkline
2025-09-01,605006,山东玻纤,SH,qfq,8.250,8.250,8.060,8.170,8.410,-0.240,-2.85,2.26,222176,22217600,18111.18,181111800.00,3.70,8.236,8.341,8.064,7.628,249651,276276,266312,9.000,7.320,9.550,6.300,closed,,tencent_newfqkline
2025-09-02,605006,山东玻纤,SH,qfq,8.310,8.490,8.140,8.230,8.170,0.060,0.73,4.28,189443,18944300,15659.66,156596600.00,3.16,8.214,8.311,8.104,7.650,251149,249507,271884,9.000,7.320,9.550,6.300,closed,,tencent_newfqkline
2025-09-03,605006,山东玻纤,SH,qfq,8.090,8.200,7.650,7.680,8.230,-0.550,-6.68,6.68,181862,18186200,14292.49,142924900.00,3.03,8.152,8.235,8.117,7.665,239664,237381,277015,9.000,7.320,9.550,6.300,closed,,tencent_newfqkline
2025-09-04,605006,山东玻纤,SH,qfq,7.680,7.810,7.460,7.600,7.680,-0.080,-1.04,4.56,135228,13522800,10360.16,103601600.00,2.25,8.018,8.161,8.129,7.677,217828,225141,278884,9.000,7.320,9.550,6.300,closed,,tencent_newfqkline
2025-09-05,605006,山东玻纤,SH,qfq,7.600,7.820,7.550,7.780,7.600,0.180,2.37,3.55,117835,11783500,9078.19,90781900.00,1.96,7.892,8.091,8.148,7.697,169309,209863,280946,9.000,7.400,9.550,6.300,closed,,tencent_newfqkline
2025-09-08,605006,山东玻纤,SH,qfq,8.380,8.560,8.380,8.560,7.780,0.780,10.03,2.31,133222,13322200,11390.15,113901500.00,2.22,7.970,8.103,8.197,7.728,151518,200584,281009,9.000,7.420,9.550,6.300,closed,,tencent_newfqkline
2025-09-09,605006,山东玻纤,SH,qfq,8.950,8.950,8.280,8.450,8.560,-0.110,-1.29,7.83,475840,47584000,40451.95,404519500.00,7.93,8.014,8.114,8.247,7.758,208797,229973,299236,9.000,7.420,9.550,6.300,closed,,tencent_newfqkline
2025-09-10,605006,山东玻纤,SH,qfq,8.460,8.870,8.120,8.600,8.450,0.150,1.78,8.88,446303,44630300,37717.80,377178000.00,7.44,8.198,8.175,8.303,7.793,261686,250675,317246,9.000,7.460,9.550,6.300,closed,,tencent_newfqkline
2025-09-11,605006,山东玻纤,SH,qfq,8.370,8.830,8.350,8.730,8.600,0.130,1.51,5.58,471180,47118000,40911.89,409118900.00,7.85,8.424,8.221,8.328,7.831,328876,273352,328112,9.000,7.460,9.550,6.300,closed,,tencent_newfqkline
2025-09-12,605006,山东玻纤,SH,qfq,8.600,8.630,8.340,8.410,8.730,-0.320,-3.67,3.32,294732,29473200,24837.55,248375500.00,4.91,8.550,8.221,8.320,7.864,364255,266782,295450,8.950,7.460,9.550,6.300,closed,,tencent_newfqkline
2025-09-15,605006,山东玻纤,SH,qfq,8.350,8.450,8.160,8.270,8.410,-0.140,-1.66,3.45,202837,20283700,16804.99,168049900.00,3.38,8.492,8.231,8.286,7.892,378178,264848,270562,8.950,7.460,9.550,6.560,closed,,tencent_newfqkline
2025-09-16,605006,山东玻纤,SH,qfq,8.240,8.310,8.110,8.290,8.270,0.020,0.24,2.42,162539,16253900,13351.71,133517100.00,2.71,8.460,8.237,8.274,7.918,315518,262158,255833,8.950,7.460,9.550,6.630,closed,,tencent_newfqkline
2025-09-17,605006,山东玻纤,SH,qfq,8.270,8.290,8.130,8.150,8.290,-0.140,-1.69,1.93,125549,12554900,10256.10,102561000.00,2.09,8.370,8.284,8.259,7.941,251367,256526,246954,8.950,7.460,9.550,6.660,closed,,tencent_newfqkline
2025-09-18,605006,山东玻纤,SH,qfq,8.120,8.300,7.970,8.230,8.150,0.080,0.98,4.05,215732,21573200,17584.58,175845800.00,3.60,8.270,8.347,8.254,7.967,200278,264577,244859,8.950,7.460,9.550,6.660,closed,,tencent_newfqkline
2025-09-19,605006,山东玻纤,SH,qfq,8.250,8.500,8.110,8.230,8.230,0.000,0.00,4.74,209579,20957900,17368.10,173681000.00,3.49,8.234,8.392,8.242,7.993,183247,273751,241807,8.950,7.460,9.550,6.660,closed,,tencent_newfqkline
2025-09-22,605006,山东玻纤,SH,qfq,8.090,8.100,7.800,7.910,8.230,-0.320,-3.89,3.65,153647,15364700,12188.52,121885200.00,2.56,8.162,8.327,8.215,8.012,173409,275794,238189,8.950,7.460,9.550,6.680,closed,,tencent_newfqkline
2025-09-23,605006,山东玻纤,SH,qfq,7.910,7.980,7.570,7.790,7.910,-0.120,-1.52,5.18,123155,12315500,9527.50,95275000.00,2.05,8.062,8.261,8.188,8.019,165532,240525,235249,8.950,7.460,9.550,7.210,closed,,tencent_newfqkline
2025-09-24,605006,山东玻纤,SH,qfq,7.770,8.070,7.690,8.070,7.790,0.280,3.59,4.88,126826,12682600,10007.98,100079800.00,2.11,8.046,8.208,8.192,8.028,165788,208578,229626,8.950,7.460,9.550,7.210,closed,,tencent_newfqkline
2025-09-25,605006,山东玻纤,SH,qfq,8.070,8.090,7.850,7.920,8.070,-0.150,-1.86,2.97,97636,9763600,7748.22,77482200.00,1.63,7.984,8.127,8.174,8.030,142169,171223,222288,8.950,7.460,9.550,7.210,closed,,tencent_newfqkline
2025-09-26,605006,山东玻纤,SH,qfq,7.840,8.020,7.770,7.840,7.920,-0.080,-1.01,3.16,83218,8321800,6558.88,65588800.00,1.39,7.906,8.070,8.146,8.029,116896,150072,208427,8.950,7.460,9.550,7.210,closed,,tencent_newfqkline
2025-09-29,605006,山东玻纤,SH,qfq,7.830,7.880,7.620,7.800,7.840,-0.040,-0.51,3.32,81859,8185900,6368.53,63685300.00,1.36,7.884,8.023,8.127,8.028,102539,137974,201411,8.950,7.460,9.550,7.210,closed,,tencent_newfqkline
2025-09-30,605006,山东玻纤,SH,qfq,7.760,7.850,7.740,7.750,7.800,-0.050,-0.64,1.41,65739,6573900,5108.13,51081300.00,1.10,7.876,7.969,8.103,8.014,91056,128294,195226,8.950,7.460,9.550,7.210,closed,,tencent_newfqkline
2025-10-09,605006,山东玻纤,SH,qfq,7.780,7.820,7.680,7.790,7.750,0.040,0.52,1.81,74112,7411200,5742.57,57425700.00,1.24,7.820,7.933,8.108,8.000,80513,123150,189838,8.950,7.460,9.550,7.210,closed,,tencent_newfqkline
2025-10-10,605006,山东玻纤,SH,qfq,7.770,7.890,7.740,7.840,7.790,0.050,0.64,1.93,78500,7850000,6156.74,61567400.00,1.31,7.804,7.894,8.120,7.971,76686,109427,187002,8.950,7.550,9.370,7.210,closed,,tencent_newfqkline
2025-10-13,605006,山东玻纤,SH,qfq,7.600,7.700,7.410,7.700,7.840,-0.140,-1.79,3.70,81991,8199100,6227.22,62272200.00,1.37,7.776,7.841,8.117,7.956,76440,96668,185210,8.950,7.410,9.000,7.210,closed,,tencent_newfqkline
2025-10-14,605006,山东玻纤,SH,qfq,7.700,7.890,7.650,7.710,7.700,0.010,0.13,3.12,91595,9159500,7102.35,71023500.00,1.53,7.758,7.821,8.074,7.953,78387,90463,183128,8.950,7.410,9.000,7.210,closed,,tencent_newfqkline
2025-10-15,605006,山东玻纤,SH,qfq,7.780,7.950,7.740,7.840,7.710,0.130,1.69,2.72,76752,7675200,6003.49,60034900.00,1.28,7.776,7.826,8.043,7.955,80590,85823,163174,8.870,7.410,9.000,7.210,closed,,tencent_newfqkline
2025-10-16,605006,山东玻纤,SH,qfq,7.770,7.820,7.610,7.620,7.840,-0.220,-2.81,2.68,71706,7170600,5497.55,54975500.00,1.20,7.742,7.781,7.994,7.953,80109,80311,144444,8.830,7.410,9.000,7.210,closed,,tencent_newfqkline
2025-10-17,605006,山东玻纤,SH,qfq,7.600,7.630,7.400,7.410,7.620,-0.210,-2.76,3.02,63015,6301500,4732.98,47329800.00,1.05,7.656,7.730,7.928,7.946,77012,76849,124036,8.630,7.400,9.000,7.210,closed,,tencent_newfqkline
2025-10-20,605006,山东玻纤,SH,qfq,7.450,7.520,7.410,7.450,7.410,0.040,0.54,1.48,39191,3919100,2918.56,29185600.00,0.65,7.606,7.691,7.881,7.939,68452,72446,111259,8.500,7.400,9.000,7.210,closed,,tencent_newfqkline
2025-10-21,605006,山东玻纤,SH,qfq,7.450,7.580,7.430,7.580,7.450,0.130,1.74,2.01,59971,5997100,4516.84,45168400.00,1.00,7.580,7.669,7.846,7.933,62127,70257,104116,8.500,7.400,9.000,7.210,closed,,tencent_newfqkline
2025-10-22,605006,山东玻纤,SH,qfq,7.570,7.730,7.480,7.650,7.580,0.070,0.92,3.30,59557,5955700,4549.68,45496800.00,0.99,7.542,7.659,7.814,7.931,58688,69639,98966,8.500,7.400,9.000,7.210,closed,,tencent_newfqkline
2025-10-23,605006,山东玻纤,SH,qfq,7.640,7.700,7.520,7.690,7.650,0.040,0.52,2.35,51826,5182600,3934.74,39347400.00,0.86,7.556,7.649,7.791,7.934,54712,67410,95280,8.500,7.400,9.000,7.210,closed,,tencent_newfqkline
2025-10-24,605006,山东玻纤,SH,qfq,7.710,7.740,7.660,7.710,7.690,0.020,0.26,1.04,46537,4653700,3579.85,35798500.00,0.78,7.616,7.636,7.765,7.934,51416,64214,86821,8.500,7.400,9.000,7.210,closed,,tencent_newfqkline
2025-10-27,605006,山东玻纤,SH,qfq,7.710,7.820,7.700,7.740,7.710,0.030,0.39,1.56,64155,6415500,4976.77,49767700.00,1.07,7.674,7.640,7.740,7.936,56409,62430,79549,8.100,7.400,9.000,7.210,closed,,tencent_newfqkline
2025-10-28,605006,山东玻纤,SH,qfq,7.690,8.060,7.690,7.890,7.740,0.150,1.94,4.78,137078,13707800,10847.12,108471200.00,2.28,7.736,7.658,7.739,7.941,71831,66979,78721,8.090,7.400,9.000,7.210,closed,,tencent_newfqkline
2025-10-29,605006,山东玻纤,SH,qfq,7.860,8.110,7.860,7.970,7.890,0.080,1.01,3.17,131622,13162200,10511.11,105111100.00,2.19,7.800,7.671,7.748,7.947,86244,72466,79144,8.110,7.400,9.000,7.210,closed,,tencent_newfqkline
2025-10-30,605006,山东玻纤,SH,qfq,7.970,7.970,7.670,7.680,7.970,-0.290,-3.64,3.76,106984,10698400,8295.23,82952300.00,1.78,7.798,7.677,7.729,7.950,97275,75994,78152,8.110,7.400,9.000,7.210,closed,,tencent_newfqkline
2025-10-31,605006,山东玻纤,SH,qfq,7.690,8.300,7.690,7.880,7.680,0.200,2.60,7.94,191348,19134800,15336.18,153361800.00,3.19,7.832,7.724,7.727,7.959,126237,88827,82838,8.300,7.400,9.000,7.210,closed,,tencent_newfqkline
2025-11-03,605006,山东玻纤,SH,qfq,7.690,7.810,7.670,7.740,7.880,-0.140,-1.78,1.78,110124,11012400,8499.31,84993100.00,1.84,7.832,7.753,7.722,7.965,135431,95920,84183,8.300,7.400,9.000,7.210,closed,,tencent_newfqkline
2025-11-04,605006,山东玻纤,SH,qfq,7.740,7.760,7.620,7.660,7.740,-0.080,-1.03,1.81,69719,6971900,5353.62,53536200.00,1.16,7.786,7.761,7.715,7.969,121959,96895,83576,8.300,7.400,9.000,7.320,closed,,tencent_newfqkline
2025-11-05,605006,山东玻纤,SH,qfq,7.600,7.710,7.590,7.700,7.660,0.040,0.52,1.57,50097,5009700,3847.95,38479500.00,0.83,7.732,7.766,7.713,7.973,105654,95949,82794,8.300,7.400,9.000,7.320,closed,,tencent_newfqkline
2025-11-06,605006,山东玻纤,SH,qfq,7.700,7.730,7.630,7.660,7.700,-0.040,-0.52,1.30,56732,5673200,4343.81,43438100.00,0.95,7.728,7.763,7.706,7.977,95604,96440,81925,8.300,7.400,9.000,7.320,closed,,tencent_newfqkline
2025-11-07,605006,山东玻纤,SH,qfq,7.650,7.690,7.630,7.640,7.660,-0.020,-0.26,0.78,42210,4221000,3230.89,32308900.00,0.70,7.680,7.756,7.696,7.982,65776,96007,80110,8.300,7.400,9.000,7.320,closed,,tencent_newfqkline
2025-11-10,605006,山东玻纤,SH,qfq,7.670,7.720,7.640,7.720,7.640,0.080,1.05,1.05,53313,5331300,4096.32,40963200.00,0.89,7.676,7.754,7.697,7.987,54414,94923,78677,8.300,7.400,9.000,7.400,closed,,tencent_newfqkline
2025-11-11,605006,山东玻纤,SH,qfq,7.790,7.830,7.690,7.830,7.720,0.110,1.42,1.81,79659,7965900,6189.48,61894800.00,1.33,7.710,7.748,7.703,7.992,56402,89181,78080,8.300,7.400,9.000,7.400,closed,,tencent_newfqkline
2025-11-12,605006,山东玻纤,SH,qfq,7.830,7.830,7.650,7.710,7.830,-0.120,-1.53,2.30,63589,6358900,4910.04,49100400.00,1.06,7.712,7.722,7.697,7.996,59101,82378,77422,8.300,7.400,9.000,7.400,closed,,tencent_newfqkline
2025-11-13,605006,山东玻纤,SH,qfq,7.670,7.880,7.670,7.870,7.710,0.160,2.08,2.72,104554,10455400,8192.13,81921300.00,1.74,7.754,7.741,7.709,8.002,68665,82134,79064,8.300,7.400,9.000,7.400,closed,,tencent_newfqkline
2025-11-14,605006,山东玻纤,SH,qfq,7.840,7.920,7.800,7.850,7.870,-0.020,-0.25,1.52,70259,7025900,5534.66,55346600.00,1.17,7.796,7.738,7.731,7.996,74275,70026,79426,8.300,7.410,9.000,7.400,closed,,tencent_newfqkline
2025-11-17,605006,山东玻纤,SH,qfq,7.850,7.880,7.740,7.860,7.850,0.010,0.13,1.78,61797,6179700,4820.23,48202300.00,1.03,7.824,7.750,7.752,7.984,75972,65193,80557,8.300,7.430,8.950,7.400,closed,,tencent_newfqkline
2025-11-18,605006,山东玻纤,SH,qfq,7.820,7.840,7.570,7.610,7.860,-0.250,-3.18,3.44,82702,8270200,6324.56,63245600.00,1.38,7.780,7.745,7.753,7.962,76580,66491,81693,8.300,7.480,8.950,7.400,closed,,tencent_newfqkline
2025-11-19,605006,山东玻纤,SH,qfq,7.600,7.600,7.330,7.390,7.610,-0.220,-2.89,3.55,83279,8327900,6180.91,61809100.00,1.39,7.716,7.714,7.740,7.943,80518,69809,82879,8.300,7.330,8.950,7.330,closed,,tencent_newfqkline
2025-11-20,605006,山东玻纤,SH,qfq,7.440,7.510,7.320,7.410,7.390,0.020,0.27,2.57,66245,6624500,4921.40,49214000.00,1.10,7.624,7.689,7.726,7.925,72856,70761,83600,8.300,7.320,8.950,7.320,closed,,tencent_newfqkline
2025-11-21,605006,山东玻纤,SH,qfq,7.350,7.430,7.080,7.120,7.410,-0.290,-3.91,4.72,76510,7651000,5518.08,55180800.00,1.28,7.478,7.637,7.697,7.905,74107,74191,85099,8.300,7.080,8.950,7.080,closed,,tencent_newfqkline
2025-11-24,605006,山东玻纤,SH,qfq,7.200,7.280,7.120,7.240,7.120,0.120,1.69,2.25,43817,4381700,3163.75,31637500.00,0.73,7.354,7.589,7.671,7.885,70511,73241,84082,8.300,7.080,8.950,7.080,closed,,tencent_newfqkline
2025-11-25,605006,山东玻纤,SH,qfq,7.240,7.500,7.240,7.400,7.240,0.160,2.21,3.59,62175,6217500,4606.88,46068800.00,1.04,7.312,7.546,7.647,7.867,66405,71493,80337,8.300,7.080,8.950,7.080,closed,,tencent_newfqkline
2025-11-26,605006,山东玻纤,SH,qfq,7.450,7.490,7.250,7.270,7.400,-0.130,-1.76,3.24,40463,4046300,2971.82,29718200.00,0.67,7.288,7.502,7.612,7.849,57842,69180,75779,8.300,7.080,8.950,7.080,closed,,tencent_newfqkline
2025-11-27,605006,山东玻纤,SH,qfq,7.310,7.350,7.210,7.290,7.270,0.020,0.28,1.93,37164,3716400,2713.23,27132300.00,0.62,7.264,7.444,7.592,7.838,52026,62441,72288,8.300,7.080,8.950,7.080,closed,,tencent_newfqkline
2025-11-28,605006,山东玻纤,SH,qfq,7.300,7.380,7.270,7.370,7.290,0.080,1.10,1.51,27870,2787000,2045.37,20453700.00,0.46,7.314,7.396,7.567,7.823,42298,58202,64114,7.920,7.080,8.950,7.080,closed,,tencent_newfqkline
2025-12-01,605006,山东玻纤,SH,qfq,7.380,7.430,7.360,7.390,7.370,0.020,0.27,0.95,36171,3617100,2676.94,26769400.00,0.60,7.344,7.349,7.550,7.806,40769,55640,60416,7.920,7.080,8.950,7.080,closed,,tencent_newfqkline
2025-12-02,605006,山东玻纤,SH,qfq,7.380,7.390,7.250,7.310,7.390,-0.080,-1.08,1.89,33190,3319000,2425.02,24250200.00,0.55,7.326,7.319,7.532,7.791,34972,50688,58590,7.920,7.080,8.950,7.080,closed,,tencent_newfqkline
2025-12-03,605006,山东玻纤,SH,qfq,7.300,7.310,7.210,7.260,7.310,-0.050,-0.68,1.37,32183,3218300,2335.36,23353600.00,0.54,7.324,7.306,7.510,7.775,33316,45579,57694,7.920,7.080,8.950,7.080,closed,,tencent_newfqkline
2025-12-04,605006,山东玻纤,SH,qfq,7.220,7.260,7.110,7.190,7.260,-0.070,-0.96,2.07,39007,3900700,2802.63,28026300.00,0.65,7.304,7.284,7.486,7.767,33684,42855,56808,7.920,7.080,8.950,7.080,closed,,tencent_newfqkline
2025-12-05,605006,山东玻纤,SH,qfq,7.210,7.380,7.180,7.350,7.190,0.160,2.23,2.78,48182,4818200,3523.06,35230600.00,0.80,7.300,7.307,7.472,7.763,37747,40022,57106,7.920,7.080,8.950,7.080,closed,,tencent_newfqkline
2025-12-08,605006,山东玻纤,SH,qfq,7.400,7.560,7.400,7.500,7.350,0.150,2.04,2.18,64382,6438200,4823.28,48232800.00,1.07,7.322,7.333,7.461,7.758,43389,42079,57660,7.920,7.080,8.950,7.080,closed,,tencent_newfqkline
2025-12-09,605006,山东玻纤,SH,qfq,7.450,7.520,7.410,7.440,7.500,-0.060,-0.80,1.47,40602,4060200,3029.18,30291800.00,0.68,7.348,7.337,7.442,7.740,44871,39921,55707,7.920,7.080,8.950,7.080,closed,,tencent_newfqkline
2025-12-10,605006,山东玻纤,SH,qfq,7.430,7.460,7.300,7.320,7.440,-0.120,-1.61,2.15,39935,3993500,2940.13,29401300.00,0.67,7.360,7.342,7.422,7.721,46422,39869,54524,7.920,7.080,8.870,7.080,closed,,tencent_newfqkline
2025-12-11,605006,山东玻纤,SH,qfq,7.350,7.450,7.240,7.240,7.320,-0.080,-1.09,2.87,38251,3825100,2795.07,27950700.00,0.64,7.370,7.337,7.391,7.698,46270,39977,51209,7.920,7.080,8.830,7.080,closed,,tencent_newfqkline
2025-12-12,605006,山东玻纤,SH,qfq,7.220,7.330,7.120,7.130,7.240,-0.110,-1.52,2.90,53537,5353700,3857.24,38572400.00,0.89,7.326,7.313,7.354,7.671,47341,42544,50373,7.880,7.080,8.630,7.080,closed,,tencent_newfqkline
2025-12-15,605006,山东玻纤,SH,qfq,7.100,7.270,7.100,7.200,7.130,0.070,0.98,2.38,41286,4128600,2975.77,29757700.00,0.69,7.266,7.294,7.322,7.651,42722,43056,49348,7.840,7.080,8.500,7.080,closed,,tencent_newfqkline
2025-12-16,605006,山东玻纤,SH,qfq,7.170,7.240,6.950,6.950,7.200,-0.250,-3.47,4.03,56718,5671800,3988.70,39887000.00,0.95,7.168,7.258,7.289,7.629,45945,45408,48048,7.600,6.950,8.500,6.950,closed,,tencent_newfqkline
2025-12-17,605006,山东玻纤,SH,qfq,6.950,7.250,6.830,7.070,6.950,0.120,1.73,6.04,103872,10387200,7269.63,72696300.00,1.73,7.118,7.239,7.272,7.609,58733,52577,49078,7.560,6.830,8.500,6.830,closed,,tencent_newfqkline
2025-12-18,605006,山东玻纤,SH,qfq,6.970,7.080,6.930,6.970,7.070,-0.100,-1.41,2.12,66628,6662800,4675.02,46750200.00,1.11,7.064,7.217,7.250,7.589,64408,55339,49097,7.560,6.830,8.500,6.830,closed,,tencent_newfqkline
2025-12-19,605006,山东玻纤,SH,qfq,6.970,7.110,6.960,7.090,6.970,0.120,1.72,2.15,57640,5764000,4079.11,40791100.00,0.96,7.056,7.191,7.249,7.570,65229,56285,48154,7.560,6.830,8.500,6.830,closed,,tencent_newfqkline
2025-12-22,605006,山东玻纤,SH,qfq,7.150,7.180,7.100,7.150,7.090,0.060,0.85,1.13,39638,3963800,2832.51,28325100.00,0.66,7.046,7.156,7.244,7.552,64899,53811,47945,7.560,6.830,8.300,6.830,closed,,tencent_newfqkline
2025-12-23,605006,山东玻纤,SH,qfq,7.120,7.480,7.090,7.250,7.150,0.100,1.40,5.45,132998,13299800,9715.88,97158800.00,2.22,7.106,7.137,7.237,7.541,80155,63050,51486,7.560,6.830,8.300,6.830,closed,,tencent_newfqkline
2025-12-24,605006,山东玻纤,SH,qfq,7.220,7.650,7.220,7.520,7.250,0.270,3.72,5.93,153784,15378400,11481.43,114814300.00,2.56,7.196,7.157,7.250,7.537,90138,74435,57152,7.650,6.830,8.300,6.830,closed,,tencent_newfqkline
2025-12-25,605006,山东玻纤,SH,qfq,7.510,7.520,7.400,7.420,7.520,-0.100,-1.33,1.60,90639,9063900,6743.49,67434900.00,1.51,7.286,7.175,7.256,7.526,94940,79674,59826,7.650,6.830,8.300,6.830,closed,,tencent_newfqkline
2025-12-26,605006,山东玻纤,SH,qfq,7.420,7.500,7.390,7.430,7.420,0.010,0.13,1.48,67434,6743400,5025.74,50257400.00,1.12,7.354,7.205,7.259,7.518,96899,81064,61804,7.650,6.830,8.300,6.830,closed,,tencent_newfqkline
2025-12-29,605006,山东玻纤,SH,qfq,7.460,7.530,7.320,7.480,7.430,0.050,0.67,2.83,65256,6525600,4848.41,48484100.00,1.09,7.420,7.233,7.264,7.512,102022,83461,63258,7.650,6.830,8.300,6.830,closed,,tencent_newfqkline
2025-12-30,605006,山东玻纤,SH,qfq,7.470,7.470,7.320,7.380,7.480,-0.100,-1.34,2.01,58882,5888200,4349.70,43497000.00,0.98,7.446,7.276,7.267,7.505,87199,83677,64543,7.650,6.830,8.300,6.830,closed,,tencent_newfqkline
2025-12-31,605006,山东玻纤,SH,qfq,7.390,7.410,7.260,7.300,7.380,-0.080,-1.08,2.03,45402,4540200,3315.63,33156300.00,0.76,7.402,7.299,7.269,7.497,65523,77830,65204,7.650,6.830,8.300,6.830,closed,,tencent_newfqkline
2026-01-05,605006,山东玻纤,SH,qfq,7.340,7.390,7.260,7.330,7.300,0.030,0.41,1.78,47793,4779300,3500.47,35004700.00,0.80,7.384,7.335,7.276,7.490,56953,75947,65643,7.650,6.830,8.300,6.830,closed,,tencent_newfqkline
2026-01-06,605006,山东玻纤,SH,qfq,7.320,7.360,7.250,7.310,7.330,-0.020,-0.27,1.50,61414,6141400,4488.37,44883700.00,1.02,7.360,7.357,7.274,7.481,55749,76324,66305,7.650,6.830,8.300,6.830,closed,,tencent_newfqkline
2026-01-07,605006,山东玻纤,SH,qfq,7.300,7.310,7.220,7.240,7.310,-0.070,-0.96,1.23,51208,5120800,3717.17,37171700.00,0.85,7.312,7.366,7.261,7.473,52940,77481,65646,7.650,6.830,8.300,6.830,closed,,tencent_newfqkline
2026-01-08,605006,山东玻纤,SH,qfq,7.240,7.350,7.220,7.330,7.240,0.090,1.24,1.80,58997,5899700,4303.72,43037200.00,0.98,7.302,7.374,7.256,7.467,52963,70081,66566,7.650,6.830,8.300,6.830,closed,,tencent_newfqkline
2026-01-09,605006,山东玻纤,SH,qfq,7.300,7.340,7.200,7.280,7.330,-0.050,-0.68,1.91,84733,8473300,6150.92,61509200.00,1.41,7.298,7.350,7.253,7.457,60829,63176,68806,7.650,6.830,8.300,6.830,closed,,tencent_newfqkline
2026-01-12,605006,山东玻纤,SH,qfq,7.280,7.280,7.150,7.270,7.280,-0.010,-0.14,1.79,103844,10384400,7498.43,74984300.00,1.73,7.286,7.335,7.255,7.451,72039,64496,72085,7.650,6.830,8.300,6.830,closed,,tencent_newfqkline
2026-01-13,605006,山东玻纤,SH,qfq,7.330,7.340,7.150,7.170,7.270,-0.100,-1.38,2.61,96541,9654100,7010.88,70108800.00,1.61,7.258,7.309,7.257,7.448,79065,67407,74235,7.650,6.830,8.300,6.830,closed,,tencent_newfqkline
2026-01-14,605006,山东玻纤,SH,qfq,7.180,7.440,7.130,7.220,7.170,0.050,0.70,4.32,126166,12616600,9140.75,91407500.00,2.10,7.254,7.283,7.258,7.444,94056,73498,78479,7.650,6.830,8.300,6.830,closed,,tencent_newfqkline
2026-01-15,605006,山东玻纤,SH,qfq,7.340,7.630,7.320,7.450,7.220,0.230,3.19,4.29,217864,21786400,16216.51,162165100.00,3.63,7.278,7.290,7.283,7.442,125830,89396,86537,7.650,6.830,8.300,6.830,closed,,tencent_newfqkline
2026-01-16,605006,山东玻纤,SH,qfq,7.460,7.600,7.360,7.380,7.450,-0.070,-0.94,3.22,167753,16775300,12530.72,125307200.00,2.80,7.298,7.298,7.298,7.437,142434,101631,89731,7.650,6.930,8.300,6.830,closed,,tencent_newfqkline
2026-01-19,605006,山东玻纤,SH,qfq,7.340,7.630,7.250,7.580,7.380,0.200,2.71,5.15,184177,18417700,13862.48,138624800.00,3.07,7.360,7.323,7.329,7.435,158500,115270,95608,7.650,6.960,8.300,6.830,closed,,tencent_newfqkline
2026-01-20,605006,山东玻纤,SH,qfq,7.630,7.640,7.480,7.570,7.580,-0.010,-0.13,2.11,117967,11796700,8917.18,89171800.00,1.97,7.440,7.349,7.353,7.433,162785,120925,98624,7.650,7.090,8.300,6.830,closed,,tencent_newfqkline
2026-01-21,605006,山东玻纤,SH,qfq,7.550,7.820,7.520,7.790,7.570,0.220,2.91,3.96,224467,22446700,17304.50,173045000.00,3.74,7.554,7.404,7.385,7.434,182446,138251,107866,7.820,7.090,8.300,6.830,closed,,tencent_newfqkline
2026-01-22,605006,山东玻纤,SH,qfq,7.820,7.990,7.760,7.980,7.790,0.190,2.44,2.95,231478,23147800,18309.12,183091200.00,3.86,7.660,7.469,7.421,7.435,185168,155499,112790,7.990,7.130,8.300,6.830,closed,,tencent_newfqkline
2026-01-23,605006,山东玻纤,SH,qfq,7.970,8.010,7.840,7.930,7.980,-0.050,-0.63,2.13,178145,17814500,14131.23,141312300.00,2.97,7.770,7.534,7.442,7.434,187247,164840,114008,8.010,7.130,8.300,6.830,closed,,tencent_newfqkline
2026-01-26,605006,山东玻纤,SH,qfq,7.930,8.040,7.830,7.930,7.930,0.000,0.00,2.65,132864,13286400,10516.02,105160200.00,2.21,7.840,7.600,7.467,7.439,176984,167742,116119,8.040,7.130,8.300,6.830,closed,,tencent_newfqkline
2026-01-27,605006,山东玻纤,SH,qfq,7.950,7.970,7.680,7.830,7.930,-0.100,-1.26,3.66,115043,11504300,8975.53,89755300.00,1.92,7.892,7.666,7.487,7.438,176399,169592,118500,8.040,7.130,8.040,6.830,closed,,tencent_newfqkline
2026-01-28,605006,山东玻纤,SH,qfq,7.810,8.050,7.770,7.960,7.830,0.130,1.66,3.58,142560,14256000,11318.55,113185500.00,2.38,7.926,7.740,7.511,7.442,160018,171232,122365,8.050,7.130,8.050,6.830,closed,,tencent_newfqkline
2026-01-29,605006,山东玻纤,SH,qfq,7.960,8.090,7.780,7.850,7.960,-0.110,-1.38,3.89,117517,11751700,9321.90,93219000.00,1.96,7.900,7.780,7.535,7.445,137226,161197,125297,8.090,7.130,8.090,6.830,closed,,tencent_newfqkline
2026-01-30,605006,山东玻纤,SH,qfq,7.750,7.970,7.600,7.910,7.850,0.060,0.76,4.71,141529,14152900,11037.34,110373400.00,2.36,7.896,7.833,7.566,7.448,129903,158575,130103,8.090,7.130,8.090,6.830,closed,,tencent_newfqkline
2026-02-02,605006,山东玻纤,SH,qfq,7.910,7.990,7.710,7.710,7.910,-0.200,-2.53,3.54,89847,8984700,7019.85,70198500.00,1.50,7.852,7.846,7.585,7.449,121299,149142,132206,8.090,7.130,8.090,6.830,closed,,tencent_newfqkline
2026-02-03,605006,山东玻纤,SH,qfq,7.770,7.910,7.740,7.910,7.710,0.200,2.59,2.20,77303,7730300,6062.63,60626300.00,1.29,7.868,7.880,7.614,7.454,113751,145075,133000,8.090,7.130,8.090,6.830,closed,,tencent_newfqkline
2026-02-04,605006,山东玻纤,SH,qfq,7.910,8.700,7.820,8.320,7.910,0.410,5.18,11.13,476198,47619800,40059.20,400592000.00,7.94,7.940,7.933,7.668,7.463,180479,170248,154250,8.700,7.130,8.700,6.830,closed,,tencent_newfqkline
2026-02-05,605006,山东玻纤,SH,qfq,8.280,8.690,8.180,8.400,8.320,0.080,0.96,6.13,455508,45550800,38347.93,383479300.00,7.59,8.050,7.975,7.722,7.473,248077,192651,174075,8.700,7.130,8.700,6.830,closed,,tencent_newfqkline
2026-02-06,605006,山东玻纤,SH,qfq,8.350,8.450,8.200,8.260,8.400,-0.140,-1.67,2.98,238408,23840800,19905.11,199051100.00,3.97,8.120,8.008,7.771,7.482,267453,198678,181759,8.700,7.130,8.700,6.830,closed,,tencent_newfqkline
2026-02-09,605006,山东玻纤,SH,qfq,8.380,8.580,8.290,8.550,8.260,0.290,3.51,3.51,277261,27726100,23530.75,235307500.00,4.62,8.288,8.070,7.835,7.494,304936,213117,190430,8.700,7.130,8.700,6.830,closed,,tencent_newfqkline
2026-02-10,605006,山东玻纤,SH,qfq,8.500,8.630,8.250,8.430,8.550,-0.120,-1.40,4.44,221444,22144400,18687.38,186873800.00,3.69,8.392,8.130,7.898,7.503,333764,223758,196675,8.700,7.130,8.700,6.830,closed,,tencent_newfqkline
2026-02-11,605006,山东玻纤,SH,qfq,8.510,9.270,8.510,9.270,8.430,0.840,9.96,9.02,135890,13589000,12512.02,125120200.00,2.26,8.582,8.261,8.000,7.527,265702,223090,197161,9.270,7.250,9.270,6.830,closed,,tencent_newfqkline
2026-02-12,605006,山东玻纤,SH,qfq,10.190,10.200,9.530,10.200,9.270,0.930,10.03,7.23,645016,64501600,64304.37,643043700.00,10.75,8.942,8.496,8.138,7.570,303604,275840,218519,10.200,7.250,10.200,6.830,closed,,tencent_newfqkline
2026-02-13,605006,山东玻纤,SH,qfq,9.920,10.000,9.180,9.440,10.200,-0.760,-7.45,8.04,772527,77252700,73716.80,737168000.00,12.88,9.178,8.649,8.241,7.604,410428,338940,248757,10.200,7.250,10.200,6.830,closed,,tencent_newfqkline
2026-02-24,605006,山东玻纤,SH,qfq,9.750,10.380,9.720,10.380,9.440,0.940,9.96,6.99,204640,20464000,20729.93,207299300.00,3.41,9.544,8.916,8.381,7.653,395903,350420,249781,10.380,7.480,10.380,6.830,closed,,tencent_newfqkline
2026-02-25,605006,山东玻纤,SH,qfq,11.390,11.400,10.590,10.690,10.380,0.310,2.99,7.80,1003861,100386100,109403.69,1094036900.00,16.73,9.996,9.194,8.537,7.713,552387,443075,294075,11.400,7.520,11.400,6.830,closed,,tencent_newfqkline
2026-02-26,605006,山东玻纤,SH,qfq,10.360,11.390,10.360,11.100,10.690,0.410,3.84,9.64,866464,86646400,94589.92,945899200.00,14.44,10.362,9.472,8.703,7.777,698502,482102,326175,11.400,7.600,11.400,6.830,closed,,tencent_newfqkline
2026-02-27,605006,山东玻纤,SH,qfq,10.560,10.830,10.430,10.610,11.100,-0.490,-4.41,3.60,552958,55295800,58618.07,586180700.00,9.22,10.444,9.693,8.834,7.831,680090,491847,342249,11.400,7.600,11.400,6.830,closed,,tencent_newfqkline
2026-03-02,605006,山东玻纤,SH,qfq,9.990,10.900,9.990,10.350,10.610,-0.260,-2.45,8.58,502908,50290800,52236.61,522366100.00,8.38,10.626,9.902,8.955,7.882,626166,518297,358487,11.400,7.600,11.400,6.830,closed,,tencent_newfqkline
2026-03-03,605006,山东玻纤,SH,qfq,10.200,10.300,9.320,9.320,10.350,-1.030,-9.95,9.47,481388,48138800,46595.39,465953900.00,8.02,10.414,9.979,9.024,7.916,681516,538710,375914,11.400,7.600,11.400,6.830,closed,,tencent_newfqkline
2026-03-04,605006,山东玻纤,SH,qfq,8.990,9.750,8.990,9.540,9.320,0.220,2.36,8.15,370373,37037300,35307.01,353070100.00,6.17,10.184,10.090,9.110,7.952,554818,553602,388680,11.400,7.600,11.400,6.830,closed,,tencent_newfqkline
2026-03-05,605006,山东玻纤,SH,qfq,9.710,9.800,9.400,9.490,9.540,-0.050,-0.52,4.19,305505,30550500,29168.06,291680600.00,5.09,9.862,10.112,9.186,7.987,442626,570564,396827,11.400,7.600,11.400,6.830,closed,,tencent_newfqkline
2026-03-06,605006,山东玻纤,SH,qfq,9.440,9.540,9.210,9.330,9.490,-0.160,-1.69,3.48,212988,21298800,19915.59,199155900.00,3.55,9.606,10.025,9.261,8.021,374632,527361,401601,11.400,7.600,11.400,6.830,closed,,tencent_newfqkline
2026-03-09,605006,山东玻纤,SH,qfq,9.100,9.170,8.840,9.170,9.330,-0.160,-1.71,3.54,237448,23744800,21425.05,214250500.00,3.96,9.370,9.998,9.323,8.053,321540,473853,406397,11.400,7.710,11.400,6.830,closed,,tencent_newfqkline
2026-03-10,605006,山东玻纤,SH,qfq,9.380,9.890,9.230,9.620,9.170,0.450,4.91,7.20,456148,45614800,43794.34,437943400.00,7.60,9.430,9.922,9.419,8.093,316492,499004,424712,11.400,7.740,11.400,6.830,closed,,tencent_newfqkline
2026-03-11,605006,山东玻纤,SH,qfq,9.530,9.910,9.470,9.590,9.620,-0.030,-0.31,4.57,371024,37102400,35833.32,358333200.00,6.18,9.440,9.812,9.503,8.130,316623,435720,439398,11.400,7.820,11.400,6.830,closed,,tencent_newfqkline
2026-03-12,605006,山东玻纤,SH,qfq,9.700,10.110,9.440,9.680,9.590,0.090,0.94,6.99,409325,40932500,40021.32,400213200.00,6.82,9.478,9.670,9.571,8.167,337387,390006,436054,11.400,8.180,11.400,6.830,closed,,tencent_newfqkline
2026-03-13,605006,山东玻纤,SH,qfq,9.420,9.800,9.420,9.550,9.680,-0.130,-1.34,3.93,286031,28603100,27440.64,274406400.00,4.77,9.522,9.564,9.628,8.202,351995,363314,427580,11.400,8.200,11.400,6.830,closed,,tencent_newfqkline
2026-03-16,605006,山东玻纤,SH,qfq,9.700,9.810,9.360,9.700,9.550,0.150,1.57,4.71,259573,25957300,25051.47,250514700.00,4.33,9.628,9.499,9.700,8.242,356420,338980,428639,11.400,8.250,11.400,6.830,closed,,tencent_newfqkline
2026-03-17,605006,山东玻纤,SH,qfq,9.720,9.750,9.080,9.120,9.700,-0.580,-5.98,6.91,262657,26265700,24418.60,244186000.00,4.38,9.528,9.479,9.729,8.273,317722,317107,427908,11.400,8.250,11.400,6.830,closed,,tencent_newfqkline
2026-03-18,605006,山东玻纤,SH,qfq,9.060,9.400,9.060,9.380,9.120,0.260,2.85,3.73,192120,19212000,17793.16,177931600.00,3.20,9.486,9.463,9.777,8.310,281941,299282,426442,11.400,8.510,11.400,6.830,closed,,tencent_newfqkline
2026-03-19,605006,山东玻纤,SH,qfq,9.190,9.260,8.720,8.790,9.380,-0.590,-6.29,5.76,202204,20220400,17999.54,179995400.00,3.37,9.308,9.393,9.752,8.337,240517,288952,429758,11.400,8.720,11.400,6.830,closed,,tencent_newfqkline
2026-03-20,605006,山东玻纤,SH,qfq,8.900,8.940,8.630,8.640,8.790,-0.150,-1.71,3.53,174195,17419500,15270.10,152701000.00,2.90,9.126,9.324,9.675,8.365,218150,285072,406217,11.400,8.630,11.400,6.830,closed,,tencent_newfqkline
2026-03-23,605006,山东玻纤,SH,qfq,8.450,8.500,8.020,8.110,8.640,-0.530,-6.13,5.56,179245,17924500,14778.35,147783500.00,2.99,8.808,9.218,9.608,8.383,202084,279252,376553,11.400,8.020,11.400,6.930,closed,,tencent_newfqkline
2026-03-24,605006,山东玻纤,SH,qfq,8.280,8.520,8.060,8.510,8.110,0.400,4.93,5.67,155068,15506800,12875.03,128750300.00,2.58,8.686,9.107,9.514,8.408,180566,249144,374074,11.400,8.020,11.400,6.960,closed,,tencent_newfqkline
2026-03-25,605006,山东玻纤,SH,qfq,8.630,9.010,8.610,8.850,8.510,0.340,4.00,4.70,182620,18262000,16165.16,161651600.00,3.04,8.580,9.033,9.422,8.438,178666,230304,333012,11.390,8.020,11.400,7.090,closed,,tencent_newfqkline
2026-03-26,605006,山东玻纤,SH,qfq,8.830,9.010,8.550,8.630,8.850,-0.220,-2.49,5.20,111031,11103100,9698.15,96981500.00,1.85,8.548,8.928,9.299,8.462,160432,200474,295240,10.900,8.020,11.400,7.090,closed,,tencent_newfqkline
2026-03-27,605006,山东玻纤,SH,qfq,8.450,8.820,8.420,8.750,8.630,0.120,1.39,4.63,93896,9389600,8135.55,81355500.00,1.56,8.570,8.848,9.206,8.487,144372,181261,272287,10.900,8.020,11.400,7.130,closed,,tencent_newfqkline
2026-03-30,605006,山东玻纤,SH,qfq,8.600,9.250,8.600,9.140,8.750,0.390,4.46,7.43,263859,26385900,23817.24,238172400.00,4.40,8.776,8.792,9.146,8.514,161295,181690,260335,10.300,8.020,11.400,7.130,closed,,tencent_newfqkline
2026-03-31,605006,山东玻纤,SH,qfq,9.130,9.140,8.770,8.790,9.140,-0.350,-3.83,4.05,187372,18737200,16703.28,167032800.00,3.12,8.832,8.759,9.119,8.537,167756,174161,245634,10.110,8.020,11.400,7.130,closed,,tencent_newfqkline
2026-04-01,605006,山东玻纤,SH,qfq,9.100,9.670,9.100,9.670,8.790,0.880,10.01,6.48,169445,16944500,16297.57,162975700.00,2.82,8.996,8.788,9.125,8.574,165121,171894,235588,10.110,8.020,11.400,7.130,closed,,tencent_newfqkline
2026-04-02,605006,山东玻纤,SH,qfq,9.470,9.530,9.200,9.480,9.670,-0.190,-1.96,3.41,543033,54303300,50609.45,506094500.00,9.05,9.166,8.857,9.125,8.608,251521,205976,247464,10.110,8.020,11.400,7.130,closed,,tencent_newfqkline
2026-04-03,605006,山东玻纤,SH,qfq,9.480,9.490,8.880,9.180,9.480,-0.300,-3.16,6.43,354463,35446300,32550.65,325506500.00,5.91,9.252,8.911,9.117,8.638,303634,224003,254538,10.110,8.020,11.400,7.130,closed,,tencent_newfqkline
2026-04-07,605006,山东玻纤,SH,qfq,9.170,9.420,8.910,9.250,9.180,0.070,0.76,5.56,289534,28953400,26792.66,267926600.00,4.83,9.274,9.025,9.122,8.670,308769,235032,257142,10.110,8.020,11.400,7.130,closed,,tencent_newfqkline
2026-04-08,605006,山东玻纤,SH,qfq,9.440,9.610,9.230,9.600,9.250,0.350,3.78,4.11,454422,45442200,43074.24,430742400.00,7.57,9.436,9.134,9.120,8.708,362179,264968,257056,10.110,8.020,11.400,7.130,closed,,tencent_newfqkline
2026-04-09,605006,山东玻纤,SH,qfq,9.000,9.300,8.710,9.200,9.600,-0.400,-4.17,6.15,411009,41100900,37206.44,372064400.00,6.85,9.342,9.169,9.101,8.739,410492,287806,259055,10.110,8.020,11.400,7.130,closed,,tencent_newfqkline
2026-04-10,605006,山东玻纤,SH,qfq,9.160,10.120,9.120,10.120,9.200,0.920,10.00,10.87,490265,49026500,48598.12,485981200.00,8.17,9.470,9.318,9.123,8.787,399939,325730,263102,10.120,8.020,11.400,7.130,closed,,tencent_newfqkline
2026-04-13,605006,山东玻纤,SH,qfq,9.970,10.960,9.870,10.580,10.120,0.460,4.55,10.77,945981,94598100,98841.56,988415600.00,15.77,9.750,9.501,9.175,8.842,518242,410938,296100,10.960,8.020,11.400,7.130,closed,,tencent_newfqkline
2026-04-14,605006,山东玻纤,SH,qfq,10.180,10.670,10.070,10.550,10.580,-0.030,-0.28,5.67,678859,67885900,70565.15,705651500.00,11.31,10.010,9.642,9.217,8.896,596107,452438,317064,10.960,8.020,11.400,7.130,closed,,tencent_newfqkline
2026-04-15,605006,山东玻纤,SH,qfq,10.420,10.470,10.050,10.140,10.550,-0.410,-3.89,3.98,454142,45414200,46308.30,463083000.00,7.57,10.118,9.777,9.268,8.944,596051,479115,326638,10.960,8.020,11.400,7.130,closed,,tencent_newfqkline
2026-04-16,605006,山东玻纤,SH,qfq,10.180,10.490,9.890,10.490,10.140,0.350,3.45,5.92,528124,52812400,54132.69,541326900.00,8.80,10.376,9.859,9.323,8.999,619474,514983,343438,10.960,8.020,11.400,7.130,closed,,tencent_newfqkline
2026-04-17,605006,山东玻纤,SH,qfq,10.400,10.760,10.300,10.320,10.490,-0.170,-1.62,4.39,488274,48827400,51197.11,511971100.00,8.14,10.416,9.943,9.400,9.051,619076,509507,357742,10.960,8.020,11.400,7.250,closed,,tencent_newfqkline
2026-04-20,605006,山东玻纤,SH,qfq,10.190,10.660,10.180,10.440,10.320,0.120,1.16,4.65,416753,41675300,43668.73,436687300.00,6.95,10.388,10.069,9.490,9.101,513230,515736,369870,10.960,8.020,11.400,7.250,closed,,tencent_newfqkline
2026-04-21,605006,山东玻纤,SH,qfq,10.270,11.170,10.270,10.760,10.440,0.320,3.07,8.62,549909,54990900,59602.60,596026000.00,9.16,10.430,10.220,9.622,9.157,487440,541774,388403,11.170,8.060,11.400,7.250,closed,,tencent_newfqkline
2026-04-22,605006,山东玻纤,SH,qfq,10.550,11.080,10.450,11.030,10.760,0.270,2.51,5.86,540918,54091800,59132.11,591321100.00,9.01,10.608,10.363,9.748,9.215,504796,550423,407695,11.170,8.420,11.400,7.480,closed,,tencent_newfqkline
2026-04-23,605006,山东玻纤,SH,qfq,10.920,11.510,10.590,10.640,11.030,-0.390,-3.54,8.34,609767,60976700,66819.70,668197000.00,10.16,10.638,10.507,9.838,9.266,521124,570299,429053,11.510,8.420,11.510,7.520,closed,,tencent_newfqkline
2026-04-24,605006,山东玻纤,SH,qfq,10.150,10.680,10.150,10.310,10.640,-0.330,-3.10,4.98,375923,37592300,39011.01,390110100.00,6.26,10.636,10.526,9.922,9.308,498654,558865,442297,11.510,8.420,11.510,7.600,closed,,tencent_newfqkline
2026-04-27,605006,山东玻纤,SH,qfq,10.300,11.340,10.100,11.340,10.310,1.030,9.99,12.03,229713,22971300,25333.71,253337100.00,3.83,10.816,10.602,10.052,9.364,461246,487238,449088,11.510,8.600,11.510,7.600,closed,,tencent_newfqkline
2026-04-28,605006,山东玻纤,SH,qfq,11.390,11.390,10.760,11.030,11.340,-0.310,-2.73,5.56,517181,51718100,56681.84,566818400.00,8.62,10.870,10.650,10.146,9.415,454700,471070,461754,11.510,8.710,11.510,7.600,closed,,tencent_newfqkline
2026-04-29,605006,山东玻纤,SH,qfq,11.170,12.130,11.170,12.130,11.030,1.100,9.97,8.70,413183,41318300,49260.11,492601100.00,6.89,11.090,10.849,10.313,9.486,429153,466974,473045,12.130,8.710,12.130,7.600,closed,,tencent_newfqkline
2026-04-30,605006,山东玻纤,SH,qfq,12.080,12.320,11.310,11.690,12.130,-0.440,-3.63,8.33,788786,78878600,92577.10,925771000.00,13.15,11.300,10.969,10.414,9.550,464957,493041,504012,12.320,8.710,12.320,7.600,closed,,tencent_newfqkline
2026-05-06,605006,山东玻纤,SH,qfq,11.920,12.580,11.760,12.290,11.690,0.600,5.13,7.01,722292,72229200,88094.05,880940500.00,12.04,11.696,11.166,10.555,9.622,534231,516442,512975,12.580,8.710,12.580,7.600,closed,,tencent_newfqkline
2026-05-07,605006,山东玻纤,SH,qfq,12.280,13.520,12.270,13.520,12.290,1.230,10.01,10.17,540234,54023400,71642.34,716423400.00,9.00,12.132,11.474,10.771,9.716,596335,528791,522263,13.520,8.710,13.520,7.600,closed,,tencent_newfqkline
2026-05-08,605006,山东玻纤,SH,qfq,13.380,14.870,13.300,14.870,13.520,1.350,9.99,11.61,327897,32789700,46878.81,468788100.00,5.46,12.900,11.885,11.053,9.833,558478,506589,524182,14.870,8.710,14.870,7.710,closed,,tencent_newfqkline
2026-05-11,605006,山东玻纤,SH,qfq,16.040,16.360,15.920,16.360,14.870,1.490,10.02,2.96,178202,17820200,28937.38,289373800.00,2.97,13.746,12.418,11.390,9.977,511482,470318,510371,16.360,8.710,16.360,7.740,closed,,tencent_newfqkline
2026-05-12,605006,山东玻纤,SH,qfq,17.500,17.700,14.970,16.990,16.360,0.630,3.85,16.69,1279590,127959000,208429.57,2084295700.00,21.32,14.806,13.053,11.780,10.128,609643,537300,553800,17.700,9.120,17.700,7.820,closed,,tencent_newfqkline
2026-05-13,605006,山东玻纤,SH,qfq,16.490,16.580,15.300,16.010,16.990,-0.980,-5.77,7.53,854658,85465800,135659.61,1356596100.00,14.24,15.550,13.623,12.075,10.256,636116,585174,572019,17.700,9.870,17.700,8.020,closed,,tencent_newfqkline
2026-05-14,605006,山东玻纤,SH,qfq,15.960,16.610,15.100,15.470,16.010,-0.540,-3.37,9.43,647795,64779500,101339.56,1013395600.00,10.80,15.940,14.036,12.319,10.374,657628,626982,557110,17.700,9.890,17.700,8.020,closed,,tencent_newfqkline
2026-05-15,605006,山东玻纤,SH,qfq,15.540,15.960,14.430,14.650,15.470,-0.820,-5.30,9.89,603085,60308500,90117.27,901172700.00,10.05,15.896,14.398,12.524,10.481,712666,635572,553321,17.700,9.890,17.700,8.020,closed,,tencent_newfqkline
2026-05-18,605006,山东玻纤,SH,qfq,14.020,14.700,13.870,14.500,14.650,-0.150,-1.02,5.67,431599,43159900,61861.79,618617900.00,7.19,15.524,14.635,12.742,10.580,763345,637414,552194,17.700,9.890,17.700,8.020,closed,,tencent_newfqkline
2026-05-19,605006,山东玻纤,SH,qfq,14.320,15.190,13.670,14.900,14.500,0.400,2.76,10.48,632418,63241800,91105.16,911051600.00,10.54,15.106,14.956,12.963,10.688,633911,621777,557409,17.700,10.100,17.700,8.020,closed,,tencent_newfqkline
2026-05-20,605006,山东玻纤,SH,qfq,14.500,14.840,14.100,14.370,14.900,-0.530,-3.56,4.97,422958,42295800,60902.61,609026100.00,7.05,14.778,15.164,13.165,10.773,547571,591844,554143,17.700,10.100,17.700,8.020,closed,,tencent_newfqkline
2026-05-21,605006,山东玻纤,SH,qfq,14.500,15.460,14.080,14.310,14.370,-0.060,-0.42,9.60,645250,64525000,96225.00,962250000.00,10.75,14.546,15.243,13.359,10.841,547062,602345,565568,17.700,10.100,17.700,8.020,intraday,2026-05-21 14:56:55,tencent_newfqkline
