date,source,comment_source,content,mentioned_stocks,mentioned_sectors,value_reason,include_in_logic,note,time,platform,parent_type,parent_title,commenter,parent_id,parent_url,parent_cover,comment_id,comment_time,include_status,sentiment,action_note,value_score,is_selected
2026-05-26,yege,同花顺评论备份 14:52,帖子评论量备份：83 条。帖子摘要：一动就是反t。所以根本不能动。,,含图片/截图核对,动态包含图片，可能有交易截图，需人工点开核对。,待确认,post_id=2351297742; media=/media/2026-05-26/yege/daily_01_1452_2351297742.jpg,,,,,,,,,,,,,,,
2026-05-26,yege,同花顺评论备份 14:27,帖子评论量备份：468 条。帖子摘要：给你们看看什么是波段，什么是心无旁骛，什么是干净的交易，老粉应该都记得这个中京我什么时候进的吧！,,含图片/截图核对,动态包含图片，可能有交易截图，需人工点开核对。,待确认,post_id=2351242916; media=/media/2026-05-26/yege/daily_02_1427_2351242916.jpg,,,,,,,,,,,,,,,
2026-05-26,yege,同花顺评论备份 13:40,帖子评论量备份：319 条。帖子摘要：雄韬股份(002733)  昨天早信的人，今天可以赚钱回家买床单了。迟信的人今天就是抬轿子的。,雄韬股份(002733),交易动作;个股相关,文本包含买入、进场、加仓、低吸、锁仓或试错等动作词。,待确认,post_id=2351138189; media=,,,,,,,,,,,,,,,
2026-05-26,yege,同花顺评论备份 13:25,帖子评论量备份：133 条。帖子摘要：德赛西威(002920)  明天五日线就上穿所有均线了。,德赛西威(002920),个股相关;野哥同花顺逻辑,同花顺选股逻辑命中：THS-03 波段逻辑未破才持有。,待确认,post_id=2351106845; media=,,,,,,,,,,,,,,,
2026-05-26,yege,同花顺评论备份 13:24,帖子评论量备份：55 条。帖子摘要：国盾量子(688027)  量子科技的，龙头。半年不看k线那种。,国盾量子(688027),个股相关;野哥同花顺逻辑,同花顺选股逻辑命中：THS-04 主线趋势优先，日周月共振加分。,待确认,post_id=2351103889; media=,,,,,,,,,,,,,,,
2026-05-26,lihongjuan,李红娟群聊 未标注时间,昨天看见群里很多人跟了利通还有人今天打算去，没去的今天建议不要去了，这周它的涨幅不能超过9个点，明天前都还会控异动，主力为了把散户洗出去，后面的振幅肯定会很大的，我自己周四尾盘重仓，周五尾盘卖了接近1半，昨天做T后，成本已经非常低了，所以后面怎么走，我自己都能扛，但是你如果今天进去，当天不能接受7.8个点的振幅，就不要进来否则是非常影响心态的。京东方肯定是没有走完的，今天好的位置可以考虑入。红板昨天冲高回落，今天看有没有合适的位置，没有就不去。,利通电子(603629),,群聊原话已识别股票线索：利通电子(603629)；情绪=risk。,否,creator=李红娟; source=偶尔心情好发发群聊,,,,,,,,,,,,,,,
2026-05-26,lihongjuan,李红娟群聊 09:00,因为今天美股和港股都是休息的，所以最受影响的科技线开盘肯定是能够延续周五的强势表现的，手里有科技的今天早盘开盘理论溢价无忧！但周五的盘面是缩量修复，缩量修复日的次日，早盘延续一致的方向和周六周末大吹的方向(pcb.mlcc）都不能接，很容易被先手资金砸盘，只对有先手的人有利。但高潮过后的分歧机会，就必须往绝对核心上靠，比如胜宏。周四早上说让把资金留出来尾盘利通控住异动买利通，有人照做了，有人怕高不敢去，我只能说买入确定性，卖出不确定性，你能看懂多少做多少，知足常乐。今天选择格局就要想到后面可能会回撤，选择卖出就要想到可能会卖飞，根据自己性格来，我只是说我自己的想法，除非异动压不住，否则我不会轻易下车。商业航天方向经历充分调整后，周五一些品种站稳均线，本来今天想让大家看看西部和信维，但是周末航天的消息吹的比较多，今天可能不会给到低吸的机会，就暂时只能观察。最后就是机器人，周六周末没什么人吹，今天可能反而有预期差，之前12号说的昊志机电说走势很好，即将突破前高，可以看，目前几个交易日确实走的很OK，昨晚复盘找到个斯菱智驱，也是距前高一步之遥，可以看看，追高。利仁看有没有-7到-8的机会，弘信可以低吸。,利通电子(603629),,群聊原话已识别股票线索：利通电子(603629)；情绪=risk。,否,creator=李红娟; source=偶尔心情好发发群聊,,,,,,,,,,,,,,,
2026-05-26,lihongjuan,李红娟群聊 09:00,因为今天美股和港股都是休息的，所以最受影响的科技线开盘肯定是能够延续周五的强势表现的，手里有科技的今天早盘开盘理论溢价无忧！但周五的盘面是缩量修复，缩量修复日的次日，早盘延续一致的方向和周六周末大吹的方向(pcb.mlcc）都不能接，很容易被先手资金砸盘，只对有先手的人有利。但高潮过后的分歧机会，就必须往绝对核心上靠，比如胜宏。周四早上说让把资金留出来尾盘利通控住异动买利通，有人照做了，有人怕高不敢去，我只能说买入确定性，卖出不确定性，你能看懂多少做多少，知足常乐。今天选择格局就要想到后面可能会回撤，选择卖出就要想到可能会卖飞，根据自己性格来，我只是说我自己的想法，除非异动压不住，否则我不会轻易下车。商业航天方向经历充分调整后，周五一些品种站稳均线，本来今天想让大家看看西部和信维，但是周末航天的消息吹的比较多，今天可能不会给到低吸的机会，就暂时只能观察。最后就是机器人，周六周末没什么人吹，今天可能反而有预期差，之前12号说的昊志机电说走势很好，即将突破前高，可以看，目前几个交易日确实走的很OK，昨晚复盘找到个斯菱智驱，也是距前高一步之遥，可以看看，追高。利仁看有没有-7到-8的机会，弘信可以低吸。,昊志机电(300503),,群聊原话已识别股票线索：昊志机电(300503)；情绪=risk。,否,creator=李红娟; source=偶尔心情好发发群聊,,,,,,,,,,,,,,,
2026-05-26,lihongjuan,李红娟群聊 09:00,因为今天美股和港股都是休息的，所以最受影响的科技线开盘肯定是能够延续周五的强势表现的，手里有科技的今天早盘开盘理论溢价无忧！但周五的盘面是缩量修复，缩量修复日的次日，早盘延续一致的方向和周六周末大吹的方向(pcb.mlcc）都不能接，很容易被先手资金砸盘，只对有先手的人有利。但高潮过后的分歧机会，就必须往绝对核心上靠，比如胜宏。周四早上说让把资金留出来尾盘利通控住异动买利通，有人照做了，有人怕高不敢去，我只能说买入确定性，卖出不确定性，你能看懂多少做多少，知足常乐。今天选择格局就要想到后面可能会回撤，选择卖出就要想到可能会卖飞，根据自己性格来，我只是说我自己的想法，除非异动压不住，否则我不会轻易下车。商业航天方向经历充分调整后，周五一些品种站稳均线，本来今天想让大家看看西部和信维，但是周末航天的消息吹的比较多，今天可能不会给到低吸的机会，就暂时只能观察。最后就是机器人，周六周末没什么人吹，今天可能反而有预期差，之前12号说的昊志机电说走势很好，即将突破前高，可以看，目前几个交易日确实走的很OK，昨晚复盘找到个斯菱智驱，也是距前高一步之遥，可以看看，追高。利仁看有没有-7到-8的机会，弘信可以低吸。,斯菱智驱(301550),,群聊原话已识别股票线索：斯菱智驱(301550)；情绪=risk。,否,creator=李红娟; source=偶尔心情好发发群聊,,,,,,,,,,,,,,,
2026-05-26,lihongjuan,李红娟群聊 09:00,很多时候我们心里要有数，极端的行情，任何模式都会失效。所以这个时候不要怪自己。今天其实也不好说，到底是下跌继续支撑止跌，目前看也只能暂时观察，好的剧本就是开盘低开一部分逐步拉回最好。昨天很多明明k线走的很好的也通杀局破位了，今天可能部分昨天没跌的品种会补跌。所以暂时不忙随意出手，也不要补仓，昨天放量下跌，出货的钱不会一下就回来了，暂时好好处理一下自己手里的票做做高抛低吸吧。众智科技走势还不错，看看吧。,众智科技(301361),,群聊原话已识别股票线索：众智科技(301361)；情绪=bullish。,是,creator=李红娟; source=偶尔心情好发发群聊,,,,,,,,,,,,,,,
2026-05-26,wangduoyu,抖音评论 17:03,[难过]青龙管业，谁来救救我，跌停,青龙管业(002457),,青龙管业(002457) 被提及 8 次，有效评论 8 条，来源 2 个，跨来源共振，情绪 谨慎，当前判断：偏风险观察。,否,video_id=7644089961788440826; video_url=https://www.douyin.com/video/7644089961788440826; creator=王多于-股之子; like=2; reply=16; source_type=comment; yeren_signal_id=; parent_comment_text=,17:03,抖音评论,video,5.26每日一开眼#内容过于真实 #股民 #基金 #王多于股之子 #vlog十亿流量扶持计划,草莓味棒棒糖,7644089961788440826,https://www.douyin.com/video/7644089961788440826,,7644123646478795557,17:03,未纳入,谨慎,自动映射到抖音视频评论池。,9.4,false
2026-05-26,wangduoyu,抖音评论 14:56,大众公用，我有宇树间接持股,大众公用(600635),,大众公用(600635) 被提及 7 次，有效评论 7 条，来源 2 个，跨来源共振，情绪 中性，当前判断：保留观察。,待确认,video_id=7644089961788440826; video_url=https://www.douyin.com/video/7644089961788440826; creator=王多于-股之子; like=6; reply=10; source_type=comment; yeren_signal_id=; parent_comment_text=,14:56,抖音评论,video,5.26每日一开眼#内容过于真实 #股民 #基金 #王多于股之子 #vlog十亿流量扶持计划,一个人真好,7644089961788440826,https://www.douyin.com/video/7644089961788440826,,7644090944178471739,14:56,待确认,中性,自动映射到抖音视频评论池。,9.5,false
2026-05-26,wangduoyu,抖音评论 15:39,华大九天,华大九天(301269),,华大九天(301269) 被提及 2 次，有效评论 2 条，来源 2 个，跨来源共振，情绪 中性，当前判断：保留观察。,待确认,video_id=7644089961788440826; video_url=https://www.douyin.com/video/7644089961788440826; creator=王多于-股之子; like=2; reply=2; source_type=comment; yeren_signal_id=; parent_comment_text=,15:39,抖音评论,video,5.26每日一开眼#内容过于真实 #股民 #基金 #王多于股之子 #vlog十亿流量扶持计划,伊卡洛塔,7644089961788440826,https://www.douyin.com/video/7644089961788440826,,7644102001811342089,15:39,待确认,中性,自动映射到抖音视频评论池。,7.6,false
2026-05-26,wangduoyu,抖音评论 15:53,宏和科技，拿一个星期了，从134到现在180了[看]，都不操心，每天安安静静的躺着,宏和科技(603256),,宏和科技(603256) 被提及 1 次，有效评论 1 条，来源 1 个，单视频线索，情绪 看多，当前判断：保留观察。,待确认,video_id=7644089961788440826; video_url=https://www.douyin.com/video/7644089961788440826; creator=王多于-股之子; like=1; reply=8; source_type=comment; yeren_signal_id=; parent_comment_text=,15:53,抖音评论,video,5.26每日一开眼#内容过于真实 #股民 #基金 #王多于股之子 #vlog十亿流量扶持计划,半步癫不癫,7644089961788440826,https://www.douyin.com/video/7644089961788440826,,7644105526812640006,15:53,待确认,看多,自动映射到抖音视频评论池。,6.4,false
2026-05-26,wangduoyu,抖音评论 16:04,山东玻纤洗的真干净,,,,否,video_id=7644089961788440826; video_url=https://www.douyin.com/video/7644089961788440826; creator=王多于-股之子; like=2; reply=4; source_type=comment; yeren_signal_id=; parent_comment_text=,16:04,抖音评论,video,5.26每日一开眼#内容过于真实 #股民 #基金 #王多于股之子 #vlog十亿流量扶持计划,七叔,7644089961788440826,https://www.douyin.com/video/7644089961788440826,,7644108323662988089,16:04,未纳入,中性,自动映射到抖音视频评论池。,,false
2026-05-26,wangduoyu,抖音评论 15:19,长电和深科技今天没被洗下去,,,评论热度较高，但暂未自动识别到明确股票线索，保留人工复核。,待确认,video_id=7644089961788440826; video_url=https://www.douyin.com/video/7644089961788440826; creator=王多于-股之子; like=0; reply=10; source_type=comment; yeren_signal_id=; parent_comment_text=,15:19,抖音评论,video,5.26每日一开眼#内容过于真实 #股民 #基金 #王多于股之子 #vlog十亿流量扶持计划,子非鱼焉知鱼之乐,7644089961788440826,https://www.douyin.com/video/7644089961788440826,,7644096885943239451,15:19,待确认,中性,自动映射到抖音视频评论池。,6.2,false
2026-05-26,wangduoyu,抖音评论 16:03,哪位说青龙管业的大哥还在吗？进去吃个“板”这实力毋庸置疑,青龙管业(002457),,青龙管业(002457) 被提及 8 次，有效评论 8 条，来源 2 个，跨来源共振，情绪 谨慎，当前判断：偏风险观察。,否,video_id=7644089961788440826; video_url=https://www.douyin.com/video/7644089961788440826; creator=王多于-股之子; like=15; reply=15; source_type=comment; yeren_signal_id=; parent_comment_text=,16:03,抖音评论,video,5.26每日一开眼#内容过于真实 #股民 #基金 #王多于股之子 #vlog十亿流量扶持计划,秦镇米皮(义乌城店)官方号,7644089961788440826,https://www.douyin.com/video/7644089961788440826,,7644108054905258801,16:03,未纳入,谨慎,自动映射到抖音视频评论池。,9.4,false
2026-05-26,wangduoyu,抖音评论 16:12,华天科技，应该五板,华天科技(002185),,华天科技(002185) 被提及 7 次，有效评论 7 条，来源 2 个，跨来源共振，情绪 中性，当前判断：保留观察。,待确认,video_id=7644089961788440826; video_url=https://www.douyin.com/video/7644089961788440826; creator=王多于-股之子; like=2; reply=3; source_type=comment; yeren_signal_id=; parent_comment_text=,16:12,抖音评论,video,5.26每日一开眼#内容过于真实 #股民 #基金 #王多于股之子 #vlog十亿流量扶持计划,卬,7644089961788440826,https://www.douyin.com/video/7644089961788440826,,7644110379497669425,16:12,待确认,中性,自动映射到抖音视频评论池。,9.5,false
2026-05-26,wangduoyu,抖音评论 16:49,能不能说下深科技，今天追高进的[发呆],,,,否,video_id=7644089961788440826; video_url=https://www.douyin.com/video/7644089961788440826; creator=王多于-股之子; like=0; reply=5; source_type=comment; yeren_signal_id=; parent_comment_text=,16:49,抖音评论,video,5.26每日一开眼#内容过于真实 #股民 #基金 #王多于股之子 #vlog十亿流量扶持计划,天使爱美丽👀,7644089961788440826,https://www.douyin.com/video/7644089961788440826,,7644120001078952754,16:49,未纳入,中性,自动映射到抖音视频评论池。,,false
2026-05-26,wangduoyu,抖音评论 17:09,昨天割肉卖的大众公用[流泪],大众公用(600635),,大众公用(600635) 被提及 7 次，有效评论 7 条，来源 2 个，跨来源共振，情绪 中性，当前判断：保留观察。,待确认,video_id=7644089961788440826; video_url=https://www.douyin.com/video/7644089961788440826; creator=王多于-股之子; like=0; reply=2; source_type=comment; yeren_signal_id=; parent_comment_text=,17:09,抖音评论,video,5.26每日一开眼#内容过于真实 #股民 #基金 #王多于股之子 #vlog十亿流量扶持计划,初九,7644089961788440826,https://www.douyin.com/video/7644089961788440826,,7644125016737956665,17:09,待确认,中性,自动映射到抖音视频评论池。,9.5,false
2026-05-26,wangduoyu,抖音评论 16:40,昨天看一个大佬说了明阳智能的，厉害[赞],,,,否,video_id=7644089961788440826; video_url=https://www.douyin.com/video/7644089961788440826; creator=王多于-股之子; like=1; reply=2; source_type=comment; yeren_signal_id=; parent_comment_text=,16:40,抖音评论,video,5.26每日一开眼#内容过于真实 #股民 #基金 #王多于股之子 #vlog十亿流量扶持计划,梅   子,7644089961788440826,https://www.douyin.com/video/7644089961788440826,,7644117541443912505,16:40,未纳入,中性,自动映射到抖音视频评论池。,,false
2026-05-26,wangduoyu,抖音评论 15:40,易华录不到15别走,,,,否,video_id=7644089961788440826; video_url=https://www.douyin.com/video/7644089961788440826; creator=王多于-股之子; like=1; reply=3; source_type=comment; yeren_signal_id=; parent_comment_text=,15:40,抖音评论,video,5.26每日一开眼#内容过于真实 #股民 #基金 #王多于股之子 #vlog十亿流量扶持计划,郭郭郭德纲,7644089961788440826,https://www.douyin.com/video/7644089961788440826,,7644102153649308466,15:40,未纳入,中性,自动映射到抖音视频评论池。,,false
2026-05-26,wangduoyu,抖音评论 15:06,大众公用是妖股，我曾经被坑过[捂脸],大众公用(600635),,大众公用(600635) 被提及 7 次，有效评论 7 条，来源 2 个，跨来源共振，情绪 中性，当前判断：保留观察。,待确认,video_id=7644089961788440826; video_url=https://www.douyin.com/video/7644089961788440826; creator=王多于-股之子; like=1; reply=2; source_type=comment; yeren_signal_id=; parent_comment_text=,15:06,抖音评论,video,5.26每日一开眼#内容过于真实 #股民 #基金 #王多于股之子 #vlog十亿流量扶持计划,🌻随心𓆩♡𓆪,7644089961788440826,https://www.douyin.com/video/7644089961788440826,,7644093322408002346,15:06,待确认,中性,自动映射到抖音视频评论池。,9.5,false
2026-05-26,wangduoyu,抖音评论 15:25,青龙吃个跌停[捂脸],,,评论热度较高，但暂未自动识别到明确股票线索，保留人工复核。,待确认,video_id=7644089961788440826; video_url=https://www.douyin.com/video/7644089961788440826; creator=王多于-股之子; like=4; reply=8; source_type=comment; yeren_signal_id=; parent_comment_text=,15:25,抖音评论,video,5.26每日一开眼#内容过于真实 #股民 #基金 #王多于股之子 #vlog十亿流量扶持计划,小强,7644089961788440826,https://www.douyin.com/video/7644089961788440826,,7644098398224352049,15:25,待确认,中性,自动映射到抖音视频评论池。,6.2,false
2026-05-26,wangduoyu,抖音评论 16:07,深科技怎么样,深科技(000021),,深科技(000021) 被提及 15 次，有效评论 15 条，来源 2 个，跨来源共振，情绪 中性，当前判断：保留观察。,待确认,video_id=7644089961788440826; video_url=https://www.douyin.com/video/7644089961788440826; creator=王多于-股之子; like=2; reply=7; source_type=comment; yeren_signal_id=; parent_comment_text=,16:07,抖音评论,video,5.26每日一开眼#内容过于真实 #股民 #基金 #王多于股之子 #vlog十亿流量扶持计划,会飞的鱼,7644089961788440826,https://www.douyin.com/video/7644089961788440826,,7644109026145436458,16:07,待确认,中性,自动映射到抖音视频评论池。,9.6,false
2026-05-26,wangduoyu,抖音评论 15:49,亨通光电是不是可以长线拿着，今天抄在半山腰了[流泪],亨通光电(600487),通信设备;光通信,亨通光电(600487) 被提及 2 次，有效评论 2 条，来源 2 个，跨来源共振，情绪 看多，当前判断：保留观察。,待确认,video_id=7644089961788440826; video_url=https://www.douyin.com/video/7644089961788440826; creator=王多于-股之子; like=0; reply=2; source_type=comment; yeren_signal_id=; parent_comment_text=,15:49,抖音评论,video,5.26每日一开眼#内容过于真实 #股民 #基金 #王多于股之子 #vlog十亿流量扶持计划,小子妮子 🌈,7644089961788440826,https://www.douyin.com/video/7644089961788440826,,7644104594302518053,15:49,待确认,看多,自动映射到抖音视频评论池。,7.6,false
2026-05-26,wangduoyu,抖音评论 15:35,百川股份，鑫源智造，良信股份亏的一塌糊涂,百川股份(002455);良信股份(002706);鑫源智造(600615),低压电器;AIDC,百川股份(002455) 被提及 1 次，有效评论 1 条，来源 1 个，单视频线索，情绪 谨慎，当前判断：偏风险观察。；良信股份(002706) 被提及 1 次，有效评论 1 条，来源 1 个，单视频线索，情绪 谨慎，当前判断：偏风险观察。；鑫源智造(600615) 被提及 1 次，有效评论 1 条，来源 1 个，单视频线索，情绪 谨慎，当前判断：偏风险观察。,否,video_id=7644089961788440826; video_url=https://www.douyin.com/video/7644089961788440826; creator=王多于-股之子; like=0; reply=0; source_type=comment; yeren_signal_id=; parent_comment_text=,15:35,抖音评论,video,5.26每日一开眼#内容过于真实 #股民 #基金 #王多于股之子 #vlog十亿流量扶持计划,君临天下,7644089961788440826,https://www.douyin.com/video/7644089961788440826,,7644100887938106150,15:35,未纳入,谨慎,自动映射到抖音视频评论池。,5.9,false
2026-05-26,wangduoyu,抖音评论 16:55,有没有大哥看看风语筑[黄脸祈祷],风语筑(603466),,风语筑(603466) 被提及 3 次，有效评论 3 条，来源 2 个，跨来源共振，情绪 中性，当前判断：保留观察。,待确认,video_id=7644089961788440826; video_url=https://www.douyin.com/video/7644089961788440826; creator=王多于-股之子; like=0; reply=3; source_type=comment; yeren_signal_id=; parent_comment_text=,16:55,抖音评论,video,5.26每日一开眼#内容过于真实 #股民 #基金 #王多于股之子 #vlog十亿流量扶持计划,是桂桂呀,7644089961788440826,https://www.douyin.com/video/7644089961788440826,,7644121376614368009,16:55,待确认,中性,自动映射到抖音视频评论池。,8.0,false
2026-05-26,wangduoyu,抖音评论 17:38,4月我在评论区捡了大胜达，新朋股份，大胜达，我拿了一个月才回本跑了，新朋还亏13个点[尬笑][尬笑][尬笑],大胜达(603687);新朋股份(002328),,大胜达(603687) 被提及 2 次，有效评论 2 条，来源 2 个，跨来源共振，情绪 谨慎，当前判断：偏风险观察。；新朋股份(002328) 被提及 1 次，有效评论 1 条，来源 1 个，单视频线索，情绪 谨慎，当前判断：偏风险观察。,否,video_id=7644089961788440826; video_url=https://www.douyin.com/video/7644089961788440826; creator=王多于-股之子; like=0; reply=0; source_type=comment; yeren_signal_id=; parent_comment_text=,17:38,抖音评论,video,5.26每日一开眼#内容过于真实 #股民 #基金 #王多于股之子 #vlog十亿流量扶持计划,锦李༄,7644089961788440826,https://www.douyin.com/video/7644089961788440826,,7644132473303958287,17:38,未纳入,谨慎,自动映射到抖音视频评论池。,7.0,false
2026-05-26,wangduoyu,抖音评论 15:13,谁让我吃涨停，请喝咖啡,,,,否,video_id=7644089961788440826; video_url=https://www.douyin.com/video/7644089961788440826; creator=王多于-股之子; like=1; reply=3; source_type=comment; yeren_signal_id=; parent_comment_text=,15:13,抖音评论,video,5.26每日一开眼#内容过于真实 #股民 #基金 #王多于股之子 #vlog十亿流量扶持计划,池池里的鱼,7644089961788440826,https://www.douyin.com/video/7644089961788440826,,7644095239644283690,15:13,未纳入,中性,自动映射到抖音视频评论池。,,false
2026-05-26,wangduoyu,抖音评论 15:12,今天一直炸板就给全卖了[戳手手][戳手手]我是错过了啥？之前三十多的沃格涨停立马给卖了……然后它快一百了[流泪],,,,否,video_id=7644089961788440826; video_url=https://www.douyin.com/video/7644089961788440826; creator=王多于-股之子; like=2; reply=3; source_type=comment; yeren_signal_id=; parent_comment_text=,15:12,抖音评论,video,5.26每日一开眼#内容过于真实 #股民 #基金 #王多于股之子 #vlog十亿流量扶持计划,十一妈妈🍬,7644089961788440826,https://www.douyin.com/video/7644089961788440826,,7644094896085680896,15:12,未纳入,中性,自动映射到抖音视频评论池。,,false
2026-05-26,wangduoyu,抖音评论 15:10,大众通用前天晚上加的自选，昨天没买，今天开盘最低点非常感觉他会涨停，我还是没买，最后进了华安证券[九转大肠],华安证券(600909),,华安证券(600909) 被提及 1 次，有效评论 1 条，来源 1 个，单视频线索，情绪 看多，当前判断：保留观察。,待确认,video_id=7644089961788440826; video_url=https://www.douyin.com/video/7644089961788440826; creator=王多于-股之子; like=1; reply=0; source_type=comment; yeren_signal_id=; parent_comment_text=,15:10,抖音评论,video,5.26每日一开眼#内容过于真实 #股民 #基金 #王多于股之子 #vlog十亿流量扶持计划,虫儿飞,7644089961788440826,https://www.douyin.com/video/7644089961788440826,,7644094412138480422,15:10,待确认,看多,自动映射到抖音视频评论池。,6.4,false
2026-05-26,wangduoyu,抖音评论 15:24,山东矿机，义父们怎么操作，昨天卖了一半收盘后悔一晚上，结果今天跌4个点,山东矿机(002526),,山东矿机(002526) 被提及 1 次，有效评论 1 条，来源 1 个，单视频线索，情绪 谨慎，当前判断：偏风险观察。,否,video_id=7644089961788440826; video_url=https://www.douyin.com/video/7644089961788440826; creator=王多于-股之子; like=0; reply=0; source_type=comment; yeren_signal_id=; parent_comment_text=,15:24,抖音评论,video,5.26每日一开眼#内容过于真实 #股民 #基金 #王多于股之子 #vlog十亿流量扶持计划,知足常乐.,7644089961788440826,https://www.douyin.com/video/7644089961788440826,,7644098124306973489,15:24,未纳入,谨慎,自动映射到抖音视频评论池。,5.9,false
2026-05-26,wangduoyu,抖音评论 16:35,哪个高手能不能指导一下多氟多走势,多氟多(002407),,多氟多(002407) 被提及 4 次，有效评论 4 条，来源 2 个，跨来源共振，情绪 中性，当前判断：保留观察。,待确认,video_id=7644089961788440826; video_url=https://www.douyin.com/video/7644089961788440826; creator=王多于-股之子; like=1; reply=1; source_type=comment; yeren_signal_id=; parent_comment_text=,16:35,抖音评论,video,5.26每日一开眼#内容过于真实 #股民 #基金 #王多于股之子 #vlog十亿流量扶持计划,婷子🌈,7644089961788440826,https://www.douyin.com/video/7644089961788440826,,7644116321471169295,16:35,待确认,中性,自动映射到抖音视频评论池。,8.3,false
2026-05-26,wangduoyu,抖音评论 16:43,两个涨停票，上午让我卖飞。我大腿也拍断了，定力还是不够,,,,否,video_id=7644089961788440826; video_url=https://www.douyin.com/video/7644089961788440826; creator=王多于-股之子; like=1; reply=4; source_type=comment; yeren_signal_id=; parent_comment_text=,16:43,抖音评论,video,5.26每日一开眼#内容过于真实 #股民 #基金 #王多于股之子 #vlog十亿流量扶持计划,小庄,7644089961788440826,https://www.douyin.com/video/7644089961788440826,,7644118516056982299,16:43,未纳入,中性,自动映射到抖音视频评论池。,,false
2026-05-26,wangduoyu,抖音评论 16:34,昨天满仓低吸了，今天涨停减了半仓[抱拳],,,,否,video_id=7644089961788440826; video_url=https://www.douyin.com/video/7644089961788440826; creator=王多于-股之子; like=2; reply=0; source_type=comment; yeren_signal_id=; parent_comment_text=,16:34,抖音评论,video,5.26每日一开眼#内容过于真实 #股民 #基金 #王多于股之子 #vlog十亿流量扶持计划,西林,7644089961788440826,https://www.douyin.com/video/7644089961788440826,,7644116023058858801,16:34,未纳入,中性,自动映射到抖音视频评论池。,,false
2026-05-26,wangduoyu,抖音评论 15:07,今天这行情，三个票，两个涨停[呲牙],,,,否,video_id=7644089961788440826; video_url=https://www.douyin.com/video/7644089961788440826; creator=王多于-股之子; like=2; reply=4; source_type=comment; yeren_signal_id=; parent_comment_text=,15:07,抖音评论,video,5.26每日一开眼#内容过于真实 #股民 #基金 #王多于股之子 #vlog十亿流量扶持计划,原谅不美好,7644089961788440826,https://www.douyin.com/video/7644089961788440826,,7644093585122968357,15:07,未纳入,中性,自动映射到抖音视频评论池。,,false
2026-05-26,wangduoyu,抖音评论 15:20,昨天让买恩捷，今天只有一厘米，继续格局这一波看到78,,,评论热度较高，但暂未自动识别到明确股票线索，保留人工复核。,待确认,video_id=7644089961788440826; video_url=https://www.douyin.com/video/7644089961788440826; creator=王多于-股之子; like=1; reply=7; source_type=comment; yeren_signal_id=; parent_comment_text=,15:20,抖音评论,video,5.26每日一开眼#内容过于真实 #股民 #基金 #王多于股之子 #vlog十亿流量扶持计划,ST十二,7644089961788440826,https://www.douyin.com/video/7644089961788440826,,7644096976086270778,15:20,待确认,中性,自动映射到抖音视频评论池。,6.2,false
2026-05-26,wangduoyu,抖音评论 16:02,九牧王拿好，30块钱见,九牧王(601566),,九牧王(601566) 被提及 4 次，有效评论 4 条，来源 2 个，跨来源共振，情绪 中性，当前判断：保留观察。,待确认,video_id=7644089961788440826; video_url=https://www.douyin.com/video/7644089961788440826; creator=王多于-股之子; like=7; reply=14; source_type=comment; yeren_signal_id=; parent_comment_text=,16:02,抖音评论,video,5.26每日一开眼#内容过于真实 #股民 #基金 #王多于股之子 #vlog十亿流量扶持计划,青年东路,7644089961788440826,https://www.douyin.com/video/7644089961788440826,,7644107967340380977,16:02,待确认,中性,自动映射到抖音视频评论池。,8.3,false
2026-05-26,wangduoyu,抖音评论 17:02,天奇股份怎么办 老师们,天奇股份(002009),,天奇股份(002009) 被提及 2 次，有效评论 2 条，来源 2 个，跨来源共振，情绪 中性，当前判断：保留观察。,待确认,video_id=7644089961788440826; video_url=https://www.douyin.com/video/7644089961788440826; creator=王多于-股之子; like=0; reply=0; source_type=comment; yeren_signal_id=; parent_comment_text=,17:02,抖音评论,video,5.26每日一开眼#内容过于真实 #股民 #基金 #王多于股之子 #vlog十亿流量扶持计划,大龙通讯,7644089961788440826,https://www.douyin.com/video/7644089961788440826,,7644123304752497443,17:02,待确认,中性,自动映射到抖音视频评论池。,7.6,false
2026-05-26,wangduoyu,抖音评论 18:04,[呲牙],,,,否,video_id=7644089961788440826; video_url=https://www.douyin.com/video/7644089961788440826; creator=王多于-股之子; like=0; reply=0; source_type=comment; yeren_signal_id=; parent_comment_text=,18:04,抖音评论,video,5.26每日一开眼#内容过于真实 #股民 #基金 #王多于股之子 #vlog十亿流量扶持计划,初晨,7644089961788440826,https://www.douyin.com/video/7644089961788440826,,7644139155522077478,18:04,未纳入,中性,自动映射到抖音视频评论池。,,false
2026-05-26,wangduoyu,抖音评论 18:01,生益科技怎么样[抱紧自己],生益科技(600183),,生益科技(600183) 被提及 2 次，有效评论 2 条，来源 2 个，跨来源共振，情绪 中性，当前判断：保留观察。,待确认,video_id=7644089961788440826; video_url=https://www.douyin.com/video/7644089961788440826; creator=王多于-股之子; like=0; reply=0; source_type=comment; yeren_signal_id=; parent_comment_text=,18:01,抖音评论,video,5.26每日一开眼#内容过于真实 #股民 #基金 #王多于股之子 #vlog十亿流量扶持计划,姜柱赫☀️,7644089961788440826,https://www.douyin.com/video/7644089961788440826,,7644138560899318585,18:01,待确认,中性,自动映射到抖音视频评论池。,7.6,false
2026-05-26,wangduoyu,抖音评论 18:00,看看明阳智能怎么样？,,,,否,video_id=7644089961788440826; video_url=https://www.douyin.com/video/7644089961788440826; creator=王多于-股之子; like=0; reply=0; source_type=comment; yeren_signal_id=; parent_comment_text=,18:00,抖音评论,video,5.26每日一开眼#内容过于真实 #股民 #基金 #王多于股之子 #vlog十亿流量扶持计划,B&B,7644089961788440826,https://www.douyin.com/video/7644089961788440826,,7644138372453991225,18:00,未纳入,中性,自动映射到抖音视频评论池。,,false
2026-05-26,wangduoyu,抖音评论 18:00,一样被骗进来了，妈的，吃了个跌停,,,,否,video_id=7644089961788440826; video_url=https://www.douyin.com/video/7644089961788440826; creator=王多于-股之子; like=0; reply=0; source_type=comment; yeren_signal_id=; parent_comment_text=,18:00,抖音评论,video,5.26每日一开眼#内容过于真实 #股民 #基金 #王多于股之子 #vlog十亿流量扶持计划,Likeyou,7644089961788440826,https://www.douyin.com/video/7644089961788440826,,7644138326363259707,18:00,未纳入,中性,自动映射到抖音视频评论池。,,false
2026-05-26,wangduoyu,抖音评论 17:57,华盛昌还能进吗,华盛昌(002980),,华盛昌(002980) 被提及 2 次，有效评论 2 条，来源 1 个，单视频线索，情绪 中性，当前判断：保留观察。,待确认,video_id=7644089961788440826; video_url=https://www.douyin.com/video/7644089961788440826; creator=王多于-股之子; like=0; reply=0; source_type=comment; yeren_signal_id=; parent_comment_text=,17:57,抖音评论,video,5.26每日一开眼#内容过于真实 #股民 #基金 #王多于股之子 #vlog十亿流量扶持计划,我没有打火机,7644089961788440826,https://www.douyin.com/video/7644089961788440826,,7644137593349260084,17:57,待确认,中性,自动映射到抖音视频评论池。,6.9,false
2026-05-26,wangduoyu,抖音评论 17:48,前几天刷到一条评论说：他梦到这周除了周二跌，其他时间都是涨[捂脸],,,,否,video_id=7644089961788440826; video_url=https://www.douyin.com/video/7644089961788440826; creator=王多于-股之子; like=0; reply=0; source_type=comment; yeren_signal_id=; parent_comment_text=,17:48,抖音评论,video,5.26每日一开眼#内容过于真实 #股民 #基金 #王多于股之子 #vlog十亿流量扶持计划,不到九点半,7644089961788440826,https://www.douyin.com/video/7644089961788440826,,7644135159717937979,17:48,未纳入,中性,自动映射到抖音视频评论池。,,false
2026-05-26,wangduoyu,抖音评论 17:43,今天没封板，放开，又封的,,,,否,video_id=7644089961788440826; video_url=https://www.douyin.com/video/7644089961788440826; creator=王多于-股之子; like=0; reply=0; source_type=comment; yeren_signal_id=; parent_comment_text=,17:43,抖音评论,video,5.26每日一开眼#内容过于真实 #股民 #基金 #王多于股之子 #vlog十亿流量扶持计划,爱吃鱼的小花猫,7644089961788440826,https://www.douyin.com/video/7644089961788440826,,7644133867663049509,17:43,未纳入,中性,自动映射到抖音视频评论池。,,false
2026-05-26,wangduoyu,抖音评论 17:42,昨天进中京,,,,否,video_id=7644089961788440826; video_url=https://www.douyin.com/video/7644089961788440826; creator=王多于-股之子; like=0; reply=0; source_type=comment; yeren_signal_id=; parent_comment_text=,17:42,抖音评论,video,5.26每日一开眼#内容过于真实 #股民 #基金 #王多于股之子 #vlog十亿流量扶持计划,大红花🌺,7644089961788440826,https://www.douyin.com/video/7644089961788440826,,7644133620399031099,17:42,未纳入,中性,自动映射到抖音视频评论池。,,false
2026-05-26,wangduoyu,抖音评论 17:39,我的粤传媒今天也涨停了,,,,否,video_id=7644089961788440826; video_url=https://www.douyin.com/video/7644089961788440826; creator=王多于-股之子; like=0; reply=0; source_type=comment; yeren_signal_id=; parent_comment_text=,17:39,抖音评论,video,5.26每日一开眼#内容过于真实 #股民 #基金 #王多于股之子 #vlog十亿流量扶持计划,ξ( ✿＞◡❛),7644089961788440826,https://www.douyin.com/video/7644089961788440826,,7644132948112130852,17:39,未纳入,中性,自动映射到抖音视频评论池。,,false
2026-05-26,wangduoyu,抖音评论 17:37,大位谁来救救我,,,,否,video_id=7644089961788440826; video_url=https://www.douyin.com/video/7644089961788440826; creator=王多于-股之子; like=0; reply=0; source_type=comment; yeren_signal_id=; parent_comment_text=,17:37,抖音评论,video,5.26每日一开眼#内容过于真实 #股民 #基金 #王多于股之子 #vlog十亿流量扶持计划,奥德彪,7644089961788440826,https://www.douyin.com/video/7644089961788440826,,7644132384829555493,17:37,未纳入,中性,自动映射到抖音视频评论池。,,false
2026-05-26,wangduoyu,抖音评论 17:37,都是事后发现,,,,否,video_id=7644089961788440826; video_url=https://www.douyin.com/video/7644089961788440826; creator=王多于-股之子; like=0; reply=0; source_type=comment; yeren_signal_id=; parent_comment_text=,17:37,抖音评论,video,5.26每日一开眼#内容过于真实 #股民 #基金 #王多于股之子 #vlog十亿流量扶持计划,审计哥,7644089961788440826,https://www.douyin.com/video/7644089961788440826,,7644132241216193338,17:37,未纳入,中性,自动映射到抖音视频评论池。,,false
2026-05-26,wangduoyu,抖音评论 17:36,中国长城,中国长城(000066),,中国长城(000066) 被提及 3 次，有效评论 3 条，来源 2 个，跨来源共振，情绪 中性，当前判断：保留观察。,待确认,video_id=7644089961788440826; video_url=https://www.douyin.com/video/7644089961788440826; creator=王多于-股之子; like=0; reply=2; source_type=comment; yeren_signal_id=; parent_comment_text=,17:36,抖音评论,video,5.26每日一开眼#内容过于真实 #股民 #基金 #王多于股之子 #vlog十亿流量扶持计划,用户192902028,7644089961788440826,https://www.douyin.com/video/7644089961788440826,,7644132132248699648,17:36,待确认,中性,自动映射到抖音视频评论池。,8.0,false
2026-05-26,wangduoyu,抖音评论 17:31,威派格？,威派格(603956),,威派格(603956) 被提及 1 次，有效评论 1 条，来源 1 个，单视频线索，情绪 中性，当前判断：保留观察。,待确认,video_id=7644089961788440826; video_url=https://www.douyin.com/video/7644089961788440826; creator=王多于-股之子; like=0; reply=0; source_type=comment; yeren_signal_id=; parent_comment_text=,17:31,抖音评论,video,5.26每日一开眼#内容过于真实 #股民 #基金 #王多于股之子 #vlog十亿流量扶持计划,(◍•ᴗ•◍)希希,7644089961788440826,https://www.douyin.com/video/7644089961788440826,,7644130677268448026,17:31,待确认,中性,自动映射到抖音视频评论池。,6.4,false
2026-05-26,wangduoyu,抖音评论 17:24,,,,,否,video_id=7644089961788440826; video_url=https://www.douyin.com/video/7644089961788440826; creator=王多于-股之子; like=0; reply=0; source_type=comment; yeren_signal_id=; parent_comment_text=,17:24,抖音评论,video,5.26每日一开眼#内容过于真实 #股民 #基金 #王多于股之子 #vlog十亿流量扶持计划,就是不想看,7644089961788440826,https://www.douyin.com/video/7644089961788440826,,7644128961861403446,17:24,未纳入,中性,自动映射到抖音视频评论池。,,false
2026-05-26,wangduoyu,抖音评论 17:23,,,,,否,video_id=7644089961788440826; video_url=https://www.douyin.com/video/7644089961788440826; creator=王多于-股之子; like=1; reply=0; source_type=comment; yeren_signal_id=; parent_comment_text=,17:23,抖音评论,video,5.26每日一开眼#内容过于真实 #股民 #基金 #王多于股之子 #vlog十亿流量扶持计划,飞飞飞.,7644089961788440826,https://www.douyin.com/video/7644089961788440826,,7644128754864177957,17:23,未纳入,中性,自动映射到抖音视频评论池。,,false
2026-05-26,wangduoyu,抖音评论 17:22,跪求义夫喂喂票票[流泪],,,,否,video_id=7644089961788440826; video_url=https://www.douyin.com/video/7644089961788440826; creator=王多于-股之子; like=0; reply=3; source_type=comment; yeren_signal_id=; parent_comment_text=,17:22,抖音评论,video,5.26每日一开眼#内容过于真实 #股民 #基金 #王多于股之子 #vlog十亿流量扶持计划,？,7644089961788440826,https://www.douyin.com/video/7644089961788440826,,7644128446218748721,17:22,未纳入,中性,自动映射到抖音视频评论池。,,false
2026-05-26,wangduoyu,抖音评论 17:11,明天搞哪个 大佬们,,,,否,video_id=7644089961788440826; video_url=https://www.douyin.com/video/7644089961788440826; creator=王多于-股之子; like=0; reply=0; source_type=comment; yeren_signal_id=; parent_comment_text=,17:11,抖音评论,video,5.26每日一开眼#内容过于真实 #股民 #基金 #王多于股之子 #vlog十亿流量扶持计划,星河皆如愿,7644089961788440826,https://www.douyin.com/video/7644089961788440826,,7644125738820993850,17:11,未纳入,中性,自动映射到抖音视频评论池。,,false
2026-05-26,wangduoyu,抖音评论 17:11,中际联合,中际联合(605305),,中际联合(605305) 被提及 1 次，有效评论 1 条，来源 1 个，单视频线索，情绪 中性，当前判断：保留观察。,待确认,video_id=7644089961788440826; video_url=https://www.douyin.com/video/7644089961788440826; creator=王多于-股之子; like=0; reply=0; source_type=comment; yeren_signal_id=; parent_comment_text=,17:11,抖音评论,video,5.26每日一开眼#内容过于真实 #股民 #基金 #王多于股之子 #vlog十亿流量扶持计划,棒棒冰,7644089961788440826,https://www.douyin.com/video/7644089961788440826,,7644125617014178618,17:11,待确认,中性,自动映射到抖音视频评论池。,6.4,false
2026-05-26,wangduoyu,抖音评论 17:09,没有人在京蓝吗？ 看到8块,,,,否,video_id=7644089961788440826; video_url=https://www.douyin.com/video/7644089961788440826; creator=王多于-股之子; like=0; reply=0; source_type=comment; yeren_signal_id=; parent_comment_text=,17:09,抖音评论,video,5.26每日一开眼#内容过于真实 #股民 #基金 #王多于股之子 #vlog十亿流量扶持计划,🌈唯凡凡至上主义者,7644089961788440826,https://www.douyin.com/video/7644089961788440826,,7644125195868226363,17:09,未纳入,中性,自动映射到抖音视频评论池。,,false
2026-05-26,wangduoyu,抖音评论 17:07,天天说长电天天不听，那没招了。,,,,否,video_id=7644089961788440826; video_url=https://www.douyin.com/video/7644089961788440826; creator=王多于-股之子; like=0; reply=2; source_type=comment; yeren_signal_id=; parent_comment_text=,17:07,抖音评论,video,5.26每日一开眼#内容过于真实 #股民 #基金 #王多于股之子 #vlog十亿流量扶持计划,潇芊羽,7644089961788440826,https://www.douyin.com/video/7644089961788440826,,7644124627359728421,17:07,未纳入,中性,自动映射到抖音视频评论池。,,false
2026-05-26,wangduoyu,抖音评论 17:23,,,,,否,video_id=7644089961788440826; video_url=https://www.douyin.com/video/7644089961788440826; creator=王多于-股之子; like=1; reply=0; source_type=comment; yeren_signal_id=; parent_comment_text=,17:23,抖音评论,video,5.26每日一开眼#内容过于真实 #股民 #基金 #王多于股之子 #vlog十亿流量扶持计划,飞飞飞.,7644089961788440826,https://www.douyin.com/video/7644089961788440826,,7644128754864177957,17:23,未纳入,中性,自动映射到抖音视频评论池。,,false
2026-05-26,wangduoyu,抖音评论 17:22,跪求义夫喂喂票票[流泪],,,,否,video_id=7644089961788440826; video_url=https://www.douyin.com/video/7644089961788440826; creator=王多于-股之子; like=0; reply=3; source_type=comment; yeren_signal_id=; parent_comment_text=,17:22,抖音评论,video,5.26每日一开眼#内容过于真实 #股民 #基金 #王多于股之子 #vlog十亿流量扶持计划,？,7644089961788440826,https://www.douyin.com/video/7644089961788440826,,7644128446218748721,17:22,未纳入,中性,自动映射到抖音视频评论池。,,false
2026-05-26,wangduoyu,抖音评论 17:11,明天搞哪个 大佬们,,,,否,video_id=7644089961788440826; video_url=https://www.douyin.com/video/7644089961788440826; creator=王多于-股之子; like=0; reply=0; source_type=comment; yeren_signal_id=; parent_comment_text=,17:11,抖音评论,video,5.26每日一开眼#内容过于真实 #股民 #基金 #王多于股之子 #vlog十亿流量扶持计划,星河皆如愿,7644089961788440826,https://www.douyin.com/video/7644089961788440826,,7644125738820993850,17:11,未纳入,中性,自动映射到抖音视频评论池。,,false
2026-05-26,wangduoyu,抖音评论 17:11,中际联合,中际联合(605305),,中际联合(605305) 被提及 1 次，有效评论 1 条，来源 1 个，单视频线索，情绪 中性，当前判断：保留观察。,待确认,video_id=7644089961788440826; video_url=https://www.douyin.com/video/7644089961788440826; creator=王多于-股之子; like=0; reply=0; source_type=comment; yeren_signal_id=; parent_comment_text=,17:11,抖音评论,video,5.26每日一开眼#内容过于真实 #股民 #基金 #王多于股之子 #vlog十亿流量扶持计划,棒棒冰,7644089961788440826,https://www.douyin.com/video/7644089961788440826,,7644125617014178618,17:11,待确认,中性,自动映射到抖音视频评论池。,6.4,false
2026-05-26,wangduoyu,抖音评论 17:09,没有人在京蓝吗？ 看到8块,,,,否,video_id=7644089961788440826; video_url=https://www.douyin.com/video/7644089961788440826; creator=王多于-股之子; like=0; reply=0; source_type=comment; yeren_signal_id=; parent_comment_text=,17:09,抖音评论,video,5.26每日一开眼#内容过于真实 #股民 #基金 #王多于股之子 #vlog十亿流量扶持计划,🌈唯凡凡至上主义者,7644089961788440826,https://www.douyin.com/video/7644089961788440826,,7644125195868226363,17:09,未纳入,中性,自动映射到抖音视频评论池。,,false
2026-05-26,wangduoyu,抖音评论 17:07,天天说长电天天不听，那没招了。,,,,否,video_id=7644089961788440826; video_url=https://www.douyin.com/video/7644089961788440826; creator=王多于-股之子; like=0; reply=2; source_type=comment; yeren_signal_id=; parent_comment_text=,17:07,抖音评论,video,5.26每日一开眼#内容过于真实 #股民 #基金 #王多于股之子 #vlog十亿流量扶持计划,潇芊羽,7644089961788440826,https://www.douyin.com/video/7644089961788440826,,7644124627359728421,17:07,未纳入,中性,自动映射到抖音视频评论池。,,false
2026-05-26,wangduoyu,抖音评论 17:06,我今天在里面挨打惨了,,,,否,video_id=7644089961788440826; video_url=https://www.douyin.com/video/7644089961788440826; creator=王多于-股之子; like=0; reply=0; source_type=comment; yeren_signal_id=; parent_comment_text=,17:06,抖音评论,video,5.26每日一开眼#内容过于真实 #股民 #基金 #王多于股之子 #vlog十亿流量扶持计划,密斯蜜,7644089961788440826,https://www.douyin.com/video/7644089961788440826,,7644124222256268081,17:06,未纳入,中性,自动映射到抖音视频评论池。,,false
2026-05-26,wangduoyu,抖音评论 16:53,明天能进什么,,,,否,video_id=7644089961788440826; video_url=https://www.douyin.com/video/7644089961788440826; creator=王多于-股之子; like=0; reply=0; source_type=comment; yeren_signal_id=; parent_comment_text=,16:53,抖音评论,video,5.26每日一开眼#内容过于真实 #股民 #基金 #王多于股之子 #vlog十亿流量扶持计划,伊妹,7644089961788440826,https://www.douyin.com/video/7644089961788440826,,7644120909959988005,16:53,未纳入,中性,自动映射到抖音视频评论池。,,false
2026-05-26,wangduoyu,抖音评论 16:52,大曾子去长电了？,,,,否,video_id=7644089961788440826; video_url=https://www.douyin.com/video/7644089961788440826; creator=王多于-股之子; like=0; reply=2; source_type=comment; yeren_signal_id=; parent_comment_text=,16:52,抖音评论,video,5.26每日一开眼#内容过于真实 #股民 #基金 #王多于股之子 #vlog十亿流量扶持计划,大白鹅鹅,7644089961788440826,https://www.douyin.com/video/7644089961788440826,,7644120798836130619,16:52,未纳入,中性,自动映射到抖音视频评论池。,,false
2026-05-26,wangduoyu,抖音评论 16:47,供销大集，牛市结束了，就是粮食拉[尬笑],供销大集(000564),,供销大集(000564) 被提及 1 次，有效评论 1 条，来源 1 个，单视频线索，情绪 中性，当前判断：保留观察。,待确认,video_id=7644089961788440826; video_url=https://www.douyin.com/video/7644089961788440826; creator=王多于-股之子; like=0; reply=1; source_type=comment; yeren_signal_id=; parent_comment_text=,16:47,抖音评论,video,5.26每日一开眼#内容过于真实 #股民 #基金 #王多于股之子 #vlog十亿流量扶持计划,阿达西,7644089961788440826,https://www.douyin.com/video/7644089961788440826,,7644119398881674036,16:47,待确认,中性,自动映射到抖音视频评论池。,6.4,false
2026-05-26,wangduoyu,抖音评论 16:46,前段时间说新能泰山的呢，这也太狠了吧，亏的少一点也不找你了[发怒],新能泰山(000720),电网设备;电力,新能泰山(000720) 被提及 2 次，有效评论 2 条，来源 2 个，跨来源共振，情绪 谨慎，当前判断：偏风险观察。,否,video_id=7644089961788440826; video_url=https://www.douyin.com/video/7644089961788440826; creator=王多于-股之子; like=0; reply=2; source_type=comment; yeren_signal_id=; parent_comment_text=,16:46,抖音评论,video,5.26每日一开眼#内容过于真实 #股民 #基金 #王多于股之子 #vlog十亿流量扶持计划,阿阳777,7644089961788440826,https://www.douyin.com/video/7644089961788440826,,7644119125258732347,16:46,未纳入,谨慎,自动映射到抖音视频评论池。,7.0,false
2026-05-26,wangduoyu,抖音评论 16:45,有群带 一起交流交流,,,,否,video_id=7644089961788440826; video_url=https://www.douyin.com/video/7644089961788440826; creator=王多于-股之子; like=0; reply=0; source_type=comment; yeren_signal_id=; parent_comment_text=,16:45,抖音评论,video,5.26每日一开眼#内容过于真实 #股民 #基金 #王多于股之子 #vlog十亿流量扶持计划,荣华富贵,7644089961788440826,https://www.douyin.com/video/7644089961788440826,,7644118848778371897,16:45,未纳入,中性,自动映射到抖音视频评论池。,,false
2026-05-26,wangduoyu,抖音评论 16:44,大族和光迅还有救吗[流泪],,,评论热度较高，但暂未自动识别到明确股票线索，保留人工复核。,待确认,video_id=7644089961788440826; video_url=https://www.douyin.com/video/7644089961788440826; creator=王多于-股之子; like=0; reply=13; source_type=comment; yeren_signal_id=; parent_comment_text=,16:44,抖音评论,video,5.26每日一开眼#内容过于真实 #股民 #基金 #王多于股之子 #vlog十亿流量扶持计划,爱了柠檬,7644089961788440826,https://www.douyin.com/video/7644089961788440826,,7644118733346063162,16:44,待确认,中性,自动映射到抖音视频评论池。,6.2,false
2026-05-26,wangduoyu,抖音评论 16:44,宁波能源拿住了,宁波能源(600982),,宁波能源(600982) 被提及 1 次，有效评论 1 条，来源 1 个，单视频线索，情绪 看多，当前判断：保留观察。,待确认,video_id=7644089961788440826; video_url=https://www.douyin.com/video/7644089961788440826; creator=王多于-股之子; like=1; reply=2; source_type=comment; yeren_signal_id=; parent_comment_text=,16:44,抖音评论,video,5.26每日一开眼#内容过于真实 #股民 #基金 #王多于股之子 #vlog十亿流量扶持计划,💞᭄ཽ࿆多财 多亿꧔,7644089961788440826,https://www.douyin.com/video/7644089961788440826,,7644118638542471970,16:44,待确认,看多,自动映射到抖音视频评论池。,6.4,false
2026-05-26,wangduoyu,抖音评论 16:43,啊，涨停了？昨晚才删的自选[捂脸],,,,否,video_id=7644089961788440826; video_url=https://www.douyin.com/video/7644089961788440826; creator=王多于-股之子; like=0; reply=0; source_type=comment; yeren_signal_id=; parent_comment_text=,16:43,抖音评论,video,5.26每日一开眼#内容过于真实 #股民 #基金 #王多于股之子 #vlog十亿流量扶持计划,🧨好人歌,7644089961788440826,https://www.douyin.com/video/7644089961788440826,,7644118382594179892,16:43,未纳入,中性,自动映射到抖音视频评论池。,,false
2026-05-26,wangduoyu,抖音评论 16:37,鸿仕达有权限可以买一点80多我就发现了但是没权限买,,,,否,video_id=7644089961788440826; video_url=https://www.douyin.com/video/7644089961788440826; creator=王多于-股之子; like=0; reply=0; source_type=comment; yeren_signal_id=; parent_comment_text=,16:37,抖音评论,video,5.26每日一开眼#内容过于真实 #股民 #基金 #王多于股之子 #vlog十亿流量扶持计划,性感老登在线炒股,7644089961788440826,https://www.douyin.com/video/7644089961788440826,,7644116793149162289,16:37,未纳入,中性,自动映射到抖音视频评论池。,,false
2026-05-26,wangduoyu,抖音评论 16:34,义父在吗,,,,否,video_id=7644089961788440826; video_url=https://www.douyin.com/video/7644089961788440826; creator=王多于-股之子; like=0; reply=0; source_type=comment; yeren_signal_id=; parent_comment_text=,16:34,抖音评论,video,5.26每日一开眼#内容过于真实 #股民 #基金 #王多于股之子 #vlog十亿流量扶持计划,Zzsmile,7644089961788440826,https://www.douyin.com/video/7644089961788440826,,7644116017418093321,16:34,未纳入,中性,自动映射到抖音视频评论池。,,false
2026-05-26,wangduoyu,抖音评论 16:33,谁昨天说再升的，我昨天没买，今天早晨买的，我想请他喝奶茶,,,评论热度较高，但暂未自动识别到明确股票线索，保留人工复核。,待确认,video_id=7644089961788440826; video_url=https://www.douyin.com/video/7644089961788440826; creator=王多于-股之子; like=1; reply=8; source_type=comment; yeren_signal_id=; parent_comment_text=,16:33,抖音评论,video,5.26每日一开眼#内容过于真实 #股民 #基金 #王多于股之子 #vlog十亿流量扶持计划,引体向上是个坎,7644089961788440826,https://www.douyin.com/video/7644089961788440826,,7644115926094545721,16:33,待确认,中性,自动映射到抖音视频评论池。,6.2,false
2026-05-26,wangduoyu,抖音评论 16:31,跟我们说一下,,,,否,video_id=7644089961788440826; video_url=https://www.douyin.com/video/7644089961788440826; creator=王多于-股之子; like=0; reply=0; source_type=comment; yeren_signal_id=; parent_comment_text=,16:31,抖音评论,video,5.26每日一开眼#内容过于真实 #股民 #基金 #王多于股之子 #vlog十亿流量扶持计划,风清颂韵,7644089961788440826,https://www.douyin.com/video/7644089961788440826,,7644115374124516154,16:31,未纳入,中性,自动映射到抖音视频评论池。,,false
2026-05-26,wangduoyu,抖音评论 16:31,这个大哥我也看了……昨天水下3个点，我看着没买，……,,,,否,video_id=7644089961788440826; video_url=https://www.douyin.com/video/7644089961788440826; creator=王多于-股之子; like=0; reply=0; source_type=comment; yeren_signal_id=; parent_comment_text=,16:31,抖音评论,video,5.26每日一开眼#内容过于真实 #股民 #基金 #王多于股之子 #vlog十亿流量扶持计划,___屿屿屿,7644089961788440826,https://www.douyin.com/video/7644089961788440826,,7644115315563610890,16:31,未纳入,中性,自动映射到抖音视频评论池。,,false
2026-05-26,wangduoyu,抖音评论 16:28,博士眼镜，等待起飞[看],博士眼镜(300622),,博士眼镜(300622) 被提及 1 次，有效评论 1 条，来源 1 个，单视频线索，情绪 看多，当前判断：保留观察。,待确认,video_id=7644089961788440826; video_url=https://www.douyin.com/video/7644089961788440826; creator=王多于-股之子; like=0; reply=1; source_type=comment; yeren_signal_id=; parent_comment_text=,16:28,抖音评论,video,5.26每日一开眼#内容过于真实 #股民 #基金 #王多于股之子 #vlog十亿流量扶持计划,坐在烟囱上的倔驴,7644089961788440826,https://www.douyin.com/video/7644089961788440826,,7644114474312368955,16:28,待确认,看多,自动映射到抖音视频评论池。,6.4,false
2026-05-26,wangduoyu,抖音评论 16:23,有没有义父[流泪],,,,否,video_id=7644089961788440826; video_url=https://www.douyin.com/video/7644089961788440826; creator=王多于-股之子; like=0; reply=0; source_type=comment; yeren_signal_id=; parent_comment_text=,16:23,抖音评论,video,5.26每日一开眼#内容过于真实 #股民 #基金 #王多于股之子 #vlog十亿流量扶持计划,不用谢,7644089961788440826,https://www.douyin.com/video/7644089961788440826,,7644113232735388473,16:23,未纳入,中性,自动映射到抖音视频评论池。,,false
2026-05-26,wangduoyu,抖音评论 16:22,妈的美诺华  套了我10个多点,美诺华(603538),医药,美诺华(603538) 被提及 1 次，有效评论 1 条，来源 1 个，单视频线索，情绪 谨慎，当前判断：偏风险观察。,否,video_id=7644089961788440826; video_url=https://www.douyin.com/video/7644089961788440826; creator=王多于-股之子; like=0; reply=0; source_type=comment; yeren_signal_id=; parent_comment_text=,16:22,抖音评论,video,5.26每日一开眼#内容过于真实 #股民 #基金 #王多于股之子 #vlog十亿流量扶持计划,厚德载物,7644089961788440826,https://www.douyin.com/video/7644089961788440826,,7644113086112449307,16:22,未纳入,谨慎,自动映射到抖音视频评论池。,5.9,false
2026-05-26,wangduoyu,抖音评论 16:19,航天拿到月底,,,,否,video_id=7644089961788440826; video_url=https://www.douyin.com/video/7644089961788440826; creator=王多于-股之子; like=0; reply=1; source_type=comment; yeren_signal_id=; parent_comment_text=,16:19,抖音评论,video,5.26每日一开眼#内容过于真实 #股民 #基金 #王多于股之子 #vlog十亿流量扶持计划,💦  冬眠,7644089961788440826,https://www.douyin.com/video/7644089961788440826,,7644112112205415205,16:19,未纳入,中性,自动映射到抖音视频评论池。,,false
2026-05-26,wangduoyu,抖音评论 16:13,长江长江我是黄河，你没去吗，3个板了,,,,否,video_id=7644089961788440826; video_url=https://www.douyin.com/video/7644089961788440826; creator=王多于-股之子; like=0; reply=0; source_type=comment; yeren_signal_id=; parent_comment_text=,16:13,抖音评论,video,5.26每日一开眼#内容过于真实 #股民 #基金 #王多于股之子 #vlog十亿流量扶持计划,小道无怨,7644089961788440826,https://www.douyin.com/video/7644089961788440826,,7644110684293006090,16:13,未纳入,中性,自动映射到抖音视频评论池。,,false
2026-05-26,wangduoyu,抖音评论 16:11,我当时还看到了，没听劝[捂脸],,,,否,video_id=7644089961788440826; video_url=https://www.douyin.com/video/7644089961788440826; creator=王多于-股之子; like=0; reply=0; source_type=comment; yeren_signal_id=; parent_comment_text=,16:11,抖音评论,video,5.26每日一开眼#内容过于真实 #股民 #基金 #王多于股之子 #vlog十亿流量扶持计划,招财多金小锦鲤,7644089961788440826,https://www.douyin.com/video/7644089961788440826,,7644110034175378235,16:11,未纳入,中性,自动映射到抖音视频评论池。,,false
2026-05-26,wangduoyu,抖音评论 16:08,有没有可能是你的选择大于一切。再有实力你不认可你不动手都是空谈～[呲牙],,,,否,video_id=7644089961788440826; video_url=https://www.douyin.com/video/7644089961788440826; creator=王多于-股之子; like=0; reply=0; source_type=comment; yeren_signal_id=; parent_comment_text=,16:08,抖音评论,video,5.26每日一开眼#内容过于真实 #股民 #基金 #王多于股之子 #vlog十亿流量扶持计划,小小竹筏江中游,7644089961788440826,https://www.douyin.com/video/7644089961788440826,,7644109263161672463,16:08,未纳入,中性,自动映射到抖音视频评论池。,,false
2026-05-26,wangduoyu,抖音评论 16:05,别信抖音上的所谓大哥 这周给我亏1w了,,,评论热度较高，但暂未自动识别到明确股票线索，保留人工复核。,待确认,video_id=7644089961788440826; video_url=https://www.douyin.com/video/7644089961788440826; creator=王多于-股之子; like=6; reply=6; source_type=comment; yeren_signal_id=; parent_comment_text=,16:05,抖音评论,video,5.26每日一开眼#内容过于真实 #股民 #基金 #王多于股之子 #vlog十亿流量扶持计划,橘子糖,7644089961788440826,https://www.douyin.com/video/7644089961788440826,,7644108666812236587,16:05,待确认,中性,自动映射到抖音视频评论池。,6.2,false
2026-05-26,wangduoyu,抖音评论 16:04,再升怎么样？,,,,否,video_id=7644089961788440826; video_url=https://www.douyin.com/video/7644089961788440826; creator=王多于-股之子; like=0; reply=0; source_type=comment; yeren_signal_id=; parent_comment_text=,16:04,抖音评论,video,5.26每日一开眼#内容过于真实 #股民 #基金 #王多于股之子 #vlog十亿流量扶持计划,半只小月亮🌙,7644089961788440826,https://www.douyin.com/video/7644089961788440826,,7644108379867415333,16:04,未纳入,中性,自动映射到抖音视频评论池。,,false
2026-05-26,wangduoyu,抖音评论 16:01,是这个么,,,,否,video_id=7644089961788440826; video_url=https://www.douyin.com/video/7644089961788440826; creator=王多于-股之子; like=0; reply=0; source_type=comment; yeren_signal_id=; parent_comment_text=,16:01,抖音评论,video,5.26每日一开眼#内容过于真实 #股民 #基金 #王多于股之子 #vlog十亿流量扶持计划,星辰·大海,7644089961788440826,https://www.douyin.com/video/7644089961788440826,,7644107651102180146,16:01,未纳入,中性,自动映射到抖音视频评论池。,,false
2026-05-26,wangduoyu,抖音评论 15:56,是不是可以去有色etf了,,,,否,video_id=7644089961788440826; video_url=https://www.douyin.com/video/7644089961788440826; creator=王多于-股之子; like=0; reply=0; source_type=comment; yeren_signal_id=; parent_comment_text=,15:56,抖音评论,video,5.26每日一开眼#内容过于真实 #股民 #基金 #王多于股之子 #vlog十亿流量扶持计划,zzzz,7644089961788440826,https://www.douyin.com/video/7644089961788440826,,7644106376956953390,15:56,未纳入,中性,自动映射到抖音视频评论池。,,false
2026-05-26,wangduoyu,抖音评论 15:52,明后天大盘就安全点了，个股得看盘中，华天是长线,,,,否,video_id=7644089961788440826; video_url=https://www.douyin.com/video/7644089961788440826; creator=王多于-股之子; like=2; reply=0; source_type=comment; yeren_signal_id=; parent_comment_text=,15:52,抖音评论,video,5.26每日一开眼#内容过于真实 #股民 #基金 #王多于股之子 #vlog十亿流量扶持计划,栾川九十度装饰,7644089961788440826,https://www.douyin.com/video/7644089961788440826,,7644105302007235363,15:52,未纳入,中性,自动映射到抖音视频评论池。,,false
2026-05-26,wangduoyu,抖音评论 15:50,上午亏了七千五，收盘只亏一千五，比赚了一千五还开心[呲牙],,,评论热度较高，但暂未自动识别到明确股票线索，保留人工复核。,待确认,video_id=7644089961788440826; video_url=https://www.douyin.com/video/7644089961788440826; creator=王多于-股之子; like=2; reply=6; source_type=comment; yeren_signal_id=; parent_comment_text=,15:50,抖音评论,video,5.26每日一开眼#内容过于真实 #股民 #基金 #王多于股之子 #vlog十亿流量扶持计划,蓝黑精灵,7644089961788440826,https://www.douyin.com/video/7644089961788440826,,7644104821879997203,15:50,待确认,中性,自动映射到抖音视频评论池。,6.2,false
2026-05-26,wangduoyu,抖音评论 15:50,[我想静静]我就听劝，现在亏了4麻了，说到底还是得有分辨能力，很多说的都不靠谱8成亏,,,,否,video_id=7644089961788440826; video_url=https://www.douyin.com/video/7644089961788440826; creator=王多于-股之子; like=0; reply=0; source_type=comment; yeren_signal_id=; parent_comment_text=,15:50,抖音评论,video,5.26每日一开眼#内容过于真实 #股民 #基金 #王多于股之子 #vlog十亿流量扶持计划,2氧化硅,7644089961788440826,https://www.douyin.com/video/7644089961788440826,,7644104790926787343,15:50,未纳入,中性,自动映射到抖音视频评论池。,,false
2026-05-26,wangduoyu,抖音评论 15:50,[赞][赞][赞][赞][赞],,,,否,video_id=7644089961788440826; video_url=https://www.douyin.com/video/7644089961788440826; creator=王多于-股之子; like=0; reply=0; source_type=comment; yeren_signal_id=; parent_comment_text=,15:50,抖音评论,video,5.26每日一开眼#内容过于真实 #股民 #基金 #王多于股之子 #vlog十亿流量扶持计划,洋***阳,7644089961788440826,https://www.douyin.com/video/7644089961788440826,,7644104706184643370,15:50,未纳入,中性,自动映射到抖音视频评论池。,,false
2026-05-26,wangduoyu,抖音评论 15:48,我也看到了，结果研究半天没买,,,,否,video_id=7644089961788440826; video_url=https://www.douyin.com/video/7644089961788440826; creator=王多于-股之子; like=0; reply=0; source_type=comment; yeren_signal_id=; parent_comment_text=,15:48,抖音评论,video,5.26每日一开眼#内容过于真实 #股民 #基金 #王多于股之子 #vlog十亿流量扶持计划,韩sir,7644089961788440826,https://www.douyin.com/video/7644089961788440826,,7644104235370627889,15:48,未纳入,中性,自动映射到抖音视频评论池。,,false
2026-05-26,wangduoyu,抖音评论 15:47,还不信长电科技[戳手手],长电科技(600584),,长电科技(600584) 被提及 4 次，有效评论 4 条，来源 2 个，跨来源共振，情绪 中性，当前判断：保留观察。,待确认,video_id=7644089961788440826; video_url=https://www.douyin.com/video/7644089961788440826; creator=王多于-股之子; like=0; reply=5; source_type=comment; yeren_signal_id=; parent_comment_text=,15:47,抖音评论,video,5.26每日一开眼#内容过于真实 #股民 #基金 #王多于股之子 #vlog十亿流量扶持计划,curry.,7644089961788440826,https://www.douyin.com/video/7644089961788440826,,7644103871815484203,15:47,待确认,中性,自动映射到抖音视频评论池。,8.3,false
2026-05-26,wangduoyu,抖音评论 15:45,义父啊，拉一下中材国际和长城汽车嘛，跌很久了,中材国际(600970);长城汽车(601633),,中材国际(600970) 被提及 1 次，有效评论 1 条，来源 1 个，单视频线索，情绪 谨慎，当前判断：偏风险观察。；长城汽车(601633) 被提及 1 次，有效评论 1 条，来源 1 个，单视频线索，情绪 谨慎，当前判断：偏风险观察。,否,video_id=7644089961788440826; video_url=https://www.douyin.com/video/7644089961788440826; creator=王多于-股之子; like=0; reply=1; source_type=comment; yeren_signal_id=; parent_comment_text=,15:45,抖音评论,video,5.26每日一开眼#内容过于真实 #股民 #基金 #王多于股之子 #vlog十亿流量扶持计划,暖杨杨💫,7644089961788440826,https://www.douyin.com/video/7644089961788440826,,7644103399907410725,15:45,未纳入,谨慎,自动映射到抖音视频评论池。,5.9,false
2026-05-26,wangduoyu,抖音评论 15:45,我也看到了，没有买,,,,否,video_id=7644089961788440826; video_url=https://www.douyin.com/video/7644089961788440826; creator=王多于-股之子; like=0; reply=0; source_type=comment; yeren_signal_id=; parent_comment_text=,15:45,抖音评论,video,5.26每日一开眼#内容过于真实 #股民 #基金 #王多于股之子 #vlog十亿流量扶持计划,南伞小桥水小镇酒,7644089961788440826,https://www.douyin.com/video/7644089961788440826,,7644103381968487202,15:45,未纳入,中性,自动映射到抖音视频评论池。,,false
2026-05-26,wangduoyu,抖音评论 15:45,雅克科技 哪位义父给个意见  今天尾盘高点进去了[流泪],雅克科技(002409),,雅克科技(002409) 被提及 1 次，有效评论 1 条，来源 1 个，单视频线索，情绪 中性，当前判断：保留观察。,待确认,video_id=7644089961788440826; video_url=https://www.douyin.com/video/7644089961788440826; creator=王多于-股之子; like=0; reply=1; source_type=comment; yeren_signal_id=; parent_comment_text=,15:45,抖音评论,video,5.26每日一开眼#内容过于真实 #股民 #基金 #王多于股之子 #vlog十亿流量扶持计划,草莓不玫,7644089961788440826,https://www.douyin.com/video/7644089961788440826,,7644103351785538319,15:45,待确认,中性,自动映射到抖音视频评论池。,6.4,false
2026-05-26,wangduoyu,抖音评论 15:44,明天买啥呀[流泪],,,,否,video_id=7644089961788440826; video_url=https://www.douyin.com/video/7644089961788440826; creator=王多于-股之子; like=0; reply=0; source_type=comment; yeren_signal_id=; parent_comment_text=,15:44,抖音评论,video,5.26每日一开眼#内容过于真实 #股民 #基金 #王多于股之子 #vlog十亿流量扶持计划,阿帅的小帕,7644089961788440826,https://www.douyin.com/video/7644089961788440826,,7644103235687367482,15:44,未纳入,中性,自动映射到抖音视频评论池。,,false
2026-05-26,wangduoyu,抖音评论 15:42,再升啊[柴犬],,,评论热度较高，但暂未自动识别到明确股票线索，保留人工复核。,待确认,video_id=7644089961788440826; video_url=https://www.douyin.com/video/7644089961788440826; creator=王多于-股之子; like=0; reply=6; source_type=comment; yeren_signal_id=; parent_comment_text=,15:42,抖音评论,video,5.26每日一开眼#内容过于真实 #股民 #基金 #王多于股之子 #vlog十亿流量扶持计划,抄股买Gua,7644089961788440826,https://www.douyin.com/video/7644089961788440826,,7644102755397747514,15:42,待确认,中性,自动映射到抖音视频评论池。,6.2,false
2026-05-26,wangduoyu,抖音评论 15:42,上周五进的，昨天没拿住,,,,否,video_id=7644089961788440826; video_url=https://www.douyin.com/video/7644089961788440826; creator=王多于-股之子; like=0; reply=0; source_type=comment; yeren_signal_id=; parent_comment_text=,15:42,抖音评论,video,5.26每日一开眼#内容过于真实 #股民 #基金 #王多于股之子 #vlog十亿流量扶持计划,秋尽江南,7644089961788440826,https://www.douyin.com/video/7644089961788440826,,7644102610258314033,15:42,未纳入,中性,自动映射到抖音视频评论池。,,false
2026-05-26,wangduoyu,抖音评论 15:37,反复做t就好了,,,评论热度较高，但暂未自动识别到明确股票线索，保留人工复核。,待确认,video_id=7644089961788440826; video_url=https://www.douyin.com/video/7644089961788440826; creator=王多于-股之子; like=9; reply=9; source_type=comment; yeren_signal_id=; parent_comment_text=,15:37,抖音评论,video,5.26每日一开眼#内容过于真实 #股民 #基金 #王多于股之子 #vlog十亿流量扶持计划,咕噜咕噜夏,7644089961788440826,https://www.douyin.com/video/7644089961788440826,,7644101363933512482,15:37,待确认,中性,自动映射到抖音视频评论池。,6.2,false
2026-05-26,wangduoyu,抖音评论 15:35,岩山科技有人进么,岩山科技(002195),,岩山科技(002195) 被提及 1 次，有效评论 1 条，来源 1 个，单视频线索，情绪 中性，当前判断：保留观察。,待确认,video_id=7644089961788440826; video_url=https://www.douyin.com/video/7644089961788440826; creator=王多于-股之子; like=0; reply=8; source_type=comment; yeren_signal_id=; parent_comment_text=,15:35,抖音评论,video,5.26每日一开眼#内容过于真实 #股民 #基金 #王多于股之子 #vlog十亿流量扶持计划,Komorebi,7644089961788440826,https://www.douyin.com/video/7644089961788440826,,7644100774221906738,15:35,待确认,中性,自动映射到抖音视频评论池。,6.4,false
2026-05-26,wangduoyu,抖音评论 15:34,海星怎么看被套住了[流泪],,,,否,video_id=7644089961788440826; video_url=https://www.douyin.com/video/7644089961788440826; creator=王多于-股之子; like=0; reply=0; source_type=comment; yeren_signal_id=; parent_comment_text=,15:34,抖音评论,video,5.26每日一开眼#内容过于真实 #股民 #基金 #王多于股之子 #vlog十亿流量扶持计划,宇宙超级无敌嗜血邪魅大帅哥,7644089961788440826,https://www.douyin.com/video/7644089961788440826,,7644100571213644571,15:34,未纳入,中性,自动映射到抖音视频评论池。,,false
2026-05-26,wangduoyu,抖音评论 15:34,我在玻纤吃了肉，在京能挨了打，今天白搭,,,评论热度较高，但暂未自动识别到明确股票线索，保留人工复核。,待确认,video_id=7644089961788440826; video_url=https://www.douyin.com/video/7644089961788440826; creator=王多于-股之子; like=1; reply=8; source_type=comment; yeren_signal_id=; parent_comment_text=,15:34,抖音评论,video,5.26每日一开眼#内容过于真实 #股民 #基金 #王多于股之子 #vlog十亿流量扶持计划,奶芙蔓越莓,7644089961788440826,https://www.douyin.com/video/7644089961788440826,,7644100558068269881,15:34,待确认,中性,自动映射到抖音视频评论池。,6.2,false
2026-05-26,wangduoyu,抖音评论 15:33,今天我有三个涨停板 上海电 中百 三峡 都是老登,,,,否,video_id=7644089961788440826; video_url=https://www.douyin.com/video/7644089961788440826; creator=王多于-股之子; like=1; reply=0; source_type=comment; yeren_signal_id=; parent_comment_text=,15:33,抖音评论,video,5.26每日一开眼#内容过于真实 #股民 #基金 #王多于股之子 #vlog十亿流量扶持计划,田哥在等你,7644089961788440826,https://www.douyin.com/video/7644089961788440826,,7644100403298435849,15:33,未纳入,中性,自动映射到抖音视频评论池。,,false
2026-05-26,wangduoyu,抖音评论 15:33,盈方微这波突破前高应该没问题吧,盈方微(000670),,盈方微(000670) 被提及 6 次，有效评论 6 条，来源 2 个，跨来源共振，情绪 中性，当前判断：保留观察。,待确认,video_id=7644089961788440826; video_url=https://www.douyin.com/video/7644089961788440826; creator=王多于-股之子; like=2; reply=5; source_type=comment; yeren_signal_id=; parent_comment_text=,15:33,抖音评论,video,5.26每日一开眼#内容过于真实 #股民 #基金 #王多于股之子 #vlog十亿流量扶持计划,阿勇,7644089961788440826,https://www.douyin.com/video/7644089961788440826,,7644100378452099892,15:33,待确认,中性,自动映射到抖音视频评论池。,9.1,false
2026-05-26,wangduoyu,抖音评论 15:33,东方明珠我恨你,东方明珠(600637);东方明珠(600832),,东方明珠(600637) 被提及 3 次，有效评论 3 条，来源 2 个，跨来源共振，情绪 中性，当前判断：保留观察。；东方明珠(600832) 被提及 3 次，有效评论 3 条，来源 2 个，跨来源共振，情绪 中性，当前判断：保留观察。,待确认,video_id=7644089961788440826; video_url=https://www.douyin.com/video/7644089961788440826; creator=王多于-股之子; like=3; reply=7; source_type=comment; yeren_signal_id=; parent_comment_text=,15:33,抖音评论,video,5.26每日一开眼#内容过于真实 #股民 #基金 #王多于股之子 #vlog十亿流量扶持计划,念你一世空心。,7644089961788440826,https://www.douyin.com/video/7644089961788440826,,7644100320368378675,15:33,待确认,中性,自动映射到抖音视频评论池。,8.0,false
2026-05-26,wangduoyu,抖音评论 15:31,有大佬帮我看看大唐和京能吗[流泪],,,,否,video_id=7644089961788440826; video_url=https://www.douyin.com/video/7644089961788440826; creator=王多于-股之子; like=0; reply=2; source_type=comment; yeren_signal_id=; parent_comment_text=,15:31,抖音评论,video,5.26每日一开眼#内容过于真实 #股民 #基金 #王多于股之子 #vlog十亿流量扶持计划,溪棠,7644089961788440826,https://www.douyin.com/video/7644089961788440826,,7644099827056575291,15:31,未纳入,中性,自动映射到抖音视频评论池。,,false
2026-05-26,wangduoyu,抖音评论 15:31,我也看到了这位义父，然后没建仓，今天追板进了一点[捂脸],,,,否,video_id=7644089961788440826; video_url=https://www.douyin.com/video/7644089961788440826; creator=王多于-股之子; like=1; reply=4; source_type=comment; yeren_signal_id=; parent_comment_text=,15:31,抖音评论,video,5.26每日一开眼#内容过于真实 #股民 #基金 #王多于股之子 #vlog十亿流量扶持计划,宁波老男孩,7644089961788440826,https://www.douyin.com/video/7644089961788440826,,7644099803219378993,15:31,未纳入,中性,自动映射到抖音视频评论池。,,false
2026-05-26,wangduoyu,抖音评论 15:31,什么是民间高手？3000个人一人一支票，总有几个能涨停，麻烦各位有水平的义父发了以后可以稍微说一点逻辑，这样更可信，而不是说，我就发一遍，爱信不信，想跟就跟的这种话，你说我们该不该信啊，谁知道大家是不是都是蒙的，还有就是希望没有水平的义父们，看真义父操作，不要在下面瞎说票，我进吧是对各位义父的信任，但是也不能随口就来吧，大家都不容易，都是小散户都想吃口肉，不要因为你瞎说害了大家。最后还是要感谢主播给个平台，各位义父给的好票，谢谢[赞][赞][赞],,,,否,video_id=7644089961788440826; video_url=https://www.douyin.com/video/7644089961788440826; creator=王多于-股之子; like=2; reply=0; source_type=comment; yeren_signal_id=; parent_comment_text=,15:31,抖音评论,video,5.26每日一开眼#内容过于真实 #股民 #基金 #王多于股之子 #vlog十亿流量扶持计划,赫城,7644089961788440826,https://www.douyin.com/video/7644089961788440826,,7644099792607478562,15:31,未纳入,中性,自动映射到抖音视频评论池。,,false
2026-05-26,wangduoyu,抖音评论 15:30,昨天收藏了这个票，看不懂今天就涨停了,,,,否,video_id=7644089961788440826; video_url=https://www.douyin.com/video/7644089961788440826; creator=王多于-股之子; like=0; reply=0; source_type=comment; yeren_signal_id=; parent_comment_text=,15:30,抖音评论,video,5.26每日一开眼#内容过于真实 #股民 #基金 #王多于股之子 #vlog十亿流量扶持计划,我的旺仔,7644089961788440826,https://www.douyin.com/video/7644089961788440826,,7644099507911541550,15:30,未纳入,中性,自动映射到抖音视频评论池。,,false
2026-05-26,wangduoyu,抖音评论 15:29,依旧是通富，长电,,,,否,video_id=7644089961788440826; video_url=https://www.douyin.com/video/7644089961788440826; creator=王多于-股之子; like=4; reply=2; source_type=comment; yeren_signal_id=; parent_comment_text=,15:29,抖音评论,video,5.26每日一开眼#内容过于真实 #股民 #基金 #王多于股之子 #vlog十亿流量扶持计划,陈成来,7644089961788440826,https://www.douyin.com/video/7644089961788440826,,7644099447161668404,15:29,未纳入,中性,自动映射到抖音视频评论池。,,false
2026-05-26,wangduoyu,抖音评论 15:29,有没有大哥看看华能蒙电，帮忙解读一下还能拿吗,华能蒙电(600863),,华能蒙电(600863) 被提及 4 次，有效评论 4 条，来源 2 个，跨来源共振，情绪 中性，当前判断：已进入推荐候选。,是,video_id=7644089961788440826; video_url=https://www.douyin.com/video/7644089961788440826; creator=王多于-股之子; like=0; reply=4; source_type=comment; yeren_signal_id=; parent_comment_text=,15:29,抖音评论,video,5.26每日一开眼#内容过于真实 #股民 #基金 #王多于股之子 #vlog十亿流量扶持计划,Lboy7,7644089961788440826,https://www.douyin.com/video/7644089961788440826,,7644099433110160165,15:29,已纳入,中性,自动映射到抖音视频评论池。,9.2,true
2026-05-26,wangduoyu,抖音评论 15:29,dzgy吗？,,,,否,video_id=7644089961788440826; video_url=https://www.douyin.com/video/7644089961788440826; creator=王多于-股之子; like=0; reply=0; source_type=comment; yeren_signal_id=; parent_comment_text=,15:29,抖音评论,video,5.26每日一开眼#内容过于真实 #股民 #基金 #王多于股之子 #vlog十亿流量扶持计划,小先生～,7644089961788440826,https://www.douyin.com/video/7644089961788440826,,7644099286662038329,15:29,未纳入,中性,自动映射到抖音视频评论池。,,false
2026-05-26,wangduoyu,抖音评论 15:29,套牢我半年了,,,,否,video_id=7644089961788440826; video_url=https://www.douyin.com/video/7644089961788440826; creator=王多于-股之子; like=0; reply=0; source_type=comment; yeren_signal_id=; parent_comment_text=,15:29,抖音评论,video,5.26每日一开眼#内容过于真实 #股民 #基金 #王多于股之子 #vlog十亿流量扶持计划,靁の,7644089961788440826,https://www.douyin.com/video/7644089961788440826,,7644099281779655450,15:29,未纳入,中性,自动映射到抖音视频评论池。,,false
2026-05-26,wangduoyu,抖音评论 15:29,石头科技物理ai,石头科技(688169),,石头科技(688169) 被提及 1 次，有效评论 1 条，来源 1 个，单视频线索，情绪 中性，当前判断：保留观察。,待确认,video_id=7644089961788440826; video_url=https://www.douyin.com/video/7644089961788440826; creator=王多于-股之子; like=0; reply=1; source_type=comment; yeren_signal_id=; parent_comment_text=,15:29,抖音评论,video,5.26每日一开眼#内容过于真实 #股民 #基金 #王多于股之子 #vlog十亿流量扶持计划,打工仔,7644089961788440826,https://www.douyin.com/video/7644089961788440826,,7644099244245336870,15:29,待确认,中性,自动映射到抖音视频评论池。,6.4,false
2026-05-26,wangduoyu,抖音评论 15:28,亏麻了,,,,否,video_id=7644089961788440826; video_url=https://www.douyin.com/video/7644089961788440826; creator=王多于-股之子; like=0; reply=0; source_type=comment; yeren_signal_id=; parent_comment_text=,15:28,抖音评论,video,5.26每日一开眼#内容过于真实 #股民 #基金 #王多于股之子 #vlog十亿流量扶持计划,浩在聆听 ㊙富⁵¹²大号,7644089961788440826,https://www.douyin.com/video/7644089961788440826,,7644099146631660346,15:28,未纳入,中性,自动映射到抖音视频评论池。,,false
2026-05-26,wangduoyu,抖音评论 15:27,就我在亏钱吗[流泪][流泪][流泪][流泪]求个义父,,,,否,video_id=7644089961788440826; video_url=https://www.douyin.com/video/7644089961788440826; creator=王多于-股之子; like=1; reply=0; source_type=comment; yeren_signal_id=; parent_comment_text=,15:27,抖音评论,video,5.26每日一开眼#内容过于真实 #股民 #基金 #王多于股之子 #vlog十亿流量扶持计划,fb&xxm,7644089961788440826,https://www.douyin.com/video/7644089961788440826,,7644098900093846278,15:27,未纳入,中性,自动映射到抖音视频评论池。,,false
2026-05-26,wangduoyu,抖音评论 15:26,科力尔，天安,科力尔(002892),,科力尔(002892) 被提及 1 次，有效评论 1 条，来源 1 个，单视频线索，情绪 中性，当前判断：保留观察。,待确认,video_id=7644089961788440826; video_url=https://www.douyin.com/video/7644089961788440826; creator=王多于-股之子; like=1; reply=0; source_type=comment; yeren_signal_id=; parent_comment_text=,15:26,抖音评论,video,5.26每日一开眼#内容过于真实 #股民 #基金 #王多于股之子 #vlog十亿流量扶持计划,新时尚整装中心（黄岛）,7644089961788440826,https://www.douyin.com/video/7644089961788440826,,7644098534766002978,15:26,待确认,中性,自动映射到抖音视频评论池。,6.4,false
2026-05-26,wangduoyu,抖音评论 15:23,感谢说九牧王的大哥[比心],九牧王(601566),,九牧王(601566) 被提及 4 次，有效评论 4 条，来源 2 个，跨来源共振，情绪 中性，当前判断：保留观察。,待确认,video_id=7644089961788440826; video_url=https://www.douyin.com/video/7644089961788440826; creator=王多于-股之子; like=0; reply=1; source_type=comment; yeren_signal_id=; parent_comment_text=,15:23,抖音评论,video,5.26每日一开眼#内容过于真实 #股民 #基金 #王多于股之子 #vlog十亿流量扶持计划,sheen🌼,7644089961788440826,https://www.douyin.com/video/7644089961788440826,,7644097753547785009,15:23,待确认,中性,自动映射到抖音视频评论池。,8.3,false
2026-05-26,wangduoyu,抖音评论 15:23,我在中京躲牛市,,,,否,video_id=7644089961788440826; video_url=https://www.douyin.com/video/7644089961788440826; creator=王多于-股之子; like=0; reply=2; source_type=comment; yeren_signal_id=; parent_comment_text=,15:23,抖音评论,video,5.26每日一开眼#内容过于真实 #股民 #基金 #王多于股之子 #vlog十亿流量扶持计划,江湖小新,7644089961788440826,https://www.douyin.com/video/7644089961788440826,,7644097719199646501,15:23,未纳入,中性,自动映射到抖音视频评论池。,,false
2026-05-26,wangduoyu,抖音评论 15:22,九牧王要主升了,九牧王(601566),,九牧王(601566) 被提及 4 次，有效评论 4 条，来源 2 个，跨来源共振，情绪 中性，当前判断：保留观察。,待确认,video_id=7644089961788440826; video_url=https://www.douyin.com/video/7644089961788440826; creator=王多于-股之子; like=2; reply=7; source_type=comment; yeren_signal_id=; parent_comment_text=,15:22,抖音评论,video,5.26每日一开眼#内容过于真实 #股民 #基金 #王多于股之子 #vlog十亿流量扶持计划,段,7644089961788440826,https://www.douyin.com/video/7644089961788440826,,7644097571346137893,15:22,待确认,中性,自动映射到抖音视频评论池。,8.3,false
2026-05-26,wangduoyu,抖音评论 15:22,等发现已晚，都变成马后炮了[捂脸],,,,否,video_id=7644089961788440826; video_url=https://www.douyin.com/video/7644089961788440826; creator=王多于-股之子; like=0; reply=0; source_type=comment; yeren_signal_id=; parent_comment_text=,15:22,抖音评论,video,5.26每日一开眼#内容过于真实 #股民 #基金 #王多于股之子 #vlog十亿流量扶持计划,一路向阳,7644089961788440826,https://www.douyin.com/video/7644089961788440826,,7644097562614039333,15:22,未纳入,中性,自动映射到抖音视频评论池。,,false
2026-05-26,wangduoyu,抖音评论 15:21,好久没吃过涨停了[流泪],,,,否,video_id=7644089961788440826; video_url=https://www.douyin.com/video/7644089961788440826; creator=王多于-股之子; like=0; reply=2; source_type=comment; yeren_signal_id=; parent_comment_text=,15:21,抖音评论,video,5.26每日一开眼#内容过于真实 #股民 #基金 #王多于股之子 #vlog十亿流量扶持计划,Mr.Lyu,7644089961788440826,https://www.douyin.com/video/7644089961788440826,,7644097167863743284,15:21,未纳入,中性,自动映射到抖音视频评论池。,,false
2026-05-26,wangduoyu,抖音评论 15:20,你为什么不听劝[酷拽],,,,否,video_id=7644089961788440826; video_url=https://www.douyin.com/video/7644089961788440826; creator=王多于-股之子; like=0; reply=0; source_type=comment; yeren_signal_id=; parent_comment_text=,15:20,抖音评论,video,5.26每日一开眼#内容过于真实 #股民 #基金 #王多于股之子 #vlog十亿流量扶持计划,！！！,7644089961788440826,https://www.douyin.com/video/7644089961788440826,,7644097086845354801,15:20,未纳入,中性,自动映射到抖音视频评论池。,,false
2026-05-26,wangduoyu,抖音评论 15:20,深科技看到多少啊老大,,,评论热度较高，但暂未自动识别到明确股票线索，保留人工复核。,待确认,video_id=7644089961788440826; video_url=https://www.douyin.com/video/7644089961788440826; creator=王多于-股之子; like=0; reply=9; source_type=comment; yeren_signal_id=; parent_comment_text=,15:20,抖音评论,video,5.26每日一开眼#内容过于真实 #股民 #基金 #王多于股之子 #vlog十亿流量扶持计划,支棱起来,7644089961788440826,https://www.douyin.com/video/7644089961788440826,,7644096922580681508,15:20,待确认,中性,自动映射到抖音视频评论池。,6.2,false
2026-05-26,wangduoyu,抖音评论 15:12,今天都亏钱吗？我的三个10厘米以上的是怎么回事[捂脸],,,,否,video_id=7644089961788440826; video_url=https://www.douyin.com/video/7644089961788440826; creator=王多于-股之子; like=0; reply=2; source_type=comment; yeren_signal_id=; parent_comment_text=,15:12,抖音评论,video,5.26每日一开眼#内容过于真实 #股民 #基金 #王多于股之子 #vlog十亿流量扶持计划,但尽己力，未来可期,7644089961788440826,https://www.douyin.com/video/7644089961788440826,,7644094915421291301,15:12,未纳入,中性,自动映射到抖音视频评论池。,,false
2026-05-26,wangduoyu,抖音评论 15:11,多鱼你去纹个眉，聚财[大笑],,,,否,video_id=7644089961788440826; video_url=https://www.douyin.com/video/7644089961788440826; creator=王多于-股之子; like=2; reply=1; source_type=comment; yeren_signal_id=; parent_comment_text=,15:11,抖音评论,video,5.26每日一开眼#内容过于真实 #股民 #基金 #王多于股之子 #vlog十亿流量扶持计划,锦鲤本鲤,7644089961788440826,https://www.douyin.com/video/7644089961788440826,,7644094635850384177,15:11,未纳入,中性,自动映射到抖音视频评论池。,,false
2026-05-26,wangduoyu,抖音评论 15:10,宝宝 明天买哪个？,,,,否,video_id=7644089961788440826; video_url=https://www.douyin.com/video/7644089961788440826; creator=王多于-股之子; like=0; reply=1; source_type=comment; yeren_signal_id=; parent_comment_text=,15:10,抖音评论,video,5.26每日一开眼#内容过于真实 #股民 #基金 #王多于股之子 #vlog十亿流量扶持计划,与鱼,7644089961788440826,https://www.douyin.com/video/7644089961788440826,,7644094513787634469,15:10,未纳入,中性,自动映射到抖音视频评论池。,,false
2026-05-26,wangduoyu,抖音评论 15:09,上海电力,上海电力(600021),,上海电力(600021) 被提及 4 次，有效评论 4 条，来源 1 个，单视频线索，情绪 中性，当前判断：保留观察。,待确认,video_id=7644089961788440826; video_url=https://www.douyin.com/video/7644089961788440826; creator=王多于-股之子; like=5; reply=3; source_type=comment; yeren_signal_id=; parent_comment_text=,15:09,抖音评论,video,5.26每日一开眼#内容过于真实 #股民 #基金 #王多于股之子 #vlog十亿流量扶持计划,👌好的,7644089961788440826,https://www.douyin.com/video/7644089961788440826,,7644094069706294053,15:09,待确认,中性,自动映射到抖音视频评论池。,7.6,false
2026-05-26,wangduoyu,抖音评论 15:08,长电多少卖,,,评论热度较高，但暂未自动识别到明确股票线索，保留人工复核。,待确认,video_id=7644089961788440826; video_url=https://www.douyin.com/video/7644089961788440826; creator=王多于-股之子; like=1; reply=13; source_type=comment; yeren_signal_id=; parent_comment_text=,15:08,抖音评论,video,5.26每日一开眼#内容过于真实 #股民 #基金 #王多于股之子 #vlog十亿流量扶持计划,滴答,7644089961788440826,https://www.douyin.com/video/7644089961788440826,,7644093849611174705,15:08,待确认,中性,自动映射到抖音视频评论池。,6.2,false
2026-05-26,wangduoyu,抖音评论 15:07,我也发现了没听他的[捂脸],,,,否,video_id=7644089961788440826; video_url=https://www.douyin.com/video/7644089961788440826; creator=王多于-股之子; like=1; reply=3; source_type=comment; yeren_signal_id=; parent_comment_text=,15:07,抖音评论,video,5.26每日一开眼#内容过于真实 #股民 #基金 #王多于股之子 #vlog十亿流量扶持计划,阿阿陈,7644089961788440826,https://www.douyin.com/video/7644089961788440826,,7644093642840376106,15:07,未纳入,中性,自动映射到抖音视频评论池。,,false
2026-05-26,wangduoyu,抖音评论 15:07,"我加自选了  然后没买[尬笑]
今天追了一个板  追到了  炸板了[尬笑][尬笑]
啊啊啊啊啊  
抓一个涨停太难了",,,,否,video_id=7644089961788440826; video_url=https://www.douyin.com/video/7644089961788440826; creator=王多于-股之子; like=0; reply=0; source_type=comment; yeren_signal_id=; parent_comment_text=,15:07,抖音评论,video,5.26每日一开眼#内容过于真实 #股民 #基金 #王多于股之子 #vlog十亿流量扶持计划,甜心♥小公举,7644089961788440826,https://www.douyin.com/video/7644089961788440826,,7644093623840539419,15:07,未纳入,中性,自动映射到抖音视频评论池。,,false
2026-05-26,wangduoyu,抖音评论 15:05,下午开板被洗了一半出去，没接回来[捂脸],,,,否,video_id=7644089961788440826; video_url=https://www.douyin.com/video/7644089961788440826; creator=王多于-股之子; like=0; reply=0; source_type=comment; yeren_signal_id=; parent_comment_text=,15:05,抖音评论,video,5.26每日一开眼#内容过于真实 #股民 #基金 #王多于股之子 #vlog十亿流量扶持计划,联正环境,7644089961788440826,https://www.douyin.com/video/7644089961788440826,,7644093086059234082,15:05,未纳入,中性,自动映射到抖音视频评论池。,,false
2026-05-26,wangduoyu,抖音评论 15:04,京东方追高进的 明天会怎么样 有大哥说说吗,,,评论热度较高，但暂未自动识别到明确股票线索，保留人工复核。,待确认,video_id=7644089961788440826; video_url=https://www.douyin.com/video/7644089961788440826; creator=王多于-股之子; like=2; reply=7; source_type=comment; yeren_signal_id=; parent_comment_text=,15:04,抖音评论,video,5.26每日一开眼#内容过于真实 #股民 #基金 #王多于股之子 #vlog十亿流量扶持计划,单,7644089961788440826,https://www.douyin.com/video/7644089961788440826,,7644092847633187620,15:04,待确认,中性,自动映射到抖音视频评论池。,6.2,false
2026-05-26,wangduoyu,抖音评论 15:04,铝今天随便买啊,,,,否,video_id=7644089961788440826; video_url=https://www.douyin.com/video/7644089961788440826; creator=王多于-股之子; like=0; reply=1; source_type=comment; yeren_signal_id=; parent_comment_text=,15:04,抖音评论,video,5.26每日一开眼#内容过于真实 #股民 #基金 #王多于股之子 #vlog十亿流量扶持计划,@小咸鱼干菜！,7644089961788440826,https://www.douyin.com/video/7644089961788440826,,7644092796853158710,15:04,未纳入,中性,自动映射到抖音视频评论池。,,false
2026-05-26,wangduoyu,抖音评论 15:03,金发科技这波先站上24冲击前高31[绝望的凝视],金发科技(600143),,金发科技(600143) 被提及 1 次，有效评论 1 条，来源 1 个，单视频线索，情绪 中性，当前判断：保留观察。,待确认,video_id=7644089961788440826; video_url=https://www.douyin.com/video/7644089961788440826; creator=王多于-股之子; like=0; reply=1; source_type=comment; yeren_signal_id=; parent_comment_text=,15:03,抖音评论,video,5.26每日一开眼#内容过于真实 #股民 #基金 #王多于股之子 #vlog十亿流量扶持计划,氼.円,7644089961788440826,https://www.douyin.com/video/7644089961788440826,,7644092743317078836,15:03,待确认,中性,自动映射到抖音视频评论池。,6.4,false
2026-05-26,wangduoyu,抖音评论 15:01,听劝的，能有几个好下场的？,,,,否,video_id=7644089961788440826; video_url=https://www.douyin.com/video/7644089961788440826; creator=王多于-股之子; like=0; reply=0; source_type=comment; yeren_signal_id=; parent_comment_text=,15:01,抖音评论,video,5.26每日一开眼#内容过于真实 #股民 #基金 #王多于股之子 #vlog十亿流量扶持计划,粗中生,7644089961788440826,https://www.douyin.com/video/7644089961788440826,,7644092142390690603,15:01,未纳入,中性,自动映射到抖音视频评论池。,,false
2026-05-26,wangduoyu,抖音评论 15:00,昨天在跌了给机会了，没有进[捂脸],,,,否,video_id=7644089961788440826; video_url=https://www.douyin.com/video/7644089961788440826; creator=王多于-股之子; like=0; reply=0; source_type=comment; yeren_signal_id=; parent_comment_text=,15:00,抖音评论,video,5.26每日一开眼#内容过于真实 #股民 #基金 #王多于股之子 #vlog十亿流量扶持计划,爱穿人字拖,7644089961788440826,https://www.douyin.com/video/7644089961788440826,,7644091880988836634,15:00,未纳入,中性,自动映射到抖音视频评论池。,,false
2026-05-26,wangduoyu,抖音评论 14:59,[杀马特],,,,否,video_id=7644089961788440826; video_url=https://www.douyin.com/video/7644089961788440826; creator=王多于-股之子; like=0; reply=0; source_type=comment; yeren_signal_id=; parent_comment_text=,14:59,抖音评论,video,5.26每日一开眼#内容过于真实 #股民 #基金 #王多于股之子 #vlog十亿流量扶持计划,惜迟,7644089961788440826,https://www.douyin.com/video/7644089961788440826,,7644091599395947322,14:59,未纳入,中性,自动映射到抖音视频评论池。,,false
2026-05-26,wangduoyu,抖音评论 14:57,"很荣幸让博主认可！
长电继续涨停[黄脸干杯]。
讲讲行情结束逻辑:目前走加速，记得放量，情绪，涨幅预期共振的时候要卖！
用大六壬解释：兄弟爻:低位时我们之间关系为兄弟，相互帮扶。高位时我们之间关系为劫财，现在进入后半场了，这时我们变成对手盘了。祝各位好运！[黄脸干杯]",,,评论热度较高，但暂未自动识别到明确股票线索，保留人工复核。,待确认,video_id=7644089961788440826; video_url=https://www.douyin.com/video/7644089961788440826; creator=王多于-股之子; like=33; reply=24; source_type=comment; yeren_signal_id=; parent_comment_text=,14:57,抖音评论,video,5.26每日一开眼#内容过于真实 #股民 #基金 #王多于股之子 #vlog十亿流量扶持计划,李东阳,7644089961788440826,https://www.douyin.com/video/7644089961788440826,,7644091026784961337,14:57,待确认,中性,自动映射到抖音视频评论池。,6.2,false
2026-05-26,wangduoyu,抖音评论 14:57,[比心],,,,否,video_id=7644089961788440826; video_url=https://www.douyin.com/video/7644089961788440826; creator=王多于-股之子; like=0; reply=0; source_type=comment; yeren_signal_id=; parent_comment_text=,14:57,抖音评论,video,5.26每日一开眼#内容过于真实 #股民 #基金 #王多于股之子 #vlog十亿流量扶持计划,一路长虹,7644089961788440826,https://www.douyin.com/video/7644089961788440826,,7644091020423021352,14:57,未纳入,中性,自动映射到抖音视频评论池。,,false
2026-05-26,wangduoyu,抖音评论 14:54,吸  给民间高手都吸过来,,,评论热度较高，但暂未自动识别到明确股票线索，保留人工复核。,待确认,video_id=7644089961788440826; video_url=https://www.douyin.com/video/7644089961788440826; creator=王多于-股之子; like=17; reply=8; source_type=comment; yeren_signal_id=; parent_comment_text=,14:54,抖音评论,video,5.26每日一开眼#内容过于真实 #股民 #基金 #王多于股之子 #vlog十亿流量扶持计划,王多于-股之子,7644089961788440826,https://www.douyin.com/video/7644089961788440826,,7644090330795754277,14:54,待确认,中性,自动映射到抖音视频评论池。,6.2,false
2026-05-26,wangduoyu,抖音评论 14:54,[流泪][流泪][流泪],,,,否,video_id=7644089961788440826; video_url=https://www.douyin.com/video/7644089961788440826; creator=王多于-股之子; like=0; reply=0; source_type=comment; yeren_signal_id=; parent_comment_text=,14:54,抖音评论,video,5.26每日一开眼#内容过于真实 #股民 #基金 #王多于股之子 #vlog十亿流量扶持计划,槑蜀黍,7644089961788440826,https://www.douyin.com/video/7644089961788440826,,7644090307306406707,14:54,未纳入,中性,自动映射到抖音视频评论池。,,false
2026-05-26,wangduoyu,抖音评论 17:15,各位老师。威龙和狮头明天有反弹的预期吗，还能拿吗[流泪],,,,否,video_id=7644089961788440826; video_url=https://www.douyin.com/video/7644089961788440826; creator=王多于-股之子; like=0; reply=0; source_type=comment; yeren_signal_id=; parent_comment_text=,17:15,抖音评论,video,5.26每日一开眼#内容过于真实 #股民 #基金 #王多于股之子 #vlog十亿流量扶持计划,41843780946,7644089961788440826,https://www.douyin.com/video/7644089961788440826,,7644126761891398410,17:15,未纳入,中性,自动映射到抖音视频评论池。,,false
2026-05-26,wangduoyu,抖音评论 17:10,北部港湾，猜的啊，感觉还不错,,,,否,video_id=7644089961788440826; video_url=https://www.douyin.com/video/7644089961788440826; creator=王多于-股之子; like=0; reply=0; source_type=comment; yeren_signal_id=; parent_comment_text=,17:10,抖音评论,video,5.26每日一开眼#内容过于真实 #股民 #基金 #王多于股之子 #vlog十亿流量扶持计划,shape of my heart,7644089961788440826,https://www.douyin.com/video/7644089961788440826,,7644125363530515234,17:10,未纳入,中性,自动映射到抖音视频评论池。,,false
2026-05-26,wangduoyu,抖音评论 15:41,爸爸们帮我看看新强联和长传科技，义父救命，指条明路，磕了,新强联(300850),,新强联(300850) 被提及 1 次，有效评论 1 条，来源 1 个，单视频线索，情绪 看多，当前判断：保留观察。,待确认,video_id=7644089961788440826; video_url=https://www.douyin.com/video/7644089961788440826; creator=王多于-股之子; like=0; reply=0; source_type=comment; yeren_signal_id=; parent_comment_text=,15:41,抖音评论,video,5.26每日一开眼#内容过于真实 #股民 #基金 #王多于股之子 #vlog十亿流量扶持计划,.,7644089961788440826,https://www.douyin.com/video/7644089961788440826,,7644102495358862129,15:41,待确认,看多,自动映射到抖音视频评论池。,6.4,false
2026-05-26,wangduoyu,抖音评论 15:25,义父，求指点，云南特产安排上,,,,否,video_id=7644089961788440826; video_url=https://www.douyin.com/video/7644089961788440826; creator=王多于-股之子; like=0; reply=0; source_type=comment; yeren_signal_id=; parent_comment_text=,15:25,抖音评论,video,5.26每日一开眼#内容过于真实 #股民 #基金 #王多于股之子 #vlog十亿流量扶持计划,一纸荒年,7644089961788440826,https://www.douyin.com/video/7644089961788440826,,7644098209605911353,15:25,未纳入,中性,自动映射到抖音视频评论池。,,false
2026-05-26,wangduoyu,抖音评论 15:37,拿着不动可惜只剩这么点了,,,,否,video_id=7644089961788440826; video_url=https://www.douyin.com/video/7644089961788440826; creator=王多于-股之子; like=0; reply=0; source_type=comment; yeren_signal_id=; parent_comment_text=,15:37,抖音评论,video,5.26每日一开眼#内容过于真实 #股民 #基金 #王多于股之子 #vlog十亿流量扶持计划,CC小财迷,7644089961788440826,https://www.douyin.com/video/7644089961788440826,,7644101472862372650,15:37,未纳入,中性,自动映射到抖音视频评论池。,,false
2026-05-26,wangduoyu,抖音评论 16:06,我在深科技，尾盘真刺激,深科技(000021),,深科技(000021) 被提及 15 次，有效评论 15 条，来源 2 个，跨来源共振，情绪 中性，当前判断：保留观察。,待确认,video_id=7644037011783755633; video_url=https://www.douyin.com/video/7644037011783755633; creator=王多于-股之子; like=9; reply=18; source_type=comment; yeren_signal_id=; parent_comment_text=,16:06,抖音评论,video,有点惨#内容过于真实 #股民 #基金 #王多于股之子 #vlog十亿流量扶持计划,🙃,7644037011783755633,https://www.douyin.com/video/7644037011783755633,,7644108877201769270,16:06,待确认,中性,自动映射到抖音视频评论池。,9.6,false
2026-05-26,wangduoyu,抖音评论 14:51,昨天在评论区捡了个青龙管业，赔惨了[流泪],青龙管业(002457),,青龙管业(002457) 被提及 8 次，有效评论 8 条，来源 2 个，跨来源共振，情绪 谨慎，当前判断：偏风险观察。,否,video_id=7644037011783755633; video_url=https://www.douyin.com/video/7644037011783755633; creator=王多于-股之子; like=5; reply=7; source_type=comment; yeren_signal_id=; parent_comment_text=,14:51,抖音评论,video,有点惨#内容过于真实 #股民 #基金 #王多于股之子 #vlog十亿流量扶持计划,生如夏花、不负韶华,7644037011783755633,https://www.douyin.com/video/7644037011783755633,,7644089551007073081,14:51,未纳入,谨慎,自动映射到抖音视频评论池。,9.4,false
2026-05-26,wangduoyu,抖音评论 14:14,大众公用，执行力！不想多说了[看],大众公用(600635),,大众公用(600635) 被提及 7 次，有效评论 7 条，来源 2 个，跨来源共振，情绪 中性，当前判断：保留观察。,待确认,video_id=7644037011783755633; video_url=https://www.douyin.com/video/7644037011783755633; creator=王多于-股之子; like=13; reply=16; source_type=comment; yeren_signal_id=; parent_comment_text=,14:14,抖音评论,video,有点惨#内容过于真实 #股民 #基金 #王多于股之子 #vlog十亿流量扶持计划,@阿龙,7644037011783755633,https://www.douyin.com/video/7644037011783755633,,7644079957622407987,14:14,待确认,中性,自动映射到抖音视频评论池。,9.5,false
2026-05-26,wangduoyu,抖音评论 13:05,上海电力，还有两板！,上海电力(600021),,上海电力(600021) 被提及 4 次，有效评论 4 条，来源 1 个，单视频线索，情绪 中性，当前判断：保留观察。,待确认,video_id=7644037011783755633; video_url=https://www.douyin.com/video/7644037011783755633; creator=王多于-股之子; like=3; reply=6; source_type=comment; yeren_signal_id=; parent_comment_text=,13:05,抖音评论,video,有点惨#内容过于真实 #股民 #基金 #王多于股之子 #vlog十亿流量扶持计划,趋势向上,7644037011783755633,https://www.douyin.com/video/7644037011783755633,,7644062247992935220,13:05,待确认,中性,自动映射到抖音视频评论池。,7.6,false
2026-05-26,wangduoyu,抖音评论 13:44,捡了个中国长城[流泪]半个月前捡的江特，上个星期捡的沧州明珠，这都是哪个人才推荐的！,中国长城(000066),,中国长城(000066) 被提及 3 次，有效评论 3 条，来源 2 个，跨来源共振，情绪 中性，当前判断：保留观察。,待确认,video_id=7644037011783755633; video_url=https://www.douyin.com/video/7644037011783755633; creator=王多于-股之子; like=9; reply=17; source_type=comment; yeren_signal_id=; parent_comment_text=,13:44,抖音评论,video,有点惨#内容过于真实 #股民 #基金 #王多于股之子 #vlog十亿流量扶持计划,属那小癞蛤蟆不咬人膈应人,7644037011783755633,https://www.douyin.com/video/7644037011783755633,,7644072232642085691,13:44,待确认,中性,自动映射到抖音视频评论池。,8.0,false
2026-05-26,wangduoyu,抖音评论 11:53,博云新材直接吸地板了[微笑]真没谁了,博云新材(002297),,博云新材(002297) 被提及 2 次，有效评论 2 条，来源 1 个，单视频线索，情绪 中性，当前判断：保留观察。,待确认,video_id=7644037011783755633; video_url=https://www.douyin.com/video/7644037011783755633; creator=王多于-股之子; like=2; reply=10; source_type=comment; yeren_signal_id=; parent_comment_text=,11:53,抖音评论,video,有点惨#内容过于真实 #股民 #基金 #王多于股之子 #vlog十亿流量扶持计划,XE丢,7644037011783755633,https://www.douyin.com/video/7644037011783755633,,7644043665368286001,11:53,待确认,中性,自动映射到抖音视频评论池。,6.9,false
2026-05-26,wangduoyu,抖音评论 14:57,利通电子才是永远的神,利通电子(603629),,利通电子(603629) 被提及 1 次，有效评论 1 条，来源 1 个，单视频线索，情绪 中性，当前判断：保留观察。,待确认,video_id=7644037011783755633; video_url=https://www.douyin.com/video/7644037011783755633; creator=王多于-股之子; like=8; reply=3; source_type=comment; yeren_signal_id=; parent_comment_text=,14:57,抖音评论,video,有点惨#内容过于真实 #股民 #基金 #王多于股之子 #vlog十亿流量扶持计划,爱媛媛,7644037011783755633,https://www.douyin.com/video/7644037011783755633,,7644091002466583311,14:57,待确认,中性,自动映射到抖音视频评论池。,6.4,false
2026-05-26,wangduoyu,抖音评论 11:43,抄底华盛昌,华盛昌(002980),,华盛昌(002980) 被提及 2 次，有效评论 2 条，来源 1 个，单视频线索，情绪 中性，当前判断：保留观察。,待确认,video_id=7644037011783755633; video_url=https://www.douyin.com/video/7644037011783755633; creator=王多于-股之子; like=4; reply=8; source_type=comment; yeren_signal_id=; parent_comment_text=,11:43,抖音评论,video,有点惨#内容过于真实 #股民 #基金 #王多于股之子 #vlog十亿流量扶持计划,发财阿力,7644037011783755633,https://www.douyin.com/video/7644037011783755633,,7644041199345124155,11:43,待确认,中性,自动映射到抖音视频评论池。,6.9,false
2026-05-26,wangduoyu,抖音评论 11:56,再说一次 天华科技不到30我倒立洗头,,,评论热度较高，但暂未自动识别到明确股票线索，保留人工复核。,待确认,video_id=7644037011783755633; video_url=https://www.douyin.com/video/7644037011783755633; creator=王多于-股之子; like=8; reply=29; source_type=comment; yeren_signal_id=; parent_comment_text=,11:56,抖音评论,video,有点惨#内容过于真实 #股民 #基金 #王多于股之子 #vlog十亿流量扶持计划,安琪,7644037011783755633,https://www.douyin.com/video/7644037011783755633,,7644044566945874737,11:56,待确认,中性,自动映射到抖音视频评论池。,6.2,false
2026-05-26,wangduoyu,抖音评论 11:40,双星新材没人看到吗？,双星新材(002585),,双星新材(002585) 被提及 3 次，有效评论 3 条，来源 2 个，跨来源共振，情绪 中性，当前判断：保留观察。,待确认,video_id=7644037011783755633; video_url=https://www.douyin.com/video/7644037011783755633; creator=王多于-股之子; like=3; reply=14; source_type=comment; yeren_signal_id=; parent_comment_text=,11:40,抖音评论,video,有点惨#内容过于真实 #股民 #基金 #王多于股之子 #vlog十亿流量扶持计划,安  生,7644037011783755633,https://www.douyin.com/video/7644037011783755633,,7644040282506068786,11:40,待确认,中性,自动映射到抖音视频评论池。,8.0,false
2026-05-26,wangduoyu,抖音评论 13:51,共达电声，一直涨,共达电声(002655),,共达电声(002655) 被提及 4 次，有效评论 4 条，来源 1 个，单视频线索，情绪 中性，当前判断：保留观察。,待确认,video_id=7644037011783755633; video_url=https://www.douyin.com/video/7644037011783755633; creator=王多于-股之子; like=2; reply=1; source_type=comment; yeren_signal_id=; parent_comment_text=,13:51,抖音评论,video,有点惨#内容过于真实 #股民 #基金 #王多于股之子 #vlog十亿流量扶持计划,āáâàã🍮,7644037011783755633,https://www.douyin.com/video/7644037011783755633,,7644074132258620212,13:51,待确认,中性,自动映射到抖音视频评论池。,7.6,false
2026-05-26,wangduoyu,抖音评论 15:31,上周说的华天科技，还有人持有吗？,华天科技(002185),,华天科技(002185) 被提及 7 次，有效评论 7 条，来源 2 个，跨来源共振，情绪 中性，当前判断：保留观察。,待确认,video_id=7644037011783755633; video_url=https://www.douyin.com/video/7644037011783755633; creator=王多于-股之子; like=1; reply=7; source_type=comment; yeren_signal_id=; parent_comment_text=,15:31,抖音评论,video,有点惨#内容过于真实 #股民 #基金 #王多于股之子 #vlog十亿流量扶持计划,一点星光,7644037011783755633,https://www.douyin.com/video/7644037011783755633,,7644099824375726911,15:31,待确认,中性,自动映射到抖音视频评论池。,9.5,false
2026-05-26,wangduoyu,抖音评论 13:05,山东玻纤的大哥呢[舔屏][舔屏][舔屏],山东玻纤(605006),玻纤,山东玻纤(605006) 被提及 19 次，有效评论 19 条，来源 2 个，跨来源共振，情绪 中性，当前判断：保留观察。,待确认,video_id=7644037011783755633; video_url=https://www.douyin.com/video/7644037011783755633; creator=王多于-股之子; like=8; reply=11; source_type=comment; yeren_signal_id=; parent_comment_text=,13:05,抖音评论,video,有点惨#内容过于真实 #股民 #基金 #王多于股之子 #vlog十亿流量扶持计划,quiet,7644037011783755633,https://www.douyin.com/video/7644037011783755633,,7644062108896215871,13:05,待确认,中性,自动映射到抖音视频评论池。,9.6,false
2026-05-26,wangduoyu,抖音评论 15:56,全仓蔚蓝锂芯躺板,蔚蓝锂芯(002245),,蔚蓝锂芯(002245) 被提及 1 次，有效评论 1 条，来源 1 个，单视频线索，情绪 中性，当前判断：保留观察。,待确认,video_id=7644037011783755633; video_url=https://www.douyin.com/video/7644037011783755633; creator=王多于-股之子; like=0; reply=3; source_type=comment; yeren_signal_id=; parent_comment_text=,15:56,抖音评论,video,有点惨#内容过于真实 #股民 #基金 #王多于股之子 #vlog十亿流量扶持计划,不言不语,7644037011783755633,https://www.douyin.com/video/7644037011783755633,,7644106219359601443,15:56,待确认,中性,自动映射到抖音视频评论池。,6.4,false
2026-05-26,wangduoyu,抖音评论 13:13,周一的山东玻纤[舔屏]，祝大家长虹,山东玻纤(605006),玻纤,山东玻纤(605006) 被提及 19 次，有效评论 19 条，来源 2 个，跨来源共振，情绪 中性，当前判断：保留观察。,待确认,video_id=7644037011783755633; video_url=https://www.douyin.com/video/7644037011783755633; creator=王多于-股之子; like=7; reply=24; source_type=comment; yeren_signal_id=; parent_comment_text=,13:13,抖音评论,video,有点惨#内容过于真实 #股民 #基金 #王多于股之子 #vlog十亿流量扶持计划,夏天,7644037011783755633,https://www.douyin.com/video/7644037011783755633,,7644064184083514149,13:13,待确认,中性,自动映射到抖音视频评论池。,9.6,false
2026-05-26,wangduoyu,抖音评论 13:10,tcl科技有没有懂的[玫瑰],,,评论热度较高，但暂未自动识别到明确股票线索，保留人工复核。,待确认,video_id=7644037011783755633; video_url=https://www.douyin.com/video/7644037011783755633; creator=王多于-股之子; like=4; reply=7; source_type=comment; yeren_signal_id=; parent_comment_text=,13:10,抖音评论,video,有点惨#内容过于真实 #股民 #基金 #王多于股之子 #vlog十亿流量扶持计划,丁达尔笑应,7644037011783755633,https://www.douyin.com/video/7644037011783755633,,7644063499958977330,13:10,待确认,中性,自动映射到抖音视频评论池。,6.2,false
2026-05-26,wangduoyu,抖音评论 12:12,兆易创新,兆易创新(603986),,兆易创新(603986) 被提及 1 次，有效评论 1 条，来源 1 个，单视频线索，情绪 中性，当前判断：保留观察。,待确认,video_id=7644037011783755633; video_url=https://www.douyin.com/video/7644037011783755633; creator=王多于-股之子; like=1; reply=3; source_type=comment; yeren_signal_id=; parent_comment_text=,12:12,抖音评论,video,有点惨#内容过于真实 #股民 #基金 #王多于股之子 #vlog十亿流量扶持计划,咬字,7644037011783755633,https://www.douyin.com/video/7644037011783755633,,7644048588747014961,12:12,待确认,中性,自动映射到抖音视频评论池。,6.4,false
2026-05-26,wangduoyu,抖音评论 13:08,中天要拿不住了[泪奔],,,评论热度较高，但暂未自动识别到明确股票线索，保留人工复核。,待确认,video_id=7644037011783755633; video_url=https://www.douyin.com/video/7644037011783755633; creator=王多于-股之子; like=2; reply=9; source_type=comment; yeren_signal_id=; parent_comment_text=,13:08,抖音评论,video,有点惨#内容过于真实 #股民 #基金 #王多于股之子 #vlog十亿流量扶持计划,汉堡被咬了,7644037011783755633,https://www.douyin.com/video/7644037011783755633,,7644062934490809147,13:08,待确认,中性,自动映射到抖音视频评论池。,6.2,false
2026-05-26,wangduoyu,抖音评论 13:45,我要大疆相机，今天下午进沧州明珠，明天开始数板。你听劝不。,,,评论热度较高，但暂未自动识别到明确股票线索，保留人工复核。,待确认,video_id=7644037011783755633; video_url=https://www.douyin.com/video/7644037011783755633; creator=王多于-股之子; like=68; reply=84; source_type=comment; yeren_signal_id=; parent_comment_text=,13:45,抖音评论,video,有点惨#内容过于真实 #股民 #基金 #王多于股之子 #vlog十亿流量扶持计划,💰 ᭄ཽ࿆多财 多亿꧔ꦿ᭄❀ ͜,7644037011783755633,https://www.douyin.com/video/7644037011783755633,,7644072516981801766,13:45,待确认,中性,自动映射到抖音视频评论池。,6.2,false
2026-05-26,wangduoyu,抖音评论 12:00,平潭，和鸿博股份有没有给看看要不要割[流泪],鸿博股份(002229),,鸿博股份(002229) 被提及 3 次，有效评论 3 条，来源 2 个，跨来源共振，情绪 谨慎，当前判断：偏风险观察。,否,video_id=7644037011783755633; video_url=https://www.douyin.com/video/7644037011783755633; creator=王多于-股之子; like=1; reply=7; source_type=comment; yeren_signal_id=; parent_comment_text=,12:00,抖音评论,video,有点惨#内容过于真实 #股民 #基金 #王多于股之子 #vlog十亿流量扶持计划,孤独的幽灵👻,7644037011783755633,https://www.douyin.com/video/7644037011783755633,,7644045588161430272,12:00,未纳入,谨慎,自动映射到抖音视频评论池。,7.4,false
2026-05-26,wangduoyu,抖音评论 11:55,昨天买的嘉美，今天早上买的星源[比心]可以可以,,,评论热度较高，但暂未自动识别到明确股票线索，保留人工复核。,待确认,video_id=7644037011783755633; video_url=https://www.douyin.com/video/7644037011783755633; creator=王多于-股之子; like=0; reply=12; source_type=comment; yeren_signal_id=; parent_comment_text=,11:55,抖音评论,video,有点惨#内容过于真实 #股民 #基金 #王多于股之子 #vlog十亿流量扶持计划,夏添金,7644037011783755633,https://www.douyin.com/video/7644037011783755633,,7644044153709675313,11:55,待确认,中性,自动映射到抖音视频评论池。,6.2,false
2026-05-26,wangduoyu,抖音评论 13:14,卖飞了复材，又卖飞了巨石，好在我还有玻纤。,,,,否,video_id=7644037011783755633; video_url=https://www.douyin.com/video/7644037011783755633; creator=王多于-股之子; like=0; reply=2; source_type=comment; yeren_signal_id=; parent_comment_text=,13:14,抖音评论,video,有点惨#内容过于真实 #股民 #基金 #王多于股之子 #vlog十亿流量扶持计划,雨夜听风,7644037011783755633,https://www.douyin.com/video/7644037011783755633,,7644064660606288677,13:14,未纳入,中性,自动映射到抖音视频评论池。,,false
2026-05-26,wangduoyu,抖音评论 12:55,我在华天躲股灾,,,,否,video_id=7644037011783755633; video_url=https://www.douyin.com/video/7644037011783755633; creator=王多于-股之子; like=2; reply=5; source_type=comment; yeren_signal_id=; parent_comment_text=,12:55,抖音评论,video,有点惨#内容过于真实 #股民 #基金 #王多于股之子 #vlog十亿流量扶持计划,..........,7644037011783755633,https://www.douyin.com/video/7644037011783755633,,7644059684019045157,12:55,未纳入,中性,自动映射到抖音视频评论池。,,false
2026-05-26,wangduoyu,抖音评论 11:45,昨天进的长电和沃格，都跑了，沃格没拿住。今天竟然是红的，尾盘再抄底吧。,,,,否,video_id=7644037011783755633; video_url=https://www.douyin.com/video/7644037011783755633; creator=王多于-股之子; like=1; reply=4; source_type=comment; yeren_signal_id=; parent_comment_text=,11:45,抖音评论,video,有点惨#内容过于真实 #股民 #基金 #王多于股之子 #vlog十亿流量扶持计划,🌈轩_轩     zzx.,7644037011783755633,https://www.douyin.com/video/7644037011783755633,,7644041605469979392,11:45,未纳入,中性,自动映射到抖音视频评论池。,,false
2026-05-26,wangduoyu,抖音评论 12:48,买步步高呀，高考来了不得步步高升吗？高考概念股，三板起步,步步高(002251),,步步高(002251) 被提及 1 次，有效评论 1 条，来源 1 个，单视频线索，情绪 中性，当前判断：保留观察。,待确认,video_id=7644037011783755633; video_url=https://www.douyin.com/video/7644037011783755633; creator=王多于-股之子; like=2; reply=4; source_type=comment; yeren_signal_id=; parent_comment_text=,12:48,抖音评论,video,有点惨#内容过于真实 #股民 #基金 #王多于股之子 #vlog十亿流量扶持计划,颜小二,7644037011783755633,https://www.douyin.com/video/7644037011783755633,,7644057889964065593,12:48,待确认,中性,自动映射到抖音视频评论池。,6.4,false
2026-05-26,wangduoyu,抖音评论 11:45,今天大跌，昨天信了么？？？？大盘暂时无忧，还能上4240，到了速度跑，科技没走完，但是别硬抗,,,评论热度较高，但暂未自动识别到明确股票线索，保留人工复核。,待确认,video_id=7644037011783755633; video_url=https://www.douyin.com/video/7644037011783755633; creator=王多于-股之子; like=0; reply=8; source_type=comment; yeren_signal_id=; parent_comment_text=,11:45,抖音评论,video,有点惨#内容过于真实 #股民 #基金 #王多于股之子 #vlog十亿流量扶持计划,栾川九十度装饰,7644037011783755633,https://www.douyin.com/video/7644037011783755633,,7644041615749841699,11:45,待确认,中性,自动映射到抖音视频评论池。,6.2,false
2026-05-26,wangduoyu,抖音评论 16:41,搞不懂昨天的京能没人看,,,,否,video_id=7644037011783755633; video_url=https://www.douyin.com/video/7644037011783755633; creator=王多于-股之子; like=1; reply=0; source_type=comment; yeren_signal_id=; parent_comment_text=,16:41,抖音评论,video,有点惨#内容过于真实 #股民 #基金 #王多于股之子 #vlog十亿流量扶持计划,爱雪一生,7644037011783755633,https://www.douyin.com/video/7644037011783755633,,7644117799481230126,16:41,未纳入,中性,自动映射到抖音视频评论池。,,false
2026-05-26,wangduoyu,抖音评论 15:23,方正科技,方正科技(600601),,方正科技(600601) 被提及 1 次，有效评论 1 条，来源 1 个，单视频线索，情绪 中性，当前判断：保留观察。,待确认,video_id=7644037011783755633; video_url=https://www.douyin.com/video/7644037011783755633; creator=王多于-股之子; like=0; reply=0; source_type=comment; yeren_signal_id=; parent_comment_text=,15:23,抖音评论,video,有点惨#内容过于真实 #股民 #基金 #王多于股之子 #vlog十亿流量扶持计划,福清迅捷通讯（手机高价回收）,7644037011783755633,https://www.douyin.com/video/7644037011783755633,,7644097771641750324,15:23,待确认,中性,自动映射到抖音视频评论池。,6.4,false
2026-05-26,wangduoyu,抖音评论 15:58,华微电子咋整，一直砸三天了,,,,否,video_id=7644037011783755633; video_url=https://www.douyin.com/video/7644037011783755633; creator=王多于-股之子; like=0; reply=0; source_type=comment; yeren_signal_id=; parent_comment_text=,15:58,抖音评论,video,有点惨#内容过于真实 #股民 #基金 #王多于股之子 #vlog十亿流量扶持计划,小挟,7644037011783755633,https://www.douyin.com/video/7644037011783755633,,7644106765201703729,15:58,未纳入,中性,自动映射到抖音视频评论池。,,false
2026-05-26,wangduoyu,抖音评论 11:45,我不敢上号[大哭]亏成狗了,,,,否,video_id=7644037011783755633; video_url=https://www.douyin.com/video/7644037011783755633; creator=王多于-股之子; like=1; reply=4; source_type=comment; yeren_signal_id=; parent_comment_text=,11:45,抖音评论,video,有点惨#内容过于真实 #股民 #基金 #王多于股之子 #vlog十亿流量扶持计划,哈 哈 哈 哈里露丫,7644037011783755633,https://www.douyin.com/video/7644037011783755633,,7644041574691930917,11:45,未纳入,中性,自动映射到抖音视频评论池。,,false
2026-05-26,wangduoyu,抖音评论 18:02,我在西部，昨天刚买今天就没了13个点,,,,否,video_id=7644037011783755633; video_url=https://www.douyin.com/video/7644037011783755633; creator=王多于-股之子; like=0; reply=0; source_type=comment; yeren_signal_id=; parent_comment_text=,18:02,抖音评论,video,有点惨#内容过于真实 #股民 #基金 #王多于股之子 #vlog十亿流量扶持计划,别无所求,7644037011783755633,https://www.douyin.com/video/7644037011783755633,,7644138657486619441,18:02,未纳入,中性,自动映射到抖音视频评论池。,,false
2026-05-26,wangduoyu,抖音评论 17:58,法尔胜,法尔胜(000890),,法尔胜(000890) 被提及 2 次，有效评论 2 条，来源 2 个，跨来源共振，情绪 中性，当前判断：保留观察。,待确认,video_id=7644037011783755633; video_url=https://www.douyin.com/video/7644037011783755633; creator=王多于-股之子; like=0; reply=0; source_type=comment; yeren_signal_id=; parent_comment_text=,17:58,抖音评论,video,有点惨#内容过于真实 #股民 #基金 #王多于股之子 #vlog十亿流量扶持计划,糖&,7644037011783755633,https://www.douyin.com/video/7644037011783755633,,7644137608084292394,17:58,待确认,中性,自动映射到抖音视频评论池。,7.6,false
2026-05-26,wangduoyu,抖音评论 17:55,谁能救救豫能啊 还有戏吗？,,,,否,video_id=7644037011783755633; video_url=https://www.douyin.com/video/7644037011783755633; creator=王多于-股之子; like=0; reply=0; source_type=comment; yeren_signal_id=; parent_comment_text=,17:55,抖音评论,video,有点惨#内容过于真实 #股民 #基金 #王多于股之子 #vlog十亿流量扶持计划,花海,7644037011783755633,https://www.douyin.com/video/7644037011783755633,,7644137047225238330,17:55,未纳入,中性,自动映射到抖音视频评论池。,,false
2026-05-26,wangduoyu,抖音评论 17:50,尾盘半导体突突突,,,,否,video_id=7644037011783755633; video_url=https://www.douyin.com/video/7644037011783755633; creator=王多于-股之子; like=0; reply=0; source_type=comment; yeren_signal_id=; parent_comment_text=,17:50,抖音评论,video,有点惨#内容过于真实 #股民 #基金 #王多于股之子 #vlog十亿流量扶持计划,Celeste·璃,7644037011783755633,https://www.douyin.com/video/7644037011783755633,,7644135717124096805,17:50,未纳入,中性,自动映射到抖音视频评论池。,,false
2026-05-26,wangduoyu,抖音评论 17:50,没有[不失礼貌的微笑]大盘调整[不失礼貌的微笑],,,,否,video_id=7644037011783755633; video_url=https://www.douyin.com/video/7644037011783755633; creator=王多于-股之子; like=0; reply=0; source_type=comment; yeren_signal_id=; parent_comment_text=,17:50,抖音评论,video,有点惨#内容过于真实 #股民 #基金 #王多于股之子 #vlog十亿流量扶持计划,安然自在安于律己,7644037011783755633,https://www.douyin.com/video/7644037011783755633,,7644135687839957769,17:50,未纳入,中性,自动映射到抖音视频评论池。,,false
2026-05-26,wangduoyu,抖音评论 17:46,明天东方明珠,东方明珠(600637);东方明珠(600832),,东方明珠(600637) 被提及 3 次，有效评论 3 条，来源 2 个，跨来源共振，情绪 中性，当前判断：保留观察。；东方明珠(600832) 被提及 3 次，有效评论 3 条，来源 2 个，跨来源共振，情绪 中性，当前判断：保留观察。,待确认,video_id=7644037011783755633; video_url=https://www.douyin.com/video/7644037011783755633; creator=王多于-股之子; like=0; reply=1; source_type=comment; yeren_signal_id=; parent_comment_text=,17:46,抖音评论,video,有点惨#内容过于真实 #股民 #基金 #王多于股之子 #vlog十亿流量扶持计划,@三金鑫,7644037011783755633,https://www.douyin.com/video/7644037011783755633,,7644134608490021666,17:46,待确认,中性,自动映射到抖音视频评论池。,8.0,false
2026-05-26,wangduoyu,抖音评论 17:34,想知道你5月还有多少盈利,,,,否,video_id=7644037011783755633; video_url=https://www.douyin.com/video/7644037011783755633; creator=王多于-股之子; like=0; reply=0; source_type=comment; yeren_signal_id=; parent_comment_text=,17:34,抖音评论,video,有点惨#内容过于真实 #股民 #基金 #王多于股之子 #vlog十亿流量扶持计划,（小南）招财包,7644037011783755633,https://www.douyin.com/video/7644037011783755633,,7644131511059301155,17:34,未纳入,中性,自动映射到抖音视频评论池。,,false
2026-05-26,wangduoyu,抖音评论 17:23,我这三个交易日，没了6000，都这个月挣得钱,,,,否,video_id=7644037011783755633; video_url=https://www.douyin.com/video/7644037011783755633; creator=王多于-股之子; like=0; reply=0; source_type=comment; yeren_signal_id=; parent_comment_text=,17:23,抖音评论,video,有点惨#内容过于真实 #股民 #基金 #王多于股之子 #vlog十亿流量扶持计划,长安长安,7644037011783755633,https://www.douyin.com/video/7644037011783755633,,7644126652985852724,17:23,未纳入,中性,自动映射到抖音视频评论池。,,false
2026-05-26,wangduoyu,抖音评论 17:17,我在华天，京东方躲牛市,,,,否,video_id=7644037011783755633; video_url=https://www.douyin.com/video/7644037011783755633; creator=王多于-股之子; like=0; reply=2; source_type=comment; yeren_signal_id=; parent_comment_text=,17:17,抖音评论,video,有点惨#内容过于真实 #股民 #基金 #王多于股之子 #vlog十亿流量扶持计划,祁州霍哥,7644037011783755633,https://www.douyin.com/video/7644037011783755633,,7644127287575036721,17:17,未纳入,中性,自动映射到抖音视频评论池。,,false
2026-05-26,wangduoyu,抖音评论 17:07,理奇智能,理奇智能(301599),,理奇智能(301599) 被提及 1 次，有效评论 1 条，来源 1 个，单视频线索，情绪 中性，当前判断：保留观察。,待确认,video_id=7644037011783755633; video_url=https://www.douyin.com/video/7644037011783755633; creator=王多于-股之子; like=0; reply=0; source_type=comment; yeren_signal_id=; parent_comment_text=,17:07,抖音评论,video,有点惨#内容过于真实 #股民 #基金 #王多于股之子 #vlog十亿流量扶持计划,✨安琪拉等天亮,7644037011783755633,https://www.douyin.com/video/7644037011783755633,,7644124512557286181,17:07,待确认,中性,自动映射到抖音视频评论池。,6.4,false
2026-05-26,wangduoyu,抖音评论 17:04,三和管桩飞起来！,三和管桩(003037),,三和管桩(003037) 被提及 1 次，有效评论 1 条，来源 1 个，单视频线索，情绪 中性，当前判断：保留观察。,待确认,video_id=7644037011783755633; video_url=https://www.douyin.com/video/7644037011783755633; creator=王多于-股之子; like=0; reply=0; source_type=comment; yeren_signal_id=; parent_comment_text=,17:04,抖音评论,video,有点惨#内容过于真实 #股民 #基金 #王多于股之子 #vlog十亿流量扶持计划,开心就好888,7644037011783755633,https://www.douyin.com/video/7644037011783755633,,7644123829711422245,17:04,待确认,中性,自动映射到抖音视频评论池。,6.4,false
2026-05-26,wangduoyu,抖音评论 16:56,太惨了,,,,否,video_id=7644037011783755633; video_url=https://www.douyin.com/video/7644037011783755633; creator=王多于-股之子; like=0; reply=4; source_type=comment; yeren_signal_id=; parent_comment_text=,16:56,抖音评论,video,有点惨#内容过于真实 #股民 #基金 #王多于股之子 #vlog十亿流量扶持计划,听风肇事者,7644037011783755633,https://www.douyin.com/video/7644037011783755633,,7644121739815420729,16:56,未纳入,中性,自动映射到抖音视频评论池。,,false
2026-05-26,wangduoyu,抖音评论 16:46,,,,,否,video_id=7644037011783755633; video_url=https://www.douyin.com/video/7644037011783755633; creator=王多于-股之子; like=0; reply=0; source_type=comment; yeren_signal_id=; parent_comment_text=,16:46,抖音评论,video,有点惨#内容过于真实 #股民 #基金 #王多于股之子 #vlog十亿流量扶持计划,Zzz.,7644037011783755633,https://www.douyin.com/video/7644037011783755633,,7644119130517881659,16:46,未纳入,中性,自动映射到抖音视频评论池。,,false
2026-05-26,wangduoyu,抖音评论 16:45,双良节能帮忙看看,双良节能(600481),,双良节能(600481) 被提及 3 次，有效评论 3 条，来源 2 个，跨来源共振，情绪 中性，当前判断：保留观察。,待确认,video_id=7644037011783755633; video_url=https://www.douyin.com/video/7644037011783755633; creator=王多于-股之子; like=1; reply=2; source_type=comment; yeren_signal_id=; parent_comment_text=,16:45,抖音评论,video,有点惨#内容过于真实 #股民 #基金 #王多于股之子 #vlog十亿流量扶持计划,8090,7644037011783755633,https://www.douyin.com/video/7644037011783755633,,7644118804687192841,16:45,待确认,中性,自动映射到抖音视频评论池。,8.0,false
2026-05-26,wangduoyu,抖音评论 16:39,哈哈……我今天在上海电力和卓朗智能,上海电力(600021),,上海电力(600021) 被提及 4 次，有效评论 4 条，来源 1 个，单视频线索，情绪 中性，当前判断：保留观察。,待确认,video_id=7644037011783755633; video_url=https://www.douyin.com/video/7644037011783755633; creator=王多于-股之子; like=1; reply=0; source_type=comment; yeren_signal_id=; parent_comment_text=,16:39,抖音评论,video,有点惨#内容过于真实 #股民 #基金 #王多于股之子 #vlog十亿流量扶持计划,碧空万李,7644037011783755633,https://www.douyin.com/video/7644037011783755633,,7644117425802494778,16:39,待确认,中性,自动映射到抖音视频评论池。,7.6,false
2026-05-26,wangduoyu,抖音评论 16:38,,,,,否,video_id=7644037011783755633; video_url=https://www.douyin.com/video/7644037011783755633; creator=王多于-股之子; like=0; reply=0; source_type=comment; yeren_signal_id=; parent_comment_text=,16:38,抖音评论,video,有点惨#内容过于真实 #股民 #基金 #王多于股之子 #vlog十亿流量扶持计划,123幸运,7644037011783755633,https://www.douyin.com/video/7644037011783755633,,7644117211821081393,16:38,未纳入,中性,自动映射到抖音视频评论池。,,false
2026-05-26,wangduoyu,抖音评论 16:36,我喜提前三名 光莆,,,,否,video_id=7644037011783755633; video_url=https://www.douyin.com/video/7644037011783755633; creator=王多于-股之子; like=0; reply=0; source_type=comment; yeren_signal_id=; parent_comment_text=,16:36,抖音评论,video,有点惨#内容过于真实 #股民 #基金 #王多于股之子 #vlog十亿流量扶持计划,野生  矮油喂（徒步版）,7644037011783755633,https://www.douyin.com/video/7644037011783755633,,7644116679022494501,16:36,未纳入,中性,自动映射到抖音视频评论池。,,false
2026-05-26,wangduoyu,抖音评论 16:22,水羊股东,,,,否,video_id=7644037011783755633; video_url=https://www.douyin.com/video/7644037011783755633; creator=王多于-股之子; like=0; reply=0; source_type=comment; yeren_signal_id=; parent_comment_text=,16:22,抖音评论,video,有点惨#内容过于真实 #股民 #基金 #王多于股之子 #vlog十亿流量扶持计划,椰丝,7644037011783755633,https://www.douyin.com/video/7644037011783755633,,7644113082713326370,16:22,未纳入,中性,自动映射到抖音视频评论池。,,false
2026-05-26,wangduoyu,抖音评论 16:20,今天难道不是捡钱吗[捂脸],,,,否,video_id=7644037011783755633; video_url=https://www.douyin.com/video/7644037011783755633; creator=王多于-股之子; like=0; reply=0; source_type=comment; yeren_signal_id=; parent_comment_text=,16:20,抖音评论,video,有点惨#内容过于真实 #股民 #基金 #王多于股之子 #vlog十亿流量扶持计划,来杯生普,7644037011783755633,https://www.douyin.com/video/7644037011783755633,,7644112590460961599,16:20,未纳入,中性,自动映射到抖音视频评论池。,,false
2026-05-26,wangduoyu,抖音评论 16:20,我在通富微电,通富微电(002156),,通富微电(002156) 被提及 2 次，有效评论 2 条，来源 2 个，跨来源共振，情绪 中性，当前判断：保留观察。,待确认,video_id=7644037011783755633; video_url=https://www.douyin.com/video/7644037011783755633; creator=王多于-股之子; like=5; reply=6; source_type=comment; yeren_signal_id=; parent_comment_text=,16:20,抖音评论,video,有点惨#内容过于真实 #股民 #基金 #王多于股之子 #vlog十亿流量扶持计划,一点都不困,7644037011783755633,https://www.douyin.com/video/7644037011783755633,,7644112475394147098,16:20,待确认,中性,自动映射到抖音视频评论池。,7.6,false
2026-05-26,wangduoyu,抖音评论 16:38,,,,,否,video_id=7644037011783755633; video_url=https://www.douyin.com/video/7644037011783755633; creator=王多于-股之子; like=0; reply=0; source_type=comment; yeren_signal_id=; parent_comment_text=,16:38,抖音评论,video,有点惨#内容过于真实 #股民 #基金 #王多于股之子 #vlog十亿流量扶持计划,123幸运,7644037011783755633,https://www.douyin.com/video/7644037011783755633,,7644117211821081393,16:38,未纳入,中性,自动映射到抖音视频评论池。,,false
2026-05-26,wangduoyu,抖音评论 16:36,我喜提前三名 光莆,,,,否,video_id=7644037011783755633; video_url=https://www.douyin.com/video/7644037011783755633; creator=王多于-股之子; like=0; reply=0; source_type=comment; yeren_signal_id=; parent_comment_text=,16:36,抖音评论,video,有点惨#内容过于真实 #股民 #基金 #王多于股之子 #vlog十亿流量扶持计划,野生  矮油喂（徒步版）,7644037011783755633,https://www.douyin.com/video/7644037011783755633,,7644116679022494501,16:36,未纳入,中性,自动映射到抖音视频评论池。,,false
2026-05-26,wangduoyu,抖音评论 16:22,水羊股东,,,,否,video_id=7644037011783755633; video_url=https://www.douyin.com/video/7644037011783755633; creator=王多于-股之子; like=0; reply=0; source_type=comment; yeren_signal_id=; parent_comment_text=,16:22,抖音评论,video,有点惨#内容过于真实 #股民 #基金 #王多于股之子 #vlog十亿流量扶持计划,椰丝,7644037011783755633,https://www.douyin.com/video/7644037011783755633,,7644113082713326370,16:22,未纳入,中性,自动映射到抖音视频评论池。,,false
2026-05-26,wangduoyu,抖音评论 16:20,今天难道不是捡钱吗[捂脸],,,,否,video_id=7644037011783755633; video_url=https://www.douyin.com/video/7644037011783755633; creator=王多于-股之子; like=0; reply=0; source_type=comment; yeren_signal_id=; parent_comment_text=,16:20,抖音评论,video,有点惨#内容过于真实 #股民 #基金 #王多于股之子 #vlog十亿流量扶持计划,来杯生普,7644037011783755633,https://www.douyin.com/video/7644037011783755633,,7644112590460961599,16:20,未纳入,中性,自动映射到抖音视频评论池。,,false
2026-05-26,wangduoyu,抖音评论 16:20,我在通富微电,通富微电(002156),,通富微电(002156) 被提及 2 次，有效评论 2 条，来源 2 个，跨来源共振，情绪 中性，当前判断：保留观察。,待确认,video_id=7644037011783755633; video_url=https://www.douyin.com/video/7644037011783755633; creator=王多于-股之子; like=5; reply=6; source_type=comment; yeren_signal_id=; parent_comment_text=,16:20,抖音评论,video,有点惨#内容过于真实 #股民 #基金 #王多于股之子 #vlog十亿流量扶持计划,一点都不困,7644037011783755633,https://www.douyin.com/video/7644037011783755633,,7644112475394147098,16:20,待确认,中性,自动映射到抖音视频评论池。,7.6,false
2026-05-26,wangduoyu,抖音评论 16:18,我在博云新材[泣不成声]，已经被按在地板上摩擦一天了[泣不成声],博云新材(002297),,博云新材(002297) 被提及 2 次，有效评论 2 条，来源 1 个，单视频线索，情绪 中性，当前判断：保留观察。,待确认,video_id=7644037011783755633; video_url=https://www.douyin.com/video/7644037011783755633; creator=王多于-股之子; like=1; reply=1; source_type=comment; yeren_signal_id=; parent_comment_text=,16:18,抖音评论,video,有点惨#内容过于真实 #股民 #基金 #王多于股之子 #vlog十亿流量扶持计划,我和蕨菜不共戴天,7644037011783755633,https://www.douyin.com/video/7644037011783755633,,7644111915362452264,16:18,待确认,中性,自动映射到抖音视频评论池。,6.9,false
2026-05-26,wangduoyu,抖音评论 16:15,今天不是卖飞还是涨停[酷拽],,,,否,video_id=7644037011783755633; video_url=https://www.douyin.com/video/7644037011783755633; creator=王多于-股之子; like=0; reply=0; source_type=comment; yeren_signal_id=; parent_comment_text=,16:15,抖音评论,video,有点惨#内容过于真实 #股民 #基金 #王多于股之子 #vlog十亿流量扶持计划,多年以后🙃,7644037011783755633,https://www.douyin.com/video/7644037011783755633,,7644111306413392674,16:15,未纳入,中性,自动映射到抖音视频评论池。,,false
2026-05-26,wangduoyu,抖音评论 16:14,就没人在国脉科技嘛[流泪],,,,否,video_id=7644037011783755633; video_url=https://www.douyin.com/video/7644037011783755633; creator=王多于-股之子; like=0; reply=0; source_type=comment; yeren_signal_id=; parent_comment_text=,16:14,抖音评论,video,有点惨#内容过于真实 #股民 #基金 #王多于股之子 #vlog十亿流量扶持计划,@中年花开,7644037011783755633,https://www.douyin.com/video/7644037011783755633,,7644110985535898387,16:14,未纳入,中性,自动映射到抖音视频评论池。,,false
2026-05-26,wangduoyu,抖音评论 16:11,你这个月绿的不少啊？,,,,否,video_id=7644037011783755633; video_url=https://www.douyin.com/video/7644037011783755633; creator=王多于-股之子; like=0; reply=0; source_type=comment; yeren_signal_id=; parent_comment_text=,16:11,抖音评论,video,有点惨#内容过于真实 #股民 #基金 #王多于股之子 #vlog十亿流量扶持计划,果果爸,7644037011783755633,https://www.douyin.com/video/7644037011783755633,,7644110203407090474,16:11,未纳入,中性,自动映射到抖音视频评论池。,,false
2026-05-26,wangduoyu,抖音评论 16:11,为什么不去华电辽能和黄河旋风[杀马特][杀马特][杀马特][杀马特],华电辽能(600396);黄河旋风(600172),电力,华电辽能(600396) 被提及 5 次，有效评论 5 条，来源 2 个，跨来源共振，情绪 中性，当前判断：保留观察。；黄河旋风(600172) 被提及 2 次，有效评论 2 条，来源 1 个，单视频线索，情绪 中性，当前判断：保留观察。,待确认,video_id=7644037011783755633; video_url=https://www.douyin.com/video/7644037011783755633; creator=王多于-股之子; like=1; reply=1; source_type=comment; yeren_signal_id=; parent_comment_text=,16:11,抖音评论,video,有点惨#内容过于真实 #股民 #基金 #王多于股之子 #vlog十亿流量扶持计划,"西雅图夜未眠""",7644037011783755633,https://www.douyin.com/video/7644037011783755633,,7644110163297551144,16:11,待确认,中性,自动映射到抖音视频评论池。,8.8,false
2026-05-26,wangduoyu,抖音评论 16:02,好消息我今天CPO红几万，坏消息是大普微把我红的都砸绿了[流泪],,,,否,video_id=7644037011783755633; video_url=https://www.douyin.com/video/7644037011783755633; creator=王多于-股之子; like=0; reply=0; source_type=comment; yeren_signal_id=; parent_comment_text=,16:02,抖音评论,video,有点惨#内容过于真实 #股民 #基金 #王多于股之子 #vlog十亿流量扶持计划,浦江钟意房介所,7644037011783755633,https://www.douyin.com/video/7644037011783755633,,7644107740189197115,16:02,未纳入,中性,自动映射到抖音视频评论池。,,false
2026-05-26,wangduoyu,抖音评论 16:00,我的意华，谁呀，中午快收盘才炸板,,,,否,video_id=7644037011783755633; video_url=https://www.douyin.com/video/7644037011783755633; creator=王多于-股之子; like=0; reply=0; source_type=comment; yeren_signal_id=; parent_comment_text=,16:00,抖音评论,video,有点惨#内容过于真实 #股民 #基金 #王多于股之子 #vlog十亿流量扶持计划,A 友情岁月👺,7644037011783755633,https://www.douyin.com/video/7644037011783755633,,7644107357119841075,16:00,未纳入,中性,自动映射到抖音视频评论池。,,false
2026-05-26,wangduoyu,抖音评论 16:00,有人在惠康吗。[泪奔],,,,否,video_id=7644037011783755633; video_url=https://www.douyin.com/video/7644037011783755633; creator=王多于-股之子; like=0; reply=1; source_type=comment; yeren_signal_id=; parent_comment_text=,16:00,抖音评论,video,有点惨#内容过于真实 #股民 #基金 #王多于股之子 #vlog十亿流量扶持计划,风雪客,7644037011783755633,https://www.douyin.com/video/7644037011783755633,,7644107307378623232,16:00,未纳入,中性,自动映射到抖音视频评论池。,,false
2026-05-26,wangduoyu,抖音评论 15:59,就那样吧，能红就不错了[捂脸][捂脸],,,,否,video_id=7644037011783755633; video_url=https://www.douyin.com/video/7644037011783755633; creator=王多于-股之子; like=0; reply=0; source_type=comment; yeren_signal_id=; parent_comment_text=,15:59,抖音评论,video,有点惨#内容过于真实 #股民 #基金 #王多于股之子 #vlog十亿流量扶持计划,莱阳市牛大奶海鲜水产店,7644037011783755633,https://www.douyin.com/video/7644037011783755633,,7644107140143072037,15:59,未纳入,中性,自动映射到抖音视频评论池。,,false
2026-05-26,wangduoyu,抖音评论 15:58,盘子越大越稳，因为出货慢,,,,否,video_id=7644037011783755633; video_url=https://www.douyin.com/video/7644037011783755633; creator=王多于-股之子; like=0; reply=0; source_type=comment; yeren_signal_id=; parent_comment_text=,15:58,抖音评论,video,有点惨#内容过于真实 #股民 #基金 #王多于股之子 #vlog十亿流量扶持计划,波波9号,7644037011783755633,https://www.douyin.com/video/7644037011783755633,,7644106845199762191,15:58,未纳入,中性,自动映射到抖音视频评论池。,,false
2026-05-26,wangduoyu,抖音评论 15:55,今天进了有色金属ETF吃了三个多点[呲牙],,,,否,video_id=7644037011783755633; video_url=https://www.douyin.com/video/7644037011783755633; creator=王多于-股之子; like=0; reply=0; source_type=comment; yeren_signal_id=; parent_comment_text=,15:55,抖音评论,video,有点惨#内容过于真实 #股民 #基金 #王多于股之子 #vlog十亿流量扶持计划,袖白雪,7644037011783755633,https://www.douyin.com/video/7644037011783755633,,7644105977562940195,15:55,未纳入,中性,自动映射到抖音视频评论池。,,false
2026-05-26,wangduoyu,抖音评论 15:53,今天……这个确实有点吓人啊[泣不成声],,,,否,video_id=7644037011783755633; video_url=https://www.douyin.com/video/7644037011783755633; creator=王多于-股之子; like=0; reply=0; source_type=comment; yeren_signal_id=; parent_comment_text=,15:53,抖音评论,video,有点惨#内容过于真实 #股民 #基金 #王多于股之子 #vlog十亿流量扶持计划,酥饼六,7644037011783755633,https://www.douyin.com/video/7644037011783755633,,7644105560875434787,15:53,未纳入,中性,自动映射到抖音视频评论池。,,false
2026-05-26,wangduoyu,抖音评论 15:52,今天还有亏的？,,,,否,video_id=7644037011783755633; video_url=https://www.douyin.com/video/7644037011783755633; creator=王多于-股之子; like=4; reply=4; source_type=comment; yeren_signal_id=; parent_comment_text=,15:52,抖音评论,video,有点惨#内容过于真实 #股民 #基金 #王多于股之子 #vlog十亿流量扶持计划,Black 黑,7644037011783755633,https://www.douyin.com/video/7644037011783755633,,7644105238983787279,15:52,未纳入,中性,自动映射到抖音视频评论池。,,false
2026-05-26,wangduoyu,抖音评论 15:47,我在长电瑟瑟发抖,,,,否,video_id=7644037011783755633; video_url=https://www.douyin.com/video/7644037011783755633; creator=王多于-股之子; like=2; reply=1; source_type=comment; yeren_signal_id=; parent_comment_text=,15:47,抖音评论,video,有点惨#内容过于真实 #股民 #基金 #王多于股之子 #vlog十亿流量扶持计划,诸葛不太亮,7644037011783755633,https://www.douyin.com/video/7644037011783755633,,7644104033855210292,15:47,未纳入,中性,自动映射到抖音视频评论池。,,false
2026-05-26,wangduoyu,抖音评论 15:46,俺红了五千多,,,,否,video_id=7644037011783755633; video_url=https://www.douyin.com/video/7644037011783755633; creator=王多于-股之子; like=1; reply=0; source_type=comment; yeren_signal_id=; parent_comment_text=,15:46,抖音评论,video,有点惨#内容过于真实 #股民 #基金 #王多于股之子 #vlog十亿流量扶持计划,燕无歇,7644037011783755633,https://www.douyin.com/video/7644037011783755633,,7644103749444043557,15:46,未纳入,中性,自动映射到抖音视频评论池。,,false
2026-05-26,wangduoyu,抖音评论 15:41,"评论区捡了一个    大众交通


[微笑][微笑][微笑]
[垃圾][垃圾][垃圾][心碎]",大众交通(600611),,大众交通(600611) 被提及 3 次，有效评论 3 条，来源 2 个，跨来源共振，情绪 中性，当前判断：保留观察。,待确认,video_id=7644037011783755633; video_url=https://www.douyin.com/video/7644037011783755633; creator=王多于-股之子; like=0; reply=1; source_type=comment; yeren_signal_id=; parent_comment_text=,15:41,抖音评论,video,有点惨#内容过于真实 #股民 #基金 #王多于股之子 #vlog十亿流量扶持计划,徐小瓜,7644037011783755633,https://www.douyin.com/video/7644037011783755633,,7644102319852045107,15:41,待确认,中性,自动映射到抖音视频评论池。,8.0,false
2026-05-26,wangduoyu,抖音评论 15:41,牛离家出走了,,,,否,video_id=7644037011783755633; video_url=https://www.douyin.com/video/7644037011783755633; creator=王多于-股之子; like=2; reply=0; source_type=comment; yeren_signal_id=; parent_comment_text=,15:41,抖音评论,video,有点惨#内容过于真实 #股民 #基金 #王多于股之子 #vlog十亿流量扶持计划,潇云汐,7644037011783755633,https://www.douyin.com/video/7644037011783755633,,7644102314617488177,15:41,未纳入,中性,自动映射到抖音视频评论池。,,false
2026-05-26,wangduoyu,抖音评论 15:38,京东方 明阳智能 华映科技,华映科技(000536),,华映科技(000536) 被提及 1 次，有效评论 1 条，来源 1 个，单视频线索，情绪 中性，当前判断：保留观察。,待确认,video_id=7644037011783755633; video_url=https://www.douyin.com/video/7644037011783755633; creator=王多于-股之子; like=0; reply=2; source_type=comment; yeren_signal_id=; parent_comment_text=,15:38,抖音评论,video,有点惨#内容过于真实 #股民 #基金 #王多于股之子 #vlog十亿流量扶持计划,🍄滴滴和点点,7644037011783755633,https://www.douyin.com/video/7644037011783755633,,7644101653470446379,15:38,待确认,中性,自动映射到抖音视频评论池。,6.4,false
2026-05-26,wangduoyu,抖音评论 15:35,广电电气帮看看，套15个点了,广电电气(601616),,广电电气(601616) 被提及 1 次，有效评论 1 条，来源 1 个，单视频线索，情绪 谨慎，当前判断：偏风险观察。,否,video_id=7644037011783755633; video_url=https://www.douyin.com/video/7644037011783755633; creator=王多于-股之子; like=1; reply=0; source_type=comment; yeren_signal_id=; parent_comment_text=,15:35,抖音评论,video,有点惨#内容过于真实 #股民 #基金 #王多于股之子 #vlog十亿流量扶持计划,晨昏四季,7644037011783755633,https://www.douyin.com/video/7644037011783755633,,7644100941419332401,15:35,未纳入,谨慎,自动映射到抖音视频评论池。,5.9,false
2026-05-26,wangduoyu,抖音评论 15:33,这啥行情！天天亏,,,,否,video_id=7644037011783755633; video_url=https://www.douyin.com/video/7644037011783755633; creator=王多于-股之子; like=0; reply=0; source_type=comment; yeren_signal_id=; parent_comment_text=,15:33,抖音评论,video,有点惨#内容过于真实 #股民 #基金 #王多于股之子 #vlog十亿流量扶持计划,樱桃可可,7644037011783755633,https://www.douyin.com/video/7644037011783755633,,7644100449076200226,15:33,未纳入,中性,自动映射到抖音视频评论池。,,false
2026-05-26,wangduoyu,抖音评论 15:32,从绿到红,,,,否,video_id=7644037011783755633; video_url=https://www.douyin.com/video/7644037011783755633; creator=王多于-股之子; like=0; reply=0; source_type=comment; yeren_signal_id=; parent_comment_text=,15:32,抖音评论,video,有点惨#内容过于真实 #股民 #基金 #王多于股之子 #vlog十亿流量扶持计划,原味布丁,7644037011783755633,https://www.douyin.com/video/7644037011783755633,,7644100140286296859,15:32,未纳入,中性,自动映射到抖音视频评论池。,,false
2026-05-26,wangduoyu,抖音评论 15:32,不会吧，今天红了5个，不过通富把我洗出来了[流泪],,,,否,video_id=7644037011783755633; video_url=https://www.douyin.com/video/7644037011783755633; creator=王多于-股之子; like=0; reply=0; source_type=comment; yeren_signal_id=; parent_comment_text=,15:32,抖音评论,video,有点惨#内容过于真实 #股民 #基金 #王多于股之子 #vlog十亿流量扶持计划,@小半,7644037011783755633,https://www.douyin.com/video/7644037011783755633,,7644100097580434202,15:32,未纳入,中性,自动映射到抖音视频评论池。,,false
2026-05-26,wangduoyu,抖音评论 15:30,多空博弈 都没涨停 我还好红,,,,否,video_id=7644037011783755633; video_url=https://www.douyin.com/video/7644037011783755633; creator=王多于-股之子; like=1; reply=4; source_type=comment; yeren_signal_id=; parent_comment_text=,15:30,抖音评论,video,有点惨#内容过于真实 #股民 #基金 #王多于股之子 #vlog十亿流量扶持计划,AKo,7644037011783755633,https://www.douyin.com/video/7644037011783755633,,7644099510751200049,15:30,未纳入,中性,自动映射到抖音视频评论池。,,false
2026-05-26,wangduoyu,抖音评论 15:30,我今天吃了两个板😂新手福利来了一个长电一个模塑科技,模塑科技(000700),,模塑科技(000700) 被提及 3 次，有效评论 3 条，来源 2 个，跨来源共振，情绪 中性，当前判断：已进入推荐候选。,是,video_id=7644037011783755633; video_url=https://www.douyin.com/video/7644037011783755633; creator=王多于-股之子; like=1; reply=0; source_type=comment; yeren_signal_id=; parent_comment_text=,15:30,抖音评论,video,有点惨#内容过于真实 #股民 #基金 #王多于股之子 #vlog十亿流量扶持计划,落泉月,7644037011783755633,https://www.douyin.com/video/7644037011783755633,,7644099476528890634,15:30,已纳入,中性,自动映射到抖音视频评论池。,8.8,true
2026-05-26,wangduoyu,抖音评论 15:30,我的海马跟天普亏麻了,,,,否,video_id=7644037011783755633; video_url=https://www.douyin.com/video/7644037011783755633; creator=王多于-股之子; like=0; reply=3; source_type=comment; yeren_signal_id=; parent_comment_text=,15:30,抖音评论,video,有点惨#内容过于真实 #股民 #基金 #王多于股之子 #vlog十亿流量扶持计划,对 你的喜欢,7644037011783755633,https://www.douyin.com/video/7644037011783755633,,7644099473936827185,15:30,未纳入,中性,自动映射到抖音视频评论池。,,false
2026-05-26,wangduoyu,抖音评论 15:26,今天五个票，两个跌停，三个跌4个点。,,,,否,video_id=7644037011783755633; video_url=https://www.douyin.com/video/7644037011783755633; creator=王多于-股之子; like=1; reply=0; source_type=comment; yeren_signal_id=; parent_comment_text=,15:26,抖音评论,video,有点惨#内容过于真实 #股民 #基金 #王多于股之子 #vlog十亿流量扶持计划,炸锅圈,7644037011783755633,https://www.douyin.com/video/7644037011783755633,,7644098448716251953,15:26,未纳入,中性,自动映射到抖音视频评论池。,,false
2026-05-26,wangduoyu,抖音评论 15:25,长电永远的神,,,,否,video_id=7644037011783755633; video_url=https://www.douyin.com/video/7644037011783755633; creator=王多于-股之子; like=2; reply=0; source_type=comment; yeren_signal_id=; parent_comment_text=,15:25,抖音评论,video,有点惨#内容过于真实 #股民 #基金 #王多于股之子 #vlog十亿流量扶持计划,风花雪邂逅情歌,7644037011783755633,https://www.douyin.com/video/7644037011783755633,,7644098387977569073,15:25,未纳入,中性,自动映射到抖音视频评论池。,,false
2026-05-26,wangduoyu,抖音评论 15:24,北投科技,北投科技(600936),,北投科技(600936) 被提及 1 次，有效评论 1 条，来源 1 个，单视频线索，情绪 中性，当前判断：保留观察。,待确认,video_id=7644037011783755633; video_url=https://www.douyin.com/video/7644037011783755633; creator=王多于-股之子; like=0; reply=1; source_type=comment; yeren_signal_id=; parent_comment_text=,15:24,抖音评论,video,有点惨#内容过于真实 #股民 #基金 #王多于股之子 #vlog十亿流量扶持计划,꧁༺风禾尽起·聚财༻꧂,7644037011783755633,https://www.douyin.com/video/7644037011783755633,,7644098007210427171,15:24,待确认,中性,自动映射到抖音视频评论池。,6.4,false
2026-05-26,wangduoyu,抖音评论 15:22,最后不是回来了吗,,,,否,video_id=7644037011783755633; video_url=https://www.douyin.com/video/7644037011783755633; creator=王多于-股之子; like=0; reply=0; source_type=comment; yeren_signal_id=; parent_comment_text=,15:22,抖音评论,video,有点惨#内容过于真实 #股民 #基金 #王多于股之子 #vlog十亿流量扶持计划,甜甜公主,7644037011783755633,https://www.douyin.com/video/7644037011783755633,,7644097563548746523,15:22,未纳入,中性,自动映射到抖音视频评论池。,,false
2026-05-26,wangduoyu,抖音评论 15:19,tcl中环,,,,否,video_id=7644037011783755633; video_url=https://www.douyin.com/video/7644037011783755633; creator=王多于-股之子; like=0; reply=0; source_type=comment; yeren_signal_id=; parent_comment_text=,15:19,抖音评论,video,有点惨#内容过于真实 #股民 #基金 #王多于股之子 #vlog十亿流量扶持计划,含笑半步垫,7644037011783755633,https://www.douyin.com/video/7644037011783755633,,7644096675871294214,15:19,未纳入,中性,自动映射到抖音视频评论池。,,false
2026-05-26,wangduoyu,抖音评论 15:18,这鬼行情 我吃了三个板[捂脸],,,评论热度较高，但暂未自动识别到明确股票线索，保留人工复核。,待确认,video_id=7644037011783755633; video_url=https://www.douyin.com/video/7644037011783755633; creator=王多于-股之子; like=2; reply=9; source_type=comment; yeren_signal_id=; parent_comment_text=,15:18,抖音评论,video,有点惨#内容过于真实 #股民 #基金 #王多于股之子 #vlog十亿流量扶持计划,陳宇的音乐库,7644037011783755633,https://www.douyin.com/video/7644037011783755633,,7644096621190677285,15:18,待确认,中性,自动映射到抖音视频评论池。,6.2,false
2026-05-26,wangduoyu,抖音评论 15:17,都不知道是不是股灾,,,,否,video_id=7644037011783755633; video_url=https://www.douyin.com/video/7644037011783755633; creator=王多于-股之子; like=0; reply=0; source_type=comment; yeren_signal_id=; parent_comment_text=,15:17,抖音评论,video,有点惨#内容过于真实 #股民 #基金 #王多于股之子 #vlog十亿流量扶持计划,晚起的虫,7644037011783755633,https://www.douyin.com/video/7644037011783755633,,7644096219946255138,15:17,未纳入,中性,自动映射到抖音视频评论池。,,false
2026-05-26,wangduoyu,抖音评论 15:14,我今天上班都没劲了[流泪],,,,否,video_id=7644037011783755633; video_url=https://www.douyin.com/video/7644037011783755633; creator=王多于-股之子; like=1; reply=0; source_type=comment; yeren_signal_id=; parent_comment_text=,15:14,抖音评论,video,有点惨#内容过于真实 #股民 #基金 #王多于股之子 #vlog十亿流量扶持计划,安&feel,7644037011783755633,https://www.douyin.com/video/7644037011783755633,,7644095412173177626,15:14,未纳入,中性,自动映射到抖音视频评论池。,,false
2026-05-26,wangduoyu,抖音评论 15:13,亏五万,,,,否,video_id=7644037011783755633; video_url=https://www.douyin.com/video/7644037011783755633; creator=王多于-股之子; like=0; reply=0; source_type=comment; yeren_signal_id=; parent_comment_text=,15:13,抖音评论,video,有点惨#内容过于真实 #股民 #基金 #王多于股之子 #vlog十亿流量扶持计划,毛子🐱,7644037011783755633,https://www.douyin.com/video/7644037011783755633,,7644095222708273969,15:13,未纳入,中性,自动映射到抖音视频评论池。,,false
2026-05-26,wangduoyu,抖音评论 15:13,卖飞了,,,,否,video_id=7644037011783755633; video_url=https://www.douyin.com/video/7644037011783755633; creator=王多于-股之子; like=0; reply=0; source_type=comment; yeren_signal_id=; parent_comment_text=,15:13,抖音评论,video,有点惨#内容过于真实 #股民 #基金 #王多于股之子 #vlog十亿流量扶持计划,钰钰症,7644037011783755633,https://www.douyin.com/video/7644037011783755633,,7644095143892943674,15:13,未纳入,中性,自动映射到抖音视频评论池。,,false
2026-05-26,wangduoyu,抖音评论 15:10,我的CPO跌得很少很少0.几[呲牙][呲牙][呲牙],,,,否,video_id=7644037011783755633; video_url=https://www.douyin.com/video/7644037011783755633; creator=王多于-股之子; like=0; reply=1; source_type=comment; yeren_signal_id=; parent_comment_text=,15:10,抖音评论,video,有点惨#内容过于真实 #股民 #基金 #王多于股之子 #vlog十亿流量扶持计划,Turbo,7644037011783755633,https://www.douyin.com/video/7644037011783755633,,7644094516685095722,15:10,未纳入,中性,自动映射到抖音视频评论池。,,false
2026-05-26,wangduoyu,抖音评论 15:09,半导体不用搞了,,,,否,video_id=7644037011783755633; video_url=https://www.douyin.com/video/7644037011783755633; creator=王多于-股之子; like=0; reply=0; source_type=comment; yeren_signal_id=; parent_comment_text=,15:09,抖音评论,video,有点惨#内容过于真实 #股民 #基金 #王多于股之子 #vlog十亿流量扶持计划,有时喝拿铁的暴躁龟,7644037011783755633,https://www.douyin.com/video/7644037011783755633,,7644094158984905506,15:09,未纳入,中性,自动映射到抖音视频评论池。,,false
2026-05-26,wangduoyu,抖音评论 15:08,有没有顽短的，一起,,,,否,video_id=7644037011783755633; video_url=https://www.douyin.com/video/7644037011783755633; creator=王多于-股之子; like=0; reply=0; source_type=comment; yeren_signal_id=; parent_comment_text=,15:08,抖音评论,video,有点惨#内容过于真实 #股民 #基金 #王多于股之子 #vlog十亿流量扶持计划,勤奋,7644037011783755633,https://www.douyin.com/video/7644037011783755633,,7644093897467822897,15:08,未纳入,中性,自动映射到抖音视频评论池。,,false
2026-05-26,wangduoyu,抖音评论 15:07,国光连锁等几个万手哥已经很低了[杀马特],国光连锁(605188),,国光连锁(605188) 被提及 1 次，有效评论 1 条，来源 1 个，单视频线索，情绪 中性，当前判断：保留观察。,待确认,video_id=7644037011783755633; video_url=https://www.douyin.com/video/7644037011783755633; creator=王多于-股之子; like=1; reply=1; source_type=comment; yeren_signal_id=; parent_comment_text=,15:07,抖音评论,video,有点惨#内容过于真实 #股民 #基金 #王多于股之子 #vlog十亿流量扶持计划,大🍁 ⃢👁ܫ👁⃢ 🍁叔,7644037011783755633,https://www.douyin.com/video/7644037011783755633,,7644093747550651177,15:07,待确认,中性,自动映射到抖音视频评论池。,6.4,false
2026-05-26,wangduoyu,抖音评论 15:03,还行吧,,,,否,video_id=7644037011783755633; video_url=https://www.douyin.com/video/7644037011783755633; creator=王多于-股之子; like=0; reply=0; source_type=comment; yeren_signal_id=; parent_comment_text=,15:03,抖音评论,video,有点惨#内容过于真实 #股民 #基金 #王多于股之子 #vlog十亿流量扶持计划,9,7644037011783755633,https://www.douyin.com/video/7644037011783755633,,7644092759314711305,15:03,未纳入,中性,自动映射到抖音视频评论池。,,false
2026-05-26,wangduoyu,抖音评论 15:03,8000[衰],,,,否,video_id=7644037011783755633; video_url=https://www.douyin.com/video/7644037011783755633; creator=王多于-股之子; like=0; reply=0; source_type=comment; yeren_signal_id=; parent_comment_text=,15:03,抖音评论,video,有点惨#内容过于真实 #股民 #基金 #王多于股之子 #vlog十亿流量扶持计划,裕民清洁,7644037011783755633,https://www.douyin.com/video/7644037011783755633,,7644092581089493796,15:03,未纳入,中性,自动映射到抖音视频评论池。,,false
2026-05-26,wangduoyu,抖音评论 15:02,这个月遭了2w,,,,否,video_id=7644037011783755633; video_url=https://www.douyin.com/video/7644037011783755633; creator=王多于-股之子; like=0; reply=0; source_type=comment; yeren_signal_id=; parent_comment_text=,15:02,抖音评论,video,有点惨#内容过于真实 #股民 #基金 #王多于股之子 #vlog十亿流量扶持计划,风,7644037011783755633,https://www.douyin.com/video/7644037011783755633,,7644092325988238117,15:02,未纳入,中性,自动映射到抖音视频评论池。,,false
2026-05-26,wangduoyu,抖音评论 15:02,我的华天，长电[强壮][强壮][强壮],,,,否,video_id=7644037011783755633; video_url=https://www.douyin.com/video/7644037011783755633; creator=王多于-股之子; like=0; reply=3; source_type=comment; yeren_signal_id=; parent_comment_text=,15:02,抖音评论,video,有点惨#内容过于真实 #股民 #基金 #王多于股之子 #vlog十亿流量扶持计划,酱香烤面筋@面筋哥@,7644037011783755633,https://www.douyin.com/video/7644037011783755633,,7644092267376870180,15:02,未纳入,中性,自动映射到抖音视频评论池。,,false
2026-05-26,wangduoyu,抖音评论 15:01,蒸发了3945多于,,,,否,video_id=7644037011783755633; video_url=https://www.douyin.com/video/7644037011783755633; creator=王多于-股之子; like=0; reply=0; source_type=comment; yeren_signal_id=; parent_comment_text=,15:01,抖音评论,video,有点惨#内容过于真实 #股民 #基金 #王多于股之子 #vlog十亿流量扶持计划,大魔王Jo,7644037011783755633,https://www.douyin.com/video/7644037011783755633,,7644092158714151714,15:01,未纳入,中性,自动映射到抖音视频评论池。,,false
2026-05-26,wangduoyu,抖音评论 15:01,太阳能 明天启动,太阳能(000591),,太阳能(000591) 被提及 2 次，有效评论 2 条，来源 2 个，跨来源共振，情绪 中性，当前判断：已进入推荐候选。,是,video_id=7644037011783755633; video_url=https://www.douyin.com/video/7644037011783755633; creator=王多于-股之子; like=0; reply=0; source_type=comment; yeren_signal_id=; parent_comment_text=,15:01,抖音评论,video,有点惨#内容过于真实 #股民 #基金 #王多于股之子 #vlog十亿流量扶持计划,小九九呀！,7644037011783755633,https://www.douyin.com/video/7644037011783755633,,7644092103623492389,15:01,已纳入,中性,自动映射到抖音视频评论池。,8.4,true
2026-05-26,wangduoyu,抖音评论 15:01,太阳能 明天启动,太阳能(000591),,太阳能(000591) 被提及 2 次，有效评论 2 条，来源 2 个，跨来源共振，情绪 中性，当前判断：已进入推荐候选。,是,video_id=7644037011783755633; video_url=https://www.douyin.com/video/7644037011783755633; creator=王多于-股之子; like=0; reply=0; source_type=comment; yeren_signal_id=; parent_comment_text=,15:01,抖音评论,video,有点惨#内容过于真实 #股民 #基金 #王多于股之子 #vlog十亿流量扶持计划,小九九呀！,7644037011783755633,https://www.douyin.com/video/7644037011783755633,,7644092103623492389,15:01,已纳入,中性,自动映射到抖音视频评论池。,8.4,true
2026-05-26,wangduoyu,抖音评论 15:00,还行吧，选股能力这一块[戳手手],,,,否,video_id=7644037011783755633; video_url=https://www.douyin.com/video/7644037011783755633; creator=王多于-股之子; like=0; reply=0; source_type=comment; yeren_signal_id=; parent_comment_text=,15:00,抖音评论,video,有点惨#内容过于真实 #股民 #基金 #王多于股之子 #vlog十亿流量扶持计划,悬崖边开朗的蓝环章鱼,7644037011783755633,https://www.douyin.com/video/7644037011783755633,,7644091838122836763,15:00,未纳入,中性,自动映射到抖音视频评论池。,,false
2026-05-26,wangduoyu,抖音评论 14:59,王小雨说了，韬定律原来是掏兜的掏,,,,否,video_id=7644037011783755633; video_url=https://www.douyin.com/video/7644037011783755633; creator=王多于-股之子; like=0; reply=0; source_type=comment; yeren_signal_id=; parent_comment_text=,14:59,抖音评论,video,有点惨#内容过于真实 #股民 #基金 #王多于股之子 #vlog十亿流量扶持计划,目光所及唯有暴富,7644037011783755633,https://www.douyin.com/video/7644037011783755633,,7644091679506596645,14:59,未纳入,中性,自动映射到抖音视频评论池。,,false
2026-05-26,wangduoyu,抖音评论 14:58,牛死了,,,,否,video_id=7644037011783755633; video_url=https://www.douyin.com/video/7644037011783755633; creator=王多于-股之子; like=0; reply=0; source_type=comment; yeren_signal_id=; parent_comment_text=,14:58,抖音评论,video,有点惨#内容过于真实 #股民 #基金 #王多于股之子 #vlog十亿流量扶持计划,吃米,7644037011783755633,https://www.douyin.com/video/7644037011783755633,,7644091435427447589,14:58,未纳入,中性,自动映射到抖音视频评论池。,,false
2026-05-26,wangduoyu,抖音评论 14:57,前几天不是说了生益么 今天又一个板,,,,否,video_id=7644037011783755633; video_url=https://www.douyin.com/video/7644037011783755633; creator=王多于-股之子; like=0; reply=0; source_type=comment; yeren_signal_id=; parent_comment_text=,14:57,抖音评论,video,有点惨#内容过于真实 #股民 #基金 #王多于股之子 #vlog十亿流量扶持计划,carikin,7644037011783755633,https://www.douyin.com/video/7644037011783755633,,7644091129156600635,14:57,未纳入,中性,自动映射到抖音视频评论池。,,false
2026-05-26,wangduoyu,抖音评论 14:56,"很荣幸让博主认可！
长电继续涨停[黄脸干杯]。
讲讲行情结束逻辑:目前走加速，记得放量，情绪，涨幅预期共振的时候要卖！
用大六壬解释：兄弟爻:低位时我们之间关系为兄弟，相互帮扶。高位时我们之间关系为劫财，现在进入后半场了，这时我们变成对手盘了。祝各位好运！[黄脸干杯]",,,,否,video_id=7644037011783755633; video_url=https://www.douyin.com/video/7644037011783755633; creator=王多于-股之子; like=3; reply=4; source_type=comment; yeren_signal_id=; parent_comment_text=,14:56,抖音评论,video,有点惨#内容过于真实 #股民 #基金 #王多于股之子 #vlog十亿流量扶持计划,李东阳,7644037011783755633,https://www.douyin.com/video/7644037011783755633,,7644090768575005498,14:56,未纳入,中性,自动映射到抖音视频评论池。,,false
2026-05-26,wangduoyu,抖音评论 14:56,没结束啊，挺好的[看],,,,否,video_id=7644037011783755633; video_url=https://www.douyin.com/video/7644037011783755633; creator=王多于-股之子; like=1; reply=1; source_type=comment; yeren_signal_id=; parent_comment_text=,14:56,抖音评论,video,有点惨#内容过于真实 #股民 #基金 #王多于股之子 #vlog十亿流量扶持计划,☘,7644037011783755633,https://www.douyin.com/video/7644037011783755633,,7644090639621751602,14:56,未纳入,中性,自动映射到抖音视频评论池。,,false
2026-05-26,wangduoyu,抖音评论 14:55,天安xc，卓郎zn[懵],,,,否,video_id=7644037011783755633; video_url=https://www.douyin.com/video/7644037011783755633; creator=王多于-股之子; like=0; reply=0; source_type=comment; yeren_signal_id=; parent_comment_text=,14:55,抖音评论,video,有点惨#内容过于真实 #股民 #基金 #王多于股之子 #vlog十亿流量扶持计划,白玉京,7644037011783755633,https://www.douyin.com/video/7644037011783755633,,7644090530771878715,14:55,未纳入,中性,自动映射到抖音视频评论池。,,false
2026-05-26,wangduoyu,抖音评论 14:53,有人在波导吗,,,,否,video_id=7644037011783755633; video_url=https://www.douyin.com/video/7644037011783755633; creator=王多于-股之子; like=0; reply=0; source_type=comment; yeren_signal_id=; parent_comment_text=,14:53,抖音评论,video,有点惨#内容过于真实 #股民 #基金 #王多于股之子 #vlog十亿流量扶持计划,大聪明..,7644037011783755633,https://www.douyin.com/video/7644037011783755633,,7644089957849826085,14:53,未纳入,中性,自动映射到抖音视频评论池。,,false
2026-05-26,wangduoyu,抖音评论 14:53,结束了,,,,否,video_id=7644037011783755633; video_url=https://www.douyin.com/video/7644037011783755633; creator=王多于-股之子; like=0; reply=0; source_type=comment; yeren_signal_id=; parent_comment_text=,14:53,抖音评论,video,有点惨#内容过于真实 #股民 #基金 #王多于股之子 #vlog十亿流量扶持计划,浮笙,7644037011783755633,https://www.douyin.com/video/7644037011783755633,,7644089934886798139,14:53,未纳入,中性,自动映射到抖音视频评论池。,,false
2026-05-26,wangduoyu,抖音评论 14:51,半导体2:20开始吸,,,,否,video_id=7644037011783755633; video_url=https://www.douyin.com/video/7644037011783755633; creator=王多于-股之子; like=0; reply=0; source_type=comment; yeren_signal_id=; parent_comment_text=,14:51,抖音评论,video,有点惨#内容过于真实 #股民 #基金 #王多于股之子 #vlog十亿流量扶持计划,没有找到杰克的肉丝,7644037011783755633,https://www.douyin.com/video/7644037011783755633,,7644089655130899237,14:51,未纳入,中性,自动映射到抖音视频评论池。,,false
2026-05-26,wangduoyu,抖音评论 14:51,今天还好是红的,,,,否,video_id=7644037011783755633; video_url=https://www.douyin.com/video/7644037011783755633; creator=王多于-股之子; like=0; reply=0; source_type=comment; yeren_signal_id=; parent_comment_text=,14:51,抖音评论,video,有点惨#内容过于真实 #股民 #基金 #王多于股之子 #vlog十亿流量扶持计划,笑看  人生,7644037011783755633,https://www.douyin.com/video/7644037011783755633,,7644089497068798769,14:51,未纳入,中性,自动映射到抖音视频评论池。,,false
2026-05-26,wangduoyu,抖音评论 14:50,跟了,,,,否,video_id=7644037011783755633; video_url=https://www.douyin.com/video/7644037011783755633; creator=王多于-股之子; like=0; reply=0; source_type=comment; yeren_signal_id=; parent_comment_text=,14:50,抖音评论,video,有点惨#内容过于真实 #股民 #基金 #王多于股之子 #vlog十亿流量扶持计划,法师玩家,7644037011783755633,https://www.douyin.com/video/7644037011783755633,,7644089230419034917,14:50,未纳入,中性,自动映射到抖音视频评论池。,,false
2026-05-26,wangduoyu,抖音评论 14:47,黄河旋风为什么不买[偷笑],黄河旋风(600172),,黄河旋风(600172) 被提及 2 次，有效评论 2 条，来源 1 个，单视频线索，情绪 中性，当前判断：保留观察。,待确认,video_id=7644037011783755633; video_url=https://www.douyin.com/video/7644037011783755633; creator=王多于-股之子; like=1; reply=5; source_type=comment; yeren_signal_id=; parent_comment_text=,14:47,抖音评论,video,有点惨#内容过于真实 #股民 #基金 #王多于股之子 #vlog十亿流量扶持计划,Arsenal.龍,7644037011783755633,https://www.douyin.com/video/7644037011783755633,,7644088601588613897,14:47,待确认,中性,自动映射到抖音视频评论池。,6.9,false
2026-05-26,wangduoyu,抖音评论 14:46,[捂脸][捂脸][捂脸],,,,否,video_id=7644037011783755633; video_url=https://www.douyin.com/video/7644037011783755633; creator=王多于-股之子; like=0; reply=0; source_type=comment; yeren_signal_id=; parent_comment_text=,14:46,抖音评论,video,有点惨#内容过于真实 #股民 #基金 #王多于股之子 #vlog十亿流量扶持计划,打板工坊-东财专用小键盘,7644037011783755633,https://www.douyin.com/video/7644037011783755633,,7644088269056197433,14:46,未纳入,中性,自动映射到抖音视频评论池。,,false
2026-05-26,wangduoyu,抖音评论 14:45,张江,,,,否,video_id=7644037011783755633; video_url=https://www.douyin.com/video/7644037011783755633; creator=王多于-股之子; like=0; reply=0; source_type=comment; yeren_signal_id=; parent_comment_text=,14:45,抖音评论,video,有点惨#内容过于真实 #股民 #基金 #王多于股之子 #vlog十亿流量扶持计划,假重庆人,7644037011783755633,https://www.douyin.com/video/7644037011783755633,,7644087996204352314,14:45,未纳入,中性,自动映射到抖音视频评论池。,,false
2026-05-26,wangduoyu,抖音评论 14:44,大盘都红了，还有绿的吗[尬笑],,,,否,video_id=7644037011783755633; video_url=https://www.douyin.com/video/7644037011783755633; creator=王多于-股之子; like=0; reply=0; source_type=comment; yeren_signal_id=; parent_comment_text=,14:44,抖音评论,video,有点惨#内容过于真实 #股民 #基金 #王多于股之子 #vlog十亿流量扶持计划,nash2010,7644037011783755633,https://www.douyin.com/video/7644037011783755633,,7644087822081917748,14:44,未纳入,中性,自动映射到抖音视频评论池。,,false
2026-05-26,wangduoyu,抖音评论 14:44,不是一直是牛市吗，怎么还有人亏钱[看],,,评论热度较高，但暂未自动识别到明确股票线索，保留人工复核。,待确认,video_id=7644037011783755633; video_url=https://www.douyin.com/video/7644037011783755633; creator=王多于-股之子; like=2; reply=7; source_type=comment; yeren_signal_id=; parent_comment_text=,14:44,抖音评论,video,有点惨#内容过于真实 #股民 #基金 #王多于股之子 #vlog十亿流量扶持计划,转眼消失人海,7644037011783755633,https://www.douyin.com/video/7644037011783755633,,7644087622067290914,14:44,待确认,中性,自动映射到抖音视频评论池。,6.2,false
2026-05-26,wangduoyu,抖音评论 14:43,省广可以进了,,,,否,video_id=7644037011783755633; video_url=https://www.douyin.com/video/7644037011783755633; creator=王多于-股之子; like=0; reply=0; source_type=comment; yeren_signal_id=; parent_comment_text=,14:43,抖音评论,video,有点惨#内容过于真实 #股民 #基金 #王多于股之子 #vlog十亿流量扶持计划,沉梦听雨,7644037011783755633,https://www.douyin.com/video/7644037011783755633,,7644087577637749562,14:43,未纳入,中性,自动映射到抖音视频评论池。,,false
2026-05-26,wangduoyu,抖音评论 14:43,本来上周挣回本了还挣五千没卖到现在又亏一万了[泪奔][泪奔],,,,否,video_id=7644037011783755633; video_url=https://www.douyin.com/video/7644037011783755633; creator=王多于-股之子; like=0; reply=0; source_type=comment; yeren_signal_id=; parent_comment_text=,14:43,抖音评论,video,有点惨#内容过于真实 #股民 #基金 #王多于股之子 #vlog十亿流量扶持计划,筱筱,7644037011783755633,https://www.douyin.com/video/7644037011783755633,,7644087472821191461,14:43,未纳入,中性,自动映射到抖音视频评论池。,,false
2026-05-26,wangduoyu,抖音评论 14:38,粤传媒。数板吧[色],,,,否,video_id=7644037011783755633; video_url=https://www.douyin.com/video/7644037011783755633; creator=王多于-股之子; like=1; reply=5; source_type=comment; yeren_signal_id=; parent_comment_text=,14:38,抖音评论,video,有点惨#内容过于真实 #股民 #基金 #王多于股之子 #vlog十亿流量扶持计划,❤️爱我中华❤️,7644037011783755633,https://www.douyin.com/video/7644037011783755633,,7644086129328063274,14:38,未纳入,中性,自动映射到抖音视频评论池。,,false
2026-05-26,wangduoyu,抖音评论 14:38,哪没有了，这不开始吸了,,,,否,video_id=7644037011783755633; video_url=https://www.douyin.com/video/7644037011783755633; creator=王多于-股之子; like=0; reply=0; source_type=comment; yeren_signal_id=; parent_comment_text=,14:38,抖音评论,video,有点惨#内容过于真实 #股民 #基金 #王多于股之子 #vlog十亿流量扶持计划,我的旺仔,7644037011783755633,https://www.douyin.com/video/7644037011783755633,,7644086070342763290,14:38,未纳入,中性,自动映射到抖音视频评论池。,,false
2026-05-26,wangduoyu,抖音评论 14:37,利通,,,,否,video_id=7644037011783755633; video_url=https://www.douyin.com/video/7644037011783755633; creator=王多于-股之子; like=0; reply=0; source_type=comment; yeren_signal_id=; parent_comment_text=,14:37,抖音评论,video,有点惨#内容过于真实 #股民 #基金 #王多于股之子 #vlog十亿流量扶持计划,春天的白云 秋天的风,7644037011783755633,https://www.douyin.com/video/7644037011783755633,,7644085927447479077,14:37,未纳入,中性,自动映射到抖音视频评论池。,,false
2026-05-26,wangduoyu,抖音评论 14:37,昨天下午就减仓了,,,,否,video_id=7644037011783755633; video_url=https://www.douyin.com/video/7644037011783755633; creator=王多于-股之子; like=0; reply=0; source_type=comment; yeren_signal_id=; parent_comment_text=,14:37,抖音评论,video,有点惨#内容过于真实 #股民 #基金 #王多于股之子 #vlog十亿流量扶持计划,巴布豆童鞋(时代店),7644037011783755633,https://www.douyin.com/video/7644037011783755633,,7644085856328401698,14:37,未纳入,中性,自动映射到抖音视频评论池。,,false
2026-05-26,wangduoyu,抖音评论 14:36,洗盘，震荡上行,,,,否,video_id=7644037011783755633; video_url=https://www.douyin.com/video/7644037011783755633; creator=王多于-股之子; like=1; reply=0; source_type=comment; yeren_signal_id=; parent_comment_text=,14:36,抖音评论,video,有点惨#内容过于真实 #股民 #基金 #王多于股之子 #vlog十亿流量扶持计划,秋悲！,7644037011783755633,https://www.douyin.com/video/7644037011783755633,,7644085737852224313,14:36,未纳入,中性,自动映射到抖音视频评论池。,,false
2026-05-26,wangduoyu,抖音评论 14:35,巨力索具 天下秀,巨力索具(002342),,巨力索具(002342) 被提及 1 次，有效评论 1 条，来源 1 个，单视频线索，情绪 中性，当前判断：保留观察。,待确认,video_id=7644037011783755633; video_url=https://www.douyin.com/video/7644037011783755633; creator=王多于-股之子; like=1; reply=0; source_type=comment; yeren_signal_id=; parent_comment_text=,14:35,抖音评论,video,有点惨#内容过于真实 #股民 #基金 #王多于股之子 #vlog十亿流量扶持计划,古德猫_good,7644037011783755633,https://www.douyin.com/video/7644037011783755633,,7644085500999844614,14:35,待确认,中性,自动映射到抖音视频评论池。,6.4,false
2026-05-26,wangduoyu,抖音评论 14:34,长电说了几次了,,,,否,video_id=7644037011783755633; video_url=https://www.douyin.com/video/7644037011783755633; creator=王多于-股之子; like=0; reply=0; source_type=comment; yeren_signal_id=; parent_comment_text=,14:34,抖音评论,video,有点惨#内容过于真实 #股民 #基金 #王多于股之子 #vlog十亿流量扶持计划,f康辉✨,7644037011783755633,https://www.douyin.com/video/7644037011783755633,,7644085224910324489,14:34,未纳入,中性,自动映射到抖音视频评论池。,,false
2026-05-26,wangduoyu,抖音评论 14:34,长电88进的咋办,,,,否,video_id=7644037011783755633; video_url=https://www.douyin.com/video/7644037011783755633; creator=王多于-股之子; like=0; reply=4; source_type=comment; yeren_signal_id=; parent_comment_text=,14:34,抖音评论,video,有点惨#内容过于真实 #股民 #基金 #王多于股之子 #vlog十亿流量扶持计划,滴答,7644037011783755633,https://www.douyin.com/video/7644037011783755633,,7644085219310912314,14:34,未纳入,中性,自动映射到抖音视频评论池。,,false
2026-05-26,wangduoyu,抖音评论 14:32,牛市结束一周了,,,,否,video_id=7644037011783755633; video_url=https://www.douyin.com/video/7644037011783755633; creator=王多于-股之子; like=0; reply=0; source_type=comment; yeren_signal_id=; parent_comment_text=,14:32,抖音评论,video,有点惨#内容过于真实 #股民 #基金 #王多于股之子 #vlog十亿流量扶持计划,水林溪,7644037011783755633,https://www.douyin.com/video/7644037011783755633,,7644084643487433510,14:32,未纳入,中性,自动映射到抖音视频评论池。,,false
2026-05-26,wangduoyu,抖音评论 14:30,吸了3个兜[流泪],,,,否,video_id=7644037011783755633; video_url=https://www.douyin.com/video/7644037011783755633; creator=王多于-股之子; like=0; reply=0; source_type=comment; yeren_signal_id=; parent_comment_text=,14:30,抖音评论,video,有点惨#内容过于真实 #股民 #基金 #王多于股之子 #vlog十亿流量扶持计划,思念,7644037011783755633,https://www.douyin.com/video/7644037011783755633,,7644084050169103141,14:30,未纳入,中性,自动映射到抖音视频评论池。,,false
2026-05-26,wangduoyu,抖音评论 14:28,航宇微能帮我看看吗？,航宇微(300053),,航宇微(300053) 被提及 1 次，有效评论 1 条，来源 1 个，单视频线索，情绪 中性，当前判断：保留观察。,待确认,video_id=7644037011783755633; video_url=https://www.douyin.com/video/7644037011783755633; creator=王多于-股之子; like=0; reply=0; source_type=comment; yeren_signal_id=; parent_comment_text=,14:28,抖音评论,video,有点惨#内容过于真实 #股民 #基金 #王多于股之子 #vlog十亿流量扶持计划,安静🤫,7644037011783755633,https://www.douyin.com/video/7644037011783755633,,7644083573508064046,14:28,待确认,中性,自动映射到抖音视频评论池。,6.4,false
2026-05-26,wangduoyu,抖音评论 14:23,我的京东方炸板了？,,,,否,video_id=7644037011783755633; video_url=https://www.douyin.com/video/7644037011783755633; creator=王多于-股之子; like=0; reply=0; source_type=comment; yeren_signal_id=; parent_comment_text=,14:23,抖音评论,video,有点惨#内容过于真实 #股民 #基金 #王多于股之子 #vlog十亿流量扶持计划,萨摩耶不耶咩,7644037011783755633,https://www.douyin.com/video/7644037011783755633,,7644082225156342585,14:23,未纳入,中性,自动映射到抖音视频评论池。,,false
2026-05-26,wangduoyu,抖音评论 14:21,我这两天说亚世没人看到？,,,,否,video_id=7644037011783755633; video_url=https://www.douyin.com/video/7644037011783755633; creator=王多于-股之子; like=0; reply=0; source_type=comment; yeren_signal_id=; parent_comment_text=,14:21,抖音评论,video,有点惨#内容过于真实 #股民 #基金 #王多于股之子 #vlog十亿流量扶持计划,于途,7644037011783755633,https://www.douyin.com/video/7644037011783755633,,7644081848192893742,14:21,未纳入,中性,自动映射到抖音视频评论池。,,false
2026-05-26,wangduoyu,抖音评论 14:19,天邦食品,天邦食品(002124),,天邦食品(002124) 被提及 1 次，有效评论 1 条，来源 1 个，单视频线索，情绪 中性，当前判断：保留观察。,待确认,video_id=7644037011783755633; video_url=https://www.douyin.com/video/7644037011783755633; creator=王多于-股之子; like=0; reply=1; source_type=comment; yeren_signal_id=; parent_comment_text=,14:19,抖音评论,video,有点惨#内容过于真实 #股民 #基金 #王多于股之子 #vlog十亿流量扶持计划,马铃薯团子^,7644037011783755633,https://www.douyin.com/video/7644037011783755633,,7644081400928715578,14:19,待确认,中性,自动映射到抖音视频评论池。,6.4,false
2026-05-26,wangduoyu,抖音评论 14:18,结束了结束了，大家销户吧,,,,否,video_id=7644037011783755633; video_url=https://www.douyin.com/video/7644037011783755633; creator=王多于-股之子; like=1; reply=0; source_type=comment; yeren_signal_id=; parent_comment_text=,14:18,抖音评论,video,有点惨#内容过于真实 #股民 #基金 #王多于股之子 #vlog十亿流量扶持计划,娇娇,7644037011783755633,https://www.douyin.com/video/7644037011783755633,,7644081083433403190,14:18,未纳入,中性,自动映射到抖音视频评论池。,,false
2026-05-26,wangduoyu,抖音评论 14:17,跌不是很正常吗？哪有天天涨的[黑脸],,,,否,video_id=7644037011783755633; video_url=https://www.douyin.com/video/7644037011783755633; creator=王多于-股之子; like=0; reply=0; source_type=comment; yeren_signal_id=; parent_comment_text=,14:17,抖音评论,video,有点惨#内容过于真实 #股民 #基金 #王多于股之子 #vlog十亿流量扶持计划,鱼,7644037011783755633,https://www.douyin.com/video/7644037011783755633,,7644080749037978426,14:17,未纳入,中性,自动映射到抖音视频评论池。,,false
2026-05-26,wangduoyu,抖音评论 14:16,牛市我没有挣钱[流泪][流泪][流泪],,,,否,video_id=7644037011783755633; video_url=https://www.douyin.com/video/7644037011783755633; creator=王多于-股之子; like=0; reply=0; source_type=comment; yeren_signal_id=; parent_comment_text=,14:16,抖音评论,video,有点惨#内容过于真实 #股民 #基金 #王多于股之子 #vlog十亿流量扶持计划,💋周大小姐,7644037011783755633,https://www.douyin.com/video/7644037011783755633,,7644080482397324081,14:16,未纳入,中性,自动映射到抖音视频评论池。,,false
2026-05-26,wangduoyu,抖音评论 14:15,博敏电子,博敏电子(603936),,博敏电子(603936) 被提及 2 次，有效评论 2 条，来源 2 个，跨来源共振，情绪 中性，当前判断：保留观察。,待确认,video_id=7644037011783755633; video_url=https://www.douyin.com/video/7644037011783755633; creator=王多于-股之子; like=0; reply=0; source_type=comment; yeren_signal_id=; parent_comment_text=,14:15,抖音评论,video,有点惨#内容过于真实 #股民 #基金 #王多于股之子 #vlog十亿流量扶持计划,湫别亦,7644037011783755633,https://www.douyin.com/video/7644037011783755633,,7644080383018238720,14:15,待确认,中性,自动映射到抖音视频评论池。,7.6,false
2026-05-26,wangduoyu,抖音评论 14:15,你那是吸，雪人这货是大口抽呀,,,,否,video_id=7644037011783755633; video_url=https://www.douyin.com/video/7644037011783755633; creator=王多于-股之子; like=0; reply=0; source_type=comment; yeren_signal_id=; parent_comment_text=,14:15,抖音评论,video,有点惨#内容过于真实 #股民 #基金 #王多于股之子 #vlog十亿流量扶持计划,海浪声lh,7644037011783755633,https://www.douyin.com/video/7644037011783755633,,7644080201730671397,14:15,未纳入,中性,自动映射到抖音视频评论池。,,false
2026-05-26,wangduoyu,抖音评论 14:14,闻泰涨停啊[看],,,,否,video_id=7644037011783755633; video_url=https://www.douyin.com/video/7644037011783755633; creator=王多于-股之子; like=0; reply=0; source_type=comment; yeren_signal_id=; parent_comment_text=,14:14,抖音评论,video,有点惨#内容过于真实 #股民 #基金 #王多于股之子 #vlog十亿流量扶持计划,KEM,7644037011783755633,https://www.douyin.com/video/7644037011783755633,,7644080001763410703,14:14,未纳入,中性,自动映射到抖音视频评论池。,,false
2026-05-26,wangduoyu,抖音评论 14:12,汇添富科技领先还能拿的住[黄脸干杯],,,,否,video_id=7644037011783755633; video_url=https://www.douyin.com/video/7644037011783755633; creator=王多于-股之子; like=0; reply=0; source_type=comment; yeren_signal_id=; parent_comment_text=,14:12,抖音评论,video,有点惨#内容过于真实 #股民 #基金 #王多于股之子 #vlog十亿流量扶持计划,Principal.,7644037011783755633,https://www.douyin.com/video/7644037011783755633,,7644079426477703977,14:12,未纳入,中性,自动映射到抖音视频评论池。,,false
2026-05-26,wangduoyu,抖音评论 14:11,平潭发展咋样？,平潭发展(000592),林业;福建自贸区,平潭发展(000592) 被提及 2 次，有效评论 2 条，来源 2 个，跨来源共振，情绪 中性，当前判断：保留观察。,待确认,video_id=7644037011783755633; video_url=https://www.douyin.com/video/7644037011783755633; creator=王多于-股之子; like=0; reply=9; source_type=comment; yeren_signal_id=; parent_comment_text=,14:11,抖音评论,video,有点惨#内容过于真实 #股民 #基金 #王多于股之子 #vlog十亿流量扶持计划,无关风月,7644037011783755633,https://www.douyin.com/video/7644037011783755633,,7644079335063126842,14:11,待确认,中性,自动映射到抖音视频评论池。,7.6,false
2026-05-26,wangduoyu,抖音评论 14:10,怎么确定就是牛市了？？,,,,否,video_id=7644037011783755633; video_url=https://www.douyin.com/video/7644037011783755633; creator=王多于-股之子; like=0; reply=0; source_type=comment; yeren_signal_id=; parent_comment_text=,14:10,抖音评论,video,有点惨#内容过于真实 #股民 #基金 #王多于股之子 #vlog十亿流量扶持计划,爬出深渊,7644037011783755633,https://www.douyin.com/video/7644037011783755633,,7644078981495653169,14:10,未纳入,中性,自动映射到抖音视频评论池。,,false
2026-05-26,wangduoyu,抖音评论 14:10,风华高科,风华高科(000636),,风华高科(000636) 被提及 1 次，有效评论 1 条，来源 1 个，单视频线索，情绪 中性，当前判断：保留观察。,待确认,video_id=7644037011783755633; video_url=https://www.douyin.com/video/7644037011783755633; creator=王多于-股之子; like=0; reply=0; source_type=comment; yeren_signal_id=; parent_comment_text=,14:10,抖音评论,video,有点惨#内容过于真实 #股民 #基金 #王多于股之子 #vlog十亿流量扶持计划,YY-N,7644037011783755633,https://www.douyin.com/video/7644037011783755633,,7644078902759359290,14:10,待确认,中性,自动映射到抖音视频评论池。,6.4,false
2026-05-26,wangduoyu,抖音评论 14:09,科技在大幅震荡，，，震浮筹,,,,否,video_id=7644037011783755633; video_url=https://www.douyin.com/video/7644037011783755633; creator=王多于-股之子; like=0; reply=0; source_type=comment; yeren_signal_id=; parent_comment_text=,14:09,抖音评论,video,有点惨#内容过于真实 #股民 #基金 #王多于股之子 #vlog十亿流量扶持计划,心情好,7644037011783755633,https://www.douyin.com/video/7644037011783755633,,7644078702153777971,14:09,未纳入,中性,自动映射到抖音视频评论池。,,false
2026-05-26,wangduoyu,抖音评论 14:08,国际复材买不买你看着办,国际复材(301526),,国际复材(301526) 被提及 1 次，有效评论 1 条，来源 1 个，单视频线索，情绪 看多，当前判断：保留观察。,待确认,video_id=7644037011783755633; video_url=https://www.douyin.com/video/7644037011783755633; creator=王多于-股之子; like=1; reply=9; source_type=comment; yeren_signal_id=; parent_comment_text=,14:08,抖音评论,video,有点惨#内容过于真实 #股民 #基金 #王多于股之子 #vlog十亿流量扶持计划,胖掌柜巴扎嘿,7644037011783755633,https://www.douyin.com/video/7644037011783755633,,7644078582775497507,14:08,待确认,看多,自动映射到抖音视频评论池。,6.4,false
2026-05-26,wangduoyu,抖音评论 14:07,我昨天就知道 半导体应该要调整了，消息面掏定律，最重要的是我进了一点[耶],,,,否,video_id=7644037011783755633; video_url=https://www.douyin.com/video/7644037011783755633; creator=王多于-股之子; like=1; reply=0; source_type=comment; yeren_signal_id=; parent_comment_text=,14:07,抖音评论,video,有点惨#内容过于真实 #股民 #基金 #王多于股之子 #vlog十亿流量扶持计划,洛凡,7644037011783755633,https://www.douyin.com/video/7644037011783755633,,7644078194739512127,14:07,未纳入,中性,自动映射到抖音视频评论池。,,false
2026-05-26,wangduoyu,抖音评论 14:06,深圳能源[比心],深圳能源(000027),,深圳能源(000027) 被提及 1 次，有效评论 1 条，来源 1 个，单视频线索，情绪 中性，当前判断：保留观察。,待确认,video_id=7644037011783755633; video_url=https://www.douyin.com/video/7644037011783755633; creator=王多于-股之子; like=0; reply=0; source_type=comment; yeren_signal_id=; parent_comment_text=,14:06,抖音评论,video,有点惨#内容过于真实 #股民 #基金 #王多于股之子 #vlog十亿流量扶持计划,Life。,7644037011783755633,https://www.douyin.com/video/7644037011783755633,,7644077963030168369,14:06,待确认,中性,自动映射到抖音视频评论池。,6.4,false
2026-05-26,wangduoyu,抖音评论 14:05,天安新材[看],天安新材(603725),,天安新材(603725) 被提及 1 次，有效评论 1 条，来源 1 个，单视频线索，情绪 中性，当前判断：保留观察。,待确认,video_id=7644037011783755633; video_url=https://www.douyin.com/video/7644037011783755633; creator=王多于-股之子; like=1; reply=1; source_type=comment; yeren_signal_id=; parent_comment_text=,14:05,抖音评论,video,有点惨#内容过于真实 #股民 #基金 #王多于股之子 #vlog十亿流量扶持计划,百天,7644037011783755633,https://www.douyin.com/video/7644037011783755633,,7644077676680905521,14:05,待确认,中性,自动映射到抖音视频评论池。,6.4,false
2026-05-26,wangduoyu,抖音评论 14:05,感觉卧龙要拉起来，我直接跳起来买，买在山顶了[憨笑],,,,否,video_id=7644037011783755633; video_url=https://www.douyin.com/video/7644037011783755633; creator=王多于-股之子; like=3; reply=4; source_type=comment; yeren_signal_id=; parent_comment_text=,14:05,抖音评论,video,有点惨#内容过于真实 #股民 #基金 #王多于股之子 #vlog十亿流量扶持计划,发现男友是男同出轨绝望去点男模发现是小三,7644037011783755633,https://www.douyin.com/video/7644037011783755633,,7644077574544884534,14:05,未纳入,中性,自动映射到抖音视频评论池。,,false
2026-05-26,wangduoyu,抖音评论 14:04,我们一直都在熊市中[呲牙][呲牙],,,,否,video_id=7644037011783755633; video_url=https://www.douyin.com/video/7644037011783755633; creator=王多于-股之子; like=0; reply=0; source_type=comment; yeren_signal_id=; parent_comment_text=,14:04,抖音评论,video,有点惨#内容过于真实 #股民 #基金 #王多于股之子 #vlog十亿流量扶持计划,深秋1987,7644037011783755633,https://www.douyin.com/video/7644037011783755633,,7644077456123298610,14:04,未纳入,中性,自动映射到抖音视频评论池。,,false
2026-05-26,wangduoyu,抖音评论 14:03,,,,,否,video_id=7644037011783755633; video_url=https://www.douyin.com/video/7644037011783755633; creator=王多于-股之子; like=0; reply=0; source_type=comment; yeren_signal_id=; parent_comment_text=,14:03,抖音评论,video,有点惨#内容过于真实 #股民 #基金 #王多于股之子 #vlog十亿流量扶持计划,小米粒,7644037011783755633,https://www.douyin.com/video/7644037011783755633,,7644077048809571087,14:03,未纳入,中性,自动映射到抖音视频评论池。,,false
2026-05-26,wangduoyu,抖音评论 14:02,为什么今天全绿大绿[吐血],,,,否,video_id=7644037011783755633; video_url=https://www.douyin.com/video/7644037011783755633; creator=王多于-股之子; like=0; reply=0; source_type=comment; yeren_signal_id=; parent_comment_text=,14:02,抖音评论,video,有点惨#内容过于真实 #股民 #基金 #王多于股之子 #vlog十亿流量扶持计划,宝贝陈🍊,7644037011783755633,https://www.douyin.com/video/7644037011783755633,,7644077013413856035,14:02,未纳入,中性,自动映射到抖音视频评论池。,,false
2026-05-26,wangduoyu,抖音评论 14:00,结束了,,,,否,video_id=7644037011783755633; video_url=https://www.douyin.com/video/7644037011783755633; creator=王多于-股之子; like=0; reply=0; source_type=comment; yeren_signal_id=; parent_comment_text=,14:00,抖音评论,video,有点惨#内容过于真实 #股民 #基金 #王多于股之子 #vlog十亿流量扶持计划,林肯公园,7644037011783755633,https://www.douyin.com/video/7644037011783755633,,7644076397791331129,14:00,未纳入,中性,自动映射到抖音视频评论池。,,false
2026-05-26,wangduoyu,抖音评论 14:00,我蹲着不动一直跌，涨没我的份，跌天天拉我一起[捂脸],,,,否,video_id=7644037011783755633; video_url=https://www.douyin.com/video/7644037011783755633; creator=王多于-股之子; like=1; reply=0; source_type=comment; yeren_signal_id=; parent_comment_text=,14:00,抖音评论,video,有点惨#内容过于真实 #股民 #基金 #王多于股之子 #vlog十亿流量扶持计划,🌈，能不能,7644037011783755633,https://www.douyin.com/video/7644037011783755633,,7644076395299750715,14:00,未纳入,中性,自动映射到抖音视频评论池。,,false
2026-05-26,wangduoyu,抖音评论 13:58,共达电声,共达电声(002655),,共达电声(002655) 被提及 4 次，有效评论 4 条，来源 1 个，单视频线索，情绪 中性，当前判断：保留观察。,待确认,video_id=7644037011783755633; video_url=https://www.douyin.com/video/7644037011783755633; creator=王多于-股之子; like=0; reply=0; source_type=comment; yeren_signal_id=; parent_comment_text=,13:58,抖音评论,video,有点惨#内容过于真实 #股民 #基金 #王多于股之子 #vlog十亿流量扶持计划,养猪的饲养员,7644037011783755633,https://www.douyin.com/video/7644037011783755633,,7644075805584393009,13:58,待确认,中性,自动映射到抖音视频评论池。,7.6,false
2026-05-26,wangduoyu,抖音评论 13:57,"在大A他妈的有牛市吗？
小散户们就是做无私奉献的。",,,,否,video_id=7644037011783755633; video_url=https://www.douyin.com/video/7644037011783755633; creator=王多于-股之子; like=0; reply=0; source_type=comment; yeren_signal_id=; parent_comment_text=,13:57,抖音评论,video,有点惨#内容过于真实 #股民 #基金 #王多于股之子 #vlog十亿流量扶持计划,鲍🐬的——鲍,7644037011783755633,https://www.douyin.com/video/7644037011783755633,,7644075688228848427,13:57,未纳入,中性,自动映射到抖音视频评论池。,,false
2026-05-26,wangduoyu,抖音评论 13:54,低吸机器人 五洲 均胜 德塞 我的认知是没有结束 借着大盘下杀,机器人(300024),,机器人(300024) 被提及 7 次，有效评论 7 条，来源 2 个，跨来源共振，情绪 中性，当前判断：已进入推荐候选。,是,video_id=7644037011783755633; video_url=https://www.douyin.com/video/7644037011783755633; creator=王多于-股之子; like=0; reply=3; source_type=comment; yeren_signal_id=; parent_comment_text=,13:54,抖音评论,video,有点惨#内容过于真实 #股民 #基金 #王多于股之子 #vlog十亿流量扶持计划,亦菲冲天,7644037011783755633,https://www.douyin.com/video/7644037011783755633,,7644074735723414331,13:54,已纳入,中性,自动映射到抖音视频评论池。,9.6,true
2026-05-26,wangduoyu,抖音评论 13:51,没看我昨天发的么我上周四全仓进的电力,,,,否,video_id=7644037011783755633; video_url=https://www.douyin.com/video/7644037011783755633; creator=王多于-股之子; like=0; reply=0; source_type=comment; yeren_signal_id=; parent_comment_text=,13:51,抖音评论,video,有点惨#内容过于真实 #股民 #基金 #王多于股之子 #vlog十亿流量扶持计划,漫步云端丶,7644037011783755633,https://www.douyin.com/video/7644037011783755633,,7644074184247755557,13:51,未纳入,中性,自动映射到抖音视频评论池。,,false
2026-05-26,wangduoyu,抖音评论 13:51,本来打算放弃了[捂脸],,,,否,video_id=7644037011783755633; video_url=https://www.douyin.com/video/7644037011783755633; creator=王多于-股之子; like=1; reply=3; source_type=comment; yeren_signal_id=; parent_comment_text=,13:51,抖音评论,video,有点惨#内容过于真实 #股民 #基金 #王多于股之子 #vlog十亿流量扶持计划,Boom I’,7644037011783755633,https://www.douyin.com/video/7644037011783755633,,7644074172805989169,13:51,未纳入,中性,自动映射到抖音视频评论池。,,false
2026-05-26,wangduoyu,抖音评论 13:47,天天喊不要吸不要吸了，这下舒服了，从口袋里吸了[看],,,,否,video_id=7644037011783755633; video_url=https://www.douyin.com/video/7644037011783755633; creator=王多于-股之子; like=0; reply=0; source_type=comment; yeren_signal_id=; parent_comment_text=,13:47,抖音评论,video,有点惨#内容过于真实 #股民 #基金 #王多于股之子 #vlog十亿流量扶持计划,海带爱吸喵,7644037011783755633,https://www.douyin.com/video/7644037011783755633,,7644073140163003174,13:47,未纳入,中性,自动映射到抖音视频评论池。,,false
2026-05-26,wangduoyu,抖音评论 13:45,还不如半导体拉……,,,,否,video_id=7644037011783755633; video_url=https://www.douyin.com/video/7644037011783755633; creator=王多于-股之子; like=0; reply=0; source_type=comment; yeren_signal_id=; parent_comment_text=,13:45,抖音评论,video,有点惨#内容过于真实 #股民 #基金 #王多于股之子 #vlog十亿流量扶持计划,叫我摩羯座啊,7644037011783755633,https://www.douyin.com/video/7644037011783755633,,7644072409687819071,13:45,未纳入,中性,自动映射到抖音视频评论池。,,false
2026-05-26,wangduoyu,抖音评论 13:44,王子不知道咋样,,,,否,video_id=7644037011783755633; video_url=https://www.douyin.com/video/7644037011783755633; creator=王多于-股之子; like=0; reply=0; source_type=comment; yeren_signal_id=; parent_comment_text=,13:44,抖音评论,video,有点惨#内容过于真实 #股民 #基金 #王多于股之子 #vlog十亿流量扶持计划,装杯小能手,7644037011783755633,https://www.douyin.com/video/7644037011783755633,,7644072364170691355,13:44,未纳入,中性,自动映射到抖音视频评论池。,,false
2026-05-26,wangduoyu,抖音评论 13:42,说了海得，也不知道有没有人看到,,,,否,video_id=7644037011783755633; video_url=https://www.douyin.com/video/7644037011783755633; creator=王多于-股之子; like=0; reply=2; source_type=comment; yeren_signal_id=; parent_comment_text=,13:42,抖音评论,video,有点惨#内容过于真实 #股民 #基金 #王多于股之子 #vlog十亿流量扶持计划,句容烫发染发（托尼胡）,7644037011783755633,https://www.douyin.com/video/7644037011783755633,,7644071807913820977,13:42,未纳入,中性,自动映射到抖音视频评论池。,,false
2026-05-26,wangduoyu,抖音评论 13:42,通富咋整[捂脸][捂脸][捂脸]一早追高了,,,,否,video_id=7644037011783755633; video_url=https://www.douyin.com/video/7644037011783755633; creator=王多于-股之子; like=2; reply=0; source_type=comment; yeren_signal_id=; parent_comment_text=,13:42,抖音评论,video,有点惨#内容过于真实 #股民 #基金 #王多于股之子 #vlog十亿流量扶持计划,千祥云集,7644037011783755633,https://www.douyin.com/video/7644037011783755633,,7644071641789924150,13:42,未纳入,中性,自动映射到抖音视频评论池。,,false
2026-05-26,wangduoyu,抖音评论 13:41,,,,,否,video_id=7644037011783755633; video_url=https://www.douyin.com/video/7644037011783755633; creator=王多于-股之子; like=0; reply=0; source_type=comment; yeren_signal_id=; parent_comment_text=,13:41,抖音评论,video,有点惨#内容过于真实 #股民 #基金 #王多于股之子 #vlog十亿流量扶持计划,周扒皮,7644037011783755633,https://www.douyin.com/video/7644037011783755633,,7644071510701146917,13:41,未纳入,中性,自动映射到抖音视频评论池。,,false
2026-05-26,wangduoyu,抖音评论 13:41,结束了，已经结束了，整个都完蛋了[流泪],,,,否,video_id=7644037011783755633; video_url=https://www.douyin.com/video/7644037011783755633; creator=王多于-股之子; like=3; reply=0; source_type=comment; yeren_signal_id=; parent_comment_text=,13:41,抖音评论,video,有点惨#内容过于真实 #股民 #基金 #王多于股之子 #vlog十亿流量扶持计划,萌果子6666,7644037011783755633,https://www.douyin.com/video/7644037011783755633,,7644071407370797834,13:41,未纳入,中性,自动映射到抖音视频评论池。,,false
2026-05-26,wangduoyu,抖音评论 14:01,远东开板走了[微笑],,,,否,video_id=7644037011783755633; video_url=https://www.douyin.com/video/7644037011783755633; creator=王多于-股之子; like=1; reply=0; source_type=comment; yeren_signal_id=; parent_comment_text=,14:01,抖音评论,video,有点惨#内容过于真实 #股民 #基金 #王多于股之子 #vlog十亿流量扶持计划,Life。,7644037011783755633,https://www.douyin.com/video/7644037011783755633,,7644076615468073787,14:01,未纳入,中性,自动映射到抖音视频评论池。,,false
2026-05-26,wangduoyu,抖音评论 13:39,我就京东方跟长电玩玩,,,,否,video_id=7644037011783755633; video_url=https://www.douyin.com/video/7644037011783755633; creator=王多于-股之子; like=0; reply=2; source_type=comment; yeren_signal_id=; parent_comment_text=,13:39,抖音评论,video,有点惨#内容过于真实 #股民 #基金 #王多于股之子 #vlog十亿流量扶持计划,卿苗诞恬,7644037011783755633,https://www.douyin.com/video/7644037011783755633,,7644071015728268081,13:39,未纳入,中性,自动映射到抖音视频评论池。,,false
2026-05-26,wangduoyu,抖音评论 13:39,跌一下就牛没了 涨一下牛又来了哈哈,,,,否,video_id=7644037011783755633; video_url=https://www.douyin.com/video/7644037011783755633; creator=王多于-股之子; like=0; reply=0; source_type=comment; yeren_signal_id=; parent_comment_text=,13:39,抖音评论,video,有点惨#内容过于真实 #股民 #基金 #王多于股之子 #vlog十亿流量扶持计划,朱莉小号,7644037011783755633,https://www.douyin.com/video/7644037011783755633,,7644070933729051441,13:39,未纳入,中性,自动映射到抖音视频评论池。,,false
2026-05-26,wangduoyu,抖音评论 13:36,下午进啥，来个大哥指点一下，今天挨痛了[流泪][流泪][流泪][流泪],,,,否,video_id=7644037011783755633; video_url=https://www.douyin.com/video/7644037011783755633; creator=王多于-股之子; like=2; reply=4; source_type=comment; yeren_signal_id=; parent_comment_text=,13:36,抖音评论,video,有点惨#内容过于真实 #股民 #基金 #王多于股之子 #vlog十亿流量扶持计划,可惜没如果,7644037011783755633,https://www.douyin.com/video/7644037011783755633,,7644070336204161829,13:36,未纳入,中性,自动映射到抖音视频评论池。,,false
2026-05-26,wangduoyu,抖音评论 13:36,我今天被吸了六万多[笑哭],,,,否,video_id=7644037011783755633; video_url=https://www.douyin.com/video/7644037011783755633; creator=王多于-股之子; like=0; reply=0; source_type=comment; yeren_signal_id=; parent_comment_text=,13:36,抖音评论,video,有点惨#内容过于真实 #股民 #基金 #王多于股之子 #vlog十亿流量扶持计划,柏拉图的永恒306,7644037011783755633,https://www.douyin.com/video/7644037011783755633,,7644070180478305034,13:36,未纳入,中性,自动映射到抖音视频评论池。,,false
2026-05-26,wangduoyu,抖音评论 13:35,多多大哥们怎么看[宕机],,,,否,video_id=7644037011783755633; video_url=https://www.douyin.com/video/7644037011783755633; creator=王多于-股之子; like=0; reply=0; source_type=comment; yeren_signal_id=; parent_comment_text=,13:35,抖音评论,video,有点惨#内容过于真实 #股民 #基金 #王多于股之子 #vlog十亿流量扶持计划,海屿听枫👣,7644037011783755633,https://www.douyin.com/video/7644037011783755633,,7644069973250573099,13:35,未纳入,中性,自动映射到抖音视频评论池。,,false
2026-05-26,wangduoyu,抖音评论 13:34,说了华天 长电 通富[灵机一动][灵机一动][灵机一动],,,,否,video_id=7644037011783755633; video_url=https://www.douyin.com/video/7644037011783755633; creator=王多于-股之子; like=0; reply=0; source_type=comment; yeren_signal_id=; parent_comment_text=,13:34,抖音评论,video,有点惨#内容过于真实 #股民 #基金 #王多于股之子 #vlog十亿流量扶持计划,世界和平,7644037011783755633,https://www.douyin.com/video/7644037011783755633,,7644069688650482481,13:34,未纳入,中性,自动映射到抖音视频评论池。,,false
2026-05-26,wangduoyu,抖音评论 13:33,也还好吧，我踏空了一个月，也就这样,,,,否,video_id=7644037011783755633; video_url=https://www.douyin.com/video/7644037011783755633; creator=王多于-股之子; like=0; reply=0; source_type=comment; yeren_signal_id=; parent_comment_text=,13:33,抖音评论,video,有点惨#内容过于真实 #股民 #基金 #王多于股之子 #vlog十亿流量扶持计划,难得是遇见你,7644037011783755633,https://www.douyin.com/video/7644037011783755633,,7644069326869873466,13:33,未纳入,中性,自动映射到抖音视频评论池。,,false
2026-05-26,wangduoyu,抖音评论 13:32,吸了一百多个,,,,否,video_id=7644037011783755633; video_url=https://www.douyin.com/video/7644037011783755633; creator=王多于-股之子; like=0; reply=0; source_type=comment; yeren_signal_id=; parent_comment_text=,13:32,抖音评论,video,有点惨#内容过于真实 #股民 #基金 #王多于股之子 #vlog十亿流量扶持计划,只有一块腹肌,7644037011783755633,https://www.douyin.com/video/7644037011783755633,,7644069096892334882,13:32,未纳入,中性,自动映射到抖音视频评论池。,,false
2026-05-26,wangduoyu,抖音评论 13:31,绿了半个多月了，每天亏，搞不懂为什么会这样,,,,否,video_id=7644037011783755633; video_url=https://www.douyin.com/video/7644037011783755633; creator=王多于-股之子; like=0; reply=0; source_type=comment; yeren_signal_id=; parent_comment_text=,13:31,抖音评论,video,有点惨#内容过于真实 #股民 #基金 #王多于股之子 #vlog十亿流量扶持计划,向阳而生🐟,7644037011783755633,https://www.douyin.com/video/7644037011783755633,,7644069038444577593,13:31,未纳入,中性,自动映射到抖音视频评论池。,,false
2026-05-26,wangduoyu,抖音评论 13:28,在你这听劝了一只，人麻了都,,,,否,video_id=7644037011783755633; video_url=https://www.douyin.com/video/7644037011783755633; creator=王多于-股之子; like=0; reply=0; source_type=comment; yeren_signal_id=; parent_comment_text=,13:28,抖音评论,video,有点惨#内容过于真实 #股民 #基金 #王多于股之子 #vlog十亿流量扶持计划,喜欢看你笑00009,7644037011783755633,https://www.douyin.com/video/7644037011783755633,,7644068197444174641,13:28,未纳入,中性,自动映射到抖音视频评论池。,,false
2026-05-26,wangduoyu,抖音评论 13:25,大众公用10个板启,大众公用(600635),,大众公用(600635) 被提及 7 次，有效评论 7 条，来源 2 个，跨来源共振，情绪 中性，当前判断：保留观察。,待确认,video_id=7644037011783755633; video_url=https://www.douyin.com/video/7644037011783755633; creator=王多于-股之子; like=2; reply=6; source_type=comment; yeren_signal_id=; parent_comment_text=,13:25,抖音评论,video,有点惨#内容过于真实 #股民 #基金 #王多于股之子 #vlog十亿流量扶持计划,di阿迪,7644037011783755633,https://www.douyin.com/video/7644037011783755633,,7644067383791829794,13:25,待确认,中性,自动映射到抖音视频评论池。,9.5,false
2026-05-26,wangduoyu,抖音评论 13:23,再升科技昨天谁推荐的,再升科技(603601),,再升科技(603601) 被提及 3 次，有效评论 3 条，来源 2 个，跨来源共振，情绪 中性，当前判断：保留观察。,待确认,video_id=7644037011783755633; video_url=https://www.douyin.com/video/7644037011783755633; creator=王多于-股之子; like=2; reply=0; source_type=comment; yeren_signal_id=; parent_comment_text=,13:23,抖音评论,video,有点惨#内容过于真实 #股民 #基金 #王多于股之子 #vlog十亿流量扶持计划,引体向上是个坎,7644037011783755633,https://www.douyin.com/video/7644037011783755633,,7644066930182636337,13:23,待确认,中性,自动映射到抖音视频评论池。,8.0,false
2026-05-26,wangduoyu,抖音评论 13:22,这咋说，压根没赚[流泪][摊手],,,评论热度较高，但暂未自动识别到明确股票线索，保留人工复核。,待确认,video_id=7644037011783755633; video_url=https://www.douyin.com/video/7644037011783755633; creator=王多于-股之子; like=2; reply=6; source_type=comment; yeren_signal_id=; parent_comment_text=,13:22,抖音评论,video,有点惨#内容过于真实 #股民 #基金 #王多于股之子 #vlog十亿流量扶持计划,🌟一个达不溜,7644037011783755633,https://www.douyin.com/video/7644037011783755633,,7644066644113916721,13:22,待确认,中性,自动映射到抖音视频评论池。,6.2,false
2026-05-26,wangduoyu,抖音评论 13:22,半导体把昨天的行情透支完了,,,,否,video_id=7644037011783755633; video_url=https://www.douyin.com/video/7644037011783755633; creator=王多于-股之子; like=0; reply=0; source_type=comment; yeren_signal_id=; parent_comment_text=,13:22,抖音评论,video,有点惨#内容过于真实 #股民 #基金 #王多于股之子 #vlog十亿流量扶持计划,1🌈,7644037011783755633,https://www.douyin.com/video/7644037011783755633,,7644066481136075579,13:22,未纳入,中性,自动映射到抖音视频评论池。,,false
2026-05-26,wangduoyu,抖音评论 13:18,长电啊，巨石,,,,否,video_id=7644037011783755633; video_url=https://www.douyin.com/video/7644037011783755633; creator=王多于-股之子; like=0; reply=0; source_type=comment; yeren_signal_id=; parent_comment_text=,13:18,抖音评论,video,有点惨#内容过于真实 #股民 #基金 #王多于股之子 #vlog十亿流量扶持计划,墨染清秋,7644037011783755633,https://www.douyin.com/video/7644037011783755633,,7644065702866338586,13:18,未纳入,中性,自动映射到抖音视频评论池。,,false
2026-05-26,wangduoyu,抖音评论 13:12,牛逼,,,,否,video_id=7644037011783755633; video_url=https://www.douyin.com/video/7644037011783755633; creator=王多于-股之子; like=0; reply=0; source_type=comment; yeren_signal_id=; parent_comment_text=,13:12,抖音评论,video,有点惨#内容过于真实 #股民 #基金 #王多于股之子 #vlog十亿流量扶持计划,小小怪.上将,7644037011783755633,https://www.douyin.com/video/7644037011783755633,,7644063964053308219,13:12,未纳入,中性,自动映射到抖音视频评论池。,,false
2026-05-26,wangduoyu,抖音评论 13:10,平潭和江特还有跨境通三面挨打,跨境通(002640),,跨境通(002640) 被提及 1 次，有效评论 1 条，来源 1 个，单视频线索，情绪 谨慎，当前判断：偏风险观察。,否,video_id=7644037011783755633; video_url=https://www.douyin.com/video/7644037011783755633; creator=王多于-股之子; like=3; reply=4; source_type=comment; yeren_signal_id=; parent_comment_text=,13:10,抖音评论,video,有点惨#内容过于真实 #股民 #基金 #王多于股之子 #vlog十亿流量扶持计划,F、,7644037011783755633,https://www.douyin.com/video/7644037011783755633,,7644063438264107825,13:10,未纳入,谨慎,自动映射到抖音视频评论池。,5.9,false
2026-05-26,wangduoyu,抖音评论 13:41,两百[捂脸],,,,否,video_id=7644037011783755633; video_url=https://www.douyin.com/video/7644037011783755633; creator=王多于-股之子; like=0; reply=0; source_type=comment; yeren_signal_id=; parent_comment_text=,13:41,抖音评论,video,有点惨#内容过于真实 #股民 #基金 #王多于股之子 #vlog十亿流量扶持计划,周扒皮,7644037011783755633,https://www.douyin.com/video/7644037011783755633,,7644071435984061221,13:41,未纳入,中性,自动映射到抖音视频评论池。,,false
2026-05-26,wangduoyu,抖音评论 13:07,过来电力避险[尬笑][尬笑],,,,否,video_id=7644037011783755633; video_url=https://www.douyin.com/video/7644037011783755633; creator=王多于-股之子; like=0; reply=0; source_type=comment; yeren_signal_id=; parent_comment_text=,13:07,抖音评论,video,有点惨#内容过于真实 #股民 #基金 #王多于股之子 #vlog十亿流量扶持计划,深蓝之海,7644037011783755633,https://www.douyin.com/video/7644037011783755633,,7644062847492162362,13:07,未纳入,中性,自动映射到抖音视频评论池。,,false
2026-05-26,wangduoyu,抖音评论 13:07,中恒电气,中恒电气(002364),,中恒电气(002364) 被提及 1 次，有效评论 1 条，来源 1 个，单视频线索，情绪 中性，当前判断：保留观察。,待确认,video_id=7644037011783755633; video_url=https://www.douyin.com/video/7644037011783755633; creator=王多于-股之子; like=0; reply=0; source_type=comment; yeren_signal_id=; parent_comment_text=,13:07,抖音评论,video,有点惨#内容过于真实 #股民 #基金 #王多于股之子 #vlog十亿流量扶持计划,啊是阿忆啊,7644037011783755633,https://www.douyin.com/video/7644037011783755633,,7644062727283655459,13:07,待确认,中性,自动映射到抖音视频评论池。,6.4,false
2026-05-26,wangduoyu,抖音评论 13:05,难受,,,,否,video_id=7644037011783755633; video_url=https://www.douyin.com/video/7644037011783755633; creator=王多于-股之子; like=0; reply=0; source_type=comment; yeren_signal_id=; parent_comment_text=,13:05,抖音评论,video,有点惨#内容过于真实 #股民 #基金 #王多于股之子 #vlog十亿流量扶持计划,G.,7644037011783755633,https://www.douyin.com/video/7644037011783755633,,7644062243851961125,13:05,未纳入,中性,自动映射到抖音视频评论池。,,false
2026-05-26,wangduoyu,抖音评论 13:05,山，板了,,,,否,video_id=7644037011783755633; video_url=https://www.douyin.com/video/7644037011783755633; creator=王多于-股之子; like=0; reply=0; source_type=comment; yeren_signal_id=; parent_comment_text=,13:05,抖音评论,video,有点惨#内容过于真实 #股民 #基金 #王多于股之子 #vlog十亿流量扶持计划,🌜月亮 ✨,7644037011783755633,https://www.douyin.com/video/7644037011783755633,,7644062102533358373,13:05,未纳入,中性,自动映射到抖音视频评论池。,,false
2026-05-26,wangduoyu,抖音评论 13:04,我没吸多少，我就吸了你2000多，大头不是我吸的,,,,否,video_id=7644037011783755633; video_url=https://www.douyin.com/video/7644037011783755633; creator=王多于-股之子; like=0; reply=0; source_type=comment; yeren_signal_id=; parent_comment_text=,13:04,抖音评论,video,有点惨#内容过于真实 #股民 #基金 #王多于股之子 #vlog十亿流量扶持计划,亳州酒蒙子,7644037011783755633,https://www.douyin.com/video/7644037011783755633,,7644061883988869937,13:04,未纳入,中性,自动映射到抖音视频评论池。,,false
2026-05-26,wangduoyu,抖音评论 13:01,没结束 好着[捂脸],,,,否,video_id=7644037011783755633; video_url=https://www.douyin.com/video/7644037011783755633; creator=王多于-股之子; like=0; reply=2; source_type=comment; yeren_signal_id=; parent_comment_text=,13:01,抖音评论,video,有点惨#内容过于真实 #股民 #基金 #王多于股之子 #vlog十亿流量扶持计划,大山,7644037011783755633,https://www.douyin.com/video/7644037011783755633,,7644061297046520585,13:01,未纳入,中性,自动映射到抖音视频评论池。,,false
2026-05-26,wangduoyu,抖音评论 12:59,亚世[尬笑],,,,否,video_id=7644037011783755633; video_url=https://www.douyin.com/video/7644037011783755633; creator=王多于-股之子; like=0; reply=0; source_type=comment; yeren_signal_id=; parent_comment_text=,12:59,抖音评论,video,有点惨#内容过于真实 #股民 #基金 #王多于股之子 #vlog十亿流量扶持计划,可乐➕冰,7644037011783755633,https://www.douyin.com/video/7644037011783755633,,7644060732532196145,12:59,未纳入,中性,自动映射到抖音视频评论池。,,false
2026-05-26,wangduoyu,抖音评论 12:57,沃格光电，看看。,沃格光电(603773),,沃格光电(603773) 被提及 1 次，有效评论 1 条，来源 1 个，单视频线索，情绪 中性，当前判断：保留观察。,待确认,video_id=7644037011783755633; video_url=https://www.douyin.com/video/7644037011783755633; creator=王多于-股之子; like=3; reply=4; source_type=comment; yeren_signal_id=; parent_comment_text=,12:57,抖音评论,video,有点惨#内容过于真实 #股民 #基金 #王多于股之子 #vlog十亿流量扶持计划,独钓寒江雪,7644037011783755633,https://www.douyin.com/video/7644037011783755633,,7644060115142886170,12:57,待确认,中性,自动映射到抖音视频评论池。,6.4,false
2026-05-26,wangduoyu,抖音评论 12:56,易中天,,,,否,video_id=7644037011783755633; video_url=https://www.douyin.com/video/7644037011783755633; creator=王多于-股之子; like=0; reply=0; source_type=comment; yeren_signal_id=; parent_comment_text=,12:56,抖音评论,video,有点惨#内容过于真实 #股民 #基金 #王多于股之子 #vlog十亿流量扶持计划,独角鲸上岸,7644037011783755633,https://www.douyin.com/video/7644037011783755633,,7644059804301984561,12:56,未纳入,中性,自动映射到抖音视频评论池。,,false
2026-05-26,wangduoyu,抖音评论 12:55,模塑科技,模塑科技(000700),,模塑科技(000700) 被提及 3 次，有效评论 3 条，来源 2 个，跨来源共振，情绪 中性，当前判断：已进入推荐候选。,是,video_id=7644037011783755633; video_url=https://www.douyin.com/video/7644037011783755633; creator=王多于-股之子; like=1; reply=2; source_type=comment; yeren_signal_id=; parent_comment_text=,12:55,抖音评论,video,有点惨#内容过于真实 #股民 #基金 #王多于股之子 #vlog十亿流量扶持计划,阶级矛盾转化男女对立矛盾,7644037011783755633,https://www.douyin.com/video/7644037011783755633,,7644059753487893306,12:55,已纳入,中性,自动映射到抖音视频评论池。,8.8,true
2026-05-26,wangduoyu,抖音评论 12:54,多于买的啥呀,,,,否,video_id=7644037011783755633; video_url=https://www.douyin.com/video/7644037011783755633; creator=王多于-股之子; like=0; reply=0; source_type=comment; yeren_signal_id=; parent_comment_text=,12:54,抖音评论,video,有点惨#内容过于真实 #股民 #基金 #王多于股之子 #vlog十亿流量扶持计划,Hello先生,7644037011783755633,https://www.douyin.com/video/7644037011783755633,,7644059325719462714,12:54,未纳入,中性,自动映射到抖音视频评论池。,,false
2026-05-26,wangduoyu,抖音评论 12:54,浙江世宝。[呲牙],浙江世宝(002703),,浙江世宝(002703) 被提及 1 次，有效评论 1 条，来源 1 个，单视频线索，情绪 中性，当前判断：保留观察。,待确认,video_id=7644037011783755633; video_url=https://www.douyin.com/video/7644037011783755633; creator=王多于-股之子; like=1; reply=2; source_type=comment; yeren_signal_id=; parent_comment_text=,12:54,抖音评论,video,有点惨#内容过于真实 #股民 #基金 #王多于股之子 #vlog十亿流量扶持计划,北镇抚司小旗官靳一川,7644037011783755633,https://www.douyin.com/video/7644037011783755633,,7644059314232345403,12:54,待确认,中性,自动映射到抖音视频评论池。,6.4,false
2026-05-26,wangduoyu,抖音评论 12:53,慢🐮别急,,,,否,video_id=7644037011783755633; video_url=https://www.douyin.com/video/7644037011783755633; creator=王多于-股之子; like=0; reply=0; source_type=comment; yeren_signal_id=; parent_comment_text=,12:53,抖音评论,video,有点惨#内容过于真实 #股民 #基金 #王多于股之子 #vlog十亿流量扶持计划,宝哥,7644037011783755633,https://www.douyin.com/video/7644037011783755633,,7644059016310014771,12:53,未纳入,中性,自动映射到抖音视频评论池。,,false
2026-05-26,wangduoyu,抖音评论 12:52,的确 我四个票红了三个,,,,否,video_id=7644037011783755633; video_url=https://www.douyin.com/video/7644037011783755633; creator=王多于-股之子; like=0; reply=0; source_type=comment; yeren_signal_id=; parent_comment_text=,12:52,抖音评论,video,有点惨#内容过于真实 #股民 #基金 #王多于股之子 #vlog十亿流量扶持计划,5月20日,7644037011783755633,https://www.douyin.com/video/7644037011783755633,,7644058948510057253,12:52,未纳入,中性,自动映射到抖音视频评论池。,,false
2026-05-26,wangduoyu,抖音评论 12:52,白玩了要[流泪]下午有没有涨停票买啊,,,,否,video_id=7644037011783755633; video_url=https://www.douyin.com/video/7644037011783755633; creator=王多于-股之子; like=0; reply=0; source_type=comment; yeren_signal_id=; parent_comment_text=,12:52,抖音评论,video,有点惨#内容过于真实 #股民 #基金 #王多于股之子 #vlog十亿流量扶持计划,李奥奥利,7644037011783755633,https://www.douyin.com/video/7644037011783755633,,7644058920042398473,12:52,未纳入,中性,自动映射到抖音视频评论池。,,false
2026-05-26,wangduoyu,抖音评论 12:52,今天没亏进了电力[捂脸],,,,否,video_id=7644037011783755633; video_url=https://www.douyin.com/video/7644037011783755633; creator=王多于-股之子; like=0; reply=0; source_type=comment; yeren_signal_id=; parent_comment_text=,12:52,抖音评论,video,有点惨#内容过于真实 #股民 #基金 #王多于股之子 #vlog十亿流量扶持计划,what,7644037011783755633,https://www.douyin.com/video/7644037011783755633,,7644058917228970778,12:52,未纳入,中性,自动映射到抖音视频评论池。,,false
2026-05-26,wangduoyu,抖音评论 12:50,我昨天说的嘉美包装,嘉美包装(002969),,嘉美包装(002969) 被提及 1 次，有效评论 1 条，来源 1 个，单视频线索，情绪 中性，当前判断：保留观察。,待确认,video_id=7644037011783755633; video_url=https://www.douyin.com/video/7644037011783755633; creator=王多于-股之子; like=2; reply=4; source_type=comment; yeren_signal_id=; parent_comment_text=,12:50,抖音评论,video,有点惨#内容过于真实 #股民 #基金 #王多于股之子 #vlog十亿流量扶持计划,WQG,7644037011783755633,https://www.douyin.com/video/7644037011783755633,,7644058298237846329,12:50,待确认,中性,自动映射到抖音视频评论池。,6.4,false
2026-05-26,wangduoyu,抖音评论 12:49,两天白玩一个月[听歌],,,,否,video_id=7644037011783755633; video_url=https://www.douyin.com/video/7644037011783755633; creator=王多于-股之子; like=0; reply=0; source_type=comment; yeren_signal_id=; parent_comment_text=,12:49,抖音评论,video,有点惨#内容过于真实 #股民 #基金 #王多于股之子 #vlog十亿流量扶持计划,嘿嘿嘿,7644037011783755633,https://www.douyin.com/video/7644037011783755633,,7644058063552906033,12:49,未纳入,中性,自动映射到抖音视频评论池。,,false
2026-05-26,wangduoyu,抖音评论 12:48,牛市确实结束了,,,,否,video_id=7644037011783755633; video_url=https://www.douyin.com/video/7644037011783755633; creator=王多于-股之子; like=0; reply=0; source_type=comment; yeren_signal_id=; parent_comment_text=,12:48,抖音评论,video,有点惨#内容过于真实 #股民 #基金 #王多于股之子 #vlog十亿流量扶持计划,头号美眉,7644037011783755633,https://www.douyin.com/video/7644037011783755633,,7644057832812380955,12:48,未纳入,中性,自动映射到抖音视频评论池。,,false
2026-05-26,wangduoyu,抖音评论 12:46,好消息昨天进了机器人，坏消息卖的上海电力[流泪],机器人(300024);上海电力(600021),,机器人(300024) 被提及 7 次，有效评论 7 条，来源 2 个，跨来源共振，情绪 中性，当前判断：已进入推荐候选。；上海电力(600021) 被提及 4 次，有效评论 4 条，来源 1 个，单视频线索，情绪 中性，当前判断：保留观察。,是,video_id=7644037011783755633; video_url=https://www.douyin.com/video/7644037011783755633; creator=王多于-股之子; like=0; reply=1; source_type=comment; yeren_signal_id=; parent_comment_text=,12:46,抖音评论,video,有点惨#内容过于真实 #股民 #基金 #王多于股之子 #vlog十亿流量扶持计划,只关注丑的,7644037011783755633,https://www.douyin.com/video/7644037011783755633,,7644057411687498531,12:46,已纳入,中性,自动映射到抖音视频评论池。,9.6,true
2026-05-26,wangduoyu,抖音评论 12:46,恩姐 能大涨吗,,,,否,video_id=7644037011783755633; video_url=https://www.douyin.com/video/7644037011783755633; creator=王多于-股之子; like=0; reply=0; source_type=comment; yeren_signal_id=; parent_comment_text=,12:46,抖音评论,video,有点惨#内容过于真实 #股民 #基金 #王多于股之子 #vlog十亿流量扶持计划,优木纯,7644037011783755633,https://www.douyin.com/video/7644037011783755633,,7644057388743525162,12:46,未纳入,中性,自动映射到抖音视频评论池。,,false
2026-05-26,wangduoyu,抖音评论 12:46,洗盘洗洗更健康,,,,否,video_id=7644037011783755633; video_url=https://www.douyin.com/video/7644037011783755633; creator=王多于-股之子; like=0; reply=0; source_type=comment; yeren_signal_id=; parent_comment_text=,12:46,抖音评论,video,有点惨#内容过于真实 #股民 #基金 #王多于股之子 #vlog十亿流量扶持计划,小Z日常,7644037011783755633,https://www.douyin.com/video/7644037011783755633,,7644057378069103386,12:46,未纳入,中性,自动映射到抖音视频评论池。,,false
2026-05-26,wangduoyu,抖音评论 12:46,豫能控G大盘下跌，资金都进电力防守,,,,否,video_id=7644037011783755633; video_url=https://www.douyin.com/video/7644037011783755633; creator=王多于-股之子; like=1; reply=2; source_type=comment; yeren_signal_id=; parent_comment_text=,12:46,抖音评论,video,有点惨#内容过于真实 #股民 #基金 #王多于股之子 #vlog十亿流量扶持计划,Luminary,7644037011783755633,https://www.douyin.com/video/7644037011783755633,,7644057243198243619,12:46,未纳入,中性,自动映射到抖音视频评论池。,,false
2026-05-26,wangduoyu,抖音评论 12:44,2良的家人们，特别是追高进去的，还好么？[呲牙][呲牙][呲牙]闷杀的，割肉了不少吧…一切风轻云淡,,,,否,video_id=7644037011783755633; video_url=https://www.douyin.com/video/7644037011783755633; creator=王多于-股之子; like=1; reply=4; source_type=comment; yeren_signal_id=; parent_comment_text=,12:44,抖音评论,video,有点惨#内容过于真实 #股民 #基金 #王多于股之子 #vlog十亿流量扶持计划,做一生好人,7644037011783755633,https://www.douyin.com/video/7644037011783755633,,7644056771484615482,12:44,未纳入,中性,自动映射到抖音视频评论池。,,false
2026-05-26,wangduoyu,抖音评论 12:44,昨天就知道不对劲了。昨天大盘红3千家下跌我的票绿的，想着如果今天回调肯定跌的更狠，果然-6 -7,,,,否,video_id=7644037011783755633; video_url=https://www.douyin.com/video/7644037011783755633; creator=王多于-股之子; like=1; reply=0; source_type=comment; yeren_signal_id=; parent_comment_text=,12:44,抖音评论,video,有点惨#内容过于真实 #股民 #基金 #王多于股之子 #vlog十亿流量扶持计划,今晚早点睡🌈,7644037011783755633,https://www.douyin.com/video/7644037011783755633,,7644056728284201765,12:44,未纳入,中性,自动映射到抖音视频评论池。,,false
2026-05-26,wangduoyu,抖音评论 12:43,京东方a涨停,,,,否,video_id=7644037011783755633; video_url=https://www.douyin.com/video/7644037011783755633; creator=王多于-股之子; like=3; reply=4; source_type=comment; yeren_signal_id=; parent_comment_text=,12:43,抖音评论,video,有点惨#内容过于真实 #股民 #基金 #王多于股之子 #vlog十亿流量扶持计划,海角天涯9786,7644037011783755633,https://www.douyin.com/video/7644037011783755633,,7644056436805763877,12:43,未纳入,中性,自动映射到抖音视频评论池。,,false
2026-05-26,wangduoyu,抖音评论 12:42,本来红两千，一顿操作猛如虎，收盘亏了两千五[裂开],,,,否,video_id=7644037011783755633; video_url=https://www.douyin.com/video/7644037011783755633; creator=王多于-股之子; like=0; reply=0; source_type=comment; yeren_signal_id=; parent_comment_text=,12:42,抖音评论,video,有点惨#内容过于真实 #股民 #基金 #王多于股之子 #vlog十亿流量扶持计划,小狗钱钱,7644037011783755633,https://www.douyin.com/video/7644037011783755633,,7644056402596348709,12:42,未纳入,中性,自动映射到抖音视频评论池。,,false
2026-05-26,wangduoyu,抖音评论 12:42,全部都的死 科技蹦顺带低位杀更低位 太暴力了,,,,否,video_id=7644037011783755633; video_url=https://www.douyin.com/video/7644037011783755633; creator=王多于-股之子; like=0; reply=0; source_type=comment; yeren_signal_id=; parent_comment_text=,12:42,抖音评论,video,有点惨#内容过于真实 #股民 #基金 #王多于股之子 #vlog十亿流量扶持计划,如如不动,7644037011783755633,https://www.douyin.com/video/7644037011783755633,,7644056375493018426,12:42,未纳入,中性,自动映射到抖音视频评论池。,,false
2026-05-26,wangduoyu,抖音评论 12:42,共达还不进吗,,,,否,video_id=7644037011783755633; video_url=https://www.douyin.com/video/7644037011783755633; creator=王多于-股之子; like=0; reply=2; source_type=comment; yeren_signal_id=; parent_comment_text=,12:42,抖音评论,video,有点惨#内容过于真实 #股民 #基金 #王多于股之子 #vlog十亿流量扶持计划,🌈🌈🌈Luckily,7644037011783755633,https://www.douyin.com/video/7644037011783755633,,7644056369020437307,12:42,未纳入,中性,自动映射到抖音视频评论池。,,false
2026-05-26,wangduoyu,抖音评论 12:41,港湾,,,,否,video_id=7644037011783755633; video_url=https://www.douyin.com/video/7644037011783755633; creator=王多于-股之子; like=0; reply=0; source_type=comment; yeren_signal_id=; parent_comment_text=,12:41,抖音评论,video,有点惨#内容过于真实 #股民 #基金 #王多于股之子 #vlog十亿流量扶持计划,🌈宝轩阁❤️🐇,7644037011783755633,https://www.douyin.com/video/7644037011783755633,,7644056154944193320,12:41,未纳入,中性,自动映射到抖音视频评论池。,,false
2026-05-26,wangduoyu,抖音评论 12:41,跑吧,,,,否,video_id=7644037011783755633; video_url=https://www.douyin.com/video/7644037011783755633; creator=王多于-股之子; like=0; reply=0; source_type=comment; yeren_signal_id=; parent_comment_text=,12:41,抖音评论,video,有点惨#内容过于真实 #股民 #基金 #王多于股之子 #vlog十亿流量扶持计划,夜阑卧听风吹雨,7644037011783755633,https://www.douyin.com/video/7644037011783755633,,7644056047371797305,12:41,未纳入,中性,自动映射到抖音视频评论池。,,false
2026-05-26,wangduoyu,抖音评论 12:39,天奈科技,天奈科技(688116),,天奈科技(688116) 被提及 1 次，有效评论 1 条，来源 1 个，单视频线索，情绪 中性，当前判断：保留观察。,待确认,video_id=7644037011783755633; video_url=https://www.douyin.com/video/7644037011783755633; creator=王多于-股之子; like=0; reply=0; source_type=comment; yeren_signal_id=; parent_comment_text=,12:39,抖音评论,video,有点惨#内容过于真实 #股民 #基金 #王多于股之子 #vlog十亿流量扶持计划,悟道狗,7644037011783755633,https://www.douyin.com/video/7644037011783755633,,7644055540323337009,12:39,待确认,中性,自动映射到抖音视频评论池。,6.4,false
2026-05-26,wangduoyu,抖音评论 12:39,绿了好几天[捂脸],,,,否,video_id=7644037011783755633; video_url=https://www.douyin.com/video/7644037011783755633; creator=王多于-股之子; like=0; reply=0; source_type=comment; yeren_signal_id=; parent_comment_text=,12:39,抖音评论,video,有点惨#内容过于真实 #股民 #基金 #王多于股之子 #vlog十亿流量扶持计划,深漂,7644037011783755633,https://www.douyin.com/video/7644037011783755633,,7644055520551519035,12:39,未纳入,中性,自动映射到抖音视频评论池。,,false
2026-05-26,wangduoyu,抖音评论 12:38,嘻嘻嘻[玫瑰][玫瑰],,,,否,video_id=7644037011783755633; video_url=https://www.douyin.com/video/7644037011783755633; creator=王多于-股之子; like=0; reply=0; source_type=comment; yeren_signal_id=; parent_comment_text=,12:38,抖音评论,video,有点惨#内容过于真实 #股民 #基金 #王多于股之子 #vlog十亿流量扶持计划,卖萌熊,7644037011783755633,https://www.douyin.com/video/7644037011783755633,,7644055368826618687,12:38,未纳入,中性,自动映射到抖音视频评论池。,,false
2026-05-26,wangduoyu,抖音评论 12:38,今天开始收网，都得噶,,,,否,video_id=7644037011783755633; video_url=https://www.douyin.com/video/7644037011783755633; creator=王多于-股之子; like=0; reply=0; source_type=comment; yeren_signal_id=; parent_comment_text=,12:38,抖音评论,video,有点惨#内容过于真实 #股民 #基金 #王多于股之子 #vlog十亿流量扶持计划,🫣,7644037011783755633,https://www.douyin.com/video/7644037011783755633,,7644055244218204986,12:38,未纳入,中性,自动映射到抖音视频评论池。,,false
2026-05-26,wangduoyu,抖音评论 12:38,目前-52[捂脸],,,,否,video_id=7644037011783755633; video_url=https://www.douyin.com/video/7644037011783755633; creator=王多于-股之子; like=1; reply=1; source_type=comment; yeren_signal_id=; parent_comment_text=,12:38,抖音评论,video,有点惨#内容过于真实 #股民 #基金 #王多于股之子 #vlog十亿流量扶持计划,🌈🌈温暖,7644037011783755633,https://www.douyin.com/video/7644037011783755633,,7644055172893033274,12:38,未纳入,中性,自动映射到抖音视频评论池。,,false
2026-05-26,wangduoyu,抖音评论 12:37,京东还在,,,,否,video_id=7644037011783755633; video_url=https://www.douyin.com/video/7644037011783755633; creator=王多于-股之子; like=0; reply=0; source_type=comment; yeren_signal_id=; parent_comment_text=,12:37,抖音评论,video,有点惨#内容过于真实 #股民 #基金 #王多于股之子 #vlog十亿流量扶持计划,辣卤小龙虾,7644037011783755633,https://www.douyin.com/video/7644037011783755633,,7644055034908918563,12:37,未纳入,中性,自动映射到抖音视频评论池。,,false
2026-05-26,wangduoyu,抖音评论 12:37,[黑脸]感觉得避险了,,,,否,video_id=7644037011783755633; video_url=https://www.douyin.com/video/7644037011783755633; creator=王多于-股之子; like=0; reply=0; source_type=comment; yeren_signal_id=; parent_comment_text=,12:37,抖音评论,video,有点惨#内容过于真实 #股民 #基金 #王多于股之子 #vlog十亿流量扶持计划,🌦🌠晋好,7644037011783755633,https://www.douyin.com/video/7644037011783755633,,7644054986276815653,12:37,未纳入,中性,自动映射到抖音视频评论池。,,false
2026-05-26,wangduoyu,抖音评论 12:37,[玫瑰][玫瑰][玫瑰]来个异父异母帮我看看征和工业[玫瑰][玫瑰]谢谢,征和工业(003033),,征和工业(003033) 被提及 1 次，有效评论 1 条，来源 1 个，单视频线索，情绪 中性，当前判断：保留观察。,待确认,video_id=7644037011783755633; video_url=https://www.douyin.com/video/7644037011783755633; creator=王多于-股之子; like=0; reply=0; source_type=comment; yeren_signal_id=; parent_comment_text=,12:37,抖音评论,video,有点惨#内容过于真实 #股民 #基金 #王多于股之子 #vlog十亿流量扶持计划,小鑫,7644037011783755633,https://www.douyin.com/video/7644037011783755633,,7644054894797882171,12:37,待确认,中性,自动映射到抖音视频评论池。,6.4,false
2026-05-26,wangduoyu,抖音评论 12:36,昨天半导体跑快了，没吃到[杀马特],,,,否,video_id=7644037011783755633; video_url=https://www.douyin.com/video/7644037011783755633; creator=王多于-股之子; like=0; reply=0; source_type=comment; yeren_signal_id=; parent_comment_text=,12:36,抖音评论,video,有点惨#内容过于真实 #股民 #基金 #王多于股之子 #vlog十亿流量扶持计划,🌈包子不要馅,7644037011783755633,https://www.douyin.com/video/7644037011783755633,,7644054708742996773,12:36,未纳入,中性,自动映射到抖音视频评论池。,,false
2026-05-26,wangduoyu,抖音评论 12:36,深科技呢,,,,否,video_id=7644037011783755633; video_url=https://www.douyin.com/video/7644037011783755633; creator=王多于-股之子; like=0; reply=0; source_type=comment; yeren_signal_id=; parent_comment_text=,12:36,抖音评论,video,有点惨#内容过于真实 #股民 #基金 #王多于股之子 #vlog十亿流量扶持计划,Ω,7644037011783755633,https://www.douyin.com/video/7644037011783755633,,7644054655727584027,12:36,未纳入,中性,自动映射到抖音视频评论池。,,false
2026-05-26,wangduoyu,抖音评论 12:35,冠石,,,,否,video_id=7644037011783755633; video_url=https://www.douyin.com/video/7644037011783755633; creator=王多于-股之子; like=0; reply=0; source_type=comment; yeren_signal_id=; parent_comment_text=,12:35,抖音评论,video,有点惨#内容过于真实 #股民 #基金 #王多于股之子 #vlog十亿流量扶持计划,134675321,7644037011783755633,https://www.douyin.com/video/7644037011783755633,,7644054474517283593,12:35,未纳入,中性,自动映射到抖音视频评论池。,,false
2026-05-26,wangduoyu,抖音评论 12:33,500块钱,,,,否,video_id=7644037011783755633; video_url=https://www.douyin.com/video/7644037011783755633; creator=王多于-股之子; like=0; reply=0; source_type=comment; yeren_signal_id=; parent_comment_text=,12:33,抖音评论,video,有点惨#内容过于真实 #股民 #基金 #王多于股之子 #vlog十亿流量扶持计划,临沂东海棠通讯,7644037011783755633,https://www.douyin.com/video/7644037011783755633,,7644054032882041600,12:33,未纳入,中性,自动映射到抖音视频评论池。,,false
2026-05-26,wangduoyu,抖音评论 12:32,露笑满仓涨停没有走,,,,否,video_id=7644037011783755633; video_url=https://www.douyin.com/video/7644037011783755633; creator=王多于-股之子; like=0; reply=5; source_type=comment; yeren_signal_id=; parent_comment_text=,12:32,抖音评论,video,有点惨#内容过于真实 #股民 #基金 #王多于股之子 #vlog十亿流量扶持计划,无问,7644037011783755633,https://www.douyin.com/video/7644037011783755633,,7644053753280299828,12:32,未纳入,中性,自动映射到抖音视频评论池。,,false
2026-05-26,wangduoyu,抖音评论 12:31,你这个月亏多少了,,,,否,video_id=7644037011783755633; video_url=https://www.douyin.com/video/7644037011783755633; creator=王多于-股之子; like=0; reply=0; source_type=comment; yeren_signal_id=; parent_comment_text=,12:31,抖音评论,video,有点惨#内容过于真实 #股民 #基金 #王多于股之子 #vlog十亿流量扶持计划,👓,7644037011783755633,https://www.douyin.com/video/7644037011783755633,,7644053555150701339,12:31,未纳入,中性,自动映射到抖音视频评论池。,,false
2026-05-26,wangduoyu,抖音评论 12:42,京能电力涨停,京能电力(600578),,京能电力(600578) 被提及 4 次，有效评论 4 条，来源 2 个，跨来源共振，情绪 中性，当前判断：保留观察。,待确认,video_id=7644037011783755633; video_url=https://www.douyin.com/video/7644037011783755633; creator=王多于-股之子; like=0; reply=0; source_type=comment; yeren_signal_id=; parent_comment_text=,12:42,抖音评论,video,有点惨#内容过于真实 #股民 #基金 #王多于股之子 #vlog十亿流量扶持计划,海角天涯9786,7644037011783755633,https://www.douyin.com/video/7644037011783755633,,7644056395977065265,12:42,待确认,中性,自动映射到抖音视频评论池。,8.3,false
2026-05-26,wangduoyu,抖音评论 12:31,我左津药，右红宝L，跌的吐血[流泪],,,,否,video_id=7644037011783755633; video_url=https://www.douyin.com/video/7644037011783755633; creator=王多于-股之子; like=1; reply=0; source_type=comment; yeren_signal_id=; parent_comment_text=,12:31,抖音评论,video,有点惨#内容过于真实 #股民 #基金 #王多于股之子 #vlog十亿流量扶持计划,是洋不是羊,7644037011783755633,https://www.douyin.com/video/7644037011783755633,,7644053424007725861,12:31,未纳入,中性,自动映射到抖音视频评论池。,,false
2026-05-26,wangduoyu,抖音评论 12:28,小商品我真的一直躲牛市 怎么样的挨打[酷拽],,,,否,video_id=7644037011783755633; video_url=https://www.douyin.com/video/7644037011783755633; creator=王多于-股之子; like=0; reply=5; source_type=comment; yeren_signal_id=; parent_comment_text=,12:28,抖音评论,video,有点惨#内容过于真实 #股民 #基金 #王多于股之子 #vlog十亿流量扶持计划,晚风入怀,7644037011783755633,https://www.douyin.com/video/7644037011783755633,,7644052805016257339,12:28,未纳入,中性,自动映射到抖音视频评论池。,,false
2026-05-26,wangduoyu,抖音评论 12:27,哈哈，今天大红,,,,否,video_id=7644037011783755633; video_url=https://www.douyin.com/video/7644037011783755633; creator=王多于-股之子; like=0; reply=0; source_type=comment; yeren_signal_id=; parent_comment_text=,12:27,抖音评论,video,有点惨#内容过于真实 #股民 #基金 #王多于股之子 #vlog十亿流量扶持计划,文伟宏🙋,7644037011783755633,https://www.douyin.com/video/7644037011783755633,,7644052477297673019,12:27,未纳入,中性,自动映射到抖音视频评论池。,,false
2026-05-26,wangduoyu,抖音评论 12:27,有没有大哥帮忙看一下中晶科技[流泪][流泪],中晶科技(003026),,中晶科技(003026) 被提及 1 次，有效评论 1 条，来源 1 个，单视频线索，情绪 中性，当前判断：保留观察。,待确认,video_id=7644037011783755633; video_url=https://www.douyin.com/video/7644037011783755633; creator=王多于-股之子; like=0; reply=11; source_type=comment; yeren_signal_id=; parent_comment_text=,12:27,抖音评论,video,有点惨#内容过于真实 #股民 #基金 #王多于股之子 #vlog十亿流量扶持计划,昕林,7644037011783755633,https://www.douyin.com/video/7644037011783755633,,7644052366476149553,12:27,待确认,中性,自动映射到抖音视频评论池。,6.4,false
2026-05-26,wangduoyu,抖音评论 12:24,今天多么健康的回调啊？再像昨天那样疯长就完了,,,评论热度较高，但暂未自动识别到明确股票线索，保留人工复核。,待确认,video_id=7644037011783755633; video_url=https://www.douyin.com/video/7644037011783755633; creator=王多于-股之子; like=0; reply=6; source_type=comment; yeren_signal_id=; parent_comment_text=,12:24,抖音评论,video,有点惨#内容过于真实 #股民 #基金 #王多于股之子 #vlog十亿流量扶持计划,小程小程,7644037011783755633,https://www.douyin.com/video/7644037011783755633,,7644051614466147078,12:24,待确认,中性,自动映射到抖音视频评论池。,6.2,false
2026-05-26,wangduoyu,抖音评论 12:21,远   东今天停了要跑吗，大能们,,,,否,video_id=7644037011783755633; video_url=https://www.douyin.com/video/7644037011783755633; creator=王多于-股之子; like=0; reply=0; source_type=comment; yeren_signal_id=; parent_comment_text=,12:21,抖音评论,video,有点惨#内容过于真实 #股民 #基金 #王多于股之子 #vlog十亿流量扶持计划,dylnnggk8sx5,7644037011783755633,https://www.douyin.com/video/7644037011783755633,,7644050954861822761,12:21,未纳入,中性,自动映射到抖音视频评论池。,,false
2026-05-26,wangduoyu,抖音评论 12:21,缩水一万多,,,,否,video_id=7644037011783755633; video_url=https://www.douyin.com/video/7644037011783755633; creator=王多于-股之子; like=1; reply=0; source_type=comment; yeren_signal_id=; parent_comment_text=,12:21,抖音评论,video,有点惨#内容过于真实 #股民 #基金 #王多于股之子 #vlog十亿流量扶持计划,我有一只票,7644037011783755633,https://www.douyin.com/video/7644037011783755633,,7644050924499682085,12:21,未纳入,中性,自动映射到抖音视频评论池。,,false
2026-05-26,wangduoyu,抖音评论 12:21,赚钱的时候没有我，亏钱的时候次次没落下[杀马特],,,评论热度较高，但暂未自动识别到明确股票线索，保留人工复核。,待确认,video_id=7644037011783755633; video_url=https://www.douyin.com/video/7644037011783755633; creator=王多于-股之子; like=18; reply=3; source_type=comment; yeren_signal_id=; parent_comment_text=,12:21,抖音评论,video,有点惨#内容过于真实 #股民 #基金 #王多于股之子 #vlog十亿流量扶持计划,陈盼盼,7644037011783755633,https://www.douyin.com/video/7644037011783755633,,7644050859752342281,12:21,待确认,中性,自动映射到抖音视频评论池。,6.2,false
2026-05-26,wangduoyu,抖音评论 12:21,力源信息有人同车吗,力源信息(300184),,力源信息(300184) 被提及 1 次，有效评论 1 条，来源 1 个，单视频线索，情绪 中性，当前判断：保留观察。,待确认,video_id=7644037011783755633; video_url=https://www.douyin.com/video/7644037011783755633; creator=王多于-股之子; like=1; reply=3; source_type=comment; yeren_signal_id=; parent_comment_text=,12:21,抖音评论,video,有点惨#内容过于真实 #股民 #基金 #王多于股之子 #vlog十亿流量扶持计划,九月初八,7644037011783755633,https://www.douyin.com/video/7644037011783755633,,7644050768030434085,12:21,待确认,中性,自动映射到抖音视频评论池。,6.4,false
2026-05-26,wangduoyu,抖音评论 12:19,快结束了。这里要震荡很久很久,,,,否,video_id=7644037011783755633; video_url=https://www.douyin.com/video/7644037011783755633; creator=王多于-股之子; like=0; reply=0; source_type=comment; yeren_signal_id=; parent_comment_text=,12:19,抖音评论,video,有点惨#内容过于真实 #股民 #基金 #王多于股之子 #vlog十亿流量扶持计划,中原,7644037011783755633,https://www.douyin.com/video/7644037011783755633,,7644050450492621577,12:19,未纳入,中性,自动映射到抖音视频评论池。,,false
2026-05-26,wangduoyu,抖音评论 12:18,两倍海力士不是涨了14个点嘛,,,,否,video_id=7644037011783755633; video_url=https://www.douyin.com/video/7644037011783755633; creator=王多于-股之子; like=0; reply=0; source_type=comment; yeren_signal_id=; parent_comment_text=,12:18,抖音评论,video,有点惨#内容过于真实 #股民 #基金 #王多于股之子 #vlog十亿流量扶持计划,红心猕猴桃yo,7644037011783755633,https://www.douyin.com/video/7644037011783755633,,7644050114977727269,12:18,未纳入,中性,自动映射到抖音视频评论池。,,false
2026-05-26,wangduoyu,抖音评论 12:17,那个旺旺大李包，的那个大哥去哪里，,,,,否,video_id=7644037011783755633; video_url=https://www.douyin.com/video/7644037011783755633; creator=王多于-股之子; like=0; reply=3; source_type=comment; yeren_signal_id=; parent_comment_text=,12:17,抖音评论,video,有点惨#内容过于真实 #股民 #基金 #王多于股之子 #vlog十亿流量扶持计划,装满阳光的桔子,7644037011783755633,https://www.douyin.com/video/7644037011783755633,,7644049883964719921,12:17,未纳入,中性,自动映射到抖音视频评论池。,,false
2026-05-26,wangduoyu,抖音评论 12:16,有人在英维克吗[捂脸][捂脸][捂脸][捂脸],英维克(002837),,英维克(002837) 被提及 1 次，有效评论 1 条，来源 1 个，单视频线索，情绪 中性，当前判断：保留观察。,待确认,video_id=7644037011783755633; video_url=https://www.douyin.com/video/7644037011783755633; creator=王多于-股之子; like=1; reply=6; source_type=comment; yeren_signal_id=; parent_comment_text=,12:16,抖音评论,video,有点惨#内容过于真实 #股民 #基金 #王多于股之子 #vlog十亿流量扶持计划,龙凤呈祥,7644037011783755633,https://www.douyin.com/video/7644037011783755633,,7644049569253327635,12:16,待确认,中性,自动映射到抖音视频评论池。,6.4,false
2026-05-26,wangduoyu,抖音评论 12:13,光讯大族还能拿吗有没有大佬指导一下,,,,否,video_id=7644037011783755633; video_url=https://www.douyin.com/video/7644037011783755633; creator=王多于-股之子; like=0; reply=0; source_type=comment; yeren_signal_id=; parent_comment_text=,12:13,抖音评论,video,有点惨#内容过于真实 #股民 #基金 #王多于股之子 #vlog十亿流量扶持计划,唔想返工,7644037011783755633,https://www.douyin.com/video/7644037011783755633,,7644048938232644352,12:13,未纳入,中性,自动映射到抖音视频评论池。,,false
2026-05-26,wangduoyu,抖音评论 12:13,小仓也是吃舒服了[喜羊羊],,,,否,video_id=7644037011783755633; video_url=https://www.douyin.com/video/7644037011783755633; creator=王多于-股之子; like=2; reply=5; source_type=comment; yeren_signal_id=; parent_comment_text=,12:13,抖音评论,video,有点惨#内容过于真实 #股民 #基金 #王多于股之子 #vlog十亿流量扶持计划,苦胆,7644037011783755633,https://www.douyin.com/video/7644037011783755633,,7644048742417842970,12:13,未纳入,中性,自动映射到抖音视频评论池。,,false
2026-05-26,wangduoyu,抖音评论 12:12,不知道是谁说的平潭，一直跌,,,,否,video_id=7644037011783755633; video_url=https://www.douyin.com/video/7644037011783755633; creator=王多于-股之子; like=0; reply=2; source_type=comment; yeren_signal_id=; parent_comment_text=,12:12,抖音评论,video,有点惨#内容过于真实 #股民 #基金 #王多于股之子 #vlog十亿流量扶持计划,💙泽泽,7644037011783755633,https://www.douyin.com/video/7644037011783755633,,7644048453014405937,12:12,未纳入,中性,自动映射到抖音视频评论池。,,false
2026-05-26,wangduoyu,抖音评论 12:09,东方暗珠咋回事啊[发呆],,,,否,video_id=7644037011783755633; video_url=https://www.douyin.com/video/7644037011783755633; creator=王多于-股之子; like=0; reply=5; source_type=comment; yeren_signal_id=; parent_comment_text=,12:09,抖音评论,video,有点惨#内容过于真实 #股民 #基金 #王多于股之子 #vlog十亿流量扶持计划,小鱼儿🤫,7644037011783755633,https://www.douyin.com/video/7644037011783755633,,7644047771737686843,12:09,未纳入,中性,自动映射到抖音视频评论池。,,false
2026-05-26,wangduoyu,抖音评论 12:09,怪不得证券要启动了[捂脸],,,,否,video_id=7644037011783755633; video_url=https://www.douyin.com/video/7644037011783755633; creator=王多于-股之子; like=0; reply=1; source_type=comment; yeren_signal_id=; parent_comment_text=,12:09,抖音评论,video,有点惨#内容过于真实 #股民 #基金 #王多于股之子 #vlog十亿流量扶持计划,☞未来不是梦☜,7644037011783755633,https://www.douyin.com/video/7644037011783755633,,7644047685074846501,12:09,未纳入,中性,自动映射到抖音视频评论池。,,false
2026-05-26,wangduoyu,抖音评论 12:08,我吸～,,,,否,video_id=7644037011783755633; video_url=https://www.douyin.com/video/7644037011783755633; creator=王多于-股之子; like=1; reply=0; source_type=comment; yeren_signal_id=; parent_comment_text=,12:08,抖音评论,video,有点惨#内容过于真实 #股民 #基金 #王多于股之子 #vlog十亿流量扶持计划,花果山农庄饭店-脆皮烧鸡-烧排-五里亭店,7644037011783755633,https://www.douyin.com/video/7644037011783755633,,7644047531169923850,12:08,未纳入,中性,自动映射到抖音视频评论池。,,false
2026-05-26,wangduoyu,抖音评论 12:08,中大力德机器人准备加速！！！[大金牙][大金牙],中大力德(002896),,中大力德(002896) 被提及 1 次，有效评论 1 条，来源 1 个，单视频线索，情绪 中性，当前判断：保留观察。,待确认,video_id=7644037011783755633; video_url=https://www.douyin.com/video/7644037011783755633; creator=王多于-股之子; like=0; reply=0; source_type=comment; yeren_signal_id=; parent_comment_text=,12:08,抖音评论,video,有点惨#内容过于真实 #股民 #基金 #王多于股之子 #vlog十亿流量扶持计划,浅羽,7644037011783755633,https://www.douyin.com/video/7644037011783755633,,7644047476270449418,12:08,待确认,中性,自动映射到抖音视频评论池。,6.4,false
2026-05-26,wangduoyu,抖音评论 12:08,华之杰，享通两位还能留吗,华之杰(603400),,华之杰(603400) 被提及 3 次，有效评论 3 条，来源 2 个，跨来源共振，情绪 中性，当前判断：保留观察。,待确认,video_id=7644037011783755633; video_url=https://www.douyin.com/video/7644037011783755633; creator=王多于-股之子; like=0; reply=1; source_type=comment; yeren_signal_id=; parent_comment_text=,12:08,抖音评论,video,有点惨#内容过于真实 #股民 #基金 #王多于股之子 #vlog十亿流量扶持计划,辻弌,7644037011783755633,https://www.douyin.com/video/7644037011783755633,,7644047448003855141,12:08,待确认,中性,自动映射到抖音视频评论池。,8.0,false
2026-05-26,wangduoyu,抖音评论 12:08,光中王，吸了我1个[捂脸][捂脸][捂脸],,,,否,video_id=7644037011783755633; video_url=https://www.douyin.com/video/7644037011783755633; creator=王多于-股之子; like=0; reply=0; source_type=comment; yeren_signal_id=; parent_comment_text=,12:08,抖音评论,video,有点惨#内容过于真实 #股民 #基金 #王多于股之子 #vlog十亿流量扶持计划,北凉以北,7644037011783755633,https://www.douyin.com/video/7644037011783755633,,7644047415696130867,12:08,未纳入,中性,自动映射到抖音视频评论池。,,false
2026-05-26,wangduoyu,抖音评论 12:07,清仓了，清仓了,,,,否,video_id=7644037011783755633; video_url=https://www.douyin.com/video/7644037011783755633; creator=王多于-股之子; like=0; reply=0; source_type=comment; yeren_signal_id=; parent_comment_text=,12:07,抖音评论,video,有点惨#内容过于真实 #股民 #基金 #王多于股之子 #vlog十亿流量扶持计划,🌈火炎🔥圭,7644037011783755633,https://www.douyin.com/video/7644037011783755633,,7644047234401272614,12:07,未纳入,中性,自动映射到抖音视频评论池。,,false
2026-05-26,wangduoyu,抖音评论 12:05,科技出来的钱。能去哪里,,,,否,video_id=7644037011783755633; video_url=https://www.douyin.com/video/7644037011783755633; creator=王多于-股之子; like=0; reply=0; source_type=comment; yeren_signal_id=; parent_comment_text=,12:05,抖音评论,video,有点惨#内容过于真实 #股民 #基金 #王多于股之子 #vlog十亿流量扶持计划,✨**✨,7644037011783755633,https://www.douyin.com/video/7644037011783755633,,7644046699127964465,12:05,未纳入,中性,自动映射到抖音视频评论池。,,false
2026-05-26,wangduoyu,抖音评论 12:02,[流泪],,,,否,video_id=7644037011783755633; video_url=https://www.douyin.com/video/7644037011783755633; creator=王多于-股之子; like=0; reply=2; source_type=comment; yeren_signal_id=; parent_comment_text=,12:02,抖音评论,video,有点惨#内容过于真实 #股民 #基金 #王多于股之子 #vlog十亿流量扶持计划,🌈彩虹,7644037011783755633,https://www.douyin.com/video/7644037011783755633,,7644045928303428393,12:02,未纳入,中性,自动映射到抖音视频评论池。,,false
2026-05-26,wangduoyu,抖音评论 12:00,这么大的仓才2W，我这点仓都吸了我2W,,,,否,video_id=7644037011783755633; video_url=https://www.douyin.com/video/7644037011783755633; creator=王多于-股之子; like=1; reply=1; source_type=comment; yeren_signal_id=; parent_comment_text=,12:00,抖音评论,video,有点惨#内容过于真实 #股民 #基金 #王多于股之子 #vlog十亿流量扶持计划,许先生,7644037011783755633,https://www.douyin.com/video/7644037011783755633,,7644045434290340662,12:00,未纳入,中性,自动映射到抖音视频评论池。,,false
2026-05-26,wangduoyu,抖音评论 11:59,笑死了[捂脸],,,,否,video_id=7644037011783755633; video_url=https://www.douyin.com/video/7644037011783755633; creator=王多于-股之子; like=0; reply=0; source_type=comment; yeren_signal_id=; parent_comment_text=,11:59,抖音评论,video,有点惨#内容过于真实 #股民 #基金 #王多于股之子 #vlog十亿流量扶持计划,鱼,7644037011783755633,https://www.douyin.com/video/7644037011783755633,,7644045194727555883,11:59,未纳入,中性,自动映射到抖音视频评论池。,,false
2026-05-26,wangduoyu,抖音评论 11:57,它给了我一点[呲牙],,,,否,video_id=7644037011783755633; video_url=https://www.douyin.com/video/7644037011783755633; creator=王多于-股之子; like=0; reply=0; source_type=comment; yeren_signal_id=; parent_comment_text=,11:57,抖音评论,video,有点惨#内容过于真实 #股民 #基金 #王多于股之子 #vlog十亿流量扶持计划,难眠,7644037011783755633,https://www.douyin.com/video/7644037011783755633,,7644044775477478193,11:57,未纳入,中性,自动映射到抖音视频评论池。,,false
2026-05-26,wangduoyu,抖音评论 11:57,我都不看了 跌麻了 放着吧,,,,否,video_id=7644037011783755633; video_url=https://www.douyin.com/video/7644037011783755633; creator=王多于-股之子; like=0; reply=0; source_type=comment; yeren_signal_id=; parent_comment_text=,11:57,抖音评论,video,有点惨#内容过于真实 #股民 #基金 #王多于股之子 #vlog十亿流量扶持计划,血葫芦僧,7644037011783755633,https://www.douyin.com/video/7644037011783755633,,7644044732263564082,11:57,未纳入,中性,自动映射到抖音视频评论池。,,false
2026-05-26,wangduoyu,抖音评论 11:56,[粽子],,,,否,video_id=7644037011783755633; video_url=https://www.douyin.com/video/7644037011783755633; creator=王多于-股之子; like=0; reply=0; source_type=comment; yeren_signal_id=; parent_comment_text=,11:56,抖音评论,video,有点惨#内容过于真实 #股民 #基金 #王多于股之子 #vlog十亿流量扶持计划,Wang🌲,7644037011783755633,https://www.douyin.com/video/7644037011783755633,,7644044549211636529,11:56,未纳入,中性,自动映射到抖音视频评论池。,,false
2026-05-26,wangduoyu,抖音评论 11:56,生益电子洗了我一个月，差点没绷住[流泪],生益电子(688183),,生益电子(688183) 被提及 1 次，有效评论 1 条，来源 1 个，单视频线索，情绪 中性，当前判断：保留观察。,待确认,video_id=7644037011783755633; video_url=https://www.douyin.com/video/7644037011783755633; creator=王多于-股之子; like=1; reply=6; source_type=comment; yeren_signal_id=; parent_comment_text=,11:56,抖音评论,video,有点惨#内容过于真实 #股民 #基金 #王多于股之子 #vlog十亿流量扶持计划,疏影横斜水清浅,7644037011783755633,https://www.douyin.com/video/7644037011783755633,,7644044538193789733,11:56,待确认,中性,自动映射到抖音视频评论池。,6.4,false
2026-05-26,wangduoyu,抖音评论 11:56,有没有大哥能说说航锦kj怎么样,,,,否,video_id=7644037011783755633; video_url=https://www.douyin.com/video/7644037011783755633; creator=王多于-股之子; like=0; reply=0; source_type=comment; yeren_signal_id=; parent_comment_text=,11:56,抖音评论,video,有点惨#内容过于真实 #股民 #基金 #王多于股之子 #vlog十亿流量扶持计划,加冰不加唐女士,7644037011783755633,https://www.douyin.com/video/7644037011783755633,,7644044426977100596,11:56,未纳入,中性,自动映射到抖音视频评论池。,,false
2026-05-26,wangduoyu,抖音评论 11:55,下午就V起来了，你大概得吃个1w的面[杀马特],,,,否,video_id=7644037011783755633; video_url=https://www.douyin.com/video/7644037011783755633; creator=王多于-股之子; like=2; reply=3; source_type=comment; yeren_signal_id=; parent_comment_text=,11:55,抖音评论,video,有点惨#内容过于真实 #股民 #基金 #王多于股之子 #vlog十亿流量扶持计划,君子坦旦旦,7644037011783755633,https://www.douyin.com/video/7644037011783755633,,7644044168684684095,11:55,未纳入,中性,自动映射到抖音视频评论池。,,false
2026-05-26,wangduoyu,抖音评论 11:54,亏5000多一天,,,,否,video_id=7644037011783755633; video_url=https://www.douyin.com/video/7644037011783755633; creator=王多于-股之子; like=0; reply=2; source_type=comment; yeren_signal_id=; parent_comment_text=,11:54,抖音评论,video,有点惨#内容过于真实 #股民 #基金 #王多于股之子 #vlog十亿流量扶持计划,浩在聆听 ㊙富⁵¹²大号,7644037011783755633,https://www.douyin.com/video/7644037011783755633,,7644043974073140026,11:54,未纳入,中性,自动映射到抖音视频评论池。,,false
2026-05-26,wangduoyu,抖音评论 11:53,华为发布的套还是太强了，大盘都被套住了[泪奔],,,,否,video_id=7644037011783755633; video_url=https://www.douyin.com/video/7644037011783755633; creator=王多于-股之子; like=5; reply=2; source_type=comment; yeren_signal_id=; parent_comment_text=,11:53,抖音评论,video,有点惨#内容过于真实 #股民 #基金 #王多于股之子 #vlog十亿流量扶持计划,华尔街之哈,7644037011783755633,https://www.douyin.com/video/7644037011783755633,,7644043686191825679,11:53,未纳入,中性,自动映射到抖音视频评论池。,,false
2026-05-26,wangduoyu,抖音评论 11:51,,,,,否,video_id=7644037011783755633; video_url=https://www.douyin.com/video/7644037011783755633; creator=王多于-股之子; like=0; reply=2; source_type=comment; yeren_signal_id=; parent_comment_text=,11:51,抖音评论,video,有点惨#内容过于真实 #股民 #基金 #王多于股之子 #vlog十亿流量扶持计划,小杜同学,7644037011783755633,https://www.douyin.com/video/7644037011783755633,,7644043119328297765,11:51,未纳入,中性,自动映射到抖音视频评论池。,,false
2026-05-26,wangduoyu,抖音评论 11:50,本还没回，牛市还结束了嘛[捂脸],,,,否,video_id=7644037011783755633; video_url=https://www.douyin.com/video/7644037011783755633; creator=王多于-股之子; like=1; reply=0; source_type=comment; yeren_signal_id=; parent_comment_text=,11:50,抖音评论,video,有点惨#内容过于真实 #股民 #基金 #王多于股之子 #vlog十亿流量扶持计划,葛小葛,7644037011783755633,https://www.douyin.com/video/7644037011783755633,,7644042955628020537,11:50,未纳入,中性,自动映射到抖音视频评论池。,,false
2026-05-26,wangduoyu,抖音评论 11:50,双星新材,双星新材(002585),,双星新材(002585) 被提及 3 次，有效评论 3 条，来源 2 个，跨来源共振，情绪 中性，当前判断：保留观察。,待确认,video_id=7644037011783755633; video_url=https://www.douyin.com/video/7644037011783755633; creator=王多于-股之子; like=1; reply=8; source_type=comment; yeren_signal_id=; parent_comment_text=,11:50,抖音评论,video,有点惨#内容过于真实 #股民 #基金 #王多于股之子 #vlog十亿流量扶持计划,AAA猪饲料批发朱姐,7644037011783755633,https://www.douyin.com/video/7644037011783755633,,7644042884304225039,11:50,待确认,中性,自动映射到抖音视频评论池。,8.0,false
2026-05-26,wangduoyu,抖音评论 11:47,中视和恩捷，有没有大哥看看，还能拿吗,,,,否,video_id=7644037011783755633; video_url=https://www.douyin.com/video/7644037011783755633; creator=王多于-股之子; like=0; reply=0; source_type=comment; yeren_signal_id=; parent_comment_text=,11:47,抖音评论,video,有点惨#内容过于真实 #股民 #基金 #王多于股之子 #vlog十亿流量扶持计划,@辉,7644037011783755633,https://www.douyin.com/video/7644037011783755633,,7644042212049814309,11:47,未纳入,中性,自动映射到抖音视频评论池。,,false
2026-05-26,wangduoyu,抖音评论 11:47,昨天跌六个点，今天跌停[捂脸][捂脸]我尼玛,,,,否,video_id=7644037011783755633; video_url=https://www.douyin.com/video/7644037011783755633; creator=王多于-股之子; like=0; reply=1; source_type=comment; yeren_signal_id=; parent_comment_text=,11:47,抖音评论,video,有点惨#内容过于真实 #股民 #基金 #王多于股之子 #vlog十亿流量扶持计划,mortal华,7644037011783755633,https://www.douyin.com/video/7644037011783755633,,7644042038035841829,11:47,未纳入,中性,自动映射到抖音视频评论池。,,false
2026-05-26,wangduoyu,抖音评论 11:45,特发信息有帮忙看的吗[裂开][裂开],特发信息(000070),,特发信息(000070) 被提及 1 次，有效评论 1 条，来源 1 个，单视频线索，情绪 中性，当前判断：保留观察。,待确认,video_id=7644037011783755633; video_url=https://www.douyin.com/video/7644037011783755633; creator=王多于-股之子; like=1; reply=17; source_type=comment; yeren_signal_id=; parent_comment_text=,11:45,抖音评论,video,有点惨#内容过于真实 #股民 #基金 #王多于股之子 #vlog十亿流量扶持计划,ㅤ,7644037011783755633,https://www.douyin.com/video/7644037011783755633,,7644041646502593306,11:45,待确认,中性,自动映射到抖音视频评论池。,6.4,false
2026-05-26,wangduoyu,抖音评论 11:44,[微笑]牛一直在,,,,否,video_id=7644037011783755633; video_url=https://www.douyin.com/video/7644037011783755633; creator=王多于-股之子; like=1; reply=5; source_type=comment; yeren_signal_id=; parent_comment_text=,11:44,抖音评论,video,有点惨#内容过于真实 #股民 #基金 #王多于股之子 #vlog十亿流量扶持计划,Zo,7644037011783755633,https://www.douyin.com/video/7644037011783755633,,7644041437059859249,11:44,未纳入,中性,自动映射到抖音视频评论池。,,false
2026-05-26,wangduoyu,抖音评论 11:44,减仓长电，打板华天,,,,否,video_id=7644037011783755633; video_url=https://www.douyin.com/video/7644037011783755633; creator=王多于-股之子; like=0; reply=3; source_type=comment; yeren_signal_id=; parent_comment_text=,11:44,抖音评论,video,有点惨#内容过于真实 #股民 #基金 #王多于股之子 #vlog十亿流量扶持计划,Viete,7644037011783755633,https://www.douyin.com/video/7644037011783755633,,7644041433901024058,11:44,未纳入,中性,自动映射到抖音视频评论池。,,false
2026-05-26,wangduoyu,抖音评论 11:43,我真服了，昨天涨没涨过日本，今天跌他要做第一[杀马特],,,,否,video_id=7644037011783755633; video_url=https://www.douyin.com/video/7644037011783755633; creator=王多于-股之子; like=2; reply=0; source_type=comment; yeren_signal_id=; parent_comment_text=,11:43,抖音评论,video,有点惨#内容过于真实 #股民 #基金 #王多于股之子 #vlog十亿流量扶持计划,我是啊辉吧,7644037011783755633,https://www.douyin.com/video/7644037011783755633,,7644041046104736564,11:43,未纳入,中性,自动映射到抖音视频评论池。,,false
2026-05-26,wangduoyu,抖音评论 11:42,3万[微笑],,,,否,video_id=7644037011783755633; video_url=https://www.douyin.com/video/7644037011783755633; creator=王多于-股之子; like=0; reply=0; source_type=comment; yeren_signal_id=; parent_comment_text=,11:42,抖音评论,video,有点惨#内容过于真实 #股民 #基金 #王多于股之子 #vlog十亿流量扶持计划,克尔瑞,7644037011783755633,https://www.douyin.com/video/7644037011783755633,,7644040883457770298,11:42,未纳入,中性,自动映射到抖音视频评论池。,,false
2026-05-26,wangduoyu,抖音评论 11:41,昨天有大哥说贵州燃气 和明阳智能 今天都很强的啊 我都买了,贵州燃气(600903),,贵州燃气(600903) 被提及 1 次，有效评论 1 条，来源 1 个，单视频线索，情绪 看多，当前判断：保留观察。,待确认,video_id=7644037011783755633; video_url=https://www.douyin.com/video/7644037011783755633; creator=王多于-股之子; like=1; reply=16; source_type=comment; yeren_signal_id=; parent_comment_text=,11:41,抖音评论,video,有点惨#内容过于真实 #股民 #基金 #王多于股之子 #vlog十亿流量扶持计划,和光同尘,7644037011783755633,https://www.douyin.com/video/7644037011783755633,,7644040705102611258,11:41,待确认,看多,自动映射到抖音视频评论池。,6.4,false
2026-05-26,wangduoyu,抖音评论 11:39,两天没了一万六[捂脸],,,,否,video_id=7644037011783755633; video_url=https://www.douyin.com/video/7644037011783755633; creator=王多于-股之子; like=2; reply=3; source_type=comment; yeren_signal_id=; parent_comment_text=,11:39,抖音评论,video,有点惨#内容过于真实 #股民 #基金 #王多于股之子 #vlog十亿流量扶持计划,鞋/助成长,7644037011783755633,https://www.douyin.com/video/7644037011783755633,,7644040019841975078,11:39,未纳入,中性,自动映射到抖音视频评论池。,,false
2026-05-26,wangduoyu,抖音评论 11:38,昨天不是有个人推了一个，今天涨停了吗,,,,否,video_id=7644037011783755633; video_url=https://www.douyin.com/video/7644037011783755633; creator=王多于-股之子; like=0; reply=0; source_type=comment; yeren_signal_id=; parent_comment_text=,11:38,抖音评论,video,有点惨#内容过于真实 #股民 #基金 #王多于股之子 #vlog十亿流量扶持计划,喷漆模版专业户,7644037011783755633,https://www.douyin.com/video/7644037011783755633,,7644039922164220672,11:38,未纳入,中性,自动映射到抖音视频评论池。,,false
2026-05-26,wangduoyu,抖音评论 11:37,半导体下午给我吸吧[黑脸]存储也试一下，幸好昨天减半了,,,,否,video_id=7644037011783755633; video_url=https://www.douyin.com/video/7644037011783755633; creator=王多于-股之子; like=0; reply=0; source_type=comment; yeren_signal_id=; parent_comment_text=,11:37,抖音评论,video,有点惨#内容过于真实 #股民 #基金 #王多于股之子 #vlog十亿流量扶持计划,AAA王子已收假ing,7644037011783755633,https://www.douyin.com/video/7644037011783755633,,7644039430030410532,11:37,未纳入,中性,自动映射到抖音视频评论池。,,false
2026-05-26,wangduoyu,抖音评论 11:36,我从大盘吸回来了1个[看],,,,否,video_id=7644037011783755633; video_url=https://www.douyin.com/video/7644037011783755633; creator=王多于-股之子; like=0; reply=0; source_type=comment; yeren_signal_id=; parent_comment_text=,11:36,抖音评论,video,有点惨#内容过于真实 #股民 #基金 #王多于股之子 #vlog十亿流量扶持计划,萧瑟,7644037011783755633,https://www.douyin.com/video/7644037011783755633,,7644039338023469881,11:36,未纳入,中性,自动映射到抖音视频评论池。,,false
2026-05-26,wangduoyu,抖音评论 11:35,[图片表情],,,,否,video_id=7644037011783755633; video_url=https://www.douyin.com/video/7644037011783755633; creator=王多于-股之子; like=0; reply=0; source_type=comment; yeren_signal_id=; parent_comment_text=,11:35,抖音评论,video,有点惨#内容过于真实 #股民 #基金 #王多于股之子 #vlog十亿流量扶持计划,sy的小猪,7644037011783755633,https://www.douyin.com/video/7644037011783755633,,7644039101234938676,11:35,未纳入,中性,自动映射到抖音视频评论池。,,false
2026-05-26,wangduoyu,抖音评论 11:35,[戳手手]我吸了大盘几千,,,,否,video_id=7644037011783755633; video_url=https://www.douyin.com/video/7644037011783755633; creator=王多于-股之子; like=0; reply=0; source_type=comment; yeren_signal_id=; parent_comment_text=,11:35,抖音评论,video,有点惨#内容过于真实 #股民 #基金 #王多于股之子 #vlog十亿流量扶持计划,迷糊的鱼,7644037011783755633,https://www.douyin.com/video/7644037011783755633,,7644039053150847781,11:35,未纳入,中性,自动映射到抖音视频评论池。,,false
2026-05-26,wangduoyu,抖音评论 11:34,长电继续持有,,,,否,video_id=7644037011783755633; video_url=https://www.douyin.com/video/7644037011783755633; creator=王多于-股之子; like=1; reply=0; source_type=comment; yeren_signal_id=; parent_comment_text=,11:34,抖音评论,video,有点惨#内容过于真实 #股民 #基金 #王多于股之子 #vlog十亿流量扶持计划,f康辉✨,7644037011783755633,https://www.douyin.com/video/7644037011783755633,,7644038773189755657,11:34,未纳入,中性,自动映射到抖音视频评论池。,,false
2026-05-26,wangduoyu,抖音评论 11:34,我的模塑下午还能封住么,,,评论热度较高，但暂未自动识别到明确股票线索，保留人工复核。,待确认,video_id=7644037011783755633; video_url=https://www.douyin.com/video/7644037011783755633; creator=王多于-股之子; like=1; reply=8; source_type=comment; yeren_signal_id=; parent_comment_text=,11:34,抖音评论,video,有点惨#内容过于真实 #股民 #基金 #王多于股之子 #vlog十亿流量扶持计划,财神道,7644037011783755633,https://www.douyin.com/video/7644037011783755633,,7644038699278713642,11:34,待确认,中性,自动映射到抖音视频评论池。,6.2,false
2026-05-26,wangduoyu,抖音评论 11:33,谁可以带我赚回来，亏傻了[流泪],,,,否,video_id=7644037011783755633; video_url=https://www.douyin.com/video/7644037011783755633; creator=王多于-股之子; like=0; reply=4; source_type=comment; yeren_signal_id=; parent_comment_text=,11:33,抖音评论,video,有点惨#内容过于真实 #股民 #基金 #王多于股之子 #vlog十亿流量扶持计划,滚筒洗衣机.,7644037011783755633,https://www.douyin.com/video/7644037011783755633,,7644038484466729787,11:33,未纳入,中性,自动映射到抖音视频评论池。,,false
2026-05-26,wangduoyu,抖音评论 11:33,,,,,否,video_id=7644037011783755633; video_url=https://www.douyin.com/video/7644037011783755633; creator=王多于-股之子; like=0; reply=2; source_type=comment; yeren_signal_id=; parent_comment_text=,11:33,抖音评论,video,有点惨#内容过于真实 #股民 #基金 #王多于股之子 #vlog十亿流量扶持计划,随心i,7644037011783755633,https://www.douyin.com/video/7644037011783755633,,7644038455001891638,11:33,未纳入,中性,自动映射到抖音视频评论池。,,false
2026-05-26,wangduoyu,抖音评论 11:34,[图片表情],,,,否,video_id=7644037011783755633; video_url=https://www.douyin.com/video/7644037011783755633; creator=王多于-股之子; like=0; reply=0; source_type=comment; yeren_signal_id=; parent_comment_text=,11:34,抖音评论,video,有点惨#内容过于真实 #股民 #基金 #王多于股之子 #vlog十亿流量扶持计划,夏冰雹,7644037011783755633,https://www.douyin.com/video/7644037011783755633,,7644038662032753445,11:34,未纳入,中性,自动映射到抖音视频评论池。,,false
2026-05-26,wangduoyu,抖音评论 11:32,越来越看不懂了，左右挨打[流泪][流泪][流泪],,,,否,video_id=7644037011783755633; video_url=https://www.douyin.com/video/7644037011783755633; creator=王多于-股之子; like=0; reply=0; source_type=comment; yeren_signal_id=; parent_comment_text=,11:32,抖音评论,video,有点惨#内容过于真实 #股民 #基金 #王多于股之子 #vlog十亿流量扶持计划,吾归何处,7644037011783755633,https://www.douyin.com/video/7644037011783755633,,7644038320939418378,11:32,未纳入,中性,自动映射到抖音视频评论池。,,false
2026-05-26,wangduoyu,抖音评论 11:32,我吃了个涨停还亏[泪奔],,,,否,video_id=7644037011783755633; video_url=https://www.douyin.com/video/7644037011783755633; creator=王多于-股之子; like=0; reply=0; source_type=comment; yeren_signal_id=; parent_comment_text=,11:32,抖音评论,video,有点惨#内容过于真实 #股民 #基金 #王多于股之子 #vlog十亿流量扶持计划,🌈小鹏,7644037011783755633,https://www.douyin.com/video/7644037011783755633,,7644038292992312121,11:32,未纳入,中性,自动映射到抖音视频评论池。,,false
2026-05-26,wangduoyu,抖音评论 11:46,昨天和今天把握这个月的利润全吸完了[捂脸][捂脸],,,,否,video_id=7644037011783755633; video_url=https://www.douyin.com/video/7644037011783755633; creator=王多于-股之子; like=2; reply=0; source_type=comment; yeren_signal_id=; parent_comment_text=,11:46,抖音评论,video,有点惨#内容过于真实 #股民 #基金 #王多于股之子 #vlog十亿流量扶持计划,mortal华,7644037011783755633,https://www.douyin.com/video/7644037011783755633,,7644041942317400891,11:46,未纳入,中性,自动映射到抖音视频评论池。,,false
2026-05-26,wangduoyu,抖音评论 11:32,下午半导体就吸了,,,评论热度较高，但暂未自动识别到明确股票线索，保留人工复核。,待确认,video_id=7644037011783755633; video_url=https://www.douyin.com/video/7644037011783755633; creator=王多于-股之子; like=1; reply=11; source_type=comment; yeren_signal_id=; parent_comment_text=,11:32,抖音评论,video,有点惨#内容过于真实 #股民 #基金 #王多于股之子 #vlog十亿流量扶持计划,泊世金,7644037011783755633,https://www.douyin.com/video/7644037011783755633,,7644038220321407782,11:32,待确认,中性,自动映射到抖音视频评论池。,6.2,false
2026-05-26,wangduoyu,抖音评论 11:31,大佬们都在哪里？求求了，给我一只票，我只想回本[流泪],,,,否,video_id=7644037011783755633; video_url=https://www.douyin.com/video/7644037011783755633; creator=王多于-股之子; like=1; reply=3; source_type=comment; yeren_signal_id=; parent_comment_text=,11:31,抖音评论,video,有点惨#内容过于真实 #股民 #基金 #王多于股之子 #vlog十亿流量扶持计划,Helyce,7644037011783755633,https://www.douyin.com/video/7644037011783755633,,7644038123148346149,11:31,未纳入,中性,自动映射到抖音视频评论池。,,false
2026-05-26,wangduoyu,抖音评论 11:31,(*´▽｀)ノ哈哈！多于昨天你一说想买半导体，我就知道要跑了，果然我昨天尾盘清仓是对的,,,,否,video_id=7644037011783755633; video_url=https://www.douyin.com/video/7644037011783755633; creator=王多于-股之子; like=3; reply=3; source_type=comment; yeren_signal_id=; parent_comment_text=,11:31,抖音评论,video,有点惨#内容过于真实 #股民 #基金 #王多于股之子 #vlog十亿流量扶持计划,请叫我键爷,7644037011783755633,https://www.douyin.com/video/7644037011783755633,,7644037960010400550,11:31,未纳入,中性,自动映射到抖音视频评论池。,,false
2026-05-26,wangduoyu,抖音评论 11:30,京东方,,,,否,video_id=7644037011783755633; video_url=https://www.douyin.com/video/7644037011783755633; creator=王多于-股之子; like=4; reply=3; source_type=comment; yeren_signal_id=; parent_comment_text=,11:30,抖音评论,video,有点惨#内容过于真实 #股民 #基金 #王多于股之子 #vlog十亿流量扶持计划,乌漆麻黑~,7644037011783755633,https://www.douyin.com/video/7644037011783755633,,7644037640257536805,11:30,未纳入,中性,自动映射到抖音视频评论池。,,false
2026-05-26,wangduoyu,抖音评论 11:29,即便如此 在这两天的视频里还是发现了很多民间高手，下午给大家发开眼视频,,,,否,video_id=7644037011783755633; video_url=https://www.douyin.com/video/7644037011783755633; creator=王多于-股之子; like=3; reply=1; source_type=comment; yeren_signal_id=; parent_comment_text=,11:29,抖音评论,video,有点惨#内容过于真实 #股民 #基金 #王多于股之子 #vlog十亿流量扶持计划,王多于-股之子,7644037011783755633,https://www.douyin.com/video/7644037011783755633,,7644037607677051697,11:29,未纳入,中性,自动映射到抖音视频评论池。,,false
2026-05-26,wangduoyu,抖音评论 11:28,下午能买哪只？,,,,否,video_id=7644037011783755633; video_url=https://www.douyin.com/video/7644037011783755633; creator=王多于-股之子; like=1; reply=0; source_type=comment; yeren_signal_id=; parent_comment_text=,11:28,抖音评论,video,有点惨#内容过于真实 #股民 #基金 #王多于股之子 #vlog十亿流量扶持计划,呱呱叫,7644037011783755633,https://www.douyin.com/video/7644037011783755633,,7644037342995481363,11:28,未纳入,中性,自动映射到抖音视频评论池。,,false
2026-05-26,wangduoyu,抖音评论 11:33,不想说话[图片表情],,,,否,video_id=7644037011783755633; video_url=https://www.douyin.com/video/7644037011783755633; creator=王多于-股之子; like=0; reply=0; source_type=comment; yeren_signal_id=; parent_comment_text=,11:33,抖音评论,video,有点惨#内容过于真实 #股民 #基金 #王多于股之子 #vlog十亿流量扶持计划,财神道,7644037011783755633,https://www.douyin.com/video/7644037011783755633,,7644038582776169259,11:33,未纳入,中性,自动映射到抖音视频评论池。,,false
2026-05-26,wangduoyu,抖音评论 11:28,要不还是让半导体接着吸吧 …….,,,评论热度较高，但暂未自动识别到明确股票线索，保留人工复核。,待确认,video_id=7644037011783755633; video_url=https://www.douyin.com/video/7644037011783755633; creator=王多于-股之子; like=9; reply=1; source_type=comment; yeren_signal_id=; parent_comment_text=,11:28,抖音评论,video,有点惨#内容过于真实 #股民 #基金 #王多于股之子 #vlog十亿流量扶持计划,王多于-股之子,7644037011783755633,https://www.douyin.com/video/7644037011783755633,,7644037296900162353,11:28,待确认,中性,自动映射到抖音视频评论池。,6.2,false
2026-05-26,wangduoyu,抖音评论 15:37,这个月不买半导体的话 跟股灾没区别,,,,否,video_id=7644037011783755633; video_url=https://www.douyin.com/video/7644037011783755633; creator=王多于-股之子; like=0; reply=0; source_type=comment; yeren_signal_id=; parent_comment_text=,15:37,抖音评论,video,有点惨#内容过于真实 #股民 #基金 #王多于股之子 #vlog十亿流量扶持计划,hanhan,7644037011783755633,https://www.douyin.com/video/7644037011783755633,,7644101342772232997,15:37,未纳入,中性,自动映射到抖音视频评论池。,,false
2026-05-26,wangduoyu,抖音评论 11:52,今天还可以  在南山铝业里,南山铝业(600219),,南山铝业(600219) 被提及 1 次，有效评论 1 条，来源 1 个，单视频线索，情绪 中性，当前判断：保留观察。,待确认,video_id=7644037011783755633; video_url=https://www.douyin.com/video/7644037011783755633; creator=王多于-股之子; like=1; reply=0; source_type=comment; yeren_signal_id=; parent_comment_text=,11:52,抖音评论,video,有点惨#内容过于真实 #股民 #基金 #王多于股之子 #vlog十亿流量扶持计划,贩夫走卒,7644037011783755633,https://www.douyin.com/video/7644037011783755633,,7644043540493910825,11:52,待确认,中性,自动映射到抖音视频评论池。,6.4,false
2026-05-26,wangduoyu,抖音评论 11:45,[流泪]早上水下卖掉的票红了，买的票跌停了,,,,否,video_id=7644037011783755633; video_url=https://www.douyin.com/video/7644037011783755633; creator=王多于-股之子; like=0; reply=0; source_type=comment; yeren_signal_id=; parent_comment_text=,11:45,抖音评论,video,有点惨#内容过于真实 #股民 #基金 #王多于股之子 #vlog十亿流量扶持计划,41843780946,7644037011783755633,https://www.douyin.com/video/7644037011783755633,,7644041702440780582,11:45,未纳入,中性,自动映射到抖音视频评论池。,,false
2026-05-26,wangduoyu,抖音评论 13:17,赔死我了,,,,否,video_id=7644037011783755633; video_url=https://www.douyin.com/video/7644037011783755633; creator=王多于-股之子; like=0; reply=0; source_type=comment; yeren_signal_id=; parent_comment_text=,13:17,抖音评论,video,有点惨#内容过于真实 #股民 #基金 #王多于股之子 #vlog十亿流量扶持计划,起早的鸟,7644037011783755633,https://www.douyin.com/video/7644037011783755633,,7644065436861989682,13:17,未纳入,中性,自动映射到抖音视频评论池。,,false
2026-05-26,wangduoyu,抖音评论 14:08,和泰机电，北自科技。周五走，给我寄特产,和泰机电(001225);北自科技(603082),,和泰机电(001225) 被提及 1 次，有效评论 1 条，来源 1 个，单视频线索，情绪 中性，当前判断：保留观察。；北自科技(603082) 被提及 1 次，有效评论 1 条，来源 1 个，单视频线索，情绪 中性，当前判断：保留观察。,待确认,video_id=7644037011783755633; video_url=https://www.douyin.com/video/7644037011783755633; creator=王多于-股之子; like=0; reply=0; source_type=comment; yeren_signal_id=; parent_comment_text=,14:08,抖音评论,video,有点惨#内容过于真实 #股民 #基金 #王多于股之子 #vlog十亿流量扶持计划,lyc88,7644037011783755633,https://www.douyin.com/video/7644037011783755633,,7644078430772560697,14:08,待确认,中性,自动映射到抖音视频评论池。,6.4,false
2026-05-26,wangduoyu,抖音评论 11:50,@“ψ(｀∇´)ψ,,,,否,video_id=7644037011783755633; video_url=https://www.douyin.com/video/7644037011783755633; creator=王多于-股之子; like=0; reply=0; source_type=comment; yeren_signal_id=; parent_comment_text=,11:50,抖音评论,video,有点惨#内容过于真实 #股民 #基金 #王多于股之子 #vlog十亿流量扶持计划,噗屁,7644037011783755633,https://www.douyin.com/video/7644037011783755633,,7644042934098232122,11:50,未纳入,中性,自动映射到抖音视频评论池。,,false
2026-05-26,wangduoyu,抖音评论 13:16,中贝通信可以进吗,中贝通信(603220),,中贝通信(603220) 被提及 1 次，有效评论 1 条，来源 1 个，单视频线索，情绪 中性，当前判断：保留观察。,待确认,video_id=7644037011783755633; video_url=https://www.douyin.com/video/7644037011783755633; creator=王多于-股之子; like=0; reply=1; source_type=comment; yeren_signal_id=; parent_comment_text=,13:16,抖音评论,video,有点惨#内容过于真实 #股民 #基金 #王多于股之子 #vlog十亿流量扶持计划,小猪咪,7644037011783755633,https://www.douyin.com/video/7644037011783755633,,7644065062797574949,13:16,待确认,中性,自动映射到抖音视频评论池。,6.4,false
2026-05-26,wangduoyu,抖音评论 11:50,@刘总抽根烟,,,,否,video_id=7644037011783755633; video_url=https://www.douyin.com/video/7644037011783755633; creator=王多于-股之子; like=0; reply=0; source_type=comment; yeren_signal_id=; parent_comment_text=,11:50,抖音评论,video,有点惨#内容过于真实 #股民 #基金 #王多于股之子 #vlog十亿流量扶持计划,噗屁,7644037011783755633,https://www.douyin.com/video/7644037011783755633,,7644042906491536165,11:50,未纳入,中性,自动映射到抖音视频评论池。,,false
2026-05-26,wangduoyu,抖音评论 13:44,明阳的大哥呢？woc！我给你跪了真的,,,,否,video_id=7644037011783755633; video_url=https://www.douyin.com/video/7644037011783755633; creator=王多于-股之子; like=1; reply=1; source_type=comment; yeren_signal_id=; parent_comment_text=,13:44,抖音评论,video,有点惨#内容过于真实 #股民 #基金 #王多于股之子 #vlog十亿流量扶持计划,月满揽花钞,7644037011783755633,https://www.douyin.com/video/7644037011783755633,,7644072155969372987,13:44,未纳入,中性,自动映射到抖音视频评论池。,,false
2026-05-26,wangduoyu,抖音评论 13:00,发视频的不都是行家吗？？[抠鼻][抠鼻]又了解金融，又懂K钱。说的都那么有道理，不可能亏的,,,,否,video_id=7644037011783755633; video_url=https://www.douyin.com/video/7644037011783755633; creator=王多于-股之子; like=0; reply=0; source_type=comment; yeren_signal_id=; parent_comment_text=,13:00,抖音评论,video,有点惨#内容过于真实 #股民 #基金 #王多于股之子 #vlog十亿流量扶持计划,自由人,7644037011783755633,https://www.douyin.com/video/7644037011783755633,,7644060976078324490,13:00,未纳入,中性,自动映射到抖音视频评论池。,,false
2026-05-26,wangduoyu,抖音评论 11:36,先进封装-商业航天-机器人，汇成股份-铂力特-凌云光。周三冲高清仓，周四瀑布杀，周五尾盘再看有没有新东西,机器人(300024);铂力特(688333);凌云光(688400);汇成股份(688403),,机器人(300024) 被提及 7 次，有效评论 7 条，来源 2 个，跨来源共振，情绪 中性，当前判断：已进入推荐候选。；铂力特(688333) 被提及 1 次，有效评论 1 条，来源 1 个，单视频线索，情绪 谨慎，当前判断：偏风险观察。；凌云光(688400) 被提及 1 次，有效评论 1 条，来源 1 个，单视频线索，情绪 谨慎，当前判断：偏风险观察。；汇成股份(688403) 被提及 1 次，有效评论 1 条，来源 1 个，单视频线索，情绪 谨慎，当前判断：偏风险观察。,是,video_id=7644037011783755633; video_url=https://www.douyin.com/video/7644037011783755633; creator=王多于-股之子; like=2; reply=2; source_type=comment; yeren_signal_id=; parent_comment_text=,11:36,抖音评论,video,有点惨#内容过于真实 #股民 #基金 #王多于股之子 #vlog十亿流量扶持计划,开眼看世界之美,7644037011783755633,https://www.douyin.com/video/7644037011783755633,,7644039206243812133,11:36,已纳入,谨慎,自动映射到抖音视频评论池。,9.6,true
2026-05-26,wangduoyu,抖音评论 16:10,"今天你τ了吗？具体是那个τ呢？　 　 
A、韬　 　 B、逃　 　 C、掏　 　 D、套",,,,否,video_id=7644037011783755633; video_url=https://www.douyin.com/video/7644037011783755633; creator=王多于-股之子; like=0; reply=0; source_type=comment; yeren_signal_id=; parent_comment_text=,16:10,抖音评论,video,有点惨#内容过于真实 #股民 #基金 #王多于股之子 #vlog十亿流量扶持计划,缺火所以怕冷,7644037011783755633,https://www.douyin.com/video/7644037011783755633,,7644109953804682042,16:10,未纳入,中性,自动映射到抖音视频评论池。,,false
2026-05-26,wangduoyu,抖音评论 15:53,今天涨的都是垃圾股,,,,否,video_id=7644037011783755633; video_url=https://www.douyin.com/video/7644037011783755633; creator=王多于-股之子; like=0; reply=1; source_type=comment; yeren_signal_id=; parent_comment_text=,15:53,抖音评论,video,有点惨#内容过于真实 #股民 #基金 #王多于股之子 #vlog十亿流量扶持计划,不辣的台风🌀,7644037011783755633,https://www.douyin.com/video/7644037011783755633,,7644105607713227539,15:53,未纳入,中性,自动映射到抖音视频评论池。,,false
2026-05-26,wangduoyu,抖音评论 16:35,跌麻了这垃圾市场,,,,否,video_id=7644037011783755633; video_url=https://www.douyin.com/video/7644037011783755633; creator=王多于-股之子; like=0; reply=0; source_type=comment; yeren_signal_id=; parent_comment_text=,16:35,抖音评论,video,有点惨#内容过于真实 #股民 #基金 #王多于股之子 #vlog十亿流量扶持计划,不知道叫啥好,7644037011783755633,https://www.douyin.com/video/7644037011783755633,,7644116255372591907,16:35,未纳入,中性,自动映射到抖音视频评论池。,,false
2026-05-26,wangduoyu,抖音评论 15:38,上午绿油油，下午红彤彤[黄脸干杯],,,,否,video_id=7644037011783755633; video_url=https://www.douyin.com/video/7644037011783755633; creator=王多于-股之子; like=0; reply=0; source_type=comment; yeren_signal_id=; parent_comment_text=,15:38,抖音评论,video,有点惨#内容过于真实 #股民 #基金 #王多于股之子 #vlog十亿流量扶持计划,远方,7644037011783755633,https://www.douyin.com/video/7644037011783755633,,7644101650718245682,15:38,未纳入,中性,自动映射到抖音视频评论池。,,false
2026-05-26,wangduoyu,抖音评论 12:41,天奈科技,,,,否,video_id=7644037011783755633; video_url=https://www.douyin.com/video/7644037011783755633; creator=王多于-股之子; like=1; reply=0; source_type=comment; yeren_signal_id=; parent_comment_text=,12:41,抖音评论,video,有点惨#内容过于真实 #股民 #基金 #王多于股之子 #vlog十亿流量扶持计划,悟道狗,7644037011783755633,https://www.douyin.com/video/7644037011783755633,,7644056031861801777,12:41,未纳入,中性,自动映射到抖音视频评论池。,,false
2026-05-26,longge,抖音评论 16:31,东岳硅材,东岳硅材(300821),,东岳硅材(300821) 被提及 1 次，有效评论 1 条，来源 1 个，单视频线索，情绪 中性，当前判断：保留观察。,待确认,video_id=7644093208830100453; video_url=https://www.douyin.com/video/7644093208830100453; creator=阿龙闯大A📈; like=4; reply=12; source_type=comment; yeren_signal_id=; parent_comment_text=,16:31,抖音评论,video,这次发的及时吧，吃点小肉#股票 #股民 #vlgo十亿流量扶持计划,山止川行,7644093208830100453,https://www.douyin.com/video/7644093208830100453,,7644115391459214089,16:31,待确认,中性,自动映射到抖音视频评论池。,6.4,false
2026-05-26,longge,抖音评论 16:26,说青龙管业的别再让我看到你,青龙管业(002457),,青龙管业(002457) 被提及 8 次，有效评论 8 条，来源 2 个，跨来源共振，情绪 谨慎，当前判断：偏风险观察。,否,video_id=7644093208830100453; video_url=https://www.douyin.com/video/7644093208830100453; creator=阿龙闯大A📈; like=5; reply=9; source_type=comment; yeren_signal_id=; parent_comment_text=,16:26,抖音评论,video,这次发的及时吧，吃点小肉#股票 #股民 #vlgo十亿流量扶持计划,ღ Evelyn🐹,7644093208830100453,https://www.douyin.com/video/7644093208830100453,,7644113906449089338,16:26,未纳入,谨慎,自动映射到抖音视频评论池。,9.4,false
2026-05-26,longge,抖音评论 15:50,我就说山东玻纤吧,山东玻纤(605006),玻纤,山东玻纤(605006) 被提及 19 次，有效评论 19 条，来源 2 个，跨来源共振，情绪 中性，当前判断：保留观察。,待确认,video_id=7644093208830100453; video_url=https://www.douyin.com/video/7644093208830100453; creator=阿龙闯大A📈; like=12; reply=35; source_type=comment; yeren_signal_id=; parent_comment_text=,15:50,抖音评论,video,这次发的及时吧，吃点小肉#股票 #股民 #vlgo十亿流量扶持计划,卟弃卟离,7644093208830100453,https://www.douyin.com/video/7644093208830100453,,7644104819985236773,15:50,待确认,中性,自动映射到抖音视频评论池。,9.6,false
2026-05-26,longge,抖音评论 17:18,中京电子，红星发展，我看你啥时候愿意给我上龙,中京电子(002579);红星发展(600367),,中京电子(002579) 被提及 2 次，有效评论 2 条，来源 1 个，单视频线索，情绪 中性，当前判断：保留观察。；红星发展(600367) 被提及 1 次，有效评论 1 条，来源 1 个，单视频线索，情绪 中性，当前判断：保留观察。,待确认,video_id=7644093208830100453; video_url=https://www.douyin.com/video/7644093208830100453; creator=阿龙闯大A📈; like=10; reply=29; source_type=comment; yeren_signal_id=; parent_comment_text=,17:18,抖音评论,video,这次发的及时吧，吃点小肉#股票 #股民 #vlgo十亿流量扶持计划,悲悯,7644093208830100453,https://www.douyin.com/video/7644093208830100453,,7644127421624615739,17:18,待确认,中性,自动映射到抖音视频评论池。,6.9,false
2026-05-26,longge,抖音评论 16:30,感谢明阳智能大哥,明阳智能(601615),,明阳智能(601615) 被提及 14 次，有效评论 14 条，来源 2 个，跨来源共振，情绪 中性，当前判断：保留观察。,待确认,video_id=7644093208830100453; video_url=https://www.douyin.com/video/7644093208830100453; creator=阿龙闯大A📈; like=11; reply=9; source_type=comment; yeren_signal_id=; parent_comment_text=,16:30,抖音评论,video,这次发的及时吧，吃点小肉#股票 #股民 #vlgo十亿流量扶持计划,终不似、少年游,7644093208830100453,https://www.douyin.com/video/7644093208830100453,,7644115024042492678,16:30,待确认,中性,自动映射到抖音视频评论池。,9.6,false
2026-05-26,longge,抖音评论 15:10,感谢山东玻纤大哥，虽然我只买了一手[捂脸],山东玻纤(605006),玻纤,山东玻纤(605006) 被提及 19 次，有效评论 19 条，来源 2 个，跨来源共振，情绪 中性，当前判断：保留观察。,待确认,video_id=7644093208830100453; video_url=https://www.douyin.com/video/7644093208830100453; creator=阿龙闯大A📈; like=9; reply=10; source_type=comment; yeren_signal_id=; parent_comment_text=,15:10,抖音评论,video,这次发的及时吧，吃点小肉#股票 #股民 #vlgo十亿流量扶持计划,啦啦啦…,7644093208830100453,https://www.douyin.com/video/7644093208830100453,,7644094444161106737,15:10,待确认,中性,自动映射到抖音视频评论池。,9.6,false
2026-05-26,longge,抖音评论 15:14,被深科技气死了[流泪],深科技(000021),,深科技(000021) 被提及 15 次，有效评论 15 条，来源 2 个，跨来源共振，情绪 中性，当前判断：保留观察。,待确认,video_id=7644093208830100453; video_url=https://www.douyin.com/video/7644093208830100453; creator=阿龙闯大A📈; like=3; reply=17; source_type=comment; yeren_signal_id=; parent_comment_text=,15:14,抖音评论,video,这次发的及时吧，吃点小肉#股票 #股民 #vlgo十亿流量扶持计划,橘绿,7644093208830100453,https://www.douyin.com/video/7644093208830100453,,7644095522261271353,15:14,待确认,中性,自动映射到抖音视频评论池。,9.6,false
2026-05-26,longge,抖音评论 15:40,粤传媒还有3个板保底,,,评论热度较高，但暂未自动识别到明确股票线索，保留人工复核。,待确认,video_id=7644093208830100453; video_url=https://www.douyin.com/video/7644093208830100453; creator=阿龙闯大A📈; like=38; reply=30; source_type=comment; yeren_signal_id=; parent_comment_text=,15:40,抖音评论,video,这次发的及时吧，吃点小肉#股票 #股民 #vlgo十亿流量扶持计划,豪爽的猫,7644093208830100453,https://www.douyin.com/video/7644093208830100453,,7644102288659497779,15:40,待确认,中性,自动映射到抖音视频评论池。,6.2,false
2026-05-26,longge,抖音评论 16:27,山东玻纤是不是[捂脸],山东玻纤(605006),玻纤,山东玻纤(605006) 被提及 19 次，有效评论 19 条，来源 2 个，跨来源共振，情绪 中性，当前判断：保留观察。,待确认,video_id=7644093208830100453; video_url=https://www.douyin.com/video/7644093208830100453; creator=阿龙闯大A📈; like=6; reply=6; source_type=comment; yeren_signal_id=; parent_comment_text=,16:27,抖音评论,video,这次发的及时吧，吃点小肉#股票 #股民 #vlgo十亿流量扶持计划,鲁,7644093208830100453,https://www.douyin.com/video/7644093208830100453,,7644114407744733988,16:27,待确认,中性,自动映射到抖音视频评论池。,9.6,false
2026-05-26,longge,抖音评论 16:07,华蒙能电 下一个华电辽能  仅供参考 今天对比华电辽能3.11号走势[懒羊羊],华电辽能(600396),电力,华电辽能(600396) 被提及 5 次，有效评论 5 条，来源 2 个，跨来源共振，情绪 中性，当前判断：保留观察。,待确认,video_id=7644093208830100453; video_url=https://www.douyin.com/video/7644093208830100453; creator=阿龙闯大A📈; like=4; reply=7; source_type=comment; yeren_signal_id=; parent_comment_text=,16:07,抖音评论,video,这次发的及时吧，吃点小肉#股票 #股民 #vlgo十亿流量扶持计划,创匠无骨鸡爪（源头工厂）曹,7644093208830100453,https://www.douyin.com/video/7644093208830100453,,7644109123939746618,16:07,待确认,中性,自动映射到抖音视频评论池。,8.8,false
2026-05-26,longge,抖音评论 15:15,真的分不清哪个是真大哥啊、江特、江苏国信、绿色动力都套着呢[流泪]没仓位了,江苏国信(002608);绿色动力(601330),,江苏国信(002608) 被提及 1 次，有效评论 1 条，来源 1 个，单视频线索，情绪 谨慎，当前判断：偏风险观察。；绿色动力(601330) 被提及 1 次，有效评论 1 条，来源 1 个，单视频线索，情绪 谨慎，当前判断：偏风险观察。,否,video_id=7644093208830100453; video_url=https://www.douyin.com/video/7644093208830100453; creator=阿龙闯大A📈; like=6; reply=7; source_type=comment; yeren_signal_id=; parent_comment_text=,15:15,抖音评论,video,这次发的及时吧，吃点小肉#股票 #股民 #vlgo十亿流量扶持计划,小蜜蜂租房,7644093208830100453,https://www.douyin.com/video/7644093208830100453,,7644095688321696571,15:15,未纳入,谨慎,自动映射到抖音视频评论池。,5.9,false
2026-05-26,longge,抖音评论 16:42,看好德sai西威。已经站上五日线了。今天尾盘入了点。[耶],,,评论热度较高，但暂未自动识别到明确股票线索，保留人工复核。,待确认,video_id=7644093208830100453; video_url=https://www.douyin.com/video/7644093208830100453; creator=阿龙闯大A📈; like=13; reply=16; source_type=comment; yeren_signal_id=; parent_comment_text=,16:42,抖音评论,video,这次发的及时吧，吃点小肉#股票 #股民 #vlgo十亿流量扶持计划,Yolo,7644093208830100453,https://www.douyin.com/video/7644093208830100453,,7644118249419965226,16:42,待确认,中性,自动映射到抖音视频评论池。,6.2,false
2026-05-26,longge,抖音评论 15:39,昨天早上发的 杨杰 15个点不香？[泪奔],,,,否,video_id=7644093208830100453; video_url=https://www.douyin.com/video/7644093208830100453; creator=阿龙闯大A📈; like=5; reply=2; source_type=comment; yeren_signal_id=; parent_comment_text=,15:39,抖音评论,video,这次发的及时吧，吃点小肉#股票 #股民 #vlgo十亿流量扶持计划,双人余了一水函,7644093208830100453,https://www.douyin.com/video/7644093208830100453,,7644101845019968314,15:39,未纳入,中性,自动映射到抖音视频评论池。,,false
2026-05-26,longge,抖音评论 15:44,给青龙管业的大哥“上龙”进来吃个板[流泪][流泪][流泪][流泪],青龙管业(002457),,青龙管业(002457) 被提及 8 次，有效评论 8 条，来源 2 个，跨来源共振，情绪 谨慎，当前判断：偏风险观察。,否,video_id=7644093208830100453; video_url=https://www.douyin.com/video/7644093208830100453; creator=阿龙闯大A📈; like=4; reply=8; source_type=comment; yeren_signal_id=; parent_comment_text=,15:44,抖音评论,video,这次发的及时吧，吃点小肉#股票 #股民 #vlgo十亿流量扶持计划,秦镇米皮(义乌城店)官方号,7644093208830100453,https://www.douyin.com/video/7644093208830100453,,7644103297670742821,15:44,未纳入,谨慎,自动映射到抖音视频评论池。,9.4,false
2026-05-26,longge,抖音评论 17:25,看了半天，只有我买了宝鼎和生益科技么,生益科技(600183),,生益科技(600183) 被提及 2 次，有效评论 2 条，来源 2 个，跨来源共振，情绪 中性，当前判断：保留观察。,待确认,video_id=7644093208830100453; video_url=https://www.douyin.com/video/7644093208830100453; creator=阿龙闯大A📈; like=1; reply=0; source_type=comment; yeren_signal_id=; parent_comment_text=,17:25,抖音评论,video,这次发的及时吧，吃点小肉#股票 #股民 #vlgo十亿流量扶持计划,辰幕,7644093208830100453,https://www.douyin.com/video/7644093208830100453,,7644129349318574888,17:25,待确认,中性,自动映射到抖音视频评论池。,7.6,false
2026-05-26,longge,抖音评论 15:30,明阳如果水下进的  也差不多板了  谁说没板的  都出来给明阳智能大哥磕一个[强],明阳智能(601615),,明阳智能(601615) 被提及 14 次，有效评论 14 条，来源 2 个，跨来源共振，情绪 中性，当前判断：保留观察。,待确认,video_id=7644093208830100453; video_url=https://www.douyin.com/video/7644093208830100453; creator=阿龙闯大A📈; like=12; reply=8; source_type=comment; yeren_signal_id=; parent_comment_text=,15:30,抖音评论,video,这次发的及时吧，吃点小肉#股票 #股民 #vlgo十亿流量扶持计划,Monica,7644093208830100453,https://www.douyin.com/video/7644093208830100453,,7644099499187913482,15:30,待确认,中性,自动映射到抖音视频评论池。,9.6,false
2026-05-26,longge,抖音评论 17:28,天娱数科,天娱数科(002354),,天娱数科(002354) 被提及 1 次，有效评论 1 条，来源 1 个，单视频线索，情绪 中性，当前判断：保留观察。,待确认,video_id=7644093208830100453; video_url=https://www.douyin.com/video/7644093208830100453; creator=阿龙闯大A📈; like=0; reply=0; source_type=comment; yeren_signal_id=; parent_comment_text=,17:28,抖音评论,video,这次发的及时吧，吃点小肉#股票 #股民 #vlgo十亿流量扶持计划,冯柯南,7644093208830100453,https://www.douyin.com/video/7644093208830100453,,7644130035670123323,17:28,待确认,中性,自动映射到抖音视频评论池。,6.4,false
2026-05-26,longge,抖音评论 18:04,山东玻纤吃了个涨停走了[呲牙]有没有大哥帮我看看凯盛科技怎么样[展开说说][展开说说][展开说说],凯盛科技(600552),,凯盛科技(600552) 被提及 1 次，有效评论 1 条，来源 1 个，单视频线索，情绪 看多，当前判断：保留观察。,待确认,video_id=7644093208830100453; video_url=https://www.douyin.com/video/7644093208830100453; creator=阿龙闯大A📈; like=0; reply=0; source_type=comment; yeren_signal_id=; parent_comment_text=,18:04,抖音评论,video,这次发的及时吧，吃点小肉#股票 #股民 #vlgo十亿流量扶持计划,勒一,7644093208830100453,https://www.douyin.com/video/7644093208830100453,,7644139380822737701,18:04,待确认,看多,自动映射到抖音视频评论池。,6.4,false
2026-05-26,longge,抖音评论 15:58,各位大哥，盈方微尾盘入了，明天怎么样，求解,盈方微(000670),,盈方微(000670) 被提及 6 次，有效评论 6 条，来源 2 个，跨来源共振，情绪 中性，当前判断：保留观察。,待确认,video_id=7644093208830100453; video_url=https://www.douyin.com/video/7644093208830100453; creator=阿龙闯大A📈; like=0; reply=3; source_type=comment; yeren_signal_id=; parent_comment_text=,15:58,抖音评论,video,这次发的及时吧，吃点小肉#股票 #股民 #vlgo十亿流量扶持计划,今天睡懒觉了嗎_,7644093208830100453,https://www.douyin.com/video/7644093208830100453,,7644106877316072229,15:58,待确认,中性,自动映射到抖音视频评论池。,9.1,false
2026-05-26,longge,抖音评论 15:55,今天卖飞两个涨停，买了一个吃面[流泪],,,,否,video_id=7644093208830100453; video_url=https://www.douyin.com/video/7644093208830100453; creator=阿龙闯大A📈; like=1; reply=2; source_type=comment; yeren_signal_id=; parent_comment_text=,15:55,抖音评论,video,这次发的及时吧，吃点小肉#股票 #股民 #vlgo十亿流量扶持计划,钟爱一生,7644093208830100453,https://www.douyin.com/video/7644093208830100453,,7644105908050985754,15:55,未纳入,中性,自动映射到抖音视频评论池。,,false
2026-05-26,longge,抖音评论 17:39,大哥啊、能拉金风科技么？盘子大了不好拉、拉拉精工科技也行、我被套在里面6️⃣个月了[泣不成声],金风科技(002202);精工科技(002006),,金风科技(002202) 被提及 2 次，有效评论 2 条，来源 1 个，单视频线索，情绪 谨慎，当前判断：偏风险观察。；精工科技(002006) 被提及 1 次，有效评论 1 条，来源 1 个，单视频线索，情绪 谨慎，当前判断：偏风险观察。,否,video_id=7644093208830100453; video_url=https://www.douyin.com/video/7644093208830100453; creator=阿龙闯大A📈; like=0; reply=0; source_type=comment; yeren_signal_id=; parent_comment_text=,17:39,抖音评论,video,这次发的及时吧，吃点小肉#股票 #股民 #vlgo十亿流量扶持计划,小啊月啊,7644093208830100453,https://www.douyin.com/video/7644093208830100453,,7644132859469333274,17:39,未纳入,谨慎,自动映射到抖音视频评论池。,6.3,false
2026-05-26,longge,抖音评论 15:49,给阳明大哥也[抱抱你]，虽然没涨停，水下进的买了一点点也吃了十个点。,,,评论热度较高，但暂未自动识别到明确股票线索，保留人工复核。,待确认,video_id=7644093208830100453; video_url=https://www.douyin.com/video/7644093208830100453; creator=阿龙闯大A📈; like=2; reply=6; source_type=comment; yeren_signal_id=; parent_comment_text=,15:49,抖音评论,video,这次发的及时吧，吃点小肉#股票 #股民 #vlgo十亿流量扶持计划,এ᭄怕水的鱼ꦿృ༊,7644093208830100453,https://www.douyin.com/video/7644093208830100453,,7644104440828592933,15:49,待确认,中性,自动映射到抖音视频评论池。,6.2,false
2026-05-26,longge,抖音评论 15:23,为啥不跟我的京东方？唉，没人信啊,,,评论热度较高，但暂未自动识别到明确股票线索，保留人工复核。,待确认,video_id=7644093208830100453; video_url=https://www.douyin.com/video/7644093208830100453; creator=阿龙闯大A📈; like=11; reply=30; source_type=comment; yeren_signal_id=; parent_comment_text=,15:23,抖音评论,video,这次发的及时吧，吃点小肉#股票 #股民 #vlgo十亿流量扶持计划,孤独是一个人的狂欢,7644093208830100453,https://www.douyin.com/video/7644093208830100453,,7644097682487526203,15:23,待确认,中性,自动映射到抖音视频评论池。,6.2,false
2026-05-26,longge,抖音评论 15:41,说阳明智能的大哥，你很厉害！虽然没涨停，但是也涨的不错,,,,否,video_id=7644093208830100453; video_url=https://www.douyin.com/video/7644093208830100453; creator=阿龙闯大A📈; like=4; reply=5; source_type=comment; yeren_signal_id=; parent_comment_text=,15:41,抖音评论,video,这次发的及时吧，吃点小肉#股票 #股民 #vlgo十亿流量扶持计划,静心意安,7644093208830100453,https://www.douyin.com/video/7644093208830100453,,7644102312693580603,15:41,未纳入,中性,自动映射到抖音视频评论池。,,false
2026-05-26,longge,抖音评论 16:13,今天看一个美女的进了双成💊🍃红的,,,,否,video_id=7644093208830100453; video_url=https://www.douyin.com/video/7644093208830100453; creator=阿龙闯大A📈; like=1; reply=3; source_type=comment; yeren_signal_id=; parent_comment_text=,16:13,抖音评论,video,这次发的及时吧，吃点小肉#股票 #股民 #vlgo十亿流量扶持计划,🐳落星河,7644093208830100453,https://www.douyin.com/video/7644093208830100453,,7644110554336117563,16:13,未纳入,中性,自动映射到抖音视频评论池。,,false
2026-05-26,longge,抖音评论 15:09,感谢昨天说明阳的大哥，今天全靠它回血,,,,否,video_id=7644093208830100453; video_url=https://www.douyin.com/video/7644093208830100453; creator=阿龙闯大A📈; like=4; reply=2; source_type=comment; yeren_signal_id=; parent_comment_text=,15:09,抖音评论,video,这次发的及时吧，吃点小肉#股票 #股民 #vlgo十亿流量扶持计划,多线程人生,7644093208830100453,https://www.douyin.com/video/7644093208830100453,,7644094296874369802,15:09,未纳入,中性,自动映射到抖音视频评论池。,,false
2026-05-26,longge,抖音评论 15:09,同车[灵机一动]我买它是因为我之前卖在起飞前[尬笑]一直等回踩,,,评论热度较高，但暂未自动识别到明确股票线索，保留人工复核。,待确认,video_id=7644093208830100453; video_url=https://www.douyin.com/video/7644093208830100453; creator=阿龙闯大A📈; like=2; reply=26; source_type=comment; yeren_signal_id=; parent_comment_text=,15:09,抖音评论,video,这次发的及时吧，吃点小肉#股票 #股民 #vlgo十亿流量扶持计划,吱吱,7644093208830100453,https://www.douyin.com/video/7644093208830100453,,7644094237320184595,15:09,待确认,中性,自动映射到抖音视频评论池。,6.2,false
2026-05-26,longge,抖音评论 17:18,本来1点要买进的，睡着了,,,,否,video_id=7644093208830100453; video_url=https://www.douyin.com/video/7644093208830100453; creator=阿龙闯大A📈; like=0; reply=2; source_type=comment; yeren_signal_id=; parent_comment_text=,17:18,抖音评论,video,这次发的及时吧，吃点小肉#股票 #股民 #vlgo十亿流量扶持计划,在路上...,7644093208830100453,https://www.douyin.com/video/7644093208830100453,,7644125311865471770,17:18,未纳入,中性,自动映射到抖音视频评论池。,,false
2026-05-26,longge,抖音评论 17:18,在同题材，再升，怎么办，快拿不住了，有哥哥来说两句吗[流泪][黄脸干杯][黄脸干杯],,,,否,video_id=7644093208830100453; video_url=https://www.douyin.com/video/7644093208830100453; creator=阿龙闯大A📈; like=1; reply=2; source_type=comment; yeren_signal_id=; parent_comment_text=,17:18,抖音评论,video,这次发的及时吧，吃点小肉#股票 #股民 #vlgo十亿流量扶持计划,Chen🐼🐼🐼จุ๊บ,7644093208830100453,https://www.douyin.com/video/7644093208830100453,,7644127500893127483,17:18,未纳入,中性,自动映射到抖音视频评论池。,,false
2026-05-26,longge,抖音评论 16:40,有没有大佬说一下中钨,,,,否,video_id=7644093208830100453; video_url=https://www.douyin.com/video/7644093208830100453; creator=阿龙闯大A📈; like=0; reply=1; source_type=comment; yeren_signal_id=; parent_comment_text=,16:40,抖音评论,video,这次发的及时吧，吃点小肉#股票 #股民 #vlgo十亿流量扶持计划,ʟ̆̈ᴜ̆̈ᴄ̆̈ᴋ̆̈ʏ̆̈🧡,7644093208830100453,https://www.douyin.com/video/7644093208830100453,,7644117732350296870,16:40,未纳入,中性,自动映射到抖音视频评论池。,,false
2026-05-26,longge,抖音评论 18:01,大哥们航天电器怎么样，,航天电器(002025),,航天电器(002025) 被提及 1 次，有效评论 1 条，来源 1 个，单视频线索，情绪 中性，当前判断：保留观察。,待确认,video_id=7644093208830100453; video_url=https://www.douyin.com/video/7644093208830100453; creator=阿龙闯大A📈; like=0; reply=0; source_type=comment; yeren_signal_id=; parent_comment_text=,18:01,抖音评论,video,这次发的及时吧，吃点小肉#股票 #股民 #vlgo十亿流量扶持计划,川,7644093208830100453,https://www.douyin.com/video/7644093208830100453,,7644138625562575675,18:01,待确认,中性,自动映射到抖音视频评论池。,6.4,false
2026-05-26,longge,抖音评论 18:00,舒华怎么说,,,,否,video_id=7644093208830100453; video_url=https://www.douyin.com/video/7644093208830100453; creator=阿龙闯大A📈; like=0; reply=0; source_type=comment; yeren_signal_id=; parent_comment_text=,18:00,抖音评论,video,这次发的及时吧，吃点小肉#股票 #股民 #vlgo十亿流量扶持计划,轻质砖隔墙吊顶粉白,7644093208830100453,https://www.douyin.com/video/7644093208830100453,,7644138362438615834,18:00,未纳入,中性,自动映射到抖音视频评论池。,,false
2026-05-26,longge,抖音评论 18:00,兄弟们，航天动力这个怎么看[流泪][流泪],航天动力(600343),商业航天,航天动力(600343) 被提及 2 次，有效评论 2 条，来源 1 个，单视频线索，情绪 中性，当前判断：保留观察。,待确认,video_id=7644093208830100453; video_url=https://www.douyin.com/video/7644093208830100453; creator=阿龙闯大A📈; like=0; reply=0; source_type=comment; yeren_signal_id=; parent_comment_text=,18:00,抖音评论,video,这次发的及时吧，吃点小肉#股票 #股民 #vlgo十亿流量扶持计划,AUUTR,7644093208830100453,https://www.douyin.com/video/7644093208830100453,,7644138366594073401,18:00,待确认,中性,自动映射到抖音视频评论池。,6.9,false
2026-05-26,longge,抖音评论 17:59,有没有大哥大姐来个票救救我,,,,否,video_id=7644093208830100453; video_url=https://www.douyin.com/video/7644093208830100453; creator=阿龙闯大A📈; like=0; reply=0; source_type=comment; yeren_signal_id=; parent_comment_text=,17:59,抖音评论,video,这次发的及时吧，吃点小肉#股票 #股民 #vlgo十亿流量扶持计划,关于努j o o,7644093208830100453,https://www.douyin.com/video/7644093208830100453,,7644137869058442027,17:59,未纳入,中性,自动映射到抖音视频评论池。,,false
2026-05-26,longge,抖音评论 17:58,有没有大哥说说法尔胜和杭电，亏麻了[泣不成声],法尔胜(000890),,法尔胜(000890) 被提及 2 次，有效评论 2 条，来源 2 个，跨来源共振，情绪 中性，当前判断：保留观察。,待确认,video_id=7644093208830100453; video_url=https://www.douyin.com/video/7644093208830100453; creator=阿龙闯大A📈; like=0; reply=0; source_type=comment; yeren_signal_id=; parent_comment_text=,17:58,抖音评论,video,这次发的及时吧，吃点小肉#股票 #股民 #vlgo十亿流量扶持计划,咿呀嘿,7644093208830100453,https://www.douyin.com/video/7644093208830100453,,7644137645845529380,17:58,待确认,中性,自动映射到抖音视频评论池。,7.6,false
2026-05-26,longge,抖音评论 17:57,他讲的到底是哪个啊[泪奔],,,,否,video_id=7644093208830100453; video_url=https://www.douyin.com/video/7644093208830100453; creator=阿龙闯大A📈; like=0; reply=1; source_type=comment; yeren_signal_id=; parent_comment_text=,17:57,抖音评论,video,这次发的及时吧，吃点小肉#股票 #股民 #vlgo十亿流量扶持计划,源月,7644093208830100453,https://www.douyin.com/video/7644093208830100453,,7644137537702921003,17:57,未纳入,中性,自动映射到抖音视频评论池。,,false
2026-05-26,longge,抖音评论 17:56,你们是怎么看出来的？上午买的是这个呢？,,,,否,video_id=7644093208830100453; video_url=https://www.douyin.com/video/7644093208830100453; creator=阿龙闯大A📈; like=0; reply=0; source_type=comment; yeren_signal_id=; parent_comment_text=,17:56,抖音评论,video,这次发的及时吧，吃点小肉#股票 #股民 #vlgo十亿流量扶持计划,蛡蛡,7644093208830100453,https://www.douyin.com/video/7644093208830100453,,7644137338248151865,17:56,未纳入,中性,自动映射到抖音视频评论池。,,false
2026-05-26,longge,抖音评论 17:56,明天入啥 连亏好几天了 扛不住了[泣不成声],,,,否,video_id=7644093208830100453; video_url=https://www.douyin.com/video/7644093208830100453; creator=阿龙闯大A📈; like=0; reply=0; source_type=comment; yeren_signal_id=; parent_comment_text=,17:56,抖音评论,video,这次发的及时吧，吃点小肉#股票 #股民 #vlgo十亿流量扶持计划,好多肉,7644093208830100453,https://www.douyin.com/video/7644093208830100453,,7644137188720919296,17:56,未纳入,中性,自动映射到抖音视频评论池。,,false
2026-05-26,longge,抖音评论 17:55,金田股份双升,金田股份(601609),,金田股份(601609) 被提及 1 次，有效评论 1 条，来源 1 个，单视频线索，情绪 中性，当前判断：保留观察。,待确认,video_id=7644093208830100453; video_url=https://www.douyin.com/video/7644093208830100453; creator=阿龙闯大A📈; like=0; reply=0; source_type=comment; yeren_signal_id=; parent_comment_text=,17:55,抖音评论,video,这次发的及时吧，吃点小肉#股票 #股民 #vlgo十亿流量扶持计划,纯棉布衣,7644093208830100453,https://www.douyin.com/video/7644093208830100453,,7644137083754349349,17:55,待确认,中性,自动映射到抖音视频评论池。,6.4,false
2026-05-26,longge,抖音评论 17:55,早上把四方，京能卖了，加仓长电，剩下的钱我在想买玻纤还是北方华创，后面还是进了华创[捂脸],北方华创(002371),,北方华创(002371) 被提及 1 次，有效评论 1 条，来源 1 个，单视频线索，情绪 谨慎，当前判断：偏风险观察。,否,video_id=7644093208830100453; video_url=https://www.douyin.com/video/7644093208830100453; creator=阿龙闯大A📈; like=0; reply=0; source_type=comment; yeren_signal_id=; parent_comment_text=,17:55,抖音评论,video,这次发的及时吧，吃点小肉#股票 #股民 #vlgo十亿流量扶持计划,莫吉托,7644093208830100453,https://www.douyin.com/video/7644093208830100453,,7644136963284910898,17:55,未纳入,谨慎,自动映射到抖音视频评论池。,5.9,false
2026-05-26,longge,抖音评论 17:54,深科技有没有大哥说说[捂脸],,,,否,video_id=7644093208830100453; video_url=https://www.douyin.com/video/7644093208830100453; creator=阿龙闯大A📈; like=0; reply=1; source_type=comment; yeren_signal_id=; parent_comment_text=,17:54,抖音评论,video,这次发的及时吧，吃点小肉#股票 #股民 #vlgo十亿流量扶持计划,恩瑜,7644093208830100453,https://www.douyin.com/video/7644093208830100453,,7644136759659660069,17:54,未纳入,中性,自动映射到抖音视频评论池。,,false
2026-05-26,longge,抖音评论 17:54,明天华天走不走，11.5买的,,,,否,video_id=7644093208830100453; video_url=https://www.douyin.com/video/7644093208830100453; creator=阿龙闯大A📈; like=0; reply=3; source_type=comment; yeren_signal_id=; parent_comment_text=,17:54,抖音评论,video,这次发的及时吧，吃点小肉#股票 #股民 #vlgo十亿流量扶持计划,S.E.N,7644093208830100453,https://www.douyin.com/video/7644093208830100453,,7644136619607737147,17:54,未纳入,中性,自动映射到抖音视频评论池。,,false
2026-05-26,longge,抖音评论 17:52,我气死了我早上想买，畏畏缩缩没买的错过了气死我了,,,,否,video_id=7644093208830100453; video_url=https://www.douyin.com/video/7644093208830100453; creator=阿龙闯大A📈; like=0; reply=0; source_type=comment; yeren_signal_id=; parent_comment_text=,17:52,抖音评论,video,这次发的及时吧，吃点小肉#股票 #股民 #vlgo十亿流量扶持计划,岩程嘘,7644093208830100453,https://www.douyin.com/video/7644093208830100453,,7644136208428450609,17:52,未纳入,中性,自动映射到抖音视频评论池。,,false
2026-05-26,longge,抖音评论 17:51,东方电气怎么样，有没有大哥说两句[捂脸],东方电气(600875),,东方电气(600875) 被提及 1 次，有效评论 1 条，来源 1 个，单视频线索，情绪 中性，当前判断：保留观察。,待确认,video_id=7644093208830100453; video_url=https://www.douyin.com/video/7644093208830100453; creator=阿龙闯大A📈; like=0; reply=0; source_type=comment; yeren_signal_id=; parent_comment_text=,17:51,抖音评论,video,这次发的及时吧，吃点小肉#股票 #股民 #vlgo十亿流量扶持计划,一呀哟,7644093208830100453,https://www.douyin.com/video/7644093208830100453,,7644136002228126513,17:51,待确认,中性,自动映射到抖音视频评论池。,6.4,false
2026-05-26,longge,抖音评论 17:51,有大哥给我推荐一个么，明天我清仓梭哈信一次[黑脸],,,,否,video_id=7644093208830100453; video_url=https://www.douyin.com/video/7644093208830100453; creator=阿龙闯大A📈; like=0; reply=0; source_type=comment; yeren_signal_id=; parent_comment_text=,17:51,抖音评论,video,这次发的及时吧，吃点小肉#股票 #股民 #vlgo十亿流量扶持计划,鹏鹏（炒股亏钱暴瘦10斤版）,7644093208830100453,https://www.douyin.com/video/7644093208830100453,,7644135871776752384,17:51,未纳入,中性,自动映射到抖音视频评论池。,,false
2026-05-26,longge,抖音评论 17:51,海伦哲拿到30再出来感谢我[烟花],海伦哲(300201),,海伦哲(300201) 被提及 3 次，有效评论 3 条，来源 1 个，单视频线索，情绪 中性，当前判断：保留观察。,待确认,video_id=7644093208830100453; video_url=https://www.douyin.com/video/7644093208830100453; creator=阿龙闯大A📈; like=0; reply=0; source_type=comment; yeren_signal_id=; parent_comment_text=,17:51,抖音评论,video,这次发的及时吧，吃点小肉#股票 #股民 #vlgo十亿流量扶持计划,小朋友的倔犟,7644093208830100453,https://www.douyin.com/video/7644093208830100453,,7644135805874635578,17:51,待确认,中性,自动映射到抖音视频评论池。,7.2,false
2026-05-26,longge,抖音评论 17:48,下午想进没机会,,,,否,video_id=7644093208830100453; video_url=https://www.douyin.com/video/7644093208830100453; creator=阿龙闯大A📈; like=0; reply=0; source_type=comment; yeren_signal_id=; parent_comment_text=,17:48,抖音评论,video,这次发的及时吧，吃点小肉#股票 #股民 #vlgo十亿流量扶持计划,Zenith·Wake,7644093208830100453,https://www.douyin.com/video/7644093208830100453,,7644135071696634667,17:48,未纳入,中性,自动映射到抖音视频评论池。,,false
2026-05-26,longge,抖音评论 17:47,光启技术怎么看，昨天放量，今天阴跌[吐舌],光启技术(002625),,光启技术(002625) 被提及 1 次，有效评论 1 条，来源 1 个，单视频线索，情绪 谨慎，当前判断：偏风险观察。,否,video_id=7644093208830100453; video_url=https://www.douyin.com/video/7644093208830100453; creator=阿龙闯大A📈; like=0; reply=0; source_type=comment; yeren_signal_id=; parent_comment_text=,17:47,抖音评论,video,这次发的及时吧，吃点小肉#股票 #股民 #vlgo十亿流量扶持计划,瑞初,7644093208830100453,https://www.douyin.com/video/7644093208830100453,,7644135014388712211,17:47,未纳入,谨慎,自动映射到抖音视频评论池。,5.9,false
2026-05-26,longge,抖音评论 17:46,可恶的中京电子，一大早挂了个价卖了[捂脸][流泪][流泪][流泪][流泪],中京电子(002579),,中京电子(002579) 被提及 2 次，有效评论 2 条，来源 1 个，单视频线索，情绪 中性，当前判断：保留观察。,待确认,video_id=7644093208830100453; video_url=https://www.douyin.com/video/7644093208830100453; creator=阿龙闯大A📈; like=0; reply=0; source_type=comment; yeren_signal_id=; parent_comment_text=,17:46,抖音评论,video,这次发的及时吧，吃点小肉#股票 #股民 #vlgo十亿流量扶持计划,小花猫🐱,7644093208830100453,https://www.douyin.com/video/7644093208830100453,,7644134596845568831,17:46,待确认,中性,自动映射到抖音视频评论池。,6.9,false
2026-05-26,longge,抖音评论 17:46,景兴纸业，给我上龙,景兴纸业(002067),,景兴纸业(002067) 被提及 1 次，有效评论 1 条，来源 1 个，单视频线索，情绪 中性，当前判断：保留观察。,待确认,video_id=7644093208830100453; video_url=https://www.douyin.com/video/7644093208830100453; creator=阿龙闯大A📈; like=2; reply=3; source_type=comment; yeren_signal_id=; parent_comment_text=,17:46,抖音评论,video,这次发的及时吧，吃点小肉#股票 #股民 #vlgo十亿流量扶持计划,阿丰,7644093208830100453,https://www.douyin.com/video/7644093208830100453,,7644134592307643173,17:46,待确认,中性,自动映射到抖音视频评论池。,6.4,false
2026-05-26,longge,抖音评论 17:51,海伦哲拿到30再出来感谢我[烟花],海伦哲(300201),,海伦哲(300201) 被提及 3 次，有效评论 3 条，来源 1 个，单视频线索，情绪 中性，当前判断：保留观察。,待确认,video_id=7644093208830100453; video_url=https://www.douyin.com/video/7644093208830100453; creator=阿龙闯大A📈; like=0; reply=0; source_type=comment; yeren_signal_id=; parent_comment_text=,17:51,抖音评论,video,这次发的及时吧，吃点小肉#股票 #股民 #vlgo十亿流量扶持计划,小朋友的倔犟,7644093208830100453,https://www.douyin.com/video/7644093208830100453,,7644135805874635578,17:51,待确认,中性,自动映射到抖音视频评论池。,7.2,false
2026-05-26,longge,抖音评论 17:48,下午想进没机会,,,,否,video_id=7644093208830100453; video_url=https://www.douyin.com/video/7644093208830100453; creator=阿龙闯大A📈; like=0; reply=0; source_type=comment; yeren_signal_id=; parent_comment_text=,17:48,抖音评论,video,这次发的及时吧，吃点小肉#股票 #股民 #vlgo十亿流量扶持计划,Zenith·Wake,7644093208830100453,https://www.douyin.com/video/7644093208830100453,,7644135071696634667,17:48,未纳入,中性,自动映射到抖音视频评论池。,,false
2026-05-26,longge,抖音评论 17:47,光启技术怎么看，昨天放量，今天阴跌[吐舌],光启技术(002625),,光启技术(002625) 被提及 1 次，有效评论 1 条，来源 1 个，单视频线索，情绪 谨慎，当前判断：偏风险观察。,否,video_id=7644093208830100453; video_url=https://www.douyin.com/video/7644093208830100453; creator=阿龙闯大A📈; like=0; reply=0; source_type=comment; yeren_signal_id=; parent_comment_text=,17:47,抖音评论,video,这次发的及时吧，吃点小肉#股票 #股民 #vlgo十亿流量扶持计划,瑞初,7644093208830100453,https://www.douyin.com/video/7644093208830100453,,7644135014388712211,17:47,未纳入,谨慎,自动映射到抖音视频评论池。,5.9,false
2026-05-26,longge,抖音评论 17:46,可恶的中京电子，一大早挂了个价卖了[捂脸][流泪][流泪][流泪][流泪],中京电子(002579),,中京电子(002579) 被提及 2 次，有效评论 2 条，来源 1 个，单视频线索，情绪 中性，当前判断：保留观察。,待确认,video_id=7644093208830100453; video_url=https://www.douyin.com/video/7644093208830100453; creator=阿龙闯大A📈; like=0; reply=0; source_type=comment; yeren_signal_id=; parent_comment_text=,17:46,抖音评论,video,这次发的及时吧，吃点小肉#股票 #股民 #vlgo十亿流量扶持计划,小花猫🐱,7644093208830100453,https://www.douyin.com/video/7644093208830100453,,7644134596845568831,17:46,待确认,中性,自动映射到抖音视频评论池。,6.9,false
2026-05-26,longge,抖音评论 17:46,景兴纸业，给我上龙,景兴纸业(002067),,景兴纸业(002067) 被提及 1 次，有效评论 1 条，来源 1 个，单视频线索，情绪 中性，当前判断：保留观察。,待确认,video_id=7644093208830100453; video_url=https://www.douyin.com/video/7644093208830100453; creator=阿龙闯大A📈; like=2; reply=3; source_type=comment; yeren_signal_id=; parent_comment_text=,17:46,抖音评论,video,这次发的及时吧，吃点小肉#股票 #股民 #vlgo十亿流量扶持计划,阿丰,7644093208830100453,https://www.douyin.com/video/7644093208830100453,,7644134592307643173,17:46,待确认,中性,自动映射到抖音视频评论池。,6.4,false
2026-05-26,longge,抖音评论 17:44,我中午放自选了，下午就打了个瞌睡没买上啊！！！！！,,,,否,video_id=7644093208830100453; video_url=https://www.douyin.com/video/7644093208830100453; creator=阿龙闯大A📈; like=0; reply=0; source_type=comment; yeren_signal_id=; parent_comment_text=,17:44,抖音评论,video,这次发的及时吧，吃点小肉#股票 #股民 #vlgo十亿流量扶持计划,大灯笼,7644093208830100453,https://www.douyin.com/video/7644093208830100453,,7644134118074106661,17:44,未纳入,中性,自动映射到抖音视频评论池。,,false
2026-05-26,longge,抖音评论 17:44,我的大唐不知道还有没盛世,,,,否,video_id=7644093208830100453; video_url=https://www.douyin.com/video/7644093208830100453; creator=阿龙闯大A📈; like=0; reply=0; source_type=comment; yeren_signal_id=; parent_comment_text=,17:44,抖音评论,video,这次发的及时吧，吃点小肉#股票 #股民 #vlgo十亿流量扶持计划,游涯的浪子,7644093208830100453,https://www.douyin.com/video/7644093208830100453,,7644134010692928282,17:44,未纳入,中性,自动映射到抖音视频评论池。,,false
2026-05-26,longge,抖音评论 17:43,[尬笑]有没有大哥说说润建是不是近期死了,,,,否,video_id=7644093208830100453; video_url=https://www.douyin.com/video/7644093208830100453; creator=阿龙闯大A📈; like=0; reply=0; source_type=comment; yeren_signal_id=; parent_comment_text=,17:43,抖音评论,video,这次发的及时吧，吃点小肉#股票 #股民 #vlgo十亿流量扶持计划,·,7644093208830100453,https://www.douyin.com/video/7644093208830100453,,7644133766238077745,17:43,未纳入,中性,自动映射到抖音视频评论池。,,false
2026-05-26,longge,抖音评论 17:42,山东玻纤，吃过亏，最多两板，他有转债,,,,否,video_id=7644093208830100453; video_url=https://www.douyin.com/video/7644093208830100453; creator=阿龙闯大A📈; like=1; reply=2; source_type=comment; yeren_signal_id=; parent_comment_text=,17:42,抖音评论,video,这次发的及时吧，吃点小肉#股票 #股民 #vlgo十亿流量扶持计划,定安的姜易年,7644093208830100453,https://www.douyin.com/video/7644093208830100453,,7644133560996086577,17:42,未纳入,中性,自动映射到抖音视频评论池。,,false
2026-05-26,longge,抖音评论 17:41,我四天前就再说山东,,,,否,video_id=7644093208830100453; video_url=https://www.douyin.com/video/7644093208830100453; creator=阿龙闯大A📈; like=0; reply=0; source_type=comment; yeren_signal_id=; parent_comment_text=,17:41,抖音评论,video,这次发的及时吧，吃点小肉#股票 #股民 #vlgo十亿流量扶持计划,我爱中国,7644093208830100453,https://www.douyin.com/video/7644093208830100453,,7644133414526239537,17:41,未纳入,中性,自动映射到抖音视频评论池。,,false
2026-05-26,longge,抖音评论 17:41,山东玻纤早上把我洗出去了[流泪],,,,否,video_id=7644093208830100453; video_url=https://www.douyin.com/video/7644093208830100453; creator=阿龙闯大A📈; like=0; reply=2; source_type=comment; yeren_signal_id=; parent_comment_text=,17:41,抖音评论,video,这次发的及时吧，吃点小肉#股票 #股民 #vlgo十亿流量扶持计划,蜜语米,7644093208830100453,https://www.douyin.com/video/7644093208830100453,,7644133226886185786,17:41,未纳入,中性,自动映射到抖音视频评论池。,,false
2026-05-26,longge,抖音评论 17:40,前段时间的青龙，祥龙两条龙都是进去了直接杀[捂脸]本来我也看上了，但是看到网上这么多人说就不敢进,,,,否,video_id=7644093208830100453; video_url=https://www.douyin.com/video/7644093208830100453; creator=阿龙闯大A📈; like=0; reply=0; source_type=comment; yeren_signal_id=; parent_comment_text=,17:40,抖音评论,video,这次发的及时吧，吃点小肉#股票 #股民 #vlgo十亿流量扶持计划,那时雨,7644093208830100453,https://www.douyin.com/video/7644093208830100453,,7644133121269924618,17:40,未纳入,中性,自动映射到抖音视频评论池。,,false
2026-05-26,longge,抖音评论 17:40,再升明天板,,,,否,video_id=7644093208830100453; video_url=https://www.douyin.com/video/7644093208830100453; creator=阿龙闯大A📈; like=0; reply=5; source_type=comment; yeren_signal_id=; parent_comment_text=,17:40,抖音评论,video,这次发的及时吧，吃点小肉#股票 #股民 #vlgo十亿流量扶持计划,c,7644093208830100453,https://www.douyin.com/video/7644093208830100453,,7644133086301504293,17:40,未纳入,中性,自动映射到抖音视频评论池。,,false
2026-05-26,longge,抖音评论 17:40,[泣不成声]有大佬喂票吗,,,,否,video_id=7644093208830100453; video_url=https://www.douyin.com/video/7644093208830100453; creator=阿龙闯大A📈; like=0; reply=0; source_type=comment; yeren_signal_id=; parent_comment_text=,17:40,抖音评论,video,这次发的及时吧，吃点小肉#股票 #股民 #vlgo十亿流量扶持计划,星星没有眼泪,7644093208830100453,https://www.douyin.com/video/7644093208830100453,,7644132998171312950,17:40,未纳入,中性,自动映射到抖音视频评论池。,,false
2026-05-26,longge,抖音评论 17:39,京东方的有没有大哥知道,,,,否,video_id=7644093208830100453; video_url=https://www.douyin.com/video/7644093208830100453; creator=阿龙闯大A📈; like=0; reply=0; source_type=comment; yeren_signal_id=; parent_comment_text=,17:39,抖音评论,video,这次发的及时吧，吃点小肉#股票 #股民 #vlgo十亿流量扶持计划,慕寒，,7644093208830100453,https://www.douyin.com/video/7644093208830100453,,7644132772612981563,17:39,未纳入,中性,自动映射到抖音视频评论池。,,false
2026-05-26,longge,抖音评论 17:37,国旅联合,国旅联合(600358),,国旅联合(600358) 被提及 1 次，有效评论 1 条，来源 1 个，单视频线索，情绪 中性，当前判断：保留观察。,待确认,video_id=7644093208830100453; video_url=https://www.douyin.com/video/7644093208830100453; creator=阿龙闯大A📈; like=0; reply=0; source_type=comment; yeren_signal_id=; parent_comment_text=,17:37,抖音评论,video,这次发的及时吧，吃点小肉#股票 #股民 #vlgo十亿流量扶持计划,🐟艾琳,7644093208830100453,https://www.douyin.com/video/7644093208830100453,,7644132332962612005,17:37,待确认,中性,自动映射到抖音视频评论池。,6.4,false
2026-05-26,longge,抖音评论 17:36,封涨大减，明天说明资金不太认可,,,,否,video_id=7644093208830100453; video_url=https://www.douyin.com/video/7644093208830100453; creator=阿龙闯大A📈; like=0; reply=0; source_type=comment; yeren_signal_id=; parent_comment_text=,17:36,抖音评论,video,这次发的及时吧，吃点小肉#股票 #股民 #vlgo十亿流量扶持计划,走走道疯了,7644093208830100453,https://www.douyin.com/video/7644093208830100453,,7644132020742619914,17:36,未纳入,中性,自动映射到抖音视频评论池。,,false
2026-05-26,longge,抖音评论 17:34,买了小商品城和铜陵有色，有大哥教教明天怎么操作吗,铜陵有色(000630);小商品城(600415),,铜陵有色(000630) 被提及 2 次，有效评论 2 条，来源 1 个，单视频线索，情绪 中性，当前判断：保留观察。；小商品城(600415) 被提及 1 次，有效评论 1 条，来源 1 个，单视频线索，情绪 中性，当前判断：保留观察。,待确认,video_id=7644093208830100453; video_url=https://www.douyin.com/video/7644093208830100453; creator=阿龙闯大A📈; like=0; reply=1; source_type=comment; yeren_signal_id=; parent_comment_text=,17:34,抖音评论,video,这次发的及时吧，吃点小肉#股票 #股民 #vlgo十亿流量扶持计划,yhhho.O,7644093208830100453,https://www.douyin.com/video/7644093208830100453,,7644131625765094196,17:34,待确认,中性,自动映射到抖音视频评论池。,6.9,false
2026-05-26,longge,抖音评论 17:34,你这个龙换一盒吧，都上长毛了,,,,否,video_id=7644093208830100453; video_url=https://www.douyin.com/video/7644093208830100453; creator=阿龙闯大A📈; like=1; reply=0; source_type=comment; yeren_signal_id=; parent_comment_text=,17:34,抖音评论,video,这次发的及时吧，吃点小肉#股票 #股民 #vlgo十亿流量扶持计划,哩哩🆙,7644093208830100453,https://www.douyin.com/video/7644093208830100453,,7644131512165598009,17:34,未纳入,中性,自动映射到抖音视频评论池。,,false
2026-05-26,longge,抖音评论 17:33,有没有大哥，我连续亏8天了，给我指条明路吧[泣不成声][泣不成声][泣不成声],,,,否,video_id=7644093208830100453; video_url=https://www.douyin.com/video/7644093208830100453; creator=阿龙闯大A📈; like=0; reply=4; source_type=comment; yeren_signal_id=; parent_comment_text=,17:33,抖音评论,video,这次发的及时吧，吃点小肉#股票 #股民 #vlgo十亿流量扶持计划,铧云,7644093208830100453,https://www.douyin.com/video/7644093208830100453,,7644131387318682425,17:33,未纳入,中性,自动映射到抖音视频评论池。,,false
2026-05-26,longge,抖音评论 17:33,我说的长电为啥不给我上龙啊🫢,,,,否,video_id=7644093208830100453; video_url=https://www.douyin.com/video/7644093208830100453; creator=阿龙闯大A📈; like=2; reply=2; source_type=comment; yeren_signal_id=; parent_comment_text=,17:33,抖音评论,video,这次发的及时吧，吃点小肉#股票 #股民 #vlgo十亿流量扶持计划,勇敢的心,7644093208830100453,https://www.douyin.com/video/7644093208830100453,,7644131296197018418,17:33,未纳入,中性,自动映射到抖音视频评论池。,,false
2026-05-26,longge,抖音评论 17:32,大哥在哪里哦,,,,否,video_id=7644093208830100453; video_url=https://www.douyin.com/video/7644093208830100453; creator=阿龙闯大A📈; like=0; reply=0; source_type=comment; yeren_signal_id=; parent_comment_text=,17:32,抖音评论,video,这次发的及时吧，吃点小肉#股票 #股民 #vlgo十亿流量扶持计划,金服信息,7644093208830100453,https://www.douyin.com/video/7644093208830100453,,7644131130669712154,17:32,未纳入,中性,自动映射到抖音视频评论池。,,false
2026-05-26,longge,抖音评论 17:32,[捂脸][捂脸][捂脸],,,,否,video_id=7644093208830100453; video_url=https://www.douyin.com/video/7644093208830100453; creator=阿龙闯大A📈; like=0; reply=0; source_type=comment; yeren_signal_id=; parent_comment_text=,17:32,抖音评论,video,这次发的及时吧，吃点小肉#股票 #股民 #vlgo十亿流量扶持计划,Lucklies,7644093208830100453,https://www.douyin.com/video/7644093208830100453,,7644131074569945866,17:32,未纳入,中性,自动映射到抖音视频评论池。,,false
2026-05-26,longge,抖音评论 17:31,青龙管业…被套的不要不要的 谁来救救我。,,,,否,video_id=7644093208830100453; video_url=https://www.douyin.com/video/7644093208830100453; creator=阿龙闯大A📈; like=0; reply=0; source_type=comment; yeren_signal_id=; parent_comment_text=,17:31,抖音评论,video,这次发的及时吧，吃点小肉#股票 #股民 #vlgo十亿流量扶持计划,不要吵架,7644093208830100453,https://www.douyin.com/video/7644093208830100453,,7644130850380497702,17:31,未纳入,中性,自动映射到抖音视频评论池。,,false
2026-05-26,longge,抖音评论 17:31,双良节能还有戏吗？套死我了,双良节能(600481),,双良节能(600481) 被提及 3 次，有效评论 3 条，来源 2 个，跨来源共振，情绪 中性，当前判断：保留观察。,待确认,video_id=7644093208830100453; video_url=https://www.douyin.com/video/7644093208830100453; creator=阿龙闯大A📈; like=0; reply=2; source_type=comment; yeren_signal_id=; parent_comment_text=,17:31,抖音评论,video,这次发的及时吧，吃点小肉#股票 #股民 #vlgo十亿流量扶持计划,幸运🌈,7644093208830100453,https://www.douyin.com/video/7644093208830100453,,7644130720697254705,17:31,待确认,中性,自动映射到抖音视频评论池。,8.0,false
2026-05-26,longge,抖音评论 17:30,今天长电，又涨停了，主力出去了 又回来了[噢买尬] 明天会回调吧？,,,,否,video_id=7644093208830100453; video_url=https://www.douyin.com/video/7644093208830100453; creator=阿龙闯大A📈; like=0; reply=0; source_type=comment; yeren_signal_id=; parent_comment_text=,17:30,抖音评论,video,这次发的及时吧，吃点小肉#股票 #股民 #vlgo十亿流量扶持计划,小鹿斑比,7644093208830100453,https://www.douyin.com/video/7644093208830100453,,7644130621454828345,17:30,未纳入,中性,自动映射到抖音视频评论池。,,false
2026-05-26,longge,抖音评论 17:30,明天买什么？这几天亏了2个了,,,,否,video_id=7644093208830100453; video_url=https://www.douyin.com/video/7644093208830100453; creator=阿龙闯大A📈; like=0; reply=0; source_type=comment; yeren_signal_id=; parent_comment_text=,17:30,抖音评论,video,这次发的及时吧，吃点小肉#股票 #股民 #vlgo十亿流量扶持计划,咖啡杯里的乳酸菌,7644093208830100453,https://www.douyin.com/video/7644093208830100453,,7644130562458977061,17:30,未纳入,中性,自动映射到抖音视频评论池。,,false
2026-05-26,longge,抖音评论 17:28,你的大哥我的大哥怎么不一样，我跟大哥买的亏了20个点了[泪奔]，还死扛,,,,否,video_id=7644093208830100453; video_url=https://www.douyin.com/video/7644093208830100453; creator=阿龙闯大A📈; like=0; reply=0; source_type=comment; yeren_signal_id=; parent_comment_text=,17:28,抖音评论,video,这次发的及时吧，吃点小肉#股票 #股民 #vlgo十亿流量扶持计划,喂喂喂,7644093208830100453,https://www.douyin.com/video/7644093208830100453,,7644130029102531386,17:28,未纳入,中性,自动映射到抖音视频评论池。,,false
2026-05-26,longge,抖音评论 17:28,真大哥说的啥啊,,,,否,video_id=7644093208830100453; video_url=https://www.douyin.com/video/7644093208830100453; creator=阿龙闯大A📈; like=0; reply=0; source_type=comment; yeren_signal_id=; parent_comment_text=,17:28,抖音评论,video,这次发的及时吧，吃点小肉#股票 #股民 #vlgo十亿流量扶持计划,@心灵,7644093208830100453,https://www.douyin.com/video/7644093208830100453,,7644129991500120881,17:28,未纳入,中性,自动映射到抖音视频评论池。,,false
2026-05-26,longge,抖音评论 17:25,这个哪位大哥推荐的呀？冒个泡，也给我推荐个吧[流泪],,,,否,video_id=7644093208830100453; video_url=https://www.douyin.com/video/7644093208830100453; creator=阿龙闯大A📈; like=0; reply=0; source_type=comment; yeren_signal_id=; parent_comment_text=,17:25,抖音评论,video,这次发的及时吧，吃点小肉#股票 #股民 #vlgo十亿流量扶持计划,💰💦宫浠湲💦💰,7644093208830100453,https://www.douyin.com/video/7644093208830100453,,7644129316938597162,17:25,未纳入,中性,自动映射到抖音视频评论池。,,false
2026-05-26,longge,抖音评论 17:24,我买的泰和x材，本来赚2个点，今天早盘一泻千里，还能拿不[流泪]有没有大哥帮我看看,,,,否,video_id=7644093208830100453; video_url=https://www.douyin.com/video/7644093208830100453; creator=阿龙闯大A📈; like=0; reply=0; source_type=comment; yeren_signal_id=; parent_comment_text=,17:24,抖音评论,video,这次发的及时吧，吃点小肉#股票 #股民 #vlgo十亿流量扶持计划,余温m,7644093208830100453,https://www.douyin.com/video/7644093208830100453,,7644129068212290356,17:24,未纳入,中性,自动映射到抖音视频评论池。,,false
2026-05-26,longge,抖音评论 17:24,为啥没人说三佳科技,,,,否,video_id=7644093208830100453; video_url=https://www.douyin.com/video/7644093208830100453; creator=阿龙闯大A📈; like=0; reply=3; source_type=comment; yeren_signal_id=; parent_comment_text=,17:24,抖音评论,video,这次发的及时吧，吃点小肉#股票 #股民 #vlgo十亿流量扶持计划,灵魂,7644093208830100453,https://www.douyin.com/video/7644093208830100453,,7644128883662848803,17:24,未纳入,中性,自动映射到抖音视频评论池。,,false
2026-05-26,longge,抖音评论 17:23,有没有大哥帮我看看西部材料怎么办好,西部材料(002149),,西部材料(002149) 被提及 3 次，有效评论 3 条，来源 1 个，单视频线索，情绪 中性，当前判断：保留观察。,待确认,video_id=7644093208830100453; video_url=https://www.douyin.com/video/7644093208830100453; creator=阿龙闯大A📈; like=1; reply=6; source_type=comment; yeren_signal_id=; parent_comment_text=,17:23,抖音评论,video,这次发的及时吧，吃点小肉#股票 #股民 #vlgo十亿流量扶持计划,Wanan,7644093208830100453,https://www.douyin.com/video/7644093208830100453,,7644128700229501730,17:23,待确认,中性,自动映射到抖音视频评论池。,7.2,false
2026-05-26,longge,抖音评论 17:22,能不能来个真大哥带带我，亏麻了，求求了🙏,,,,否,video_id=7644093208830100453; video_url=https://www.douyin.com/video/7644093208830100453; creator=阿龙闯大A📈; like=0; reply=0; source_type=comment; yeren_signal_id=; parent_comment_text=,17:22,抖音评论,video,这次发的及时吧，吃点小肉#股票 #股民 #vlgo十亿流量扶持计划,管住嘴迈开腿👄,7644093208830100453,https://www.douyin.com/video/7644093208830100453,,7644128438751986469,17:22,未纳入,中性,自动映射到抖音视频评论池。,,false
2026-05-26,longge,抖音评论 17:22,大东南[流泪],大东南(002263),,大东南(002263) 被提及 1 次，有效评论 1 条，来源 1 个，单视频线索，情绪 中性，当前判断：保留观察。,待确认,video_id=7644093208830100453; video_url=https://www.douyin.com/video/7644093208830100453; creator=阿龙闯大A📈; like=0; reply=0; source_type=comment; yeren_signal_id=; parent_comment_text=,17:22,抖音评论,video,这次发的及时吧，吃点小肉#股票 #股民 #vlgo十亿流量扶持计划,哒哒哒冒蓝火,7644093208830100453,https://www.douyin.com/video/7644093208830100453,,7644128407266100025,17:22,待确认,中性,自动映射到抖音视频评论池。,6.4,false
2026-05-26,longge,抖音评论 17:22,美利云这两天调整，进了[捂脸][捂脸],美利云(000815),,美利云(000815) 被提及 2 次，有效评论 2 条，来源 1 个，单视频线索，情绪 中性，当前判断：保留观察。,待确认,video_id=7644093208830100453; video_url=https://www.douyin.com/video/7644093208830100453; creator=阿龙闯大A📈; like=0; reply=14; source_type=comment; yeren_signal_id=; parent_comment_text=,17:22,抖音评论,video,这次发的及时吧，吃点小肉#股票 #股民 #vlgo十亿流量扶持计划,中年美少女🤸🏻‍♂️,7644093208830100453,https://www.douyin.com/video/7644093208830100453,,7644128399799517978,17:22,待确认,中性,自动映射到抖音视频评论池。,6.9,false
2026-05-26,longge,抖音评论 17:22,山东,,,,否,video_id=7644093208830100453; video_url=https://www.douyin.com/video/7644093208830100453; creator=阿龙闯大A📈; like=0; reply=0; source_type=comment; yeren_signal_id=; parent_comment_text=,17:22,抖音评论,video,这次发的及时吧，吃点小肉#股票 #股民 #vlgo十亿流量扶持计划,明月清风晓星尘,7644093208830100453,https://www.douyin.com/video/7644093208830100453,,7644128395093607205,17:22,未纳入,中性,自动映射到抖音视频评论池。,,false
2026-05-26,longge,抖音评论 17:21,美湖股份，上龙,美湖股份(603319),,美湖股份(603319) 被提及 1 次，有效评论 1 条，来源 1 个，单视频线索，情绪 中性，当前判断：保留观察。,待确认,video_id=7644093208830100453; video_url=https://www.douyin.com/video/7644093208830100453; creator=阿龙闯大A📈; like=0; reply=0; source_type=comment; yeren_signal_id=; parent_comment_text=,17:21,抖音评论,video,这次发的及时吧，吃点小肉#股票 #股民 #vlgo十亿流量扶持计划,闲敲棋子,7644093208830100453,https://www.douyin.com/video/7644093208830100453,,7644128252806808347,17:21,待确认,中性,自动映射到抖音视频评论池。,6.4,false
2026-05-26,longge,抖音评论 17:21,双成yy那个怎么没看到了，我买了，买了就📉,,,,否,video_id=7644093208830100453; video_url=https://www.douyin.com/video/7644093208830100453; creator=阿龙闯大A📈; like=0; reply=0; source_type=comment; yeren_signal_id=; parent_comment_text=,17:21,抖音评论,video,这次发的及时吧，吃点小肉#股票 #股民 #vlgo十亿流量扶持计划,晨,7644093208830100453,https://www.douyin.com/video/7644093208830100453,,7644128131494576931,17:21,未纳入,中性,自动映射到抖音视频评论池。,,false
2026-05-26,longge,抖音评论 17:20,科森科鸡,,,,否,video_id=7644093208830100453; video_url=https://www.douyin.com/video/7644093208830100453; creator=阿龙闯大A📈; like=0; reply=0; source_type=comment; yeren_signal_id=; parent_comment_text=,17:20,抖音评论,video,这次发的及时吧，吃点小肉#股票 #股民 #vlgo十亿流量扶持计划,号,7644093208830100453,https://www.douyin.com/video/7644093208830100453,,7644127959783064335,17:20,未纳入,中性,自动映射到抖音视频评论池。,,false
2026-05-26,longge,抖音评论 17:20,插眼。,,,,否,video_id=7644093208830100453; video_url=https://www.douyin.com/video/7644093208830100453; creator=阿龙闯大A📈; like=0; reply=0; source_type=comment; yeren_signal_id=; parent_comment_text=,17:20,抖音评论,video,这次发的及时吧，吃点小肉#股票 #股民 #vlgo十亿流量扶持计划,股海笔记,7644093208830100453,https://www.douyin.com/video/7644093208830100453,,7644127938707538737,17:20,未纳入,中性,自动映射到抖音视频评论池。,,false
2026-05-26,longge,抖音评论 17:19,天娱sk,,,,否,video_id=7644093208830100453; video_url=https://www.douyin.com/video/7644093208830100453; creator=阿龙闯大A📈; like=0; reply=0; source_type=comment; yeren_signal_id=; parent_comment_text=,17:19,抖音评论,video,这次发的及时吧，吃点小肉#股票 #股民 #vlgo十亿流量扶持计划,Xocletti,7644093208830100453,https://www.douyin.com/video/7644093208830100453,,7644127741965845263,17:19,未纳入,中性,自动映射到抖音视频评论池。,,false
2026-05-26,longge,抖音评论 17:18,上午说京东方的大哥在吗,,,,否,video_id=7644093208830100453; video_url=https://www.douyin.com/video/7644093208830100453; creator=阿龙闯大A📈; like=0; reply=2; source_type=comment; yeren_signal_id=; parent_comment_text=,17:18,抖音评论,video,这次发的及时吧，吃点小肉#股票 #股民 #vlgo十亿流量扶持计划,🐱一一鹿鸣,7644093208830100453,https://www.douyin.com/video/7644093208830100453,,7644127502692041509,17:18,未纳入,中性,自动映射到抖音视频评论池。,,false
2026-05-26,longge,抖音评论 17:17,我在中国巨石，同题材,中国巨石(600176),,中国巨石(600176) 被提及 2 次，有效评论 2 条，来源 1 个，单视频线索，情绪 中性，当前判断：保留观察。,待确认,video_id=7644093208830100453; video_url=https://www.douyin.com/video/7644093208830100453; creator=阿龙闯大A📈; like=1; reply=1; source_type=comment; yeren_signal_id=; parent_comment_text=,17:17,抖音评论,video,这次发的及时吧，吃点小肉#股票 #股民 #vlgo十亿流量扶持计划,莫生人,7644093208830100453,https://www.douyin.com/video/7644093208830100453,,7644127039910003507,17:17,待确认,中性,自动映射到抖音视频评论池。,6.9,false
2026-05-26,longge,抖音评论 17:16,就看不到,,,,否,video_id=7644093208830100453; video_url=https://www.douyin.com/video/7644093208830100453; creator=阿龙闯大A📈; like=0; reply=0; source_type=comment; yeren_signal_id=; parent_comment_text=,17:16,抖音评论,video,这次发的及时吧，吃点小肉#股票 #股民 #vlgo十亿流量扶持计划,宁静致远,7644093208830100453,https://www.douyin.com/video/7644093208830100453,,7644127022994277166,17:16,未纳入,中性,自动映射到抖音视频评论池。,,false
2026-05-26,longge,抖音评论 17:16,有大哥味票吗？亏的女朋友都跑了[尬笑],,,,否,video_id=7644093208830100453; video_url=https://www.douyin.com/video/7644093208830100453; creator=阿龙闯大A📈; like=0; reply=0; source_type=comment; yeren_signal_id=; parent_comment_text=,17:16,抖音评论,video,这次发的及时吧，吃点小肉#股票 #股民 #vlgo十亿流量扶持计划,青山夜归客,7644093208830100453,https://www.douyin.com/video/7644093208830100453,,7644127013616124724,17:16,未纳入,中性,自动映射到抖音视频评论池。,,false
2026-05-26,longge,抖音评论 17:16,明天全部火力  给我来天娱   吃它个二三十个点再走[尬笑],,,,否,video_id=7644093208830100453; video_url=https://www.douyin.com/video/7644093208830100453; creator=阿龙闯大A📈; like=1; reply=5; source_type=comment; yeren_signal_id=; parent_comment_text=,17:16,抖音评论,video,这次发的及时吧，吃点小肉#股票 #股民 #vlgo十亿流量扶持计划,এ᭄万星ꦿృ༊,7644093208830100453,https://www.douyin.com/video/7644093208830100453,,7644126973857727268,17:16,未纳入,中性,自动映射到抖音视频评论池。,,false
2026-05-26,longge,抖音评论 17:16,有没有大哥看看美丽云，今天打懵了,,,,否,video_id=7644093208830100453; video_url=https://www.douyin.com/video/7644093208830100453; creator=阿龙闯大A📈; like=2; reply=3; source_type=comment; yeren_signal_id=; parent_comment_text=,17:16,抖音评论,video,这次发的及时吧，吃点小肉#股票 #股民 #vlgo十亿流量扶持计划,一颗朱古力📈,7644093208830100453,https://www.douyin.com/video/7644093208830100453,,7644126967303258890,17:16,未纳入,中性,自动映射到抖音视频评论池。,,false
2026-05-26,longge,抖音评论 17:16,山东玻纤,,,,否,video_id=7644093208830100453; video_url=https://www.douyin.com/video/7644093208830100453; creator=阿龙闯大A📈; like=0; reply=1; source_type=comment; yeren_signal_id=; parent_comment_text=,17:16,抖音评论,video,这次发的及时吧，吃点小肉#股票 #股民 #vlgo十亿流量扶持计划,🇨🇳阿凡爱玩游戏,7644093208830100453,https://www.douyin.com/video/7644093208830100453,,7644126909740106553,17:16,未纳入,中性,自动映射到抖音视频评论池。,,false
2026-05-26,longge,抖音评论 17:14,通鼎互联怎么整啊，,通鼎互联(002491),,通鼎互联(002491) 被提及 2 次，有效评论 2 条，来源 1 个，单视频线索，情绪 中性，当前判断：保留观察。,待确认,video_id=7644093208830100453; video_url=https://www.douyin.com/video/7644093208830100453; creator=阿龙闯大A📈; like=0; reply=0; source_type=comment; yeren_signal_id=; parent_comment_text=,17:14,抖音评论,video,这次发的及时吧，吃点小肉#股票 #股民 #vlgo十亿流量扶持计划,乖乖不乖,7644093208830100453,https://www.douyin.com/video/7644093208830100453,,7644126518600532787,17:14,待确认,中性,自动映射到抖音视频评论池。,6.9,false
2026-05-26,longge,抖音评论 17:13,大唐拿了一周了，8.2[泪奔][泪奔][泪奔][泪奔],,,,否,video_id=7644093208830100453; video_url=https://www.douyin.com/video/7644093208830100453; creator=阿龙闯大A📈; like=0; reply=0; source_type=comment; yeren_signal_id=; parent_comment_text=,17:13,抖音评论,video,这次发的及时吧，吃点小肉#股票 #股民 #vlgo十亿流量扶持计划,WwwQq,7644093208830100453,https://www.douyin.com/video/7644093208830100453,,7644126236276441893,17:13,未纳入,中性,自动映射到抖音视频评论池。,,false
2026-05-26,longge,抖音评论 17:13,一跟就去就碰上假大哥，骗我进去抬轿,,,,否,video_id=7644093208830100453; video_url=https://www.douyin.com/video/7644093208830100453; creator=阿龙闯大A📈; like=0; reply=0; source_type=comment; yeren_signal_id=; parent_comment_text=,17:13,抖音评论,video,这次发的及时吧，吃点小肉#股票 #股民 #vlgo十亿流量扶持计划,坐以待币,7644093208830100453,https://www.douyin.com/video/7644093208830100453,,7644126153921839930,17:13,未纳入,中性,自动映射到抖音视频评论池。,,false
2026-05-26,longge,抖音评论 17:13,明天哪一支有希望[流泪],,,,否,video_id=7644093208830100453; video_url=https://www.douyin.com/video/7644093208830100453; creator=阿龙闯大A📈; like=0; reply=2; source_type=comment; yeren_signal_id=; parent_comment_text=,17:13,抖音评论,video,这次发的及时吧，吃点小肉#股票 #股民 #vlgo十亿流量扶持计划,章,7644093208830100453,https://www.douyin.com/video/7644093208830100453,,7644126075161166633,17:13,未纳入,中性,自动映射到抖音视频评论池。,,false
2026-05-26,longge,抖音评论 17:13,京东方A,,,,否,video_id=7644093208830100453; video_url=https://www.douyin.com/video/7644093208830100453; creator=阿龙闯大A📈; like=1; reply=0; source_type=comment; yeren_signal_id=; parent_comment_text=,17:13,抖音评论,video,这次发的及时吧，吃点小肉#股票 #股民 #vlgo十亿流量扶持计划,万水千山总是情,7644093208830100453,https://www.douyin.com/video/7644093208830100453,,7644126068558889771,17:13,未纳入,中性,自动映射到抖音视频评论池。,,false
2026-05-26,longge,抖音评论 17:13,午盘加自选了都，开盘看晚了2分钟，涨停了[发怒][发怒][发怒]还不如提前下单了,,,,否,video_id=7644093208830100453; video_url=https://www.douyin.com/video/7644093208830100453; creator=阿龙闯大A📈; like=0; reply=0; source_type=comment; yeren_signal_id=; parent_comment_text=,17:13,抖音评论,video,这次发的及时吧，吃点小肉#股票 #股民 #vlgo十亿流量扶持计划,是我,7644093208830100453,https://www.douyin.com/video/7644093208830100453,,7644126052219339569,17:13,未纳入,中性,自动映射到抖音视频评论池。,,false
2026-05-26,longge,抖音评论 17:12,京能今天追高进的，不知道明天会怎么样[尬笑],,,,否,video_id=7644093208830100453; video_url=https://www.douyin.com/video/7644093208830100453; creator=阿龙闯大A📈; like=0; reply=0; source_type=comment; yeren_signal_id=; parent_comment_text=,17:12,抖音评论,video,这次发的及时吧，吃点小肉#股票 #股民 #vlgo十亿流量扶持计划,甜陈🍒,7644093208830100453,https://www.douyin.com/video/7644093208830100453,,7644125858688549691,17:12,未纳入,中性,自动映射到抖音视频评论池。,,false
2026-05-26,longge,抖音评论 17:12,中午看到的，中午稍微高点的价格挂，没买进去[捂脸],,,,否,video_id=7644093208830100453; video_url=https://www.douyin.com/video/7644093208830100453; creator=阿龙闯大A📈; like=0; reply=0; source_type=comment; yeren_signal_id=; parent_comment_text=,17:12,抖音评论,video,这次发的及时吧，吃点小肉#股票 #股民 #vlgo十亿流量扶持计划,Logan,7644093208830100453,https://www.douyin.com/video/7644093208830100453,,7644125778171429667,17:12,未纳入,中性,自动映射到抖音视频评论池。,,false
2026-05-26,longge,抖音评论 17:10,大哥露笑科技怎么看[感谢],露笑科技(002617),,露笑科技(002617) 被提及 1 次，有效评论 1 条，来源 1 个，单视频线索，情绪 中性，当前判断：保留观察。,待确认,video_id=7644093208830100453; video_url=https://www.douyin.com/video/7644093208830100453; creator=阿龙闯大A📈; like=1; reply=4; source_type=comment; yeren_signal_id=; parent_comment_text=,17:10,抖音评论,video,这次发的及时吧，吃点小肉#股票 #股民 #vlgo十亿流量扶持计划,无敌小西風,7644093208830100453,https://www.douyin.com/video/7644093208830100453,,7644125298384683835,17:10,待确认,中性,自动映射到抖音视频评论池。,6.4,false
2026-05-26,longge,抖音评论 17:09,莲花,,,,否,video_id=7644093208830100453; video_url=https://www.douyin.com/video/7644093208830100453; creator=阿龙闯大A📈; like=0; reply=0; source_type=comment; yeren_signal_id=; parent_comment_text=,17:09,抖音评论,video,这次发的及时吧，吃点小肉#股票 #股民 #vlgo十亿流量扶持计划,一闪一闪亮晶晶~,7644093208830100453,https://www.douyin.com/video/7644093208830100453,,7644125206772187961,17:09,未纳入,中性,自动映射到抖音视频评论池。,,false
2026-05-26,longge,抖音评论 17:09,粤传媒跌停那天一大早跑了，今天居然板了,,,,否,video_id=7644093208830100453; video_url=https://www.douyin.com/video/7644093208830100453; creator=阿龙闯大A📈; like=0; reply=3; source_type=comment; yeren_signal_id=; parent_comment_text=,17:09,抖音评论,video,这次发的及时吧，吃点小肉#股票 #股民 #vlgo十亿流量扶持计划,晴天～,7644093208830100453,https://www.douyin.com/video/7644093208830100453,,7644125123621208869,17:09,未纳入,中性,自动映射到抖音视频评论池。,,false
2026-05-26,longge,抖音评论 17:09,中午开盘看到涨停，没买进拍大腿,,,,否,video_id=7644093208830100453; video_url=https://www.douyin.com/video/7644093208830100453; creator=阿龙闯大A📈; like=0; reply=0; source_type=comment; yeren_signal_id=; parent_comment_text=,17:09,抖音评论,video,这次发的及时吧，吃点小肉#股票 #股民 #vlgo十亿流量扶持计划,🌸谢,7644093208830100453,https://www.douyin.com/video/7644093208830100453,,7644125095245562687,17:09,未纳入,中性,自动映射到抖音视频评论池。,,false
2026-05-26,longge,抖音评论 17:09,和我的盛龙股份很像[看],盛龙股份(001257),,盛龙股份(001257) 被提及 1 次，有效评论 1 条，来源 1 个，单视频线索，情绪 中性，当前判断：保留观察。,待确认,video_id=7644093208830100453; video_url=https://www.douyin.com/video/7644093208830100453; creator=阿龙闯大A📈; like=0; reply=0; source_type=comment; yeren_signal_id=; parent_comment_text=,17:09,抖音评论,video,这次发的及时吧，吃点小肉#股票 #股民 #vlgo十亿流量扶持计划,🤏🙈🙈🙈🙈,7644093208830100453,https://www.douyin.com/video/7644093208830100453,,7644125022450352923,17:09,待确认,中性,自动映射到抖音视频评论池。,6.4,false
2026-05-26,longge,抖音评论 17:08,来个哥哥来点方向转了之后整特产[看],,,,否,video_id=7644093208830100453; video_url=https://www.douyin.com/video/7644093208830100453; creator=阿龙闯大A📈; like=0; reply=0; source_type=comment; yeren_signal_id=; parent_comment_text=,17:08,抖音评论,video,这次发的及时吧，吃点小肉#股票 #股民 #vlgo十亿流量扶持计划,又开始洗澡了,7644093208830100453,https://www.douyin.com/video/7644093208830100453,,7644124885069611817,17:08,未纳入,中性,自动映射到抖音视频评论池。,,false
2026-05-26,longge,抖音评论 17:07,600378,昊华科技(600378),,昊华科技(600378) 被提及 1 次，有效评论 1 条，来源 1 个，单视频线索，情绪 中性，当前判断：保留观察。,待确认,video_id=7644093208830100453; video_url=https://www.douyin.com/video/7644093208830100453; creator=阿龙闯大A📈; like=0; reply=3; source_type=comment; yeren_signal_id=; parent_comment_text=,17:07,抖音评论,video,这次发的及时吧，吃点小肉#股票 #股民 #vlgo十亿流量扶持计划,用户70030091321,7644093208830100453,https://www.douyin.com/video/7644093208830100453,,7644124526573896507,17:07,待确认,中性,自动映射到抖音视频评论池。,6.4,false
2026-05-26,longge,抖音评论 17:06,有没有大哥救救我[流泪],,,,否,video_id=7644093208830100453; video_url=https://www.douyin.com/video/7644093208830100453; creator=阿龙闯大A📈; like=0; reply=0; source_type=comment; yeren_signal_id=; parent_comment_text=,17:06,抖音评论,video,这次发的及时吧，吃点小肉#股票 #股民 #vlgo十亿流量扶持计划,Z   L,7644093208830100453,https://www.douyin.com/video/7644093208830100453,,7644124454117393201,17:06,未纳入,中性,自动映射到抖音视频评论池。,,false
2026-05-26,longge,抖音评论 17:06,博迁怎么办,,,,否,video_id=7644093208830100453; video_url=https://www.douyin.com/video/7644093208830100453; creator=阿龙闯大A📈; like=0; reply=0; source_type=comment; yeren_signal_id=; parent_comment_text=,17:06,抖音评论,video,这次发的及时吧，吃点小肉#股票 #股民 #vlgo十亿流量扶持计划,小心翼翼的看着,7644093208830100453,https://www.douyin.com/video/7644093208830100453,,7644124429715194683,17:06,未纳入,中性,自动映射到抖音视频评论池。,,false
2026-05-26,longge,抖音评论 17:06,大位科技有大哥说说吗,大位科技(600589),AIDC;算力,大位科技(600589) 被提及 2 次，有效评论 2 条，来源 1 个，单视频线索，情绪 中性，当前判断：保留观察。,待确认,video_id=7644093208830100453; video_url=https://www.douyin.com/video/7644093208830100453; creator=阿龙闯大A📈; like=0; reply=0; source_type=comment; yeren_signal_id=; parent_comment_text=,17:06,抖音评论,video,这次发的及时吧，吃点小肉#股票 #股民 #vlgo十亿流量扶持计划,醒来就微笑,7644093208830100453,https://www.douyin.com/video/7644093208830100453,,7644124381623911209,17:06,待确认,中性,自动映射到抖音视频评论池。,6.9,false
2026-05-26,longge,抖音评论 17:06,有没有大哥说说西部咋办,,,,否,video_id=7644093208830100453; video_url=https://www.douyin.com/video/7644093208830100453; creator=阿龙闯大A📈; like=0; reply=2; source_type=comment; yeren_signal_id=; parent_comment_text=,17:06,抖音评论,video,这次发的及时吧，吃点小肉#股票 #股民 #vlgo十亿流量扶持计划,一切都是最好的安排,7644093208830100453,https://www.douyin.com/video/7644093208830100453,,7644124356600005435,17:06,未纳入,中性,自动映射到抖音视频评论池。,,false
2026-05-26,longge,抖音评论 17:05,明天有没有可以入的，今天有点惨,,,,否,video_id=7644093208830100453; video_url=https://www.douyin.com/video/7644093208830100453; creator=阿龙闯大A📈; like=0; reply=0; source_type=comment; yeren_signal_id=; parent_comment_text=,17:05,抖音评论,video,这次发的及时吧，吃点小肉#股票 #股民 #vlgo十亿流量扶持计划,秋风知我意🙏,7644093208830100453,https://www.douyin.com/video/7644093208830100453,,7644124118376497957,17:05,未纳入,中性,自动映射到抖音视频评论池。,,false
2026-05-26,longge,抖音评论 17:05,哎山东bx，把我洗下车了[流泪],,,,否,video_id=7644093208830100453; video_url=https://www.douyin.com/video/7644093208830100453; creator=阿龙闯大A📈; like=0; reply=0; source_type=comment; yeren_signal_id=; parent_comment_text=,17:05,抖音评论,video,这次发的及时吧，吃点小肉#股票 #股民 #vlgo十亿流量扶持计划,G.,7644093208830100453,https://www.douyin.com/video/7644093208830100453,,7644124074784408361,17:05,未纳入,中性,自动映射到抖音视频评论池。,,false
2026-05-26,longge,抖音评论 17:04,这是什么？,,,,否,video_id=7644093208830100453; video_url=https://www.douyin.com/video/7644093208830100453; creator=阿龙闯大A📈; like=0; reply=0; source_type=comment; yeren_signal_id=; parent_comment_text=,17:04,抖音评论,video,这次发的及时吧，吃点小肉#股票 #股民 #vlgo十亿流量扶持计划,莉莉丝,7644093208830100453,https://www.douyin.com/video/7644093208830100453,,7644123858236769074,17:04,未纳入,中性,自动映射到抖音视频评论池。,,false
2026-05-26,longge,抖音评论 17:04,后面短期内如果出现妖股，最大的可能会是母亲的风。,,,,否,video_id=7644093208830100453; video_url=https://www.douyin.com/video/7644093208830100453; creator=阿龙闯大A📈; like=0; reply=0; source_type=comment; yeren_signal_id=; parent_comment_text=,17:04,抖音评论,video,这次发的及时吧，吃点小肉#股票 #股民 #vlgo十亿流量扶持计划,Auaora,7644093208830100453,https://www.douyin.com/video/7644093208830100453,,7644123808799310641,17:04,未纳入,中性,自动映射到抖音视频评论池。,,false
2026-05-26,longge,抖音评论 17:04,浙江荣泰有没有大哥帮忙看看,浙江荣泰(603119),,浙江荣泰(603119) 被提及 1 次，有效评论 1 条，来源 1 个，单视频线索，情绪 中性，当前判断：保留观察。,待确认,video_id=7644093208830100453; video_url=https://www.douyin.com/video/7644093208830100453; creator=阿龙闯大A📈; like=0; reply=0; source_type=comment; yeren_signal_id=; parent_comment_text=,17:04,抖音评论,video,这次发的及时吧，吃点小肉#股票 #股民 #vlgo十亿流量扶持计划,Luca,7644093208830100453,https://www.douyin.com/video/7644093208830100453,,7644123695040185122,17:04,待确认,中性,自动映射到抖音视频评论池。,6.4,false
2026-05-26,longge,抖音评论 17:03,哪个大哥啊？,,,,否,video_id=7644093208830100453; video_url=https://www.douyin.com/video/7644093208830100453; creator=阿龙闯大A📈; like=0; reply=0; source_type=comment; yeren_signal_id=; parent_comment_text=,17:03,抖音评论,video,这次发的及时吧，吃点小肉#股票 #股民 #vlgo十亿流量扶持计划,好运好运好运,7644093208830100453,https://www.douyin.com/video/7644093208830100453,,7644123661477217081,17:03,未纳入,中性,自动映射到抖音视频评论池。,,false
2026-05-26,longge,抖音评论 17:03,达实智能有大哥说说嘛[流泪][流泪],达实智能(002421),,达实智能(002421) 被提及 1 次，有效评论 1 条，来源 1 个，单视频线索，情绪 中性，当前判断：保留观察。,待确认,video_id=7644093208830100453; video_url=https://www.douyin.com/video/7644093208830100453; creator=阿龙闯大A📈; like=2; reply=7; source_type=comment; yeren_signal_id=; parent_comment_text=,17:03,抖音评论,video,这次发的及时吧，吃点小肉#股票 #股民 #vlgo十亿流量扶持计划,陈子瓜,7644093208830100453,https://www.douyin.com/video/7644093208830100453,,7644123579601601317,17:03,待确认,中性,自动映射到抖音视频评论池。,6.4,false
2026-05-26,longge,抖音评论 17:03,鸿博有大哥帮忙看看不，亏了快1个w了,,,,否,video_id=7644093208830100453; video_url=https://www.douyin.com/video/7644093208830100453; creator=阿龙闯大A📈; like=0; reply=0; source_type=comment; yeren_signal_id=; parent_comment_text=,17:03,抖音评论,video,这次发的及时吧，吃点小肉#股票 #股民 #vlgo十亿流量扶持计划,方大帅壮,7644093208830100453,https://www.douyin.com/video/7644093208830100453,,7644123581546234658,17:03,未纳入,中性,自动映射到抖音视频评论池。,,false
2026-05-26,longge,抖音评论 17:02,让我跟对一次大哥吧，我的都跌的[笑哭][笑哭],,,,否,video_id=7644093208830100453; video_url=https://www.douyin.com/video/7644093208830100453; creator=阿龙闯大A📈; like=0; reply=0; source_type=comment; yeren_signal_id=; parent_comment_text=,17:02,抖音评论,video,这次发的及时吧，吃点小肉#股票 #股民 #vlgo十亿流量扶持计划,公主请爱自己,7644093208830100453,https://www.douyin.com/video/7644093208830100453,,7644123287291446065,17:02,未纳入,中性,自动映射到抖音视频评论池。,,false
2026-05-26,longge,抖音评论 17:00,闻泰还有2天，买的明天有机会直接进,,,,否,video_id=7644093208830100453; video_url=https://www.douyin.com/video/7644093208830100453; creator=阿龙闯大A📈; like=0; reply=2; source_type=comment; yeren_signal_id=; parent_comment_text=,17:00,抖音评论,video,这次发的及时吧，吃点小肉#股票 #股民 #vlgo十亿流量扶持计划,不知名用户,7644093208830100453,https://www.douyin.com/video/7644093208830100453,,7644122731654906661,17:00,未纳入,中性,自动映射到抖音视频评论池。,,false
2026-05-26,longge,抖音评论 17:00,真的是山东，我也在里面，早上集合竞价的时候就是涨停的,,,,否,video_id=7644093208830100453; video_url=https://www.douyin.com/video/7644093208830100453; creator=阿龙闯大A📈; like=0; reply=0; source_type=comment; yeren_signal_id=; parent_comment_text=,17:00,抖音评论,video,这次发的及时吧，吃点小肉#股票 #股民 #vlgo十亿流量扶持计划,想去清华蹭个饭,7644093208830100453,https://www.douyin.com/video/7644093208830100453,,7644122711665804081,17:00,未纳入,中性,自动映射到抖音视频评论池。,,false
2026-05-26,longge,抖音评论 16:59,哎，1：02看的，没买到[捂脸],,,,否,video_id=7644093208830100453; video_url=https://www.douyin.com/video/7644093208830100453; creator=阿龙闯大A📈; like=0; reply=0; source_type=comment; yeren_signal_id=; parent_comment_text=,16:59,抖音评论,video,这次发的及时吧，吃点小肉#股票 #股民 #vlgo十亿流量扶持计划,一露有你,7644093208830100453,https://www.douyin.com/video/7644093208830100453,,7644122635114283835,16:59,未纳入,中性,自动映射到抖音视频评论池。,,false
2026-05-26,longge,抖音评论 16:58,天天有大哥，上千条评论[微笑],,,,否,video_id=7644093208830100453; video_url=https://www.douyin.com/video/7644093208830100453; creator=阿龙闯大A📈; like=0; reply=0; source_type=comment; yeren_signal_id=; parent_comment_text=,16:58,抖音评论,video,这次发的及时吧，吃点小肉#股票 #股民 #vlgo十亿流量扶持计划,蒙面侠😶,7644093208830100453,https://www.douyin.com/video/7644093208830100453,,7644122295532176177,16:58,未纳入,中性,自动映射到抖音视频评论池。,,false
2026-05-26,longge,抖音评论 16:57,我在航天电子赶紧st算了，这个月忙活一个月还是亏的，求一个真大哥喂个明天进有肉吃的[黄脸祈祷][黄脸祈祷][黄脸祈祷][黄脸祈祷],航天电子(600879),商业航天;军工电子,航天电子(600879) 被提及 1 次，有效评论 1 条，来源 1 个，单视频线索，情绪 谨慎，当前判断：偏风险观察。,否,video_id=7644093208830100453; video_url=https://www.douyin.com/video/7644093208830100453; creator=阿龙闯大A📈; like=0; reply=1; source_type=comment; yeren_signal_id=; parent_comment_text=,16:57,抖音评论,video,这次发的及时吧，吃点小肉#股票 #股民 #vlgo十亿流量扶持计划,Zoe www,7644093208830100453,https://www.douyin.com/video/7644093208830100453,,7644122020204528434,16:57,未纳入,谨慎,自动映射到抖音视频评论池。,5.9,false
2026-05-26,longge,抖音评论 16:56,我也板了[呲牙],,,评论热度较高，但暂未自动识别到明确股票线索，保留人工复核。,待确认,video_id=7644093208830100453; video_url=https://www.douyin.com/video/7644093208830100453; creator=阿龙闯大A📈; like=2; reply=16; source_type=comment; yeren_signal_id=; parent_comment_text=,16:56,抖音评论,video,这次发的及时吧，吃点小肉#股票 #股民 #vlgo十亿流量扶持计划,Wander·Journey'X,7644093208830100453,https://www.douyin.com/video/7644093208830100453,,7644121697230701331,16:56,待确认,中性,自动映射到抖音视频评论池。,6.2,false
2026-05-26,longge,抖音评论 16:56,我也跟了一手[捂脸],,,,否,video_id=7644093208830100453; video_url=https://www.douyin.com/video/7644093208830100453; creator=阿龙闯大A📈; like=0; reply=3; source_type=comment; yeren_signal_id=; parent_comment_text=,16:56,抖音评论,video,这次发的及时吧，吃点小肉#股票 #股民 #vlgo十亿流量扶持计划,马克.斯云化腾,7644093208830100453,https://www.douyin.com/video/7644093208830100453,,7644121686379578161,16:56,未纳入,中性,自动映射到抖音视频评论池。,,false
2026-05-26,longge,抖音评论 16:56,京东方A   有大哥看看吗。  怎么说。,,,,否,video_id=7644093208830100453; video_url=https://www.douyin.com/video/7644093208830100453; creator=阿龙闯大A📈; like=0; reply=3; source_type=comment; yeren_signal_id=; parent_comment_text=,16:56,抖音评论,video,这次发的及时吧，吃点小肉#股票 #股民 #vlgo十亿流量扶持计划,爱喝水爱玩游戏,7644093208830100453,https://www.douyin.com/video/7644093208830100453,,7644121679065678592,16:56,未纳入,中性,自动映射到抖音视频评论池。,,false
2026-05-26,longge,抖音评论 16:56,风华啥情况今天[流泪],,,,否,video_id=7644093208830100453; video_url=https://www.douyin.com/video/7644093208830100453; creator=阿龙闯大A📈; like=0; reply=0; source_type=comment; yeren_signal_id=; parent_comment_text=,16:56,抖音评论,video,这次发的及时吧，吃点小肉#股票 #股民 #vlgo十亿流量扶持计划,可乐不限量,7644093208830100453,https://www.douyin.com/video/7644093208830100453,,7644121653332738850,16:56,未纳入,中性,自动映射到抖音视频评论池。,,false
2026-05-26,longge,抖音评论 16:55,能把大哥顶起来吗？都找不到大哥,,,,否,video_id=7644093208830100453; video_url=https://www.douyin.com/video/7644093208830100453; creator=阿龙闯大A📈; like=0; reply=0; source_type=comment; yeren_signal_id=; parent_comment_text=,16:55,抖音评论,video,这次发的及时吧，吃点小肉#股票 #股民 #vlgo十亿流量扶持计划,NQ,7644093208830100453,https://www.douyin.com/video/7644093208830100453,,7644121595171570481,16:55,未纳入,中性,自动映射到抖音视频评论池。,,false
2026-05-26,longge,抖音评论 16:55,你们是哪里看的，为什么找不到[尬笑],,,,否,video_id=7644093208830100453; video_url=https://www.douyin.com/video/7644093208830100453; creator=阿龙闯大A📈; like=0; reply=0; source_type=comment; yeren_signal_id=; parent_comment_text=,16:55,抖音评论,video,这次发的及时吧，吃点小肉#股票 #股民 #vlgo十亿流量扶持计划,“  M  ”     💋,7644093208830100453,https://www.douyin.com/video/7644093208830100453,,7644121534412669733,16:55,未纳入,中性,自动映射到抖音视频评论池。,,false
2026-05-26,longge,抖音评论 16:54,亏麻了，有没有大哥拉一把,,,,否,video_id=7644093208830100453; video_url=https://www.douyin.com/video/7644093208830100453; creator=阿龙闯大A📈; like=0; reply=0; source_type=comment; yeren_signal_id=; parent_comment_text=,16:54,抖音评论,video,这次发的及时吧，吃点小肉#股票 #股民 #vlgo十亿流量扶持计划,如意随我心意,7644093208830100453,https://www.douyin.com/video/7644093208830100453,,7644121320204452657,16:54,未纳入,中性,自动映射到抖音视频评论池。,,false
2026-05-26,longge,抖音评论 16:54,博云新c怎么看啊[流泪][流泪][流泪],,,评论热度较高，但暂未自动识别到明确股票线索，保留人工复核。,待确认,video_id=7644093208830100453; video_url=https://www.douyin.com/video/7644093208830100453; creator=阿龙闯大A📈; like=0; reply=11; source_type=comment; yeren_signal_id=; parent_comment_text=,16:54,抖音评论,video,这次发的及时吧，吃点小肉#股票 #股民 #vlgo十亿流量扶持计划,一卷小羊🐑,7644093208830100453,https://www.douyin.com/video/7644093208830100453,,7644121228764218171,16:54,待确认,中性,自动映射到抖音视频评论池。,6.2,false
2026-05-26,longge,抖音评论 16:53,海伦哲,海伦哲(300201),,海伦哲(300201) 被提及 3 次，有效评论 3 条，来源 1 个，单视频线索，情绪 中性，当前判断：保留观察。,待确认,video_id=7644093208830100453; video_url=https://www.douyin.com/video/7644093208830100453; creator=阿龙闯大A📈; like=0; reply=0; source_type=comment; yeren_signal_id=; parent_comment_text=,16:53,抖音评论,video,这次发的及时吧，吃点小肉#股票 #股民 #vlgo十亿流量扶持计划,Z..,7644093208830100453,https://www.douyin.com/video/7644093208830100453,,7644121033847718714,16:53,待确认,中性,自动映射到抖音视频评论池。,7.2,false
2026-05-26,longge,抖音评论 16:52,[泪奔]搞清楚想上车的时候就进不去了,,,,否,video_id=7644093208830100453; video_url=https://www.douyin.com/video/7644093208830100453; creator=阿龙闯大A📈; like=0; reply=0; source_type=comment; yeren_signal_id=; parent_comment_text=,16:52,抖音评论,video,这次发的及时吧，吃点小肉#股票 #股民 #vlgo十亿流量扶持计划,腾宝,7644093208830100453,https://www.douyin.com/video/7644093208830100453,,7644120840465154858,16:52,未纳入,中性,自动映射到抖音视频评论池。,,false
2026-05-26,longge,抖音评论 16:52,跟我同车吗,,,,否,video_id=7644093208830100453; video_url=https://www.douyin.com/video/7644093208830100453; creator=阿龙闯大A📈; like=0; reply=0; source_type=comment; yeren_signal_id=; parent_comment_text=,16:52,抖音评论,video,这次发的及时吧，吃点小肉#股票 #股民 #vlgo十亿流量扶持计划,@丹妮爱睡觉,7644093208830100453,https://www.douyin.com/video/7644093208830100453,,7644120742783681329,16:52,未纳入,中性,自动映射到抖音视频评论池。,,false
2026-05-26,longge,抖音评论 16:52,明天买什么，哪位大哥指导下[捂脸],,,,否,video_id=7644093208830100453; video_url=https://www.douyin.com/video/7644093208830100453; creator=阿龙闯大A📈; like=1; reply=0; source_type=comment; yeren_signal_id=; parent_comment_text=,16:52,抖音评论,video,这次发的及时吧，吃点小肉#股票 #股民 #vlgo十亿流量扶持计划,Holiday🥕,7644093208830100453,https://www.douyin.com/video/7644093208830100453,,7644120661083243323,16:52,未纳入,中性,自动映射到抖音视频评论池。,,false
2026-05-26,longge,抖音评论 16:51,真牛逼[灰太狼],,,,否,video_id=7644093208830100453; video_url=https://www.douyin.com/video/7644093208830100453; creator=阿龙闯大A📈; like=0; reply=0; source_type=comment; yeren_signal_id=; parent_comment_text=,16:51,抖音评论,video,这次发的及时吧，吃点小肉#股票 #股民 #vlgo十亿流量扶持计划,天生赢家,7644093208830100453,https://www.douyin.com/video/7644093208830100453,,7644120584985199406,16:51,未纳入,中性,自动映射到抖音视频评论池。,,false
2026-05-26,longge,抖音评论 16:51,人家让你后天晚上上龙，你非要今天收盘上,,,,否,video_id=7644093208830100453; video_url=https://www.douyin.com/video/7644093208830100453; creator=阿龙闯大A📈; like=0; reply=0; source_type=comment; yeren_signal_id=; parent_comment_text=,16:51,抖音评论,video,这次发的及时吧，吃点小肉#股票 #股民 #vlgo十亿流量扶持计划,给我一首歌的时间,7644093208830100453,https://www.douyin.com/video/7644093208830100453,,7644120505582502662,16:51,未纳入,中性,自动映射到抖音视频评论池。,,false
2026-05-26,longge,抖音评论 16:50,科技才是主线，不管什么时候,,,,否,video_id=7644093208830100453; video_url=https://www.douyin.com/video/7644093208830100453; creator=阿龙闯大A📈; like=0; reply=0; source_type=comment; yeren_signal_id=; parent_comment_text=,16:50,抖音评论,video,这次发的及时吧，吃点小肉#股票 #股民 #vlgo十亿流量扶持计划,六六大顺呗,7644093208830100453,https://www.douyin.com/video/7644093208830100453,,7644120324669211429,16:50,未纳入,中性,自动映射到抖音视频评论池。,,false
2026-05-26,longge,抖音评论 16:49,,,,,否,video_id=7644093208830100453; video_url=https://www.douyin.com/video/7644093208830100453; creator=阿龙闯大A📈; like=0; reply=0; source_type=comment; yeren_signal_id=; parent_comment_text=,16:49,抖音评论,video,这次发的及时吧，吃点小肉#股票 #股民 #vlgo十亿流量扶持计划,_16,7644093208830100453,https://www.douyin.com/video/7644093208830100453,,7644119970310243109,16:49,未纳入,中性,自动映射到抖音视频评论池。,,false
2026-05-26,longge,抖音评论 16:59,山东？,,,,否,video_id=7644093208830100453; video_url=https://www.douyin.com/video/7644093208830100453; creator=阿龙闯大A📈; like=0; reply=0; source_type=comment; yeren_signal_id=; parent_comment_text=,16:59,抖音评论,video,这次发的及时吧，吃点小肉#股票 #股民 #vlgo十亿流量扶持计划,想去清华蹭个饭,7644093208830100453,https://www.douyin.com/video/7644093208830100453,,7644122547700761403,16:59,未纳入,中性,自动映射到抖音视频评论池。,,false
2026-05-26,longge,抖音评论 16:48,大哥们帮忙看看金时科技怎么样,金时科技(002951),,金时科技(002951) 被提及 1 次，有效评论 1 条，来源 1 个，单视频线索，情绪 中性，当前判断：保留观察。,待确认,video_id=7644093208830100453; video_url=https://www.douyin.com/video/7644093208830100453; creator=阿龙闯大A📈; like=0; reply=0; source_type=comment; yeren_signal_id=; parent_comment_text=,16:48,抖音评论,video,这次发的及时吧，吃点小肉#股票 #股民 #vlgo十亿流量扶持计划,红晕典韦,7644093208830100453,https://www.douyin.com/video/7644093208830100453,,7644119669649834804,16:48,待确认,中性,自动映射到抖音视频评论池。,6.4,false
2026-05-26,longge,抖音评论 16:47,这个大哥真牛逼，昨天我也看到了，他说最起码有两个，早上的时候我犹豫买了另外一个票，对不起大哥，没信你的，买了另外一个也涨了七个点,,,,否,video_id=7644093208830100453; video_url=https://www.douyin.com/video/7644093208830100453; creator=阿龙闯大A📈; like=2; reply=2; source_type=comment; yeren_signal_id=; parent_comment_text=,16:47,抖音评论,video,这次发的及时吧，吃点小肉#股票 #股民 #vlgo十亿流量扶持计划,句号先生,7644093208830100453,https://www.douyin.com/video/7644093208830100453,,7644119420629631795,16:47,未纳入,中性,自动映射到抖音视频评论池。,,false
2026-05-26,longge,抖音评论 16:47,华能蒙电明天怎么样啊,华能蒙电(600863),,华能蒙电(600863) 被提及 4 次，有效评论 4 条，来源 2 个，跨来源共振，情绪 中性，当前判断：已进入推荐候选。,是,video_id=7644093208830100453; video_url=https://www.douyin.com/video/7644093208830100453; creator=阿龙闯大A📈; like=0; reply=0; source_type=comment; yeren_signal_id=; parent_comment_text=,16:47,抖音评论,video,这次发的及时吧，吃点小肉#股票 #股民 #vlgo十亿流量扶持计划,笑对人生,7644093208830100453,https://www.douyin.com/video/7644093208830100453,,7644119389276947238,16:47,已纳入,中性,自动映射到抖音视频评论池。,9.2,true
2026-05-26,longge,抖音评论 16:47,大哥们，帮忙看看润建股份🙏🙏🙏,润建股份(002929),,润建股份(002929) 被提及 1 次，有效评论 1 条，来源 1 个，单视频线索，情绪 中性，当前判断：保留观察。,待确认,video_id=7644093208830100453; video_url=https://www.douyin.com/video/7644093208830100453; creator=阿龙闯大A📈; like=0; reply=0; source_type=comment; yeren_signal_id=; parent_comment_text=,16:47,抖音评论,video,这次发的及时吧，吃点小肉#股票 #股民 #vlgo十亿流量扶持计划,长得丑想得美,7644093208830100453,https://www.douyin.com/video/7644093208830100453,,7644119351524377402,16:47,待确认,中性,自动映射到抖音视频评论池。,6.4,false
2026-05-26,longge,抖音评论 16:46,哪个大哥，带我下，[捂脸][捂脸][捂脸][捂脸],,,,否,video_id=7644093208830100453; video_url=https://www.douyin.com/video/7644093208830100453; creator=阿龙闯大A📈; like=0; reply=0; source_type=comment; yeren_signal_id=; parent_comment_text=,16:46,抖音评论,video,这次发的及时吧，吃点小肉#股票 #股民 #vlgo十亿流量扶持计划,哦小丝,7644093208830100453,https://www.douyin.com/video/7644093208830100453,,7644119055959835451,16:46,未纳入,中性,自动映射到抖音视频评论池。,,false
2026-05-26,longge,抖音评论 16:45,华电辽能怎么说,华电辽能(600396),电力,华电辽能(600396) 被提及 5 次，有效评论 5 条，来源 2 个，跨来源共振，情绪 中性，当前判断：保留观察。,待确认,video_id=7644093208830100453; video_url=https://www.douyin.com/video/7644093208830100453; creator=阿龙闯大A📈; like=1; reply=0; source_type=comment; yeren_signal_id=; parent_comment_text=,16:45,抖音评论,video,这次发的及时吧，吃点小肉#股票 #股民 #vlgo十亿流量扶持计划,微醺刚好,7644093208830100453,https://www.douyin.com/video/7644093208830100453,,7644119005670851377,16:45,待确认,中性,自动映射到抖音视频评论池。,8.8,false
2026-05-26,longge,抖音评论 16:45,[666],,,,否,video_id=7644093208830100453; video_url=https://www.douyin.com/video/7644093208830100453; creator=阿龙闯大A📈; like=0; reply=0; source_type=comment; yeren_signal_id=; parent_comment_text=,16:45,抖音评论,video,这次发的及时吧，吃点小肉#股票 #股民 #vlgo十亿流量扶持计划,奔驰的小野马,7644093208830100453,https://www.douyin.com/video/7644093208830100453,,7644118920207926022,16:45,未纳入,中性,自动映射到抖音视频评论池。,,false
2026-05-26,longge,抖音评论 16:45,拿了长电和京东方！,,,,否,video_id=7644093208830100453; video_url=https://www.douyin.com/video/7644093208830100453; creator=阿龙闯大A📈; like=0; reply=0; source_type=comment; yeren_signal_id=; parent_comment_text=,16:45,抖音评论,video,这次发的及时吧，吃点小肉#股票 #股民 #vlgo十亿流量扶持计划,检长,7644093208830100453,https://www.douyin.com/video/7644093208830100453,,7644118923575362341,16:45,未纳入,中性,自动映射到抖音视频评论池。,,false
2026-05-26,longge,抖音评论 16:40,有没有大哥带一下，听话3/7分,,,评论热度较高，但暂未自动识别到明确股票线索，保留人工复核。,待确认,video_id=7644093208830100453; video_url=https://www.douyin.com/video/7644093208830100453; creator=阿龙闯大A📈; like=0; reply=9; source_type=comment; yeren_signal_id=; parent_comment_text=,16:40,抖音评论,video,这次发的及时吧，吃点小肉#股票 #股民 #vlgo十亿流量扶持计划,澍清,7644093208830100453,https://www.douyin.com/video/7644093208830100453,,7644117756924936995,16:40,待确认,中性,自动映射到抖音视频评论池。,6.2,false
2026-05-26,longge,抖音评论 16:36,这的大哥可真多 我今天又买对了[泪奔][泪奔][泪奔],,,,否,video_id=7644093208830100453; video_url=https://www.douyin.com/video/7644093208830100453; creator=阿龙闯大A📈; like=2; reply=2; source_type=comment; yeren_signal_id=; parent_comment_text=,16:36,抖音评论,video,这次发的及时吧，吃点小肉#股票 #股民 #vlgo十亿流量扶持计划,大梅子,7644093208830100453,https://www.douyin.com/video/7644093208830100453,,7644116721653809977,16:36,未纳入,中性,自动映射到抖音视频评论池。,,false
2026-05-26,longge,抖音评论 16:36,有大哥讲讲明天利仁怎么办吗,,,,否,video_id=7644093208830100453; video_url=https://www.douyin.com/video/7644093208830100453; creator=阿龙闯大A📈; like=0; reply=0; source_type=comment; yeren_signal_id=; parent_comment_text=,16:36,抖音评论,video,这次发的及时吧，吃点小肉#股票 #股民 #vlgo十亿流量扶持计划,Erol,7644093208830100453,https://www.douyin.com/video/7644093208830100453,,7644116687335752485,16:36,未纳入,中性,自动映射到抖音视频评论池。,,false
2026-05-26,longge,抖音评论 16:34,盈方微,盈方微(000670),,盈方微(000670) 被提及 6 次，有效评论 6 条，来源 2 个，跨来源共振，情绪 中性，当前判断：保留观察。,待确认,video_id=7644093208830100453; video_url=https://www.douyin.com/video/7644093208830100453; creator=阿龙闯大A📈; like=0; reply=5; source_type=comment; yeren_signal_id=; parent_comment_text=,16:34,抖音评论,video,这次发的及时吧，吃点小肉#股票 #股民 #vlgo十亿流量扶持计划,雪狼,7644093208830100453,https://www.douyin.com/video/7644093208830100453,,7644116173847724837,16:34,待确认,中性,自动映射到抖音视频评论池。,9.1,false
2026-05-26,longge,抖音评论 16:34,长电科技，明天什情况，有能预测一下的吗？[尬笑],长电科技(600584),,长电科技(600584) 被提及 4 次，有效评论 4 条，来源 2 个，跨来源共振，情绪 中性，当前判断：保留观察。,待确认,video_id=7644093208830100453; video_url=https://www.douyin.com/video/7644093208830100453; creator=阿龙闯大A📈; like=1; reply=6; source_type=comment; yeren_signal_id=; parent_comment_text=,16:34,抖音评论,video,这次发的及时吧，吃点小肉#股票 #股民 #vlgo十亿流量扶持计划,水天一色,7644093208830100453,https://www.douyin.com/video/7644093208830100453,,7644115991153066810,16:34,待确认,中性,自动映射到抖音视频评论池。,8.3,false
2026-05-26,longge,抖音评论 16:33,泰坦股份两连板了，我自己都没买[尬笑],泰坦股份(003036),,泰坦股份(003036) 被提及 2 次，有效评论 2 条，来源 1 个，单视频线索，情绪 看多，当前判断：保留观察。,待确认,video_id=7644093208830100453; video_url=https://www.douyin.com/video/7644093208830100453; creator=阿龙闯大A📈; like=1; reply=0; source_type=comment; yeren_signal_id=; parent_comment_text=,16:33,抖音评论,video,这次发的及时吧，吃点小肉#股票 #股民 #vlgo十亿流量扶持计划,捕快，不良人,7644093208830100453,https://www.douyin.com/video/7644093208830100453,,7644115842824880945,16:33,待确认,看多,自动映射到抖音视频评论池。,6.9,false
2026-05-26,longge,抖音评论 16:33,华天科技,华天科技(002185),,华天科技(002185) 被提及 7 次，有效评论 7 条，来源 2 个，跨来源共振，情绪 中性，当前判断：保留观察。,待确认,video_id=7644093208830100453; video_url=https://www.douyin.com/video/7644093208830100453; creator=阿龙闯大A📈; like=1; reply=4; source_type=comment; yeren_signal_id=; parent_comment_text=,16:33,抖音评论,video,这次发的及时吧，吃点小肉#股票 #股民 #vlgo十亿流量扶持计划,啊皓有点困-,7644093208830100453,https://www.douyin.com/video/7644093208830100453,,7644115787879547697,16:33,待确认,中性,自动映射到抖音视频评论池。,9.5,false
2026-05-26,longge,抖音评论 16:32,我连续买了三次没进的去[泪奔][泪奔][泪奔]然后就不高兴进去了[泪奔][泪奔][泪奔][泪奔][泪奔][泪奔][泪奔][泪奔],,,,否,video_id=7644093208830100453; video_url=https://www.douyin.com/video/7644093208830100453; creator=阿龙闯大A📈; like=0; reply=0; source_type=comment; yeren_signal_id=; parent_comment_text=,16:32,抖音评论,video,这次发的及时吧，吃点小肉#股票 #股民 #vlgo十亿流量扶持计划,七兮是也1483,7644093208830100453,https://www.douyin.com/video/7644093208830100453,,7644115628361827124,16:32,未纳入,中性,自动映射到抖音视频评论池。,,false
2026-05-26,longge,抖音评论 16:31,昨天进的大唐，以为今天⬆️了，中午加仓然后就⬇️了[捂脸][捂脸][捂脸],,,,否,video_id=7644093208830100453; video_url=https://www.douyin.com/video/7644093208830100453; creator=阿龙闯大A📈; like=0; reply=0; source_type=comment; yeren_signal_id=; parent_comment_text=,16:31,抖音评论,video,这次发的及时吧，吃点小肉#股票 #股民 #vlgo十亿流量扶持计划,四季看之谦,7644093208830100453,https://www.douyin.com/video/7644093208830100453,,7644115386125075235,16:31,未纳入,中性,自动映射到抖音视频评论池。,,false
2026-05-26,longge,抖音评论 16:31,大唐发电[发呆]有没有大哥说说,,,,否,video_id=7644093208830100453; video_url=https://www.douyin.com/video/7644093208830100453; creator=阿龙闯大A📈; like=1; reply=5; source_type=comment; yeren_signal_id=; parent_comment_text=,16:31,抖音评论,video,这次发的及时吧，吃点小肉#股票 #股民 #vlgo十亿流量扶持计划,正在暴富锺,7644093208830100453,https://www.douyin.com/video/7644093208830100453,,7644115361571259194,16:31,未纳入,中性,自动映射到抖音视频评论池。,,false
2026-05-26,longge,抖音评论 16:30,哪位大哥说说多氟多 求教[666],多氟多(002407),,多氟多(002407) 被提及 4 次，有效评论 4 条，来源 2 个，跨来源共振，情绪 中性，当前判断：保留观察。,待确认,video_id=7644093208830100453; video_url=https://www.douyin.com/video/7644093208830100453; creator=阿龙闯大A📈; like=0; reply=5; source_type=comment; yeren_signal_id=; parent_comment_text=,16:30,抖音评论,video,这次发的及时吧，吃点小肉#股票 #股民 #vlgo十亿流量扶持计划,危货运输专家,7644093208830100453,https://www.douyin.com/video/7644093208830100453,,7644115105093124921,16:30,待确认,中性,自动映射到抖音视频评论池。,8.3,false
2026-05-26,longge,抖音评论 16:30,应该是大哥拉的吧[捂脸],,,,否,video_id=7644093208830100453; video_url=https://www.douyin.com/video/7644093208830100453; creator=阿龙闯大A📈; like=0; reply=0; source_type=comment; yeren_signal_id=; parent_comment_text=,16:30,抖音评论,video,这次发的及时吧，吃点小肉#股票 #股民 #vlgo十亿流量扶持计划,陽,7644093208830100453,https://www.douyin.com/video/7644093208830100453,,7644115092913144634,16:30,未纳入,中性,自动映射到抖音视频评论池。,,false
2026-05-26,longge,抖音评论 16:28,圣泉集团大哥们怎么看,圣泉集团(605589),,圣泉集团(605589) 被提及 1 次，有效评论 1 条，来源 1 个，单视频线索，情绪 中性，当前判断：保留观察。,待确认,video_id=7644093208830100453; video_url=https://www.douyin.com/video/7644093208830100453; creator=阿龙闯大A📈; like=0; reply=0; source_type=comment; yeren_signal_id=; parent_comment_text=,16:28,抖音评论,video,这次发的及时吧，吃点小肉#股票 #股民 #vlgo十亿流量扶持计划,yi,7644093208830100453,https://www.douyin.com/video/7644093208830100453,,7644114652742697734,16:28,待确认,中性,自动映射到抖音视频评论池。,6.4,false
2026-05-26,longge,抖音评论 16:28,你吃独食,,,,否,video_id=7644093208830100453; video_url=https://www.douyin.com/video/7644093208830100453; creator=阿龙闯大A📈; like=0; reply=0; source_type=comment; yeren_signal_id=; parent_comment_text=,16:28,抖音评论,video,这次发的及时吧，吃点小肉#股票 #股民 #vlgo十亿流量扶持计划,风川,7644093208830100453,https://www.douyin.com/video/7644093208830100453,,7644114575885026099,16:28,未纳入,中性,自动映射到抖音视频评论池。,,false
2026-05-26,longge,抖音评论 16:28,有没有大哥给我一只股呀,,,,否,video_id=7644093208830100453; video_url=https://www.douyin.com/video/7644093208830100453; creator=阿龙闯大A📈; like=0; reply=0; source_type=comment; yeren_signal_id=; parent_comment_text=,16:28,抖音评论,video,这次发的及时吧，吃点小肉#股票 #股民 #vlgo十亿流量扶持计划,_xxx,7644093208830100453,https://www.douyin.com/video/7644093208830100453,,7644114486693118772,16:28,未纳入,中性,自动映射到抖音视频评论池。,,false
2026-05-26,longge,抖音评论 16:28,尾盘进了通富明天怎么样？,,,,否,video_id=7644093208830100453; video_url=https://www.douyin.com/video/7644093208830100453; creator=阿龙闯大A📈; like=0; reply=5; source_type=comment; yeren_signal_id=; parent_comment_text=,16:28,抖音评论,video,这次发的及时吧，吃点小肉#股票 #股民 #vlgo十亿流量扶持计划,点根昨天的🎆,7644093208830100453,https://www.douyin.com/video/7644093208830100453,,7644114489294439214,16:28,未纳入,中性,自动映射到抖音视频评论池。,,false
2026-05-26,longge,抖音评论 16:27,上周说龙蟠的大哥呢，继续拿着吗？,,,,否,video_id=7644093208830100453; video_url=https://www.douyin.com/video/7644093208830100453; creator=阿龙闯大A📈; like=0; reply=0; source_type=comment; yeren_signal_id=; parent_comment_text=,16:27,抖音评论,video,这次发的及时吧，吃点小肉#股票 #股民 #vlgo十亿流量扶持计划,无闻,7644093208830100453,https://www.douyin.com/video/7644093208830100453,,7644114251006804788,16:27,未纳入,中性,自动映射到抖音视频评论池。,,false
2026-05-26,longge,抖音评论 16:27,看到了，没钱买[捂脸],,,,否,video_id=7644093208830100453; video_url=https://www.douyin.com/video/7644093208830100453; creator=阿龙闯大A📈; like=0; reply=0; source_type=comment; yeren_signal_id=; parent_comment_text=,16:27,抖音评论,video,这次发的及时吧，吃点小肉#股票 #股民 #vlgo十亿流量扶持计划,吹哨人,7644093208830100453,https://www.douyin.com/video/7644093208830100453,,7644114238512530182,16:27,未纳入,中性,自动映射到抖音视频评论池。,,false
2026-05-26,longge,抖音评论 16:25,ttgf,,,,否,video_id=7644093208830100453; video_url=https://www.douyin.com/video/7644093208830100453; creator=阿龙闯大A📈; like=0; reply=0; source_type=comment; yeren_signal_id=; parent_comment_text=,16:25,抖音评论,video,这次发的及时吧，吃点小肉#股票 #股民 #vlgo十亿流量扶持计划,难道是小猪,7644093208830100453,https://www.douyin.com/video/7644093208830100453,,7644113877941257009,16:25,未纳入,中性,自动映射到抖音视频评论池。,,false
2026-05-26,longge,抖音评论 16:25,我也刷到那大哥的评论   一看涨停了[赞]  牛逼,,,,否,video_id=7644093208830100453; video_url=https://www.douyin.com/video/7644093208830100453; creator=阿龙闯大A📈; like=0; reply=0; source_type=comment; yeren_signal_id=; parent_comment_text=,16:25,抖音评论,video,这次发的及时吧，吃点小肉#股票 #股民 #vlgo十亿流量扶持计划,光辉岁月,7644093208830100453,https://www.douyin.com/video/7644093208830100453,,7644113798550897442,16:25,未纳入,中性,自动映射到抖音视频评论池。,,false
2026-05-26,longge,抖音评论 16:25,龙溪股份,龙溪股份(600592),,龙溪股份(600592) 被提及 1 次，有效评论 1 条，来源 1 个，单视频线索，情绪 中性，当前判断：保留观察。,待确认,video_id=7644093208830100453; video_url=https://www.douyin.com/video/7644093208830100453; creator=阿龙闯大A📈; like=0; reply=3; source_type=comment; yeren_signal_id=; parent_comment_text=,16:25,抖音评论,video,这次发的及时吧，吃点小肉#股票 #股民 #vlgo十亿流量扶持计划,樱桃甜甜,7644093208830100453,https://www.douyin.com/video/7644093208830100453,,7644113770429039387,16:25,待确认,中性,自动映射到抖音视频评论池。,6.4,false
2026-05-26,longge,抖音评论 16:24,昨天没子弹了卖了山东买长电，想着冲高卖了接回来的下午直接涨停[宕机]长电拉稀还好尾盘又板了,,,,否,video_id=7644093208830100453; video_url=https://www.douyin.com/video/7644093208830100453; creator=阿龙闯大A📈; like=1; reply=0; source_type=comment; yeren_signal_id=; parent_comment_text=,16:24,抖音评论,video,这次发的及时吧，吃点小肉#股票 #股民 #vlgo十亿流量扶持计划,喜新厌旧,7644093208830100453,https://www.douyin.com/video/7644093208830100453,,7644113618515133224,16:24,未纳入,中性,自动映射到抖音视频评论池。,,false
2026-05-26,longge,抖音评论 16:24,没挤进去[流泪],,,,否,video_id=7644093208830100453; video_url=https://www.douyin.com/video/7644093208830100453; creator=阿龙闯大A📈; like=0; reply=0; source_type=comment; yeren_signal_id=; parent_comment_text=,16:24,抖音评论,video,这次发的及时吧，吃点小肉#股票 #股民 #vlgo十亿流量扶持计划,杀死那朵花,7644093208830100453,https://www.douyin.com/video/7644093208830100453,,7644113552731849521,16:24,未纳入,中性,自动映射到抖音视频评论池。,,false
2026-05-26,longge,抖音评论 16:24,我下午开盘买啦两百，买过就板了，嘿嘿，开心,,,,否,video_id=7644093208830100453; video_url=https://www.douyin.com/video/7644093208830100453; creator=阿龙闯大A📈; like=0; reply=0; source_type=comment; yeren_signal_id=; parent_comment_text=,16:24,抖音评论,video,这次发的及时吧，吃点小肉#股票 #股民 #vlgo十亿流量扶持计划,🌈🌈🌈ZJ小姐的猫,7644093208830100453,https://www.douyin.com/video/7644093208830100453,,7644113547810784059,16:24,未纳入,中性,自动映射到抖音视频评论池。,,false
2026-05-26,longge,抖音评论 16:23,深科技，大哥明天还能留吗？,深科技(000021),,深科技(000021) 被提及 15 次，有效评论 15 条，来源 2 个，跨来源共振，情绪 中性，当前判断：保留观察。,待确认,video_id=7644093208830100453; video_url=https://www.douyin.com/video/7644093208830100453; creator=阿龙闯大A📈; like=2; reply=2; source_type=comment; yeren_signal_id=; parent_comment_text=,16:23,抖音评论,video,这次发的及时吧，吃点小肉#股票 #股民 #vlgo十亿流量扶持计划,凯歌,7644093208830100453,https://www.douyin.com/video/7644093208830100453,,7644113281258455857,16:23,待确认,中性,自动映射到抖音视频评论池。,9.6,false
2026-05-26,longge,抖音评论 16:23,哪位大哥指点下云南zhe业怎么办？重仓到不能动弹，,,,,否,video_id=7644093208830100453; video_url=https://www.douyin.com/video/7644093208830100453; creator=阿龙闯大A📈; like=0; reply=0; source_type=comment; yeren_signal_id=; parent_comment_text=,16:23,抖音评论,video,这次发的及时吧，吃点小肉#股票 #股民 #vlgo十亿流量扶持计划,小幸福,7644093208830100453,https://www.douyin.com/video/7644093208830100453,,7644113231120139008,16:23,未纳入,中性,自动映射到抖音视频评论池。,,false
2026-05-26,longge,抖音评论 16:21,威龙，到点了,,,,否,video_id=7644093208830100453; video_url=https://www.douyin.com/video/7644093208830100453; creator=阿龙闯大A📈; like=2; reply=0; source_type=comment; yeren_signal_id=; parent_comment_text=,16:21,抖音评论,video,这次发的及时吧，吃点小肉#股票 #股民 #vlgo十亿流量扶持计划,东营高瓴装饰,7644093208830100453,https://www.douyin.com/video/7644093208830100453,,7644112712948319034,16:21,未纳入,中性,自动映射到抖音视频评论池。,,false
2026-05-26,longge,抖音评论 16:21,我竟然眼睁看着他涨停，竟然没买进去[捂脸],,,,否,video_id=7644093208830100453; video_url=https://www.douyin.com/video/7644093208830100453; creator=阿龙闯大A📈; like=0; reply=0; source_type=comment; yeren_signal_id=; parent_comment_text=,16:21,抖音评论,video,这次发的及时吧，吃点小肉#股票 #股民 #vlgo十亿流量扶持计划,ღღ᭄夏沫烟雨ꦿ࿐,7644093208830100453,https://www.douyin.com/video/7644093208830100453,,7644112682459988785,16:21,未纳入,中性,自动映射到抖音视频评论池。,,false
2026-05-26,longge,抖音评论 16:20,今天进了福达hj不知道明天会咋样,,,,否,video_id=7644093208830100453; video_url=https://www.douyin.com/video/7644093208830100453; creator=阿龙闯大A📈; like=0; reply=0; source_type=comment; yeren_signal_id=; parent_comment_text=,16:20,抖音评论,video,这次发的及时吧，吃点小肉#股票 #股民 #vlgo十亿流量扶持计划,差点就是帅哥,7644093208830100453,https://www.douyin.com/video/7644093208830100453,,7644112367400239898,16:20,未纳入,中性,自动映射到抖音视频评论池。,,false
2026-05-26,longge,抖音评论 16:18,是不是说两个板的山东？,,,,否,video_id=7644093208830100453; video_url=https://www.douyin.com/video/7644093208830100453; creator=阿龙闯大A📈; like=0; reply=1; source_type=comment; yeren_signal_id=; parent_comment_text=,16:18,抖音评论,video,这次发的及时吧，吃点小肉#股票 #股民 #vlgo十亿流量扶持计划,Liang,7644093208830100453,https://www.douyin.com/video/7644093208830100453,,7644111997995434789,16:18,未纳入,中性,自动映射到抖音视频评论池。,,false
2026-05-26,longge,抖音评论 16:17,昨天说大众公用的大哥在吗，牛[赞],,,,否,video_id=7644093208830100453; video_url=https://www.douyin.com/video/7644093208830100453; creator=阿龙闯大A📈; like=0; reply=0; source_type=comment; yeren_signal_id=; parent_comment_text=,16:17,抖音评论,video,这次发的及时吧，吃点小肉#股票 #股民 #vlgo十亿流量扶持计划,茉莉,7644093208830100453,https://www.douyin.com/video/7644093208830100453,,7644111662580351801,16:17,未纳入,中性,自动映射到抖音视频评论池。,,false
2026-05-26,longge,抖音评论 16:17,航天动力有没有大哥看下 马上跌破箱体了要不要走[泣不成声],航天动力(600343),商业航天,航天动力(600343) 被提及 2 次，有效评论 2 条，来源 1 个，单视频线索，情绪 中性，当前判断：保留观察。,待确认,video_id=7644093208830100453; video_url=https://www.douyin.com/video/7644093208830100453; creator=阿龙闯大A📈; like=0; reply=2; source_type=comment; yeren_signal_id=; parent_comment_text=,16:17,抖音评论,video,这次发的及时吧，吃点小肉#股票 #股民 #vlgo十亿流量扶持计划,上海和平饭店团购浮力管,7644093208830100453,https://www.douyin.com/video/7644093208830100453,,7644111585585414961,16:17,待确认,中性,自动映射到抖音视频评论池。,6.9,false
2026-05-26,longge,抖音评论 16:17,周四说龙蟠科技的大哥，有多少兄弟冲进去了今天又割肉出来了[捂脸]，说鸭头已经形成这周百分百会涨的，直接亏差不多十个点[笑哭]，我一个兄弟全仓冲进去，今天还是水下含泪割的[捂脸],龙蟠科技(603906),锂电材料,龙蟠科技(603906) 被提及 1 次，有效评论 1 条，来源 1 个，单视频线索，情绪 谨慎，当前判断：偏风险观察。,否,video_id=7644093208830100453; video_url=https://www.douyin.com/video/7644093208830100453; creator=阿龙闯大A📈; like=3; reply=0; source_type=comment; yeren_signal_id=; parent_comment_text=,16:17,抖音评论,video,这次发的及时吧，吃点小肉#股票 #股民 #vlgo十亿流量扶持计划,初颜头疗·美容美发官方号,7644093208830100453,https://www.douyin.com/video/7644093208830100453,,7644111580317205297,16:17,未纳入,谨慎,自动映射到抖音视频评论池。,5.9,false
2026-05-26,longge,抖音评论 16:16,这个的确厉害，可惜我的全在长电,,,,否,video_id=7644093208830100453; video_url=https://www.douyin.com/video/7644093208830100453; creator=阿龙闯大A📈; like=0; reply=0; source_type=comment; yeren_signal_id=; parent_comment_text=,16:16,抖音评论,video,这次发的及时吧，吃点小肉#股票 #股民 #vlgo十亿流量扶持计划,奋斗的人生,7644093208830100453,https://www.douyin.com/video/7644093208830100453,,7644111452924314417,16:16,未纳入,中性,自动映射到抖音视频评论池。,,false
2026-05-26,longge,抖音评论 16:16,大哥帮慢看看永鼎 还能拿吗,,,,否,video_id=7644093208830100453; video_url=https://www.douyin.com/video/7644093208830100453; creator=阿龙闯大A📈; like=0; reply=0; source_type=comment; yeren_signal_id=; parent_comment_text=,16:16,抖音评论,video,这次发的及时吧，吃点小肉#股票 #股民 #vlgo十亿流量扶持计划,橙子阳仔和六一,7644093208830100453,https://www.douyin.com/video/7644093208830100453,,7644111373853016890,16:16,未纳入,中性,自动映射到抖音视频评论池。,,false
2026-05-26,longge,抖音评论 16:15,大哥开始说明天的吗,,,,否,video_id=7644093208830100453; video_url=https://www.douyin.com/video/7644093208830100453; creator=阿龙闯大A📈; like=0; reply=0; source_type=comment; yeren_signal_id=; parent_comment_text=,16:15,抖音评论,video,这次发的及时吧，吃点小肉#股票 #股民 #vlgo十亿流量扶持计划,📈,7644093208830100453,https://www.douyin.com/video/7644093208830100453,,7644111176393720602,16:15,未纳入,中性,自动映射到抖音视频评论池。,,false
2026-05-26,longge,抖音评论 16:15,兴业可以研究一下。做一下T,,,,否,video_id=7644093208830100453; video_url=https://www.douyin.com/video/7644093208830100453; creator=阿龙闯大A📈; like=0; reply=0; source_type=comment; yeren_signal_id=; parent_comment_text=,16:15,抖音评论,video,这次发的及时吧，吃点小肉#股票 #股民 #vlgo十亿流量扶持计划,想啥,7644093208830100453,https://www.douyin.com/video/7644093208830100453,,7644111096831361849,16:15,未纳入,中性,自动映射到抖音视频评论池。,,false
2026-05-26,longge,抖音评论 16:14,到底在哪里看啊,,,,否,video_id=7644093208830100453; video_url=https://www.douyin.com/video/7644093208830100453; creator=阿龙闯大A📈; like=0; reply=0; source_type=comment; yeren_signal_id=; parent_comment_text=,16:14,抖音评论,video,这次发的及时吧，吃点小肉#股票 #股民 #vlgo十亿流量扶持计划,Zzl.,7644093208830100453,https://www.douyin.com/video/7644093208830100453,,7644110803650085681,16:14,未纳入,中性,自动映射到抖音视频评论池。,,false
2026-05-26,longge,抖音评论 16:13,1点准时挂单，没买进,,,,否,video_id=7644093208830100453; video_url=https://www.douyin.com/video/7644093208830100453; creator=阿龙闯大A📈; like=0; reply=0; source_type=comment; yeren_signal_id=; parent_comment_text=,16:13,抖音评论,video,这次发的及时吧，吃点小肉#股票 #股民 #vlgo十亿流量扶持计划,✨往后余生✨,7644093208830100453,https://www.douyin.com/video/7644093208830100453,,7644110667318018867,16:13,未纳入,中性,自动映射到抖音视频评论池。,,false
2026-05-26,longge,抖音评论 16:12,红板怎么说呀，有大哥指点一下不[黄脸干杯],,,,否,video_id=7644093208830100453; video_url=https://www.douyin.com/video/7644093208830100453; creator=阿龙闯大A📈; like=0; reply=0; source_type=comment; yeren_signal_id=; parent_comment_text=,16:12,抖音评论,video,这次发的及时吧，吃点小肉#股票 #股民 #vlgo十亿流量扶持计划,ewig,7644093208830100453,https://www.douyin.com/video/7644093208830100453,,7644110422279209765,16:12,未纳入,中性,自动映射到抖音视频评论池。,,false
2026-05-26,longge,抖音评论 16:11,九牧王是哪位大哥说的[戳手手]感谢[比心],九牧王(601566),,九牧王(601566) 被提及 4 次，有效评论 4 条，来源 2 个，跨来源共振，情绪 中性，当前判断：保留观察。,待确认,video_id=7644093208830100453; video_url=https://www.douyin.com/video/7644093208830100453; creator=阿龙闯大A📈; like=0; reply=0; source_type=comment; yeren_signal_id=; parent_comment_text=,16:11,抖音评论,video,这次发的及时吧，吃点小肉#股票 #股民 #vlgo十亿流量扶持计划,sheen🌼,7644093208830100453,https://www.douyin.com/video/7644093208830100453,,7644110210723201841,16:11,待确认,中性,自动映射到抖音视频评论池。,8.3,false
2026-05-26,longge,抖音评论 16:11,20万跟进去了 还好中午刷到了  明天能否吃肉,,,,否,video_id=7644093208830100453; video_url=https://www.douyin.com/video/7644093208830100453; creator=阿龙闯大A📈; like=0; reply=0; source_type=comment; yeren_signal_id=; parent_comment_text=,16:11,抖音评论,video,这次发的及时吧，吃点小肉#股票 #股民 #vlgo十亿流量扶持计划,六六,7644093208830100453,https://www.douyin.com/video/7644093208830100453,,7644110200778490658,16:11,未纳入,中性,自动映射到抖音视频评论池。,,false
2026-05-26,longge,抖音评论 16:11,已经76个人了 还有一起的吗,,,,否,video_id=7644093208830100453; video_url=https://www.douyin.com/video/7644093208830100453; creator=阿龙闯大A📈; like=0; reply=0; source_type=comment; yeren_signal_id=; parent_comment_text=,16:11,抖音评论,video,这次发的及时吧，吃点小肉#股票 #股民 #vlgo十亿流量扶持计划,明静,7644093208830100453,https://www.douyin.com/video/7644093208830100453,,7644110171975303993,16:11,未纳入,中性,自动映射到抖音视频评论池。,,false
2026-05-26,longge,抖音评论 16:11,有没有大哥说说明天的[戳手手],,,,否,video_id=7644093208830100453; video_url=https://www.douyin.com/video/7644093208830100453; creator=阿龙闯大A📈; like=0; reply=1; source_type=comment; yeren_signal_id=; parent_comment_text=,16:11,抖音评论,video,这次发的及时吧，吃点小肉#股票 #股民 #vlgo十亿流量扶持计划,Z11,7644093208830100453,https://www.douyin.com/video/7644093208830100453,,7644110138362233658,16:11,未纳入,中性,自动映射到抖音视频评论池。,,false
2026-05-26,longge,抖音评论 16:11,@[流泪],,,,否,video_id=7644093208830100453; video_url=https://www.douyin.com/video/7644093208830100453; creator=阿龙闯大A📈; like=0; reply=0; source_type=comment; yeren_signal_id=; parent_comment_text=,16:11,抖音评论,video,这次发的及时吧，吃点小肉#股票 #股民 #vlgo十亿流量扶持计划,1,7644093208830100453,https://www.douyin.com/video/7644093208830100453,,7644110111955600169,16:11,未纳入,中性,自动映射到抖音视频评论池。,,false
2026-05-26,longge,抖音评论 16:10,长电不香吗，快拿不住了,,,,否,video_id=7644093208830100453; video_url=https://www.douyin.com/video/7644093208830100453; creator=阿龙闯大A📈; like=0; reply=0; source_type=comment; yeren_signal_id=; parent_comment_text=,16:10,抖音评论,video,这次发的及时吧，吃点小肉#股票 #股民 #vlgo十亿流量扶持计划,Viete,7644093208830100453,https://www.douyin.com/video/7644093208830100453,,7644110023378993977,16:10,未纳入,中性,自动映射到抖音视频评论池。,,false
2026-05-26,longge,抖音评论 16:09,[喜羊羊][美羊羊][懒羊羊][暖羊羊][沸羊羊][灰太狼],,,,否,video_id=7644093208830100453; video_url=https://www.douyin.com/video/7644093208830100453; creator=阿龙闯大A📈; like=0; reply=0; source_type=comment; yeren_signal_id=; parent_comment_text=,16:09,抖音评论,video,这次发的及时吧，吃点小肉#股票 #股民 #vlgo十亿流量扶持计划,如花似玉的姑娘,7644093208830100453,https://www.douyin.com/video/7644093208830100453,,7644109762619884325,16:09,未纳入,中性,自动映射到抖音视频评论池。,,false
2026-05-26,longge,抖音评论 16:08,怎么没有蟑螂大哥了,,,,否,video_id=7644093208830100453; video_url=https://www.douyin.com/video/7644093208830100453; creator=阿龙闯大A📈; like=0; reply=0; source_type=comment; yeren_signal_id=; parent_comment_text=,16:08,抖音评论,video,这次发的及时吧，吃点小肉#股票 #股民 #vlgo十亿流量扶持计划,phonk7777,7644093208830100453,https://www.douyin.com/video/7644093208830100453,,7644109490032067343,16:08,未纳入,中性,自动映射到抖音视频评论池。,,false
2026-05-26,longge,抖音评论 16:08,国晟kj 有没大哥给分析下，[流泪],,,,否,video_id=7644093208830100453; video_url=https://www.douyin.com/video/7644093208830100453; creator=阿龙闯大A📈; like=0; reply=4; source_type=comment; yeren_signal_id=; parent_comment_text=,16:08,抖音评论,video,这次发的及时吧，吃点小肉#股票 #股民 #vlgo十亿流量扶持计划,a.名酒直供,7644093208830100453,https://www.douyin.com/video/7644093208830100453,,7644109434692993849,16:08,未纳入,中性,自动映射到抖音视频评论池。,,false
2026-05-26,longge,抖音评论 16:08,龙哥，给我们也说说呀,,,,否,video_id=7644093208830100453; video_url=https://www.douyin.com/video/7644093208830100453; creator=阿龙闯大A📈; like=0; reply=0; source_type=comment; yeren_signal_id=; parent_comment_text=,16:08,抖音评论,video,这次发的及时吧，吃点小肉#股票 #股民 #vlgo十亿流量扶持计划,小汤圆和肉包子,7644093208830100453,https://www.douyin.com/video/7644093208830100453,,7644109389776044851,16:08,未纳入,中性,自动映射到抖音视频评论池。,,false
2026-05-26,longge,抖音评论 16:08,有没有大哥救救我，我快不行了，南方精工！[看],南方精工(002553),,南方精工(002553) 被提及 1 次，有效评论 1 条，来源 1 个，单视频线索，情绪 谨慎，当前判断：保留观察。,待确认,video_id=7644093208830100453; video_url=https://www.douyin.com/video/7644093208830100453; creator=阿龙闯大A📈; like=0; reply=2; source_type=comment; yeren_signal_id=; parent_comment_text=,16:08,抖音评论,video,这次发的及时吧，吃点小肉#股票 #股民 #vlgo十亿流量扶持计划,“羊里羊气”的巨贵金豆,7644093208830100453,https://www.douyin.com/video/7644093208830100453,,7644109360554132239,16:08,待确认,谨慎,自动映射到抖音视频评论池。,6.4,false
2026-05-26,longge,抖音评论 16:08,评论区捡的太极还能接着拿吗,,,,否,video_id=7644093208830100453; video_url=https://www.douyin.com/video/7644093208830100453; creator=阿龙闯大A📈; like=0; reply=0; source_type=comment; yeren_signal_id=; parent_comment_text=,16:08,抖音评论,video,这次发的及时吧，吃点小肉#股票 #股民 #vlgo十亿流量扶持计划,Bang小狮子～,7644093208830100453,https://www.douyin.com/video/7644093208830100453,,7644109354488824617,16:08,未纳入,中性,自动映射到抖音视频评论池。,,false
2026-05-26,longge,抖音评论 16:08,说黑芝麻的大哥在哪里[玫瑰][玫瑰],黑芝麻(000716),,黑芝麻(000716) 被提及 4 次，有效评论 4 条，来源 1 个，单视频线索，情绪 中性，当前判断：保留观察。,待确认,video_id=7644093208830100453; video_url=https://www.douyin.com/video/7644093208830100453; creator=阿龙闯大A📈; like=1; reply=1; source_type=comment; yeren_signal_id=; parent_comment_text=,16:08,抖音评论,video,这次发的及时吧，吃点小肉#股票 #股民 #vlgo十亿流量扶持计划,北漂的大灰狼,7644093208830100453,https://www.douyin.com/video/7644093208830100453,,7644109317378441994,16:08,待确认,中性,自动映射到抖音视频评论池。,7.6,false
2026-05-26,longge,抖音评论 16:07,有没有大佬会看光讯的，光讯给我跌麻了,,,评论热度较高，但暂未自动识别到明确股票线索，保留人工复核。,待确认,video_id=7644093208830100453; video_url=https://www.douyin.com/video/7644093208830100453; creator=阿龙闯大A📈; like=1; reply=18; source_type=comment; yeren_signal_id=; parent_comment_text=,16:07,抖音评论,video,这次发的及时吧，吃点小肉#股票 #股民 #vlgo十亿流量扶持计划,小姐姐,7644093208830100453,https://www.douyin.com/video/7644093208830100453,,7644109252285498122,16:07,待确认,中性,自动映射到抖音视频评论池。,6.2,false
2026-05-26,longge,抖音评论 16:07,世纪华通终于开始启动了[机智][机智][机智],世纪华通(002602),,世纪华通(002602) 被提及 1 次，有效评论 1 条，来源 1 个，单视频线索，情绪 中性，当前判断：保留观察。,待确认,video_id=7644093208830100453; video_url=https://www.douyin.com/video/7644093208830100453; creator=阿龙闯大A📈; like=0; reply=3; source_type=comment; yeren_signal_id=; parent_comment_text=,16:07,抖音评论,video,这次发的及时吧，吃点小肉#股票 #股民 #vlgo十亿流量扶持计划,空气水&氧气鱼,7644093208830100453,https://www.douyin.com/video/7644093208830100453,,7644109229825868581,16:07,待确认,中性,自动映射到抖音视频评论池。,6.4,false
2026-05-26,longge,抖音评论 16:06,真大哥太少了，大多数乱说的，双良被套的死死的[酷拽],,,,否,video_id=7644093208830100453; video_url=https://www.douyin.com/video/7644093208830100453; creator=阿龙闯大A📈; like=1; reply=0; source_type=comment; yeren_signal_id=; parent_comment_text=,16:06,抖音评论,video,这次发的及时吧，吃点小肉#股票 #股民 #vlgo十亿流量扶持计划,功夫🔥柴人,7644093208830100453,https://www.douyin.com/video/7644093208830100453,,7644108956323906330,16:06,未纳入,中性,自动映射到抖音视频评论池。,,false
2026-05-26,longge,抖音评论 16:06,锁仓恒润吧 马上要起飞了,,,,否,video_id=7644093208830100453; video_url=https://www.douyin.com/video/7644093208830100453; creator=阿龙闯大A📈; like=0; reply=4; source_type=comment; yeren_signal_id=; parent_comment_text=,16:06,抖音评论,video,这次发的及时吧，吃点小肉#股票 #股民 #vlgo十亿流量扶持计划,Banana,7644093208830100453,https://www.douyin.com/video/7644093208830100453,,7644108763586839337,16:06,未纳入,中性,自动映射到抖音视频评论池。,,false
2026-05-26,longge,抖音评论 16:04,为什么把大哥的评论给删了？,,,,否,video_id=7644093208830100453; video_url=https://www.douyin.com/video/7644093208830100453; creator=阿龙闯大A📈; like=0; reply=0; source_type=comment; yeren_signal_id=; parent_comment_text=,16:04,抖音评论,video,这次发的及时吧，吃点小肉#股票 #股民 #vlgo十亿流量扶持计划,贺尔忒,7644093208830100453,https://www.douyin.com/video/7644093208830100453,,7644108236518703912,16:04,未纳入,中性,自动映射到抖音视频评论池。,,false
2026-05-26,longge,抖音评论 16:03,有没有大哥讲讲达实明天怎么样[懵]今天跳起来买了[懵],,,,否,video_id=7644093208830100453; video_url=https://www.douyin.com/video/7644093208830100453; creator=阿龙闯大A📈; like=1; reply=3; source_type=comment; yeren_signal_id=; parent_comment_text=,16:03,抖音评论,video,这次发的及时吧，吃点小肉#股票 #股民 #vlgo十亿流量扶持计划,Eason_09,7644093208830100453,https://www.douyin.com/video/7644093208830100453,,7644108175462171449,16:03,未纳入,中性,自动映射到抖音视频评论池。,,false
2026-05-26,longge,抖音评论 16:03,我也买了,,,,否,video_id=7644093208830100453; video_url=https://www.douyin.com/video/7644093208830100453; creator=阿龙闯大A📈; like=0; reply=0; source_type=comment; yeren_signal_id=; parent_comment_text=,16:03,抖音评论,video,这次发的及时吧，吃点小肉#股票 #股民 #vlgo十亿流量扶持计划,大川同学,7644093208830100453,https://www.douyin.com/video/7644093208830100453,,7644108078695596842,16:03,未纳入,中性,自动映射到抖音视频评论池。,,false
2026-05-26,longge,抖音评论 16:02,达实下午尾盘进了，还有戏[捂脸]，不然明天早上赶紧跑,,,,否,video_id=7644093208830100453; video_url=https://www.douyin.com/video/7644093208830100453; creator=阿龙闯大A📈; like=0; reply=0; source_type=comment; yeren_signal_id=; parent_comment_text=,16:02,抖音评论,video,这次发的及时吧，吃点小肉#股票 #股民 #vlgo十亿流量扶持计划,俏小姐🎂🍪🥐,7644093208830100453,https://www.douyin.com/video/7644093208830100453,,7644107771009368881,16:02,未纳入,中性,自动映射到抖音视频评论池。,,false
2026-05-26,longge,抖音评论 16:01,来位义父救救孩子吧，已经亏了20点了[流泪],,,,否,video_id=7644093208830100453; video_url=https://www.douyin.com/video/7644093208830100453; creator=阿龙闯大A📈; like=0; reply=0; source_type=comment; yeren_signal_id=; parent_comment_text=,16:01,抖音评论,video,这次发的及时吧，吃点小肉#股票 #股民 #vlgo十亿流量扶持计划,Hachi,7644093208830100453,https://www.douyin.com/video/7644093208830100453,,7644107581581050673,16:01,未纳入,中性,自动映射到抖音视频评论池。,,false
2026-05-26,longge,抖音评论 16:00,都是假大哥，已经套了3只了，没有点实力的也在说[流泪],,,,否,video_id=7644093208830100453; video_url=https://www.douyin.com/video/7644093208830100453; creator=阿龙闯大A📈; like=1; reply=0; source_type=comment; yeren_signal_id=; parent_comment_text=,16:00,抖音评论,video,这次发的及时吧，吃点小肉#股票 #股民 #vlgo十亿流量扶持计划,看一个热闹,7644093208830100453,https://www.douyin.com/video/7644093208830100453,,7644107380679181106,16:00,未纳入,中性,自动映射到抖音视频评论池。,,false
2026-05-26,longge,抖音评论 16:00,太牛了 [V5],,,,否,video_id=7644093208830100453; video_url=https://www.douyin.com/video/7644093208830100453; creator=阿龙闯大A📈; like=0; reply=0; source_type=comment; yeren_signal_id=; parent_comment_text=,16:00,抖音评论,video,这次发的及时吧，吃点小肉#股票 #股民 #vlgo十亿流量扶持计划,法务老张,7644093208830100453,https://www.douyin.com/video/7644093208830100453,,7644107375306474303,16:00,未纳入,中性,自动映射到抖音视频评论池。,,false
2026-05-26,longge,抖音评论 16:00,中午看到信息，真的老了，没有搞赢，吃了 2 个点，这个是真大哥[玫瑰][玫瑰][玫瑰],,,,否,video_id=7644093208830100453; video_url=https://www.douyin.com/video/7644093208830100453; creator=阿龙闯大A📈; like=0; reply=0; source_type=comment; yeren_signal_id=; parent_comment_text=,16:00,抖音评论,video,这次发的及时吧，吃点小肉#股票 #股民 #vlgo十亿流量扶持计划,朝气蓬勃,7644093208830100453,https://www.douyin.com/video/7644093208830100453,,7644107258801046308,16:00,未纳入,中性,自动映射到抖音视频评论池。,,false
2026-05-26,longge,抖音评论 16:00,乖乖  我就犹豫3秒   秒板,,,,否,video_id=7644093208830100453; video_url=https://www.douyin.com/video/7644093208830100453; creator=阿龙闯大A📈; like=0; reply=0; source_type=comment; yeren_signal_id=; parent_comment_text=,16:00,抖音评论,video,这次发的及时吧，吃点小肉#股票 #股民 #vlgo十亿流量扶持计划,一蓑烟雨任平生👀,7644093208830100453,https://www.douyin.com/video/7644093208830100453,,7644107209975431994,16:00,未纳入,中性,自动映射到抖音视频评论池。,,false
2026-05-26,longge,抖音评论 16:00,我的大哥联系不上了，very大哥看到联系我。,,,,否,video_id=7644093208830100453; video_url=https://www.douyin.com/video/7644093208830100453; creator=阿龙闯大A📈; like=0; reply=0; source_type=comment; yeren_signal_id=; parent_comment_text=,16:00,抖音评论,video,这次发的及时吧，吃点小肉#股票 #股民 #vlgo十亿流量扶持计划,发现发发,7644093208830100453,https://www.douyin.com/video/7644093208830100453,,7644107198239359750,16:00,未纳入,中性,自动映射到抖音视频评论池。,,false
2026-05-26,longge,抖音评论 15:59,泰坦股份我说了5天了，胆子大才能吃肉,泰坦股份(003036),,泰坦股份(003036) 被提及 2 次，有效评论 2 条，来源 1 个，单视频线索，情绪 看多，当前判断：保留观察。,待确认,video_id=7644093208830100453; video_url=https://www.douyin.com/video/7644093208830100453; creator=阿龙闯大A📈; like=1; reply=8; source_type=comment; yeren_signal_id=; parent_comment_text=,15:59,抖音评论,video,这次发的及时吧，吃点小肉#股票 #股民 #vlgo十亿流量扶持计划,拾荒者,7644093208830100453,https://www.douyin.com/video/7644093208830100453,,7644107165054436134,15:59,待确认,看多,自动映射到抖音视频评论池。,6.9,false
2026-05-26,longge,抖音评论 15:59,下午看着板的,,,,否,video_id=7644093208830100453; video_url=https://www.douyin.com/video/7644093208830100453; creator=阿龙闯大A📈; like=1; reply=2; source_type=comment; yeren_signal_id=; parent_comment_text=,15:59,抖音评论,video,这次发的及时吧，吃点小肉#股票 #股民 #vlgo十亿流量扶持计划,用户7786480359312,7644093208830100453,https://www.douyin.com/video/7644093208830100453,,7644107090475664137,15:59,未纳入,中性,自动映射到抖音视频评论池。,,false
2026-05-26,longge,抖音评论 15:58,明天呢 大哥们怎么看 明天会不会接着调整,,,,否,video_id=7644093208830100453; video_url=https://www.douyin.com/video/7644093208830100453; creator=阿龙闯大A📈; like=0; reply=0; source_type=comment; yeren_signal_id=; parent_comment_text=,15:58,抖音评论,video,这次发的及时吧，吃点小肉#股票 #股民 #vlgo十亿流量扶持计划,皮卡，皮卡丘,7644093208830100453,https://www.douyin.com/video/7644093208830100453,,7644106920245199653,15:58,未纳入,中性,自动映射到抖音视频评论池。,,false
2026-05-26,longge,抖音评论 15:58,明阳明天什么情况，大哥指引一下,,,,否,video_id=7644093208830100453; video_url=https://www.douyin.com/video/7644093208830100453; creator=阿龙闯大A📈; like=0; reply=2; source_type=comment; yeren_signal_id=; parent_comment_text=,15:58,抖音评论,video,这次发的及时吧，吃点小肉#股票 #股民 #vlgo十亿流量扶持计划,日落,7644093208830100453,https://www.douyin.com/video/7644093208830100453,,7644106892331696954,15:58,未纳入,中性,自动映射到抖音视频评论池。,,false
2026-05-26,longge,抖音评论 15:57,山东波纤天天看，就是没敢买,,,,否,video_id=7644093208830100453; video_url=https://www.douyin.com/video/7644093208830100453; creator=阿龙闯大A📈; like=0; reply=0; source_type=comment; yeren_signal_id=; parent_comment_text=,15:57,抖音评论,video,这次发的及时吧，吃点小肉#股票 #股民 #vlgo十亿流量扶持计划,yk,7644093208830100453,https://www.douyin.com/video/7644093208830100453,,7644106654536450873,15:57,未纳入,中性,自动映射到抖音视频评论池。,,false
2026-05-26,longge,抖音评论 15:57,真的是大哥[戳手手],,,,否,video_id=7644093208830100453; video_url=https://www.douyin.com/video/7644093208830100453; creator=阿龙闯大A📈; like=0; reply=0; source_type=comment; yeren_signal_id=; parent_comment_text=,15:57,抖音评论,video,这次发的及时吧，吃点小肉#股票 #股民 #vlgo十亿流量扶持计划,Satisfied,7644093208830100453,https://www.douyin.com/video/7644093208830100453,,7644106473509618466,15:57,未纳入,中性,自动映射到抖音视频评论池。,,false
2026-05-26,longge,抖音评论 15:57,这大哥能分享么,,,,否,video_id=7644093208830100453; video_url=https://www.douyin.com/video/7644093208830100453; creator=阿龙闯大A📈; like=0; reply=0; source_type=comment; yeren_signal_id=; parent_comment_text=,15:57,抖音评论,video,这次发的及时吧，吃点小肉#股票 #股民 #vlgo十亿流量扶持计划,FDYSZAY,7644093208830100453,https://www.douyin.com/video/7644093208830100453,,7644106461484466971,15:57,未纳入,中性,自动映射到抖音视频评论池。,,false
2026-05-26,longge,抖音评论 15:56,真不知道明天进哪个？有没有好大哥说一下，让人头疼,,,,否,video_id=7644093208830100453; video_url=https://www.douyin.com/video/7644093208830100453; creator=阿龙闯大A📈; like=0; reply=0; source_type=comment; yeren_signal_id=; parent_comment_text=,15:56,抖音评论,video,这次发的及时吧，吃点小肉#股票 #股民 #vlgo十亿流量扶持计划,宿醉,7644093208830100453,https://www.douyin.com/video/7644093208830100453,,7644106392211243813,15:56,未纳入,中性,自动映射到抖音视频评论池。,,false
2026-05-26,longge,抖音评论 15:55,明天储存低开高走,,,,否,video_id=7644093208830100453; video_url=https://www.douyin.com/video/7644093208830100453; creator=阿龙闯大A📈; like=0; reply=2; source_type=comment; yeren_signal_id=; parent_comment_text=,15:55,抖音评论,video,这次发的及时吧，吃点小肉#股票 #股民 #vlgo十亿流量扶持计划,Theone,7644093208830100453,https://www.douyin.com/video/7644093208830100453,,7644106139868971813,15:55,未纳入,中性,自动映射到抖音视频评论池。,,false
2026-05-26,longge,抖音评论 15:55,说了无数次，索辰天天涨不停,,,,否,video_id=7644093208830100453; video_url=https://www.douyin.com/video/7644093208830100453; creator=阿龙闯大A📈; like=0; reply=0; source_type=comment; yeren_signal_id=; parent_comment_text=,15:55,抖音评论,video,这次发的及时吧，吃点小肉#股票 #股民 #vlgo十亿流量扶持计划,丽丽雅,7644093208830100453,https://www.douyin.com/video/7644093208830100453,,7644106077396042506,15:55,未纳入,中性,自动映射到抖音视频评论池。,,false
2026-05-26,longge,抖音评论 15:55,你买的啥啊,,,,否,video_id=7644093208830100453; video_url=https://www.douyin.com/video/7644093208830100453; creator=阿龙闯大A📈; like=0; reply=0; source_type=comment; yeren_signal_id=; parent_comment_text=,15:55,抖音评论,video,这次发的及时吧，吃点小肉#股票 #股民 #vlgo十亿流量扶持计划,我叫没烦恼,7644093208830100453,https://www.douyin.com/video/7644093208830100453,,7644106003538117413,15:55,未纳入,中性,自动映射到抖音视频评论池。,,false
2026-05-26,longge,抖音评论 15:55,铜陵有色,铜陵有色(000630),,铜陵有色(000630) 被提及 2 次，有效评论 2 条，来源 1 个，单视频线索，情绪 中性，当前判断：保留观察。,待确认,video_id=7644093208830100453; video_url=https://www.douyin.com/video/7644093208830100453; creator=阿龙闯大A📈; like=0; reply=4; source_type=comment; yeren_signal_id=; parent_comment_text=,15:55,抖音评论,video,这次发的及时吧，吃点小肉#股票 #股民 #vlgo十亿流量扶持计划,ZHAIHE,7644093208830100453,https://www.douyin.com/video/7644093208830100453,,7644105979411448630,15:55,待确认,中性,自动映射到抖音视频评论池。,6.9,false
2026-05-26,longge,抖音评论 15:55,可惜没看到,,,,否,video_id=7644093208830100453; video_url=https://www.douyin.com/video/7644093208830100453; creator=阿龙闯大A📈; like=0; reply=0; source_type=comment; yeren_signal_id=; parent_comment_text=,15:55,抖音评论,video,这次发的及时吧，吃点小肉#股票 #股民 #vlgo十亿流量扶持计划,不惑姐姐,7644093208830100453,https://www.douyin.com/video/7644093208830100453,,7644105948537455417,15:55,未纳入,中性,自动映射到抖音视频评论池。,,false
2026-05-26,longge,抖音评论 15:55,各位大哥，兴业银锡，明天会不会涨啊！！求解,兴业银锡(000426),,兴业银锡(000426) 被提及 1 次，有效评论 1 条，来源 1 个，单视频线索，情绪 中性，当前判断：保留观察。,待确认,video_id=7644093208830100453; video_url=https://www.douyin.com/video/7644093208830100453; creator=阿龙闯大A📈; like=0; reply=0; source_type=comment; yeren_signal_id=; parent_comment_text=,15:55,抖音评论,video,这次发的及时吧，吃点小肉#股票 #股民 #vlgo十亿流量扶持计划,爱吃草莓的翩翩,7644093208830100453,https://www.douyin.com/video/7644093208830100453,,7644105907413205796,15:55,待确认,中性,自动映射到抖音视频评论池。,6.4,false
2026-05-26,longge,抖音评论 15:52,昨天咋不播,,,,否,video_id=7644093208830100453; video_url=https://www.douyin.com/video/7644093208830100453; creator=阿龙闯大A📈; like=0; reply=0; source_type=comment; yeren_signal_id=; parent_comment_text=,15:52,抖音评论,video,这次发的及时吧，吃点小肉#股票 #股民 #vlgo十亿流量扶持计划,寒冰2727,7644093208830100453,https://www.douyin.com/video/7644093208830100453,,7644105382634406705,15:52,未纳入,中性,自动映射到抖音视频评论池。,,false
2026-05-26,longge,抖音评论 15:52,明天买啥,,,,否,video_id=7644093208830100453; video_url=https://www.douyin.com/video/7644093208830100453; creator=阿龙闯大A📈; like=0; reply=0; source_type=comment; yeren_signal_id=; parent_comment_text=,15:52,抖音评论,video,这次发的及时吧，吃点小肉#股票 #股民 #vlgo十亿流量扶持计划,C唐唐,7644093208830100453,https://www.douyin.com/video/7644093208830100453,,7644105211808711474,15:52,未纳入,中性,自动映射到抖音视频评论池。,,false
2026-05-26,longge,抖音评论 15:50,这不用上小孩桌了吧,,,,否,video_id=7644093208830100453; video_url=https://www.douyin.com/video/7644093208830100453; creator=阿龙闯大A📈; like=2; reply=4; source_type=comment; yeren_signal_id=; parent_comment_text=,15:50,抖音评论,video,这次发的及时吧，吃点小肉#股票 #股民 #vlgo十亿流量扶持计划,星辰·大海,7644093208830100453,https://www.douyin.com/video/7644093208830100453,,7644104785449009946,15:50,未纳入,中性,自动映射到抖音视频评论池。,,false
2026-05-26,longge,抖音评论 15:50,感谢大哥，这几天亏得不行[赞],,,,否,video_id=7644093208830100453; video_url=https://www.douyin.com/video/7644093208830100453; creator=阿龙闯大A📈; like=1; reply=0; source_type=comment; yeren_signal_id=; parent_comment_text=,15:50,抖音评论,video,这次发的及时吧，吃点小肉#股票 #股民 #vlgo十亿流量扶持计划,思想很危险,7644093208830100453,https://www.douyin.com/video/7644093208830100453,,7644104625209262894,15:50,未纳入,中性,自动映射到抖音视频评论池。,,false
2026-05-26,longge,抖音评论 15:48,[尬笑]下午全仓机器人了，三丰，中大，利和兴。,机器人(300024);利和兴(301013),,机器人(300024) 被提及 7 次，有效评论 7 条，来源 2 个，跨来源共振，情绪 中性，当前判断：已进入推荐候选。；利和兴(301013) 被提及 1 次，有效评论 1 条，来源 1 个，单视频线索，情绪 中性，当前判断：保留观察。,是,video_id=7644093208830100453; video_url=https://www.douyin.com/video/7644093208830100453; creator=阿龙闯大A📈; like=1; reply=6; source_type=comment; yeren_signal_id=; parent_comment_text=,15:48,抖音评论,video,这次发的及时吧，吃点小肉#股票 #股民 #vlgo十亿流量扶持计划,一梦浮生°,7644093208830100453,https://www.douyin.com/video/7644093208830100453,,7644104285823091496,15:48,已纳入,中性,自动映射到抖音视频评论池。,9.6,true
2026-05-26,longge,抖音评论 15:48,那个大哥啊[猪头],,,,否,video_id=7644093208830100453; video_url=https://www.douyin.com/video/7644093208830100453; creator=阿龙闯大A📈; like=0; reply=0; source_type=comment; yeren_signal_id=; parent_comment_text=,15:48,抖音评论,video,这次发的及时吧，吃点小肉#股票 #股民 #vlgo十亿流量扶持计划,奶思兔米鱿,7644093208830100453,https://www.douyin.com/video/7644093208830100453,,7644104236892848911,15:48,未纳入,中性,自动映射到抖音视频评论池。,,false
2026-05-26,longge,抖音评论 15:48,谁能帮忙a一下这个大哥，没看到这位大哥发,,,,否,video_id=7644093208830100453; video_url=https://www.douyin.com/video/7644093208830100453; creator=阿龙闯大A📈; like=0; reply=0; source_type=comment; yeren_signal_id=; parent_comment_text=,15:48,抖音评论,video,这次发的及时吧，吃点小肉#股票 #股民 #vlgo十亿流量扶持计划,七飞飞,7644093208830100453,https://www.douyin.com/video/7644093208830100453,,7644104214440395557,15:48,未纳入,中性,自动映射到抖音视频评论池。,,false
2026-05-26,longge,抖音评论 15:47,来位大哥救救我吧，在锂矿出不来了，明天去哪，我听话，你说一我不说二[感谢][感谢][感谢],,,,否,video_id=7644093208830100453; video_url=https://www.douyin.com/video/7644093208830100453; creator=阿龙闯大A📈; like=0; reply=1; source_type=comment; yeren_signal_id=; parent_comment_text=,15:47,抖音评论,video,这次发的及时吧，吃点小肉#股票 #股民 #vlgo十亿流量扶持计划,咪咕咪咕,7644093208830100453,https://www.douyin.com/video/7644093208830100453,,7644104063868830498,15:47,未纳入,中性,自动映射到抖音视频评论池。,,false
2026-05-26,longge,抖音评论 15:47,铜陵有色,,,,否,video_id=7644093208830100453; video_url=https://www.douyin.com/video/7644093208830100453; creator=阿龙闯大A📈; like=0; reply=0; source_type=comment; yeren_signal_id=; parent_comment_text=,15:47,抖音评论,video,这次发的及时吧，吃点小肉#股票 #股民 #vlgo十亿流量扶持计划,QHN,7644093208830100453,https://www.douyin.com/video/7644093208830100453,,7644104054596158242,15:47,未纳入,中性,自动映射到抖音视频评论池。,,false
2026-05-26,longge,抖音评论 15:47,发大哥又不发票名，等粉丝们也看看呗,,,,否,video_id=7644093208830100453; video_url=https://www.douyin.com/video/7644093208830100453; creator=阿龙闯大A📈; like=2; reply=0; source_type=comment; yeren_signal_id=; parent_comment_text=,15:47,抖音评论,video,这次发的及时吧，吃点小肉#股票 #股民 #vlgo十亿流量扶持计划,全剧.终,7644093208830100453,https://www.douyin.com/video/7644093208830100453,,7644103971120497442,15:47,未纳入,中性,自动映射到抖音视频评论池。,,false
2026-05-26,longge,抖音评论 15:47,有人说说银宝吗,,,,否,video_id=7644093208830100453; video_url=https://www.douyin.com/video/7644093208830100453; creator=阿龙闯大A📈; like=0; reply=3; source_type=comment; yeren_signal_id=; parent_comment_text=,15:47,抖音评论,video,这次发的及时吧，吃点小肉#股票 #股民 #vlgo十亿流量扶持计划,专业跑龙套,7644093208830100453,https://www.douyin.com/video/7644093208830100453,,7644103886688797497,15:47,未纳入,中性,自动映射到抖音视频评论池。,,false
2026-05-26,longge,抖音评论 15:46,下午开盘准备买，直接涨停了[捂脸],,,,否,video_id=7644093208830100453; video_url=https://www.douyin.com/video/7644093208830100453; creator=阿龙闯大A📈; like=0; reply=0; source_type=comment; yeren_signal_id=; parent_comment_text=,15:46,抖音评论,video,这次发的及时吧，吃点小肉#股票 #股民 #vlgo十亿流量扶持计划,聚木家居优选,7644093208830100453,https://www.douyin.com/video/7644093208830100453,,7644103798927508243,15:46,未纳入,中性,自动映射到抖音视频评论池。,,false
2026-05-26,longge,抖音评论 15:46,希望明天有板[流泪],,,,否,video_id=7644093208830100453; video_url=https://www.douyin.com/video/7644093208830100453; creator=阿龙闯大A📈; like=0; reply=0; source_type=comment; yeren_signal_id=; parent_comment_text=,15:46,抖音评论,video,这次发的及时吧，吃点小肉#股票 #股民 #vlgo十亿流量扶持计划,WASTE.,7644093208830100453,https://www.douyin.com/video/7644093208830100453,,7644103735107765033,15:46,未纳入,中性,自动映射到抖音视频评论池。,,false
2026-05-26,longge,抖音评论 15:46,来个大哥推荐个票吧,,,,否,video_id=7644093208830100453; video_url=https://www.douyin.com/video/7644093208830100453; creator=阿龙闯大A📈; like=0; reply=0; source_type=comment; yeren_signal_id=; parent_comment_text=,15:46,抖音评论,video,这次发的及时吧，吃点小肉#股票 #股民 #vlgo十亿流量扶持计划,小yyyyyy,7644093208830100453,https://www.douyin.com/video/7644093208830100453,,7644103685694587663,15:46,未纳入,中性,自动映射到抖音视频评论池。,,false
2026-05-26,longge,抖音评论 15:46,我也看到了，今天下午不敢跟[捂脸],,,,否,video_id=7644093208830100453; video_url=https://www.douyin.com/video/7644093208830100453; creator=阿龙闯大A📈; like=0; reply=0; source_type=comment; yeren_signal_id=; parent_comment_text=,15:46,抖音评论,video,这次发的及时吧，吃点小肉#股票 #股民 #vlgo十亿流量扶持计划,小奇标准件,7644093208830100453,https://www.douyin.com/video/7644093208830100453,,7644103687203373883,15:46,未纳入,中性,自动映射到抖音视频评论池。,,false
2026-05-26,longge,抖音评论 15:45,怎么就没人说舒华体育啊[宕机][宕机],舒华体育(605299),,舒华体育(605299) 被提及 1 次，有效评论 1 条，来源 1 个，单视频线索，情绪 中性，当前判断：保留观察。,待确认,video_id=7644093208830100453; video_url=https://www.douyin.com/video/7644093208830100453; creator=阿龙闯大A📈; like=3; reply=1; source_type=comment; yeren_signal_id=; parent_comment_text=,15:45,抖音评论,video,这次发的及时吧，吃点小肉#股票 #股民 #vlgo十亿流量扶持计划,小晚行车记,7644093208830100453,https://www.douyin.com/video/7644093208830100453,,7644103374682129201,15:45,待确认,中性,自动映射到抖音视频评论池。,6.4,false
2026-05-26,longge,抖音评论 15:44,我也买了[捂脸],,,,否,video_id=7644093208830100453; video_url=https://www.douyin.com/video/7644093208830100453; creator=阿龙闯大A📈; like=0; reply=0; source_type=comment; yeren_signal_id=; parent_comment_text=,15:44,抖音评论,video,这次发的及时吧，吃点小肉#股票 #股民 #vlgo十亿流量扶持计划,🌈彩虹,7644093208830100453,https://www.douyin.com/video/7644093208830100453,,7644103295644533555,15:44,未纳入,中性,自动映射到抖音视频评论池。,,false
2026-05-26,longge,抖音评论 15:44,多氟多怎么办 十多个点利润现在还欠七个[流泪],多氟多(002407),,多氟多(002407) 被提及 4 次，有效评论 4 条，来源 2 个，跨来源共振，情绪 中性，当前判断：保留观察。,待确认,video_id=7644093208830100453; video_url=https://www.douyin.com/video/7644093208830100453; creator=阿龙闯大A📈; like=0; reply=5; source_type=comment; yeren_signal_id=; parent_comment_text=,15:44,抖音评论,video,这次发的及时吧，吃点小肉#股票 #股民 #vlgo十亿流量扶持计划,AJie1.,7644093208830100453,https://www.douyin.com/video/7644093208830100453,,7644103263839404852,15:44,待确认,中性,自动映射到抖音视频评论池。,8.3,false
2026-05-26,longge,抖音评论 15:44,[捂脸][捂脸][捂脸]中午忘了提前挂单了，没买到。有没有大哥说一下明天买什么啊,,,,否,video_id=7644093208830100453; video_url=https://www.douyin.com/video/7644093208830100453; creator=阿龙闯大A📈; like=0; reply=0; source_type=comment; yeren_signal_id=; parent_comment_text=,15:44,抖音评论,video,这次发的及时吧，吃点小肉#股票 #股民 #vlgo十亿流量扶持计划,相逢即是上上签,7644093208830100453,https://www.douyin.com/video/7644093208830100453,,7644103212916884261,15:44,未纳入,中性,自动映射到抖音视频评论池。,,false
2026-05-26,longge,抖音评论 15:43,铜陵有色,,,评论热度较高，但暂未自动识别到明确股票线索，保留人工复核。,待确认,video_id=7644093208830100453; video_url=https://www.douyin.com/video/7644093208830100453; creator=阿龙闯大A📈; like=1; reply=14; source_type=comment; yeren_signal_id=; parent_comment_text=,15:43,抖音评论,video,这次发的及时吧，吃点小肉#股票 #股民 #vlgo十亿流量扶持计划,7、,7644093208830100453,https://www.douyin.com/video/7644093208830100453,,7644102981503173416,15:43,待确认,中性,自动映射到抖音视频评论池。,6.2,false
2026-05-26,longge,抖音评论 15:43,来位义夫救救孩子吧，亏了30个点了,,,,否,video_id=7644093208830100453; video_url=https://www.douyin.com/video/7644093208830100453; creator=阿龙闯大A📈; like=1; reply=3; source_type=comment; yeren_signal_id=; parent_comment_text=,15:43,抖音评论,video,这次发的及时吧，吃点小肉#股票 #股民 #vlgo十亿流量扶持计划,宇宙超级无敌真挚热烈幽默暗黑究极风暴浪子,7644093208830100453,https://www.douyin.com/video/7644093208830100453,,7644102907298169615,15:43,未纳入,中性,自动映射到抖音视频评论池。,,false
2026-05-26,longge,抖音评论 15:43,我认义父[呲牙],,,,否,video_id=7644093208830100453; video_url=https://www.douyin.com/video/7644093208830100453; creator=阿龙闯大A📈; like=0; reply=0; source_type=comment; yeren_signal_id=; parent_comment_text=,15:43,抖音评论,video,这次发的及时吧，吃点小肉#股票 #股民 #vlgo十亿流量扶持计划,鲜肉变中登,7644093208830100453,https://www.douyin.com/video/7644093208830100453,,7644102904215372544,15:43,未纳入,中性,自动映射到抖音视频评论池。,,false
2026-05-26,longge,抖音评论 15:41,"上次说，5月锁仓赣锋，江特得大哥呢，
我还在，我要给你邮寄点特产",,,评论热度较高，但暂未自动识别到明确股票线索，保留人工复核。,待确认,video_id=7644093208830100453; video_url=https://www.douyin.com/video/7644093208830100453; creator=阿龙闯大A📈; like=5; reply=7; source_type=comment; yeren_signal_id=; parent_comment_text=,15:41,抖音评论,video,这次发的及时吧，吃点小肉#股票 #股民 #vlgo十亿流量扶持计划,玖泽😇,7644093208830100453,https://www.douyin.com/video/7644093208830100453,,7644102509414744881,15:41,待确认,中性,自动映射到抖音视频评论池。,6.2,false
2026-05-26,longge,抖音评论 15:41,那个,,,,否,video_id=7644093208830100453; video_url=https://www.douyin.com/video/7644093208830100453; creator=阿龙闯大A📈; like=0; reply=0; source_type=comment; yeren_signal_id=; parent_comment_text=,15:41,抖音评论,video,这次发的及时吧，吃点小肉#股票 #股民 #vlgo十亿流量扶持计划,小张的大何,7644093208830100453,https://www.douyin.com/video/7644093208830100453,,7644102384335455039,15:41,未纳入,中性,自动映射到抖音视频评论池。,,false
2026-05-26,longge,抖音评论 15:41,哪个是大哥[舔屏],,,,否,video_id=7644093208830100453; video_url=https://www.douyin.com/video/7644093208830100453; creator=阿龙闯大A📈; like=0; reply=0; source_type=comment; yeren_signal_id=; parent_comment_text=,15:41,抖音评论,video,这次发的及时吧，吃点小肉#股票 #股民 #vlgo十亿流量扶持计划,初雪,7644093208830100453,https://www.douyin.com/video/7644093208830100453,,7644102315385291547,15:41,未纳入,中性,自动映射到抖音视频评论池。,,false
2026-05-26,longge,抖音评论 15:40,真大哥啊、上两根,,,,否,video_id=7644093208830100453; video_url=https://www.douyin.com/video/7644093208830100453; creator=阿龙闯大A📈; like=0; reply=0; source_type=comment; yeren_signal_id=; parent_comment_text=,15:40,抖音评论,video,这次发的及时吧，吃点小肉#股票 #股民 #vlgo十亿流量扶持计划,骑着翻斗鱼🐟的猫,7644093208830100453,https://www.douyin.com/video/7644093208830100453,,7644102296050631483,15:40,未纳入,中性,自动映射到抖音视频评论池。,,false
2026-05-26,longge,抖音评论 15:39,真的是真大哥，[呲牙],,,,否,video_id=7644093208830100453; video_url=https://www.douyin.com/video/7644093208830100453; creator=阿龙闯大A📈; like=0; reply=0; source_type=comment; yeren_signal_id=; parent_comment_text=,15:39,抖音评论,video,这次发的及时吧，吃点小肉#股票 #股民 #vlgo十亿流量扶持计划,'End,7644093208830100453,https://www.douyin.com/video/7644093208830100453,,7644101978339427114,15:39,未纳入,中性,自动映射到抖音视频评论池。,,false
2026-05-26,longge,抖音评论 15:39,[流泪]有大哥推个票吗,,,,否,video_id=7644093208830100453; video_url=https://www.douyin.com/video/7644093208830100453; creator=阿龙闯大A📈; like=0; reply=0; source_type=comment; yeren_signal_id=; parent_comment_text=,15:39,抖音评论,video,这次发的及时吧，吃点小肉#股票 #股民 #vlgo十亿流量扶持计划,奶泡,7644093208830100453,https://www.douyin.com/video/7644093208830100453,,7644101947637252915,15:39,未纳入,中性,自动映射到抖音视频评论池。,,false
2026-05-26,longge,抖音评论 15:39,多氟多还能不能拿啊[流泪]42进的拿到现在了[流泪],多氟多(002407),,多氟多(002407) 被提及 4 次，有效评论 4 条，来源 2 个，跨来源共振，情绪 中性，当前判断：保留观察。,待确认,video_id=7644093208830100453; video_url=https://www.douyin.com/video/7644093208830100453; creator=阿龙闯大A📈; like=0; reply=4; source_type=comment; yeren_signal_id=; parent_comment_text=,15:39,抖音评论,video,这次发的及时吧，吃点小肉#股票 #股民 #vlgo十亿流量扶持计划,幸运眷顾版方糕,7644093208830100453,https://www.douyin.com/video/7644093208830100453,,7644101817265193777,15:39,待确认,中性,自动映射到抖音视频评论池。,8.3,false
2026-05-26,longge,抖音评论 15:39,西部怎么办[噢买尬],,,评论热度较高，但暂未自动识别到明确股票线索，保留人工复核。,待确认,video_id=7644093208830100453; video_url=https://www.douyin.com/video/7644093208830100453; creator=阿龙闯大A📈; like=1; reply=7; source_type=comment; yeren_signal_id=; parent_comment_text=,15:39,抖音评论,video,这次发的及时吧，吃点小肉#股票 #股民 #vlgo十亿流量扶持计划,熙熙,7644093208830100453,https://www.douyin.com/video/7644093208830100453,,7644101813138391867,15:39,待确认,中性,自动映射到抖音视频评论池。,6.2,false
2026-05-26,longge,抖音评论 15:39,买了一周，本来想卖。中午看到这个视频果断格局[泪奔][泪奔],,,,否,video_id=7644093208830100453; video_url=https://www.douyin.com/video/7644093208830100453; creator=阿龙闯大A📈; like=0; reply=0; source_type=comment; yeren_signal_id=; parent_comment_text=,15:39,抖音评论,video,这次发的及时吧，吃点小肉#股票 #股民 #vlgo十亿流量扶持计划,这个孩子不听话,7644093208830100453,https://www.douyin.com/video/7644093208830100453,,7644101788354315045,15:39,未纳入,中性,自动映射到抖音视频评论池。,,false
2026-05-26,longge,抖音评论 15:38,明天链板的几率比较大,,,,否,video_id=7644093208830100453; video_url=https://www.douyin.com/video/7644093208830100453; creator=阿龙闯大A📈; like=0; reply=0; source_type=comment; yeren_signal_id=; parent_comment_text=,15:38,抖音评论,video,这次发的及时吧，吃点小肉#股票 #股民 #vlgo十亿流量扶持计划,短线短线,7644093208830100453,https://www.douyin.com/video/7644093208830100453,,7644101675418256180,15:38,未纳入,中性,自动映射到抖音视频评论池。,,false
2026-05-26,longge,抖音评论 15:37,买的什么吗？每次都看不清[捂脸],,,评论热度较高，但暂未自动识别到明确股票线索，保留人工复核。,待确认,video_id=7644093208830100453; video_url=https://www.douyin.com/video/7644093208830100453; creator=阿龙闯大A📈; like=2; reply=7; source_type=comment; yeren_signal_id=; parent_comment_text=,15:37,抖音评论,video,这次发的及时吧，吃点小肉#股票 #股民 #vlgo十亿流量扶持计划,🕊外人🕊,7644093208830100453,https://www.douyin.com/video/7644093208830100453,,7644101415301137210,15:37,待确认,中性,自动映射到抖音视频评论池。,6.2,false
2026-05-26,longge,抖音评论 15:37,这一只龙，给了多少大哥了[看],,,,否,video_id=7644093208830100453; video_url=https://www.douyin.com/video/7644093208830100453; creator=阿龙闯大A📈; like=0; reply=0; source_type=comment; yeren_signal_id=; parent_comment_text=,15:37,抖音评论,video,这次发的及时吧，吃点小肉#股票 #股民 #vlgo十亿流量扶持计划,BlackBaby,7644093208830100453,https://www.douyin.com/video/7644093208830100453,,7644101389857489683,15:37,未纳入,中性,自动映射到抖音视频评论池。,,false
2026-05-26,longge,抖音评论 15:37,首开，有没有高人指点一下，打板进的要拿几天吗[流泪],,,,否,video_id=7644093208830100453; video_url=https://www.douyin.com/video/7644093208830100453; creator=阿龙闯大A📈; like=0; reply=0; source_type=comment; yeren_signal_id=; parent_comment_text=,15:37,抖音评论,video,这次发的及时吧，吃点小肉#股票 #股民 #vlgo十亿流量扶持计划,我自成山海,7644093208830100453,https://www.douyin.com/video/7644093208830100453,,7644101356999885605,15:37,未纳入,中性,自动映射到抖音视频评论池。,,false
2026-05-26,longge,抖音评论 15:36,巨石也可以进,,,,否,video_id=7644093208830100453; video_url=https://www.douyin.com/video/7644093208830100453; creator=阿龙闯大A📈; like=1; reply=2; source_type=comment; yeren_signal_id=; parent_comment_text=,15:36,抖音评论,video,这次发的及时吧，吃点小肉#股票 #股民 #vlgo十亿流量扶持计划,不懂？,7644093208830100453,https://www.douyin.com/video/7644093208830100453,,7644101228427838257,15:36,未纳入,中性,自动映射到抖音视频评论池。,,false
2026-05-26,longge,抖音评论 15:36,京东方,,,,否,video_id=7644093208830100453; video_url=https://www.douyin.com/video/7644093208830100453; creator=阿龙闯大A📈; like=0; reply=2; source_type=comment; yeren_signal_id=; parent_comment_text=,15:36,抖音评论,video,这次发的及时吧，吃点小肉#股票 #股民 #vlgo十亿流量扶持计划,金金,7644093208830100453,https://www.douyin.com/video/7644093208830100453,,7644101041051894577,15:36,未纳入,中性,自动映射到抖音视频评论池。,,false
2026-05-26,longge,抖音评论 15:35,豆包什么股,,,,否,video_id=7644093208830100453; video_url=https://www.douyin.com/video/7644093208830100453; creator=阿龙闯大A📈; like=0; reply=0; source_type=comment; yeren_signal_id=; parent_comment_text=,15:35,抖音评论,video,这次发的及时吧，吃点小肉#股票 #股民 #vlgo十亿流量扶持计划,陈二叔,7644093208830100453,https://www.douyin.com/video/7644093208830100453,,7644100960381698865,15:35,未纳入,中性,自动映射到抖音视频评论池。,,false
2026-05-26,longge,抖音评论 15:35,明天还能买吗，求指点[流泪],,,,否,video_id=7644093208830100453; video_url=https://www.douyin.com/video/7644093208830100453; creator=阿龙闯大A📈; like=0; reply=0; source_type=comment; yeren_signal_id=; parent_comment_text=,15:35,抖音评论,video,这次发的及时吧，吃点小肉#股票 #股民 #vlgo十亿流量扶持计划,风月,7644093208830100453,https://www.douyin.com/video/7644093208830100453,,7644100870523241267,15:35,未纳入,中性,自动映射到抖音视频评论池。,,false
2026-05-26,longge,抖音评论 15:35,那位大哥看一下尾盘晶方操作，高位接盘的[流泪],,,,否,video_id=7644093208830100453; video_url=https://www.douyin.com/video/7644093208830100453; creator=阿龙闯大A📈; like=0; reply=4; source_type=comment; yeren_signal_id=; parent_comment_text=,15:35,抖音评论,video,这次发的及时吧，吃点小肉#股票 #股民 #vlgo十亿流量扶持计划,山茶花开在年糕里,7644093208830100453,https://www.douyin.com/video/7644093208830100453,,7644100862515987242,15:35,未纳入,中性,自动映射到抖音视频评论池。,,false
2026-05-26,longge,抖音评论 15:34,啊啊啊啊啊，上午就看了，没买[流泪][流泪],,,,否,video_id=7644093208830100453; video_url=https://www.douyin.com/video/7644093208830100453; creator=阿龙闯大A📈; like=0; reply=1; source_type=comment; yeren_signal_id=; parent_comment_text=,15:34,抖音评论,video,这次发的及时吧，吃点小肉#股票 #股民 #vlgo十亿流量扶持计划,气包,7644093208830100453,https://www.douyin.com/video/7644093208830100453,,7644100728537776902,15:34,未纳入,中性,自动映射到抖音视频评论池。,,false
2026-05-26,longge,抖音评论 15:34,山东大概率不会连板,,,,否,video_id=7644093208830100453; video_url=https://www.douyin.com/video/7644093208830100453; creator=阿龙闯大A📈; like=0; reply=5; source_type=comment; yeren_signal_id=; parent_comment_text=,15:34,抖音评论,video,这次发的及时吧，吃点小肉#股票 #股民 #vlgo十亿流量扶持计划,考拉,7644093208830100453,https://www.douyin.com/video/7644093208830100453,,7644100710891668266,15:34,未纳入,中性,自动映射到抖音视频评论池。,,false
2026-05-26,longge,抖音评论 15:34,这里的真假大哥太多了 分不清孰强孰弱[捂脸],,,,否,video_id=7644093208830100453; video_url=https://www.douyin.com/video/7644093208830100453; creator=阿龙闯大A📈; like=0; reply=0; source_type=comment; yeren_signal_id=; parent_comment_text=,15:34,抖音评论,video,这次发的及时吧，吃点小肉#股票 #股民 #vlgo十亿流量扶持计划,🌈释然🌈,7644093208830100453,https://www.douyin.com/video/7644093208830100453,,7644100655632532274,15:34,未纳入,中性,自动映射到抖音视频评论池。,,false
2026-05-26,longge,抖音评论 15:34,有大哥 说说卧龙电q吗 今天尾盘进了,,,,否,video_id=7644093208830100453; video_url=https://www.douyin.com/video/7644093208830100453; creator=阿龙闯大A📈; like=0; reply=4; source_type=comment; yeren_signal_id=; parent_comment_text=,15:34,抖音评论,video,这次发的及时吧，吃点小肉#股票 #股民 #vlgo十亿流量扶持计划,𝑬𝒔𝒕𝒆𝒗ã𝒐.,7644093208830100453,https://www.douyin.com/video/7644093208830100453,,7644100545850409738,15:34,未纳入,中性,自动映射到抖音视频评论池。,,false
2026-05-26,longge,抖音评论 15:34,说了你们也得信啊,,,,否,video_id=7644093208830100453; video_url=https://www.douyin.com/video/7644093208830100453; creator=阿龙闯大A📈; like=0; reply=0; source_type=comment; yeren_signal_id=; parent_comment_text=,15:34,抖音评论,video,这次发的及时吧，吃点小肉#股票 #股民 #vlgo十亿流量扶持计划,奥特曼打小怪兽,7644093208830100453,https://www.douyin.com/video/7644093208830100453,,7644100531044221730,15:34,未纳入,中性,自动映射到抖音视频评论池。,,false
2026-05-26,longge,抖音评论 15:33,找了俩小时大哥，翻了好几个评论区愣是没找到[九转大肠]？大哥你出来我怕你走路累，我带你捏捏,,,,否,video_id=7644093208830100453; video_url=https://www.douyin.com/video/7644093208830100453; creator=阿龙闯大A📈; like=1; reply=3; source_type=comment; yeren_signal_id=; parent_comment_text=,15:33,抖音评论,video,这次发的及时吧，吃点小肉#股票 #股民 #vlgo十亿流量扶持计划,在下不在,7644093208830100453,https://www.douyin.com/video/7644093208830100453,,7644100481057588006,15:33,未纳入,中性,自动映射到抖音视频评论池。,,false
2026-05-26,longge,抖音评论 15:33,哪个大哥分享一下呀,,,,否,video_id=7644093208830100453; video_url=https://www.douyin.com/video/7644093208830100453; creator=阿龙闯大A📈; like=0; reply=0; source_type=comment; yeren_signal_id=; parent_comment_text=,15:33,抖音评论,video,这次发的及时吧，吃点小肉#股票 #股民 #vlgo十亿流量扶持计划,周周爱吃饭,7644093208830100453,https://www.douyin.com/video/7644093208830100453,,7644100394348938003,15:33,未纳入,中性,自动映射到抖音视频评论池。,,false
2026-05-26,longge,抖音评论 15:33,能不能再来一个真大哥，不瞎说的那种大哥，让我回回本[快哭了]瞎说的不要来，亏不起了[尬笑],,,,否,video_id=7644093208830100453; video_url=https://www.douyin.com/video/7644093208830100453; creator=阿龙闯大A📈; like=1; reply=0; source_type=comment; yeren_signal_id=; parent_comment_text=,15:33,抖音评论,video,这次发的及时吧，吃点小肉#股票 #股民 #vlgo十亿流量扶持计划,@恬锦,7644093208830100453,https://www.douyin.com/video/7644093208830100453,,7644100388883153713,15:33,未纳入,中性,自动映射到抖音视频评论池。,,false
2026-05-26,longge,抖音评论 15:33,来个大哥救救我亏麻了,,,,否,video_id=7644093208830100453; video_url=https://www.douyin.com/video/7644093208830100453; creator=阿龙闯大A📈; like=0; reply=0; source_type=comment; yeren_signal_id=; parent_comment_text=,15:33,抖音评论,video,这次发的及时吧，吃点小肉#股票 #股民 #vlgo十亿流量扶持计划,七飞飞,7644093208830100453,https://www.douyin.com/video/7644093208830100453,,7644100338170053413,15:33,未纳入,中性,自动映射到抖音视频评论池。,,false
2026-05-26,longge,抖音评论 15:32,"有没有大元 by 的钉子户？
这主力大开大合的整，车上的我突然没了自信。
本来看到 80，现在🤦‍♂️[图片表情]",,,,否,video_id=7644093208830100453; video_url=https://www.douyin.com/video/7644093208830100453; creator=阿龙闯大A📈; like=0; reply=4; source_type=comment; yeren_signal_id=; parent_comment_text=,15:32,抖音评论,video,这次发的及时吧，吃点小肉#股票 #股民 #vlgo十亿流量扶持计划,hey guys,7644093208830100453,https://www.douyin.com/video/7644093208830100453,,7644100228040672038,15:32,未纳入,中性,自动映射到抖音视频评论池。,,false
2026-05-26,longge,抖音评论 15:32,龙哥 下次早点发吧[捂脸][捂脸][捂脸] 错过了[捂脸][捂脸],,,,否,video_id=7644093208830100453; video_url=https://www.douyin.com/video/7644093208830100453; creator=阿龙闯大A📈; like=1; reply=0; source_type=comment; yeren_signal_id=; parent_comment_text=,15:32,抖音评论,video,这次发的及时吧，吃点小肉#股票 #股民 #vlgo十亿流量扶持计划,Gradric,7644093208830100453,https://www.douyin.com/video/7644093208830100453,,7644100111627289395,15:32,未纳入,中性,自动映射到抖音视频评论池。,,false
2026-05-26,longge,抖音评论 15:32,大哥们明天有机会的话还能进吗[黄脸祈祷],,,,否,video_id=7644093208830100453; video_url=https://www.douyin.com/video/7644093208830100453; creator=阿龙闯大A📈; like=0; reply=0; source_type=comment; yeren_signal_id=; parent_comment_text=,15:32,抖音评论,video,这次发的及时吧，吃点小肉#股票 #股民 #vlgo十亿流量扶持计划,邓州江淮福田祥菱奥铃长安解放,7644093208830100453,https://www.douyin.com/video/7644093208830100453,,7644100018182751013,15:32,未纳入,中性,自动映射到抖音视频评论池。,,false
2026-05-26,longge,抖音评论 15:32,冰轮环境怎么办[发呆],冰轮环境(000811),,冰轮环境(000811) 被提及 2 次，有效评论 2 条，来源 1 个，单视频线索，情绪 中性，当前判断：保留观察。,待确认,video_id=7644093208830100453; video_url=https://www.douyin.com/video/7644093208830100453; creator=阿龙闯大A📈; like=0; reply=4; source_type=comment; yeren_signal_id=; parent_comment_text=,15:32,抖音评论,video,这次发的及时吧，吃点小肉#股票 #股民 #vlgo十亿流量扶持计划,xyxtyffddhj,7644093208830100453,https://www.douyin.com/video/7644093208830100453,,7644100006476563249,15:32,待确认,中性,自动映射到抖音视频评论池。,6.9,false
2026-05-26,longge,抖音评论 15:31,牛逼,,,,否,video_id=7644093208830100453; video_url=https://www.douyin.com/video/7644093208830100453; creator=阿龙闯大A📈; like=0; reply=0; source_type=comment; yeren_signal_id=; parent_comment_text=,15:31,抖音评论,video,这次发的及时吧，吃点小肉#股票 #股民 #vlgo十亿流量扶持计划,国家机密,7644093208830100453,https://www.douyin.com/video/7644093208830100453,,7644099946635887402,15:31,未纳入,中性,自动映射到抖音视频评论池。,,false
2026-05-26,longge,抖音评论 15:31,抄底西部[看],,,,否,video_id=7644093208830100453; video_url=https://www.douyin.com/video/7644093208830100453; creator=阿龙闯大A📈; like=0; reply=2; source_type=comment; yeren_signal_id=; parent_comment_text=,15:31,抖音评论,video,这次发的及时吧，吃点小肉#股票 #股民 #vlgo十亿流量扶持计划,橘子,7644093208830100453,https://www.douyin.com/video/7644093208830100453,,7644099760718086958,15:31,未纳入,中性,自动映射到抖音视频评论池。,,false
2026-05-26,longge,抖音评论 15:31,山波,,,,否,video_id=7644093208830100453; video_url=https://www.douyin.com/video/7644093208830100453; creator=阿龙闯大A📈; like=0; reply=0; source_type=comment; yeren_signal_id=; parent_comment_text=,15:31,抖音评论,video,这次发的及时吧，吃点小肉#股票 #股民 #vlgo十亿流量扶持计划,kkk122,7644093208830100453,https://www.douyin.com/video/7644093208830100453,,7644099759741731643,15:31,未纳入,中性,自动映射到抖音视频评论池。,,false
2026-05-26,longge,抖音评论 15:30,中午收盘后才看到，提高2分钱挂了单都没成交，错过了涨停板[流泪],,,,否,video_id=7644093208830100453; video_url=https://www.douyin.com/video/7644093208830100453; creator=阿龙闯大A📈; like=0; reply=1; source_type=comment; yeren_signal_id=; parent_comment_text=,15:30,抖音评论,video,这次发的及时吧，吃点小肉#股票 #股民 #vlgo十亿流量扶持计划,冇有名字,7644093208830100453,https://www.douyin.com/video/7644093208830100453,,7644099673582256942,15:30,未纳入,中性,自动映射到抖音视频评论池。,,false
2026-05-26,longge,抖音评论 15:29,距离我清仓已经涨了77%[流泪],,,,否,video_id=7644093208830100453; video_url=https://www.douyin.com/video/7644093208830100453; creator=阿龙闯大A📈; like=0; reply=0; source_type=comment; yeren_signal_id=; parent_comment_text=,15:29,抖音评论,video,这次发的及时吧，吃点小肉#股票 #股民 #vlgo十亿流量扶持计划,魏琳,7644093208830100453,https://www.douyin.com/video/7644093208830100453,,7644099454686200616,15:29,未纳入,中性,自动映射到抖音视频评论池。,,false
2026-05-26,longge,抖音评论 15:29,兄弟！你还在上班么[捂脸],,,,否,video_id=7644093208830100453; video_url=https://www.douyin.com/video/7644093208830100453; creator=阿龙闯大A📈; like=0; reply=0; source_type=comment; yeren_signal_id=; parent_comment_text=,15:29,抖音评论,video,这次发的及时吧，吃点小肉#股票 #股民 #vlgo十亿流量扶持计划,【藏传奇厂家】张先生,7644093208830100453,https://www.douyin.com/video/7644093208830100453,,7644099441280058170,15:29,未纳入,中性,自动映射到抖音视频评论池。,,false
2026-05-26,longge,抖音评论 15:29,给大哥上两根,,,,否,video_id=7644093208830100453; video_url=https://www.douyin.com/video/7644093208830100453; creator=阿龙闯大A📈; like=2; reply=1; source_type=comment; yeren_signal_id=; parent_comment_text=,15:29,抖音评论,video,这次发的及时吧，吃点小肉#股票 #股民 #vlgo十亿流量扶持计划,杨同学,7644093208830100453,https://www.douyin.com/video/7644093208830100453,,7644099328092930875,15:29,未纳入,中性,自动映射到抖音视频评论池。,,false
2026-05-26,longge,抖音评论 15:29,大哥牛大哥牛[比心][比心][比心],,,,否,video_id=7644093208830100453; video_url=https://www.douyin.com/video/7644093208830100453; creator=阿龙闯大A📈; like=0; reply=0; source_type=comment; yeren_signal_id=; parent_comment_text=,15:29,抖音评论,video,这次发的及时吧，吃点小肉#股票 #股民 #vlgo十亿流量扶持计划,王踹踹大魔王,7644093208830100453,https://www.douyin.com/video/7644093208830100453,,7644099306299147057,15:29,未纳入,中性,自动映射到抖音视频评论池。,,false
2026-05-26,longge,抖音评论 15:29,明阳尾盘进的还有肉吃吗,,,,否,video_id=7644093208830100453; video_url=https://www.douyin.com/video/7644093208830100453; creator=阿龙闯大A📈; like=1; reply=0; source_type=comment; yeren_signal_id=; parent_comment_text=,15:29,抖音评论,video,这次发的及时吧，吃点小肉#股票 #股民 #vlgo十亿流量扶持计划,明月高悬能否照我,7644093208830100453,https://www.douyin.com/video/7644093208830100453,,7644099230953587513,15:29,未纳入,中性,自动映射到抖音视频评论池。,,false
2026-05-26,longge,抖音评论 15:28,挣钱了，就邮寄一条给大哥抽，天天在画饼上龙,,,,否,video_id=7644093208830100453; video_url=https://www.douyin.com/video/7644093208830100453; creator=阿龙闯大A📈; like=0; reply=0; source_type=comment; yeren_signal_id=; parent_comment_text=,15:28,抖音评论,video,这次发的及时吧，吃点小肉#股票 #股民 #vlgo十亿流量扶持计划,🐑✨,7644093208830100453,https://www.douyin.com/video/7644093208830100453,,7644099033207915305,15:28,未纳入,中性,自动映射到抖音视频评论池。,,false
2026-05-26,longge,抖音评论 15:27,大哥明天要走吗,,,,否,video_id=7644093208830100453; video_url=https://www.douyin.com/video/7644093208830100453; creator=阿龙闯大A📈; like=0; reply=0; source_type=comment; yeren_signal_id=; parent_comment_text=,15:27,抖音评论,video,这次发的及时吧，吃点小肉#股票 #股民 #vlgo十亿流量扶持计划,🌈落花,7644093208830100453,https://www.douyin.com/video/7644093208830100453,,7644098920398308123,15:27,未纳入,中性,自动映射到抖音视频评论池。,,false
2026-05-26,longge,抖音评论 15:27,下午本来想进，一下就拉上去了,,,,否,video_id=7644093208830100453; video_url=https://www.douyin.com/video/7644093208830100453; creator=阿龙闯大A📈; like=0; reply=0; source_type=comment; yeren_signal_id=; parent_comment_text=,15:27,抖音评论,video,这次发的及时吧，吃点小肉#股票 #股民 #vlgo十亿流量扶持计划,Momo,7644093208830100453,https://www.douyin.com/video/7644093208830100453,,7644098802568561465,15:27,未纳入,中性,自动映射到抖音视频评论池。,,false
2026-05-26,longge,抖音评论 15:27,买不到,,,,否,video_id=7644093208830100453; video_url=https://www.douyin.com/video/7644093208830100453; creator=阿龙闯大A📈; like=0; reply=0; source_type=comment; yeren_signal_id=; parent_comment_text=,15:27,抖音评论,video,这次发的及时吧，吃点小肉#股票 #股民 #vlgo十亿流量扶持计划,无忧🍀,7644093208830100453,https://www.douyin.com/video/7644093208830100453,,7644098717817078587,15:27,未纳入,中性,自动映射到抖音视频评论池。,,false
2026-05-26,longge,抖音评论 15:26,我440说的赵姨现在525了 你也不听[灵机一动],,,,否,video_id=7644093208830100453; video_url=https://www.douyin.com/video/7644093208830100453; creator=阿龙闯大A📈; like=1; reply=2; source_type=comment; yeren_signal_id=; parent_comment_text=,15:26,抖音评论,video,这次发的及时吧，吃点小肉#股票 #股民 #vlgo十亿流量扶持计划,吃货吃不吃,7644093208830100453,https://www.douyin.com/video/7644093208830100453,,7644098673693737734,15:26,未纳入,中性,自动映射到抖音视频评论池。,,false
2026-05-26,longge,抖音评论 15:26,跟我一样 昨天买的,,,,否,video_id=7644093208830100453; video_url=https://www.douyin.com/video/7644093208830100453; creator=阿龙闯大A📈; like=4; reply=3; source_type=comment; yeren_signal_id=; parent_comment_text=,15:26,抖音评论,video,这次发的及时吧，吃点小肉#股票 #股民 #vlgo十亿流量扶持计划,Lonely,7644093208830100453,https://www.douyin.com/video/7644093208830100453,,7644098659332522789,15:26,未纳入,中性,自动映射到抖音视频评论池。,,false
2026-05-26,longge,抖音评论 15:26,还是想问一下各位大哥这冰轮，天天补，天天跌，到底还要要几天，本来做良信天天做T好好的，那天听了大哥的进去出不来了，来个真大哥给点建议还有没有希望解套啊[捂脸][捂脸][捂脸][捂脸][捂脸],,,评论热度较高，但暂未自动识别到明确股票线索，保留人工复核。,待确认,video_id=7644093208830100453; video_url=https://www.douyin.com/video/7644093208830100453; creator=阿龙闯大A📈; like=0; reply=11; source_type=comment; yeren_signal_id=; parent_comment_text=,15:26,抖音评论,video,这次发的及时吧，吃点小肉#股票 #股民 #vlgo十亿流量扶持计划,～南风过境～,7644093208830100453,https://www.douyin.com/video/7644093208830100453,,7644098579691750193,15:26,待确认,中性,自动映射到抖音视频评论池。,6.2,false
2026-05-26,longge,抖音评论 15:26,挂单了，不给机会上车[捂脸],,,,否,video_id=7644093208830100453; video_url=https://www.douyin.com/video/7644093208830100453; creator=阿龙闯大A📈; like=0; reply=0; source_type=comment; yeren_signal_id=; parent_comment_text=,15:26,抖音评论,video,这次发的及时吧，吃点小肉#股票 #股民 #vlgo十亿流量扶持计划,神秘嘉宾,7644093208830100453,https://www.douyin.com/video/7644093208830100453,,7644098518433350459,15:26,未纳入,中性,自动映射到抖音视频评论池。,,false
2026-05-26,longge,抖音评论 15:26,想买直接拉直线了[流泪],,,,否,video_id=7644093208830100453; video_url=https://www.douyin.com/video/7644093208830100453; creator=阿龙闯大A📈; like=0; reply=0; source_type=comment; yeren_signal_id=; parent_comment_text=,15:26,抖音评论,video,这次发的及时吧，吃点小肉#股票 #股民 #vlgo十亿流量扶持计划,Nirvana,7644093208830100453,https://www.douyin.com/video/7644093208830100453,,7644098495897076531,15:26,未纳入,中性,自动映射到抖音视频评论池。,,false
2026-05-26,longge,抖音评论 15:26,[流泪]是我卖飞的sy吗？,,,,否,video_id=7644093208830100453; video_url=https://www.douyin.com/video/7644093208830100453; creator=阿龙闯大A📈; like=0; reply=1; source_type=comment; yeren_signal_id=; parent_comment_text=,15:26,抖音评论,video,这次发的及时吧，吃点小肉#股票 #股民 #vlgo十亿流量扶持计划,好运连连连,7644093208830100453,https://www.douyin.com/video/7644093208830100453,,7644098463572001573,15:26,未纳入,中性,自动映射到抖音视频评论池。,,false
2026-05-26,longge,抖音评论 15:26,什么票,,,,否,video_id=7644093208830100453; video_url=https://www.douyin.com/video/7644093208830100453; creator=阿龙闯大A📈; like=0; reply=0; source_type=comment; yeren_signal_id=; parent_comment_text=,15:26,抖音评论,video,这次发的及时吧，吃点小肉#股票 #股民 #vlgo十亿流量扶持计划,@子墨,7644093208830100453,https://www.douyin.com/video/7644093208830100453,,7644096166481249087,15:26,未纳入,中性,自动映射到抖音视频评论池。,,false
2026-05-26,longge,抖音评论 15:25,哪位大哥说一下利欧，深套 这什么情况,,,,否,video_id=7644093208830100453; video_url=https://www.douyin.com/video/7644093208830100453; creator=阿龙闯大A📈; like=0; reply=2; source_type=comment; yeren_signal_id=; parent_comment_text=,15:25,抖音评论,video,这次发的及时吧，吃点小肉#股票 #股民 #vlgo十亿流量扶持计划,孟女士,7644093208830100453,https://www.douyin.com/video/7644093208830100453,,7644098425013863217,15:25,未纳入,中性,自动映射到抖音视频评论池。,,false
2026-05-26,longge,抖音评论 15:25,哪个大哥帮我看看华工，追高了怎么办,,,,否,video_id=7644093208830100453; video_url=https://www.douyin.com/video/7644093208830100453; creator=阿龙闯大A📈; like=0; reply=0; source_type=comment; yeren_signal_id=; parent_comment_text=,15:25,抖音评论,video,这次发的及时吧，吃点小肉#股票 #股民 #vlgo十亿流量扶持计划,铁妹麦兜,7644093208830100453,https://www.douyin.com/video/7644093208830100453,,7644098386388615973,15:25,未纳入,中性,自动映射到抖音视频评论池。,,false
2026-05-26,longge,抖音评论 15:25,我也买了，下午追着买的，谢谢大哥[爱心],,,,否,video_id=7644093208830100453; video_url=https://www.douyin.com/video/7644093208830100453; creator=阿龙闯大A📈; like=0; reply=0; source_type=comment; yeren_signal_id=; parent_comment_text=,15:25,抖音评论,video,这次发的及时吧，吃点小肉#股票 #股民 #vlgo十亿流量扶持计划,旧巷。,7644093208830100453,https://www.douyin.com/video/7644093208830100453,,7644098352108094245,15:25,未纳入,中性,自动映射到抖音视频评论池。,,false
2026-05-26,longge,抖音评论 15:25,我说了好多次沃格了,,,,否,video_id=7644093208830100453; video_url=https://www.douyin.com/video/7644093208830100453; creator=阿龙闯大A📈; like=0; reply=1; source_type=comment; yeren_signal_id=; parent_comment_text=,15:25,抖音评论,video,这次发的及时吧，吃点小肉#股票 #股民 #vlgo十亿流量扶持计划,我是马猴烧酒,7644093208830100453,https://www.douyin.com/video/7644093208830100453,,7644098247158940467,15:25,未纳入,中性,自动映射到抖音视频评论池。,,false
2026-05-26,longge,抖音评论 15:25,海科新源,海科新源(301292),,海科新源(301292) 被提及 1 次，有效评论 1 条，来源 1 个，单视频线索，情绪 中性，当前判断：保留观察。,待确认,video_id=7644093208830100453; video_url=https://www.douyin.com/video/7644093208830100453; creator=阿龙闯大A📈; like=0; reply=2; source_type=comment; yeren_signal_id=; parent_comment_text=,15:25,抖音评论,video,这次发的及时吧，吃点小肉#股票 #股民 #vlgo十亿流量扶持计划,一切向好。,7644093208830100453,https://www.douyin.com/video/7644093208830100453,,7644098235346846501,15:25,待确认,中性,自动映射到抖音视频评论池。,6.4,false
2026-05-26,longge,抖音评论 15:24,[流泪]明阳早上起来没买，我真吐了。,,,,否,video_id=7644093208830100453; video_url=https://www.douyin.com/video/7644093208830100453; creator=阿龙闯大A📈; like=0; reply=3; source_type=comment; yeren_signal_id=; parent_comment_text=,15:24,抖音评论,video,这次发的及时吧，吃点小肉#股票 #股民 #vlgo十亿流量扶持计划,不知所终,7644093208830100453,https://www.douyin.com/video/7644093208830100453,,7644098052722623286,15:24,未纳入,中性,自动映射到抖音视频评论池。,,false
2026-05-26,longge,抖音评论 15:23,我挂单没买上，气死[躺平],,,评论热度较高，但暂未自动识别到明确股票线索，保留人工复核。,待确认,video_id=7644093208830100453; video_url=https://www.douyin.com/video/7644093208830100453; creator=阿龙闯大A📈; like=2; reply=16; source_type=comment; yeren_signal_id=; parent_comment_text=,15:23,抖音评论,video,这次发的及时吧，吃点小肉#股票 #股民 #vlgo十亿流量扶持计划,✨ 我是莎莎吖,7644093208830100453,https://www.douyin.com/video/7644093208830100453,,7644097858132263743,15:23,待确认,中性,自动映射到抖音视频评论池。,6.2,false
2026-05-26,longge,抖音评论 15:22,昨天加自选两支都涨停了，可是原本手上的票跌太多了，只敢进了一丢丢,,,,否,video_id=7644093208830100453; video_url=https://www.douyin.com/video/7644093208830100453; creator=阿龙闯大A📈; like=0; reply=0; source_type=comment; yeren_signal_id=; parent_comment_text=,15:22,抖音评论,video,这次发的及时吧，吃点小肉#股票 #股民 #vlgo十亿流量扶持计划,栗子、,7644093208830100453,https://www.douyin.com/video/7644093208830100453,,7644097652985004852,15:22,未纳入,中性,自动映射到抖音视频评论池。,,false
2026-05-26,longge,抖音评论 15:22,大哥，明天走不走？,,,,否,video_id=7644093208830100453; video_url=https://www.douyin.com/video/7644093208830100453; creator=阿龙闯大A📈; like=1; reply=0; source_type=comment; yeren_signal_id=; parent_comment_text=,15:22,抖音评论,video,这次发的及时吧，吃点小肉#股票 #股民 #vlgo十亿流量扶持计划,挣够一百万,7644093208830100453,https://www.douyin.com/video/7644093208830100453,,7644097656210178870,15:22,未纳入,中性,自动映射到抖音视频评论池。,,false
2026-05-26,longge,抖音评论 15:22,眼看着涨停的,,,,否,video_id=7644093208830100453; video_url=https://www.douyin.com/video/7644093208830100453; creator=阿龙闯大A📈; like=0; reply=0; source_type=comment; yeren_signal_id=; parent_comment_text=,15:22,抖音评论,video,这次发的及时吧，吃点小肉#股票 #股民 #vlgo十亿流量扶持计划,小姐姐范,7644093208830100453,https://www.douyin.com/video/7644093208830100453,,7644097449544057649,15:22,未纳入,中性,自动映射到抖音视频评论池。,,false
2026-05-26,longge,抖音评论 15:21,有没有大哥给分析一下利欧明天看,,,,否,video_id=7644093208830100453; video_url=https://www.douyin.com/video/7644093208830100453; creator=阿龙闯大A📈; like=0; reply=0; source_type=comment; yeren_signal_id=; parent_comment_text=,15:21,抖音评论,video,这次发的及时吧，吃点小肉#股票 #股民 #vlgo十亿流量扶持计划,Word Maya,7644093208830100453,https://www.douyin.com/video/7644093208830100453,,7644097260816909105,15:21,未纳入,中性,自动映射到抖音视频评论池。,,false
2026-05-26,longge,抖音评论 15:20,明天买啥？亏麻了,,,,否,video_id=7644093208830100453; video_url=https://www.douyin.com/video/7644093208830100453; creator=阿龙闯大A📈; like=0; reply=0; source_type=comment; yeren_signal_id=; parent_comment_text=,15:20,抖音评论,video,这次发的及时吧，吃点小肉#股票 #股民 #vlgo十亿流量扶持计划,💪0920,7644093208830100453,https://www.douyin.com/video/7644093208830100453,,7644097085877682981,15:20,未纳入,中性,自动映射到抖音视频评论池。,,false
2026-05-26,longge,抖音评论 15:20,海伦哲，不停涨，涨不停,海伦哲(300201),,海伦哲(300201) 被提及 3 次，有效评论 3 条，来源 1 个，单视频线索，情绪 中性，当前判断：保留观察。,待确认,video_id=7644093208830100453; video_url=https://www.douyin.com/video/7644093208830100453; creator=阿龙闯大A📈; like=3; reply=3; source_type=comment; yeren_signal_id=; parent_comment_text=,15:20,抖音评论,video,这次发的及时吧，吃点小肉#股票 #股民 #vlgo十亿流量扶持计划,🌈林一丶,7644093208830100453,https://www.douyin.com/video/7644093208830100453,,7644097023008834340,15:20,待确认,中性,自动映射到抖音视频评论池。,7.2,false
2026-05-26,longge,抖音评论 15:20,中午看到 准备下午午觉后买 起来一看涨停了[捂脸],,,,否,video_id=7644093208830100453; video_url=https://www.douyin.com/video/7644093208830100453; creator=阿龙闯大A📈; like=0; reply=0; source_type=comment; yeren_signal_id=; parent_comment_text=,15:20,抖音评论,video,这次发的及时吧，吃点小肉#股票 #股民 #vlgo十亿流量扶持计划,记得艾特回忆,7644093208830100453,https://www.douyin.com/video/7644093208830100453,,7644096917831746367,15:20,未纳入,中性,自动映射到抖音视频评论池。,,false
2026-05-26,longge,抖音评论 15:19,辽宁 至少还有2连板。。记得给我上龙,,,评论热度较高，但暂未自动识别到明确股票线索，保留人工复核。,待确认,video_id=7644093208830100453; video_url=https://www.douyin.com/video/7644093208830100453; creator=阿龙闯大A📈; like=0; reply=8; source_type=comment; yeren_signal_id=; parent_comment_text=,15:19,抖音评论,video,这次发的及时吧，吃点小肉#股票 #股民 #vlgo十亿流量扶持计划,H.Q,7644093208830100453,https://www.douyin.com/video/7644093208830100453,,7644096875004904211,15:19,待确认,中性,自动映射到抖音视频评论池。,6.2,false
2026-05-26,longge,抖音评论 15:19,午盘看到的，开盘想跟一直拉升没跟上[流泪],,,,否,video_id=7644093208830100453; video_url=https://www.douyin.com/video/7644093208830100453; creator=阿龙闯大A📈; like=0; reply=0; source_type=comment; yeren_signal_id=; parent_comment_text=,15:19,抖音评论,video,这次发的及时吧，吃点小肉#股票 #股民 #vlgo十亿流量扶持计划,🌈刘🌈,7644093208830100453,https://www.douyin.com/video/7644093208830100453,,7644096870428230452,15:19,未纳入,中性,自动映射到抖音视频评论池。,,false
2026-05-26,longge,抖音评论 15:19,每天都亏钱，买啥啥亏，真感觉已经心脉受损了，有没有义父义母带我一把，总仓位亏百分之三十一，现在只想回本,,,评论热度较高，但暂未自动识别到明确股票线索，保留人工复核。,待确认,video_id=7644093208830100453; video_url=https://www.douyin.com/video/7644093208830100453; creator=阿龙闯大A📈; like=0; reply=9; source_type=comment; yeren_signal_id=; parent_comment_text=,15:19,抖音评论,video,这次发的及时吧，吃点小肉#股票 #股民 #vlgo十亿流量扶持计划,％,7644093208830100453,https://www.douyin.com/video/7644093208830100453,,7644096822349005611,15:19,待确认,中性,自动映射到抖音视频评论池。,6.2,false
2026-05-26,longge,抖音评论 15:19,龙蟠有没有大佬帮忙看看啊，要不要割肉走啊，这两天亏的好痛[躺平],,,,否,video_id=7644093208830100453; video_url=https://www.douyin.com/video/7644093208830100453; creator=阿龙闯大A📈; like=3; reply=3; source_type=comment; yeren_signal_id=; parent_comment_text=,15:19,抖音评论,video,这次发的及时吧，吃点小肉#股票 #股民 #vlgo十亿流量扶持计划,朝朝空自幕,7644093208830100453,https://www.douyin.com/video/7644093208830100453,,7644096804754113329,15:19,未纳入,中性,自动映射到抖音视频评论池。,,false
2026-05-26,longge,抖音评论 15:18,中午开盘前挂的单，都没买进去,,,,否,video_id=7644093208830100453; video_url=https://www.douyin.com/video/7644093208830100453; creator=阿龙闯大A📈; like=0; reply=0; source_type=comment; yeren_signal_id=; parent_comment_text=,15:18,抖音评论,video,这次发的及时吧，吃点小肉#股票 #股民 #vlgo十亿流量扶持计划,嘉盛（江门市）香精香料,7644093208830100453,https://www.douyin.com/video/7644093208830100453,,7644096476515173157,15:18,未纳入,中性,自动映射到抖音视频评论池。,,false
2026-05-26,longge,抖音评论 15:18,这些大哥们到底怎么确切的知道下午封板的？[感谢],,,,否,video_id=7644093208830100453; video_url=https://www.douyin.com/video/7644093208830100453; creator=阿龙闯大A📈; like=1; reply=3; source_type=comment; yeren_signal_id=; parent_comment_text=,15:18,抖音评论,video,这次发的及时吧，吃点小肉#股票 #股民 #vlgo十亿流量扶持计划,几个W啊,7644093208830100453,https://www.douyin.com/video/7644093208830100453,,7644096377866486555,15:18,未纳入,中性,自动映射到抖音视频评论池。,,false
2026-05-26,longge,抖音评论 15:17,看着他起飞的没有进,,,,否,video_id=7644093208830100453; video_url=https://www.douyin.com/video/7644093208830100453; creator=阿龙闯大A📈; like=0; reply=0; source_type=comment; yeren_signal_id=; parent_comment_text=,15:17,抖音评论,video,这次发的及时吧，吃点小肉#股票 #股民 #vlgo十亿流量扶持计划,吃瓜群众,7644093208830100453,https://www.douyin.com/video/7644093208830100453,,7644096274908939050,15:17,未纳入,中性,自动映射到抖音视频评论池。,,false
2026-05-26,longge,抖音评论 15:17,哪个啊，为啥大码[捂脸],,,,否,video_id=7644093208830100453; video_url=https://www.douyin.com/video/7644093208830100453; creator=阿龙闯大A📈; like=1; reply=0; source_type=comment; yeren_signal_id=; parent_comment_text=,15:17,抖音评论,video,这次发的及时吧，吃点小肉#股票 #股民 #vlgo十亿流量扶持计划,摸一对鱼,7644093208830100453,https://www.douyin.com/video/7644093208830100453,,7644096268059083570,15:17,未纳入,中性,自动映射到抖音视频评论池。,,false
2026-05-26,longge,抖音评论 15:17,华能蒙电有没有大哥帮忙看看，明天要跑吗，今天6.1追进去了,华能蒙电(600863),,华能蒙电(600863) 被提及 4 次，有效评论 4 条，来源 2 个，跨来源共振，情绪 中性，当前判断：已进入推荐候选。,是,video_id=7644093208830100453; video_url=https://www.douyin.com/video/7644093208830100453; creator=阿龙闯大A📈; like=2; reply=7; source_type=comment; yeren_signal_id=; parent_comment_text=,15:17,抖音评论,video,这次发的及时吧，吃点小肉#股票 #股民 #vlgo十亿流量扶持计划,Lboy7,7644093208830100453,https://www.douyin.com/video/7644093208830100453,,7644096259955458853,15:17,已纳入,中性,自动映射到抖音视频评论池。,9.2,true
2026-05-26,longge,抖音评论 15:17,不过如此,,,,否,video_id=7644093208830100453; video_url=https://www.douyin.com/video/7644093208830100453; creator=阿龙闯大A📈; like=1; reply=0; source_type=comment; yeren_signal_id=; parent_comment_text=,15:17,抖音评论,video,这次发的及时吧，吃点小肉#股票 #股民 #vlgo十亿流量扶持计划,2345陆先生,7644093208830100453,https://www.douyin.com/video/7644093208830100453,,7644096200911864611,15:17,未纳入,中性,自动映射到抖音视频评论池。,,false
2026-05-26,longge,抖音评论 15:16,主包大哥激动的心颤抖的手[捂脸],,,,否,video_id=7644093208830100453; video_url=https://www.douyin.com/video/7644093208830100453; creator=阿龙闯大A📈; like=0; reply=0; source_type=comment; yeren_signal_id=; parent_comment_text=,15:16,抖音评论,video,这次发的及时吧，吃点小肉#股票 #股民 #vlgo十亿流量扶持计划,越来越好,7644093208830100453,https://www.douyin.com/video/7644093208830100453,,7644096047086961442,15:16,未纳入,中性,自动映射到抖音视频评论池。,,false
2026-05-26,longge,抖音评论 15:16,这个股涨停基因很强,,,,否,video_id=7644093208830100453; video_url=https://www.douyin.com/video/7644093208830100453; creator=阿龙闯大A📈; like=0; reply=0; source_type=comment; yeren_signal_id=; parent_comment_text=,15:16,抖音评论,video,这次发的及时吧，吃点小肉#股票 #股民 #vlgo十亿流量扶持计划,迪迪就到,7644093208830100453,https://www.douyin.com/video/7644093208830100453,,7644096020502217524,15:16,未纳入,中性,自动映射到抖音视频评论池。,,false
2026-05-26,longge,抖音评论 15:16,再升kj吃肉了吧[看],,,,否,video_id=7644093208830100453; video_url=https://www.douyin.com/video/7644093208830100453; creator=阿龙闯大A📈; like=0; reply=4; source_type=comment; yeren_signal_id=; parent_comment_text=,15:16,抖音评论,video,这次发的及时吧，吃点小肉#股票 #股民 #vlgo十亿流量扶持计划,不想说话,7644093208830100453,https://www.douyin.com/video/7644093208830100453,,7644095906010481457,15:16,未纳入,中性,自动映射到抖音视频评论池。,,false
2026-05-26,longge,抖音评论 15:16,大胜达怎么说评论区大哥们[玫瑰],大胜达(603687),,大胜达(603687) 被提及 2 次，有效评论 2 条，来源 2 个，跨来源共振，情绪 谨慎，当前判断：偏风险观察。,否,video_id=7644093208830100453; video_url=https://www.douyin.com/video/7644093208830100453; creator=阿龙闯大A📈; like=0; reply=0; source_type=comment; yeren_signal_id=; parent_comment_text=,15:16,抖音评论,video,这次发的及时吧，吃点小肉#股票 #股民 #vlgo十亿流量扶持计划,11111,7644093208830100453,https://www.douyin.com/video/7644093208830100453,,7644095865375834932,15:16,未纳入,谨慎,自动映射到抖音视频评论池。,7.0,false
2026-05-26,longge,抖音评论 15:16,有大哥说一下莲花吗  今天追高了[黑脸],,,,否,video_id=7644093208830100453; video_url=https://www.douyin.com/video/7644093208830100453; creator=阿龙闯大A📈; like=1; reply=0; source_type=comment; yeren_signal_id=; parent_comment_text=,15:16,抖音评论,video,这次发的及时吧，吃点小肉#股票 #股民 #vlgo十亿流量扶持计划,舟砚汐,7644093208830100453,https://www.douyin.com/video/7644093208830100453,,7644095858401723178,15:16,未纳入,中性,自动映射到抖音视频评论池。,,false
2026-05-26,longge,抖音评论 15:15,大哥，哪位大哥说说西bu材L，跌麻了[抱拳][抱拳][抱拳],,,,否,video_id=7644093208830100453; video_url=https://www.douyin.com/video/7644093208830100453; creator=阿龙闯大A📈; like=1; reply=0; source_type=comment; yeren_signal_id=; parent_comment_text=,15:15,抖音评论,video,这次发的及时吧，吃点小肉#股票 #股民 #vlgo十亿流量扶持计划,求其一等，老丝,7644093208830100453,https://www.douyin.com/video/7644093208830100453,,7644095845613388582,15:15,未纳入,中性,自动映射到抖音视频评论池。,,false
2026-05-26,longge,抖音评论 15:15,大哥带你，你能不能带带我啊[看],,,,否,video_id=7644093208830100453; video_url=https://www.douyin.com/video/7644093208830100453; creator=阿龙闯大A📈; like=0; reply=0; source_type=comment; yeren_signal_id=; parent_comment_text=,15:15,抖音评论,video,这次发的及时吧，吃点小肉#股票 #股民 #vlgo十亿流量扶持计划,Wuuuuu,7644093208830100453,https://www.douyin.com/video/7644093208830100453,,7644095806274765605,15:15,未纳入,中性,自动映射到抖音视频评论池。,,false
2026-05-26,longge,抖音评论 15:15,明天三朵花的智能控制机器人，给我上大龙,机器人(300024),,机器人(300024) 被提及 7 次，有效评论 7 条，来源 2 个，跨来源共振，情绪 中性，当前判断：已进入推荐候选。,是,video_id=7644093208830100453; video_url=https://www.douyin.com/video/7644093208830100453; creator=阿龙闯大A📈; like=14; reply=14; source_type=comment; yeren_signal_id=; parent_comment_text=,15:15,抖音评论,video,这次发的及时吧，吃点小肉#股票 #股民 #vlgo十亿流量扶持计划,肥🐗,7644093208830100453,https://www.douyin.com/video/7644093208830100453,,7644095708907815738,15:15,已纳入,中性,自动映射到抖音视频评论池。,9.6,true
2026-05-26,longge,抖音评论 15:15,是不是明天板了就可以卖了,,,,否,video_id=7644093208830100453; video_url=https://www.douyin.com/video/7644093208830100453; creator=阿龙闯大A📈; like=0; reply=0; source_type=comment; yeren_signal_id=; parent_comment_text=,15:15,抖音评论,video,这次发的及时吧，吃点小肉#股票 #股民 #vlgo十亿流量扶持计划,Zzzz^_^,7644093208830100453,https://www.douyin.com/video/7644093208830100453,,7644095706274628379,15:15,未纳入,中性,自动映射到抖音视频评论池。,,false
2026-05-26,longge,抖音评论 15:15,大哥呢，删评论了吗[捂脸],,,,否,video_id=7644093208830100453; video_url=https://www.douyin.com/video/7644093208830100453; creator=阿龙闯大A📈; like=0; reply=0; source_type=comment; yeren_signal_id=; parent_comment_text=,15:15,抖音评论,video,这次发的及时吧，吃点小肉#股票 #股民 #vlgo十亿流量扶持计划,好柿豆花生,7644093208830100453,https://www.douyin.com/video/7644093208830100453,,7644095655102825250,15:15,未纳入,中性,自动映射到抖音视频评论池。,,false
2026-05-26,longge,抖音评论 15:15,干就完了,,,评论热度较高，但暂未自动识别到明确股票线索，保留人工复核。,待确认,video_id=7644093208830100453; video_url=https://www.douyin.com/video/7644093208830100453; creator=阿龙闯大A📈; like=10; reply=6; source_type=comment; yeren_signal_id=; parent_comment_text=,15:15,抖音评论,video,这次发的及时吧，吃点小肉#股票 #股民 #vlgo十亿流量扶持计划,顶峰机械,7644093208830100453,https://www.douyin.com/video/7644093208830100453,,7644095637336326946,15:15,待确认,中性,自动映射到抖音视频评论池。,6.2,false
2026-05-26,longge,抖音评论 15:14,来个大哥救救我[捂脸],,,,否,video_id=7644093208830100453; video_url=https://www.douyin.com/video/7644093208830100453; creator=阿龙闯大A📈; like=1; reply=0; source_type=comment; yeren_signal_id=; parent_comment_text=,15:14,抖音评论,video,这次发的及时吧，吃点小肉#股票 #股民 #vlgo十亿流量扶持计划,Yn.小梨,7644093208830100453,https://www.douyin.com/video/7644093208830100453,,7644095347136004907,15:14,未纳入,中性,自动映射到抖音视频评论池。,,false
2026-05-26,longge,抖音评论 15:13,明明竞价和早盘卓朗比他强，怎么后面拉稀了。,,,,否,video_id=7644093208830100453; video_url=https://www.douyin.com/video/7644093208830100453; creator=阿龙闯大A📈; like=0; reply=0; source_type=comment; yeren_signal_id=; parent_comment_text=,15:13,抖音评论,video,这次发的及时吧，吃点小肉#股票 #股民 #vlgo十亿流量扶持计划,宇宙最强霹雳无敌🐷,7644093208830100453,https://www.douyin.com/video/7644093208830100453,,7644095242250486577,15:13,未纳入,中性,自动映射到抖音视频评论池。,,false
2026-05-26,longge,抖音评论 15:13,京能怎么说,,,,否,video_id=7644093208830100453; video_url=https://www.douyin.com/video/7644093208830100453; creator=阿龙闯大A📈; like=0; reply=0; source_type=comment; yeren_signal_id=; parent_comment_text=,15:13,抖音评论,video,这次发的及时吧，吃点小肉#股票 #股民 #vlgo十亿流量扶持计划,寒芒,7644093208830100453,https://www.douyin.com/video/7644093208830100453,,7644095251460309798,15:13,未纳入,中性,自动映射到抖音视频评论池。,,false
2026-05-26,longge,抖音评论 15:13,今天要亏死了，来位真大哥救救我吧[流泪][流泪][流泪][流泪],,,,否,video_id=7644093208830100453; video_url=https://www.douyin.com/video/7644093208830100453; creator=阿龙闯大A📈; like=0; reply=0; source_type=comment; yeren_signal_id=; parent_comment_text=,15:13,抖音评论,video,这次发的及时吧，吃点小肉#股票 #股民 #vlgo十亿流量扶持计划,橙子酱🍊,7644093208830100453,https://www.douyin.com/video/7644093208830100453,,7644095220393100038,15:13,未纳入,中性,自动映射到抖音视频评论池。,,false
2026-05-26,longge,抖音评论 15:13,京能电力有没有人同车啊[沸羊羊][沸羊羊],京能电力(600578),,京能电力(600578) 被提及 4 次，有效评论 4 条，来源 2 个，跨来源共振，情绪 中性，当前判断：保留观察。,待确认,video_id=7644093208830100453; video_url=https://www.douyin.com/video/7644093208830100453; creator=阿龙闯大A📈; like=0; reply=10; source_type=comment; yeren_signal_id=; parent_comment_text=,15:13,抖音评论,video,这次发的及时吧，吃点小肉#股票 #股民 #vlgo十亿流量扶持计划,朵朵云,7644093208830100453,https://www.douyin.com/video/7644093208830100453,,7644095173110629178,15:13,待确认,中性,自动映射到抖音视频评论池。,8.3,false
2026-05-26,longge,抖音评论 15:13,谢谢大哥17.8买了一手[捂脸],,,,否,video_id=7644093208830100453; video_url=https://www.douyin.com/video/7644093208830100453; creator=阿龙闯大A📈; like=0; reply=0; source_type=comment; yeren_signal_id=; parent_comment_text=,15:13,抖音评论,video,这次发的及时吧，吃点小肉#股票 #股民 #vlgo十亿流量扶持计划,花猫在大A,7644093208830100453,https://www.douyin.com/video/7644093208830100453,,7644095148792808250,15:13,未纳入,中性,自动映射到抖音视频评论池。,,false
2026-05-26,longge,抖音评论 15:13,想着2点半再买的，一觉醒来直接涨停了[捂脸][捂脸][捂脸],,,,否,video_id=7644093208830100453; video_url=https://www.douyin.com/video/7644093208830100453; creator=阿龙闯大A📈; like=0; reply=0; source_type=comment; yeren_signal_id=; parent_comment_text=,15:13,抖音评论,video,这次发的及时吧，吃点小肉#股票 #股民 #vlgo十亿流量扶持计划,逆旅行人,7644093208830100453,https://www.douyin.com/video/7644093208830100453,,7644095135285871412,15:13,未纳入,中性,自动映射到抖音视频评论池。,,false
2026-05-26,longge,抖音评论 15:13,这是哪一只啊？,,,,否,video_id=7644093208830100453; video_url=https://www.douyin.com/video/7644093208830100453; creator=阿龙闯大A📈; like=0; reply=0; source_type=comment; yeren_signal_id=; parent_comment_text=,15:13,抖音评论,video,这次发的及时吧，吃点小肉#股票 #股民 #vlgo十亿流量扶持计划,语芊6339,7644093208830100453,https://www.douyin.com/video/7644093208830100453,,7644095085223052090,15:13,未纳入,中性,自动映射到抖音视频评论池。,,false
2026-05-26,longge,抖音评论 15:12,明阳的大哥那,,,,否,video_id=7644093208830100453; video_url=https://www.douyin.com/video/7644093208830100453; creator=阿龙闯大A📈; like=0; reply=0; source_type=comment; yeren_signal_id=; parent_comment_text=,15:12,抖音评论,video,这次发的及时吧，吃点小肉#股票 #股民 #vlgo十亿流量扶持计划,日落,7644093208830100453,https://www.douyin.com/video/7644093208830100453,,7644095082949722917,15:12,未纳入,中性,自动映射到抖音视频评论池。,,false
2026-05-26,longge,抖音评论 15:12,天秦再升华映，记住给我上龙,,,评论热度较高，但暂未自动识别到明确股票线索，保留人工复核。,待确认,video_id=7644093208830100453; video_url=https://www.douyin.com/video/7644093208830100453; creator=阿龙闯大A📈; like=4; reply=6; source_type=comment; yeren_signal_id=; parent_comment_text=,15:12,抖音评论,video,这次发的及时吧，吃点小肉#股票 #股民 #vlgo十亿流量扶持计划,行者无疆626,7644093208830100453,https://www.douyin.com/video/7644093208830100453,,7644094971243250486,15:12,待确认,中性,自动映射到抖音视频评论池。,6.2,false
2026-05-26,longge,抖音评论 15:12,商业航天，明天红7个点左右,,,评论热度较高，但暂未自动识别到明确股票线索，保留人工复核。,待确认,video_id=7644093208830100453; video_url=https://www.douyin.com/video/7644093208830100453; creator=阿龙闯大A📈; like=8; reply=11; source_type=comment; yeren_signal_id=; parent_comment_text=,15:12,抖音评论,video,这次发的及时吧，吃点小肉#股票 #股民 #vlgo十亿流量扶持计划,刘刘大顺,7644093208830100453,https://www.douyin.com/video/7644093208830100453,,7644094956231852849,15:12,待确认,中性,自动映射到抖音视频评论池。,6.2,false
2026-05-26,longge,抖音评论 15:12,山东追着跳高好多次，进去2手，,,,,否,video_id=7644093208830100453; video_url=https://www.douyin.com/video/7644093208830100453; creator=阿龙闯大A📈; like=0; reply=3; source_type=comment; yeren_signal_id=; parent_comment_text=,15:12,抖音评论,video,这次发的及时吧，吃点小肉#股票 #股民 #vlgo十亿流量扶持计划,@女孩,7644093208830100453,https://www.douyin.com/video/7644093208830100453,,7644094856134951737,15:12,未纳入,中性,自动映射到抖音视频评论池。,,false
2026-05-26,longge,抖音评论 15:11,我还没上车[捂脸],,,,否,video_id=7644093208830100453; video_url=https://www.douyin.com/video/7644093208830100453; creator=阿龙闯大A📈; like=0; reply=0; source_type=comment; yeren_signal_id=; parent_comment_text=,15:11,抖音评论,video,这次发的及时吧，吃点小肉#股票 #股民 #vlgo十亿流量扶持计划,永权 杰少好车,7644093208830100453,https://www.douyin.com/video/7644093208830100453,,7644094799016624936,15:11,未纳入,中性,自动映射到抖音视频评论池。,,false
2026-05-26,longge,抖音评论 15:11,蟑螂大哥说的鸿博拿到6月，还有在的吗,,,,否,video_id=7644093208830100453; video_url=https://www.douyin.com/video/7644093208830100453; creator=阿龙闯大A📈; like=1; reply=4; source_type=comment; yeren_signal_id=; parent_comment_text=,15:11,抖音评论,video,这次发的及时吧，吃点小肉#股票 #股民 #vlgo十亿流量扶持计划,小甜甜布兰妮,7644093208830100453,https://www.douyin.com/video/7644093208830100453,,7644094767709979426,15:11,未纳入,中性,自动映射到抖音视频评论池。,,false
2026-05-26,longge,抖音评论 15:11,山东波芊,,,,否,video_id=7644093208830100453; video_url=https://www.douyin.com/video/7644093208830100453; creator=阿龙闯大A📈; like=0; reply=0; source_type=comment; yeren_signal_id=; parent_comment_text=,15:11,抖音评论,video,这次发的及时吧，吃点小肉#股票 #股民 #vlgo十亿流量扶持计划,时间的味道,7644093208830100453,https://www.douyin.com/video/7644093208830100453,,7644094759115735867,15:11,未纳入,中性,自动映射到抖音视频评论池。,,false
2026-05-26,longge,抖音评论 15:11,京东F没封住，还能拿吗,,,,否,video_id=7644093208830100453; video_url=https://www.douyin.com/video/7644093208830100453; creator=阿龙闯大A📈; like=0; reply=0; source_type=comment; yeren_signal_id=; parent_comment_text=,15:11,抖音评论,video,这次发的及时吧，吃点小肉#股票 #股民 #vlgo十亿流量扶持计划,江河不入梦,7644093208830100453,https://www.douyin.com/video/7644093208830100453,,7644094735721022208,15:11,未纳入,中性,自动映射到抖音视频评论池。,,false
2026-05-26,longge,抖音评论 15:11,明天进的话，后天才能卖，已来不及了[流泪][流泪][流泪],,,,否,video_id=7644093208830100453; video_url=https://www.douyin.com/video/7644093208830100453; creator=阿龙闯大A📈; like=1; reply=0; source_type=comment; yeren_signal_id=; parent_comment_text=,15:11,抖音评论,video,这次发的及时吧，吃点小肉#股票 #股民 #vlgo十亿流量扶持计划,小白✨,7644093208830100453,https://www.douyin.com/video/7644093208830100453,,7644094667751031609,15:11,未纳入,中性,自动映射到抖音视频评论池。,,false
2026-05-26,longge,抖音评论 15:11,龙啊跟新的真及时[爱心],,,,否,video_id=7644093208830100453; video_url=https://www.douyin.com/video/7644093208830100453; creator=阿龙闯大A📈; like=0; reply=0; source_type=comment; yeren_signal_id=; parent_comment_text=,15:11,抖音评论,video,这次发的及时吧，吃点小肉#股票 #股民 #vlgo十亿流量扶持计划,Yun宝,7644093208830100453,https://www.douyin.com/video/7644093208830100453,,7644094623556010786,15:11,未纳入,中性,自动映射到抖音视频评论池。,,false
2026-05-26,longge,抖音评论 15:11,中午没找到这是哪个啊,,,,否,video_id=7644093208830100453; video_url=https://www.douyin.com/video/7644093208830100453; creator=阿龙闯大A📈; like=0; reply=0; source_type=comment; yeren_signal_id=; parent_comment_text=,15:11,抖音评论,video,这次发的及时吧，吃点小肉#股票 #股民 #vlgo十亿流量扶持计划,星星啊⭐️,7644093208830100453,https://www.douyin.com/video/7644093208830100453,,7644094585677218597,15:11,未纳入,中性,自动映射到抖音视频评论池。,,false
2026-05-26,longge,抖音评论 15:10,这个开盘来的太快了,,,,否,video_id=7644093208830100453; video_url=https://www.douyin.com/video/7644093208830100453; creator=阿龙闯大A📈; like=0; reply=0; source_type=comment; yeren_signal_id=; parent_comment_text=,15:10,抖音评论,video,这次发的及时吧，吃点小肉#股票 #股民 #vlgo十亿流量扶持计划,夏凯凯,7644093208830100453,https://www.douyin.com/video/7644093208830100453,,7644094553667027722,15:10,未纳入,中性,自动映射到抖音视频评论池。,,false
2026-05-26,longge,抖音评论 15:10,你把大哥的评论都删了[捂脸][捂脸][捂脸],,,,否,video_id=7644093208830100453; video_url=https://www.douyin.com/video/7644093208830100453; creator=阿龙闯大A📈; like=0; reply=1; source_type=comment; yeren_signal_id=; parent_comment_text=,15:10,抖音评论,video,这次发的及时吧，吃点小肉#股票 #股民 #vlgo十亿流量扶持计划,小强,7644093208830100453,https://www.douyin.com/video/7644093208830100453,,7644094539498128187,15:10,未纳入,中性,自动映射到抖音视频评论池。,,false
2026-05-26,longge,抖音评论 15:10,山东玻X，这个票的走势你们犹豫什么呢，开盘下杀的时候就进了[抠鼻],,,评论热度较高，但暂未自动识别到明确股票线索，保留人工复核。,待确认,video_id=7644093208830100453; video_url=https://www.douyin.com/video/7644093208830100453; creator=阿龙闯大A📈; like=0; reply=10; source_type=comment; yeren_signal_id=; parent_comment_text=,15:10,抖音评论,video,这次发的及时吧，吃点小肉#股票 #股民 #vlgo十亿流量扶持计划,膏蟹🦀️皮皮虾🦐,7644093208830100453,https://www.douyin.com/video/7644093208830100453,,7644094452575273777,15:10,待确认,中性,自动映射到抖音视频评论池。,6.2,false
2026-05-26,longge,抖音评论 15:10,我真的就买了一手[捂脸],,,,否,video_id=7644093208830100453; video_url=https://www.douyin.com/video/7644093208830100453; creator=阿龙闯大A📈; like=1; reply=0; source_type=comment; yeren_signal_id=; parent_comment_text=,15:10,抖音评论,video,这次发的及时吧，吃点小肉#股票 #股民 #vlgo十亿流量扶持计划,初颜头疗·美容美发官方号,7644093208830100453,https://www.douyin.com/video/7644093208830100453,,7644094445037699877,15:10,未纳入,中性,自动映射到抖音视频评论池。,,false
2026-05-26,longge,抖音评论 15:10,没上车就涨停了[捂脸],,,,否,video_id=7644093208830100453; video_url=https://www.douyin.com/video/7644093208830100453; creator=阿龙闯大A📈; like=0; reply=0; source_type=comment; yeren_signal_id=; parent_comment_text=,15:10,抖音评论,video,这次发的及时吧，吃点小肉#股票 #股民 #vlgo十亿流量扶持计划,小金鱼&,7644093208830100453,https://www.douyin.com/video/7644093208830100453,,7644094415137932038,15:10,未纳入,中性,自动映射到抖音视频评论池。,,false
2026-05-26,longge,抖音评论 15:10,上午盘早10分钟就好了，午盘直线拉上去了[流泪],,,,否,video_id=7644093208830100453; video_url=https://www.douyin.com/video/7644093208830100453; creator=阿龙闯大A📈; like=0; reply=2; source_type=comment; yeren_signal_id=; parent_comment_text=,15:10,抖音评论,video,这次发的及时吧，吃点小肉#股票 #股民 #vlgo十亿流量扶持计划,姓名已重制,7644093208830100453,https://www.douyin.com/video/7644093208830100453,,7644094406782812977,15:10,未纳入,中性,自动映射到抖音视频评论池。,,false
2026-05-26,longge,抖音评论 15:10,追着上车了[感谢],,,,否,video_id=7644093208830100453; video_url=https://www.douyin.com/video/7644093208830100453; creator=阿龙闯大A📈; like=0; reply=0; source_type=comment; yeren_signal_id=; parent_comment_text=,15:10,抖音评论,video,这次发的及时吧，吃点小肉#股票 #股民 #vlgo十亿流量扶持计划,劉大仙稳稳吃肉,7644093208830100453,https://www.douyin.com/video/7644093208830100453,,7644094379074061093,15:10,未纳入,中性,自动映射到抖音视频评论池。,,false
2026-05-26,longge,抖音评论 15:10,拍断大腿，割肉没割掉，差两分钟没买进去[流泪],,,,否,video_id=7644093208830100453; video_url=https://www.douyin.com/video/7644093208830100453; creator=阿龙闯大A📈; like=0; reply=0; source_type=comment; yeren_signal_id=; parent_comment_text=,15:10,抖音评论,video,这次发的及时吧，吃点小肉#股票 #股民 #vlgo十亿流量扶持计划,Respect,7644093208830100453,https://www.douyin.com/video/7644093208830100453,,7644094364658352953,15:10,未纳入,中性,自动映射到抖音视频评论池。,,false
2026-05-26,longge,抖音评论 15:10,我看的消息也及时[捂脸] 收盘前1分钟买的 你是效率博主 这也是真大哥 [呲牙],,,,否,video_id=7644093208830100453; video_url=https://www.douyin.com/video/7644093208830100453; creator=阿龙闯大A📈; like=1; reply=4; source_type=comment; yeren_signal_id=; parent_comment_text=,15:10,抖音评论,video,这次发的及时吧，吃点小肉#股票 #股民 #vlgo十亿流量扶持计划,长相思里,7644093208830100453,https://www.douyin.com/video/7644093208830100453,,7644094354324276014,15:10,未纳入,中性,自动映射到抖音视频评论池。,,false
2026-05-26,longge,抖音评论 15:10,睡一觉一看，涨停了，没跟到过真大哥[抠鼻][抠鼻][抠鼻],,,,否,video_id=7644093208830100453; video_url=https://www.douyin.com/video/7644093208830100453; creator=阿龙闯大A📈; like=0; reply=0; source_type=comment; yeren_signal_id=; parent_comment_text=,15:10,抖音评论,video,这次发的及时吧，吃点小肉#股票 #股民 #vlgo十亿流量扶持计划,安安很好,7644093208830100453,https://www.douyin.com/video/7644093208830100453,,7644094347387126562,15:10,未纳入,中性,自动映射到抖音视频评论池。,,false
2026-05-26,longge,抖音评论 15:10,及时！！！！！,,,,否,video_id=7644093208830100453; video_url=https://www.douyin.com/video/7644093208830100453; creator=阿龙闯大A📈; like=0; reply=0; source_type=comment; yeren_signal_id=; parent_comment_text=,15:10,抖音评论,video,这次发的及时吧，吃点小肉#股票 #股民 #vlgo十亿流量扶持计划,番薯同学,7644093208830100453,https://www.douyin.com/video/7644093208830100453,,7644094315166057259,15:10,未纳入,中性,自动映射到抖音视频评论池。,,false
2026-05-26,longge,抖音评论 15:09,刚看到去买就涨停了[捂脸],,,,否,video_id=7644093208830100453; video_url=https://www.douyin.com/video/7644093208830100453; creator=阿龙闯大A📈; like=0; reply=0; source_type=comment; yeren_signal_id=; parent_comment_text=,15:09,抖音评论,video,这次发的及时吧，吃点小肉#股票 #股民 #vlgo十亿流量扶持计划,瑶瑶不是瑶,7644093208830100453,https://www.douyin.com/video/7644093208830100453,,7644094066162041659,15:09,未纳入,中性,自动映射到抖音视频评论池。,,false
2026-05-26,longge,抖音评论 15:08,为什么我早没看到这个大哥[泪奔]，等看到已经板了，这真大哥有好东西的时候，你能不能个赞呀,,,,否,video_id=7644093208830100453; video_url=https://www.douyin.com/video/7644093208830100453; creator=阿龙闯大A📈; like=0; reply=0; source_type=comment; yeren_signal_id=; parent_comment_text=,15:08,抖音评论,video,这次发的及时吧，吃点小肉#股票 #股民 #vlgo十亿流量扶持计划,飞猪吖,7644093208830100453,https://www.douyin.com/video/7644093208830100453,,7644093993744532273,15:08,未纳入,中性,自动映射到抖音视频评论池。,,false
2026-05-26,longge,抖音评论 15:08,睡个午觉，错过大哥[笑哭],,,,否,video_id=7644093208830100453; video_url=https://www.douyin.com/video/7644093208830100453; creator=阿龙闯大A📈; like=0; reply=0; source_type=comment; yeren_signal_id=; parent_comment_text=,15:08,抖音评论,video,这次发的及时吧，吃点小肉#股票 #股民 #vlgo十亿流量扶持计划,嗨嗨嗨,7644093208830100453,https://www.douyin.com/video/7644093208830100453,,7644093959799472942,15:08,未纳入,中性,自动映射到抖音视频评论池。,,false
2026-05-26,longge,抖音评论 15:08,明天能买什么啊大哥们 真的没招了[流泪],,,,否,video_id=7644093208830100453; video_url=https://www.douyin.com/video/7644093208830100453; creator=阿龙闯大A📈; like=0; reply=0; source_type=comment; yeren_signal_id=; parent_comment_text=,15:08,抖音评论,video,这次发的及时吧，吃点小肉#股票 #股民 #vlgo十亿流量扶持计划,八方来财健康平安貌美如花事事顺利暴富玉女,7644093208830100453,https://www.douyin.com/video/7644093208830100453,,7644093946133742395,15:08,未纳入,中性,自动映射到抖音视频评论池。,,false
2026-05-26,longge,抖音评论 15:08,那个明阳比涨停还多,,,评论热度较高，但暂未自动识别到明确股票线索，保留人工复核。,待确认,video_id=7644093208830100453; video_url=https://www.douyin.com/video/7644093208830100453; creator=阿龙闯大A📈; like=0; reply=9; source_type=comment; yeren_signal_id=; parent_comment_text=,15:08,抖音评论,video,这次发的及时吧，吃点小肉#股票 #股民 #vlgo十亿流量扶持计划,月夕花晨,7644093208830100453,https://www.douyin.com/video/7644093208830100453,,7644093913809175359,15:08,待确认,中性,自动映射到抖音视频评论池。,6.2,false
2026-05-26,longge,抖音评论 15:08,恭喜大哥[呲牙],,,,否,video_id=7644093208830100453; video_url=https://www.douyin.com/video/7644093208830100453; creator=阿龙闯大A📈; like=0; reply=0; source_type=comment; yeren_signal_id=; parent_comment_text=,15:08,抖音评论,video,这次发的及时吧，吃点小肉#股票 #股民 #vlgo十亿流量扶持计划,后视镜里的云,7644093208830100453,https://www.douyin.com/video/7644093208830100453,,7644093893168775976,15:08,未纳入,中性,自动映射到抖音视频评论池。,,false
2026-05-26,longge,抖音评论 15:08,就看明天了,,,,否,video_id=7644093208830100453; video_url=https://www.douyin.com/video/7644093208830100453; creator=阿龙闯大A📈; like=0; reply=0; source_type=comment; yeren_signal_id=; parent_comment_text=,15:08,抖音评论,video,这次发的及时吧，吃点小肉#股票 #股民 #vlgo十亿流量扶持计划,杀菌剂,7644093208830100453,https://www.douyin.com/video/7644093208830100453,,7644093799095075611,15:08,未纳入,中性,自动映射到抖音视频评论池。,,false
2026-05-26,longge,抖音评论 15:07,啊，开盘没有买到，伤心💔💔💔💔,,,,否,video_id=7644093208830100453; video_url=https://www.douyin.com/video/7644093208830100453; creator=阿龙闯大A📈; like=0; reply=0; source_type=comment; yeren_signal_id=; parent_comment_text=,15:07,抖音评论,video,这次发的及时吧，吃点小肉#股票 #股民 #vlgo十亿流量扶持计划,开飞机的司机,7644093208830100453,https://www.douyin.com/video/7644093208830100453,,7644093782929933102,15:07,未纳入,中性,自动映射到抖音视频评论池。,,false
2026-05-26,longge,抖音评论 15:07,我就吃个午饭回来就涨停了 [杀马特] 还没上车,,,,否,video_id=7644093208830100453; video_url=https://www.douyin.com/video/7644093208830100453; creator=阿龙闯大A📈; like=0; reply=0; source_type=comment; yeren_signal_id=; parent_comment_text=,15:07,抖音评论,video,这次发的及时吧，吃点小肉#股票 #股民 #vlgo十亿流量扶持计划,小菜爱生活(力达家私）好口福家常菜,7644093208830100453,https://www.douyin.com/video/7644093208830100453,,7644093759709578034,15:07,未纳入,中性,自动映射到抖音视频评论池。,,false
2026-05-26,longge,抖音评论 15:07,真是山东bq,,,,否,video_id=7644093208830100453; video_url=https://www.douyin.com/video/7644093208830100453; creator=阿龙闯大A📈; like=0; reply=0; source_type=comment; yeren_signal_id=; parent_comment_text=,15:07,抖音评论,video,这次发的及时吧，吃点小肉#股票 #股民 #vlgo十亿流量扶持计划,李满仓！,7644093208830100453,https://www.douyin.com/video/7644093208830100453,,7644093702943851270,15:07,未纳入,中性,自动映射到抖音视频评论池。,,false
2026-05-26,longge,抖音评论 15:07,大哥牛逼加闪电,,,,否,video_id=7644093208830100453; video_url=https://www.douyin.com/video/7644093208830100453; creator=阿龙闯大A📈; like=0; reply=0; source_type=comment; yeren_signal_id=; parent_comment_text=,15:07,抖音评论,video,这次发的及时吧，吃点小肉#股票 #股民 #vlgo十亿流量扶持计划,琴琴,7644093208830100453,https://www.douyin.com/video/7644093208830100453,,7644093700444242694,15:07,未纳入,中性,自动映射到抖音视频评论池。,,false
2026-05-26,longge,抖音评论 15:07,[耶][耶][耶],,,,否,video_id=7644093208830100453; video_url=https://www.douyin.com/video/7644093208830100453; creator=阿龙闯大A📈; like=0; reply=0; source_type=comment; yeren_signal_id=; parent_comment_text=,15:07,抖音评论,video,这次发的及时吧，吃点小肉#股票 #股民 #vlgo十亿流量扶持计划,♥️,7644093208830100453,https://www.douyin.com/video/7644093208830100453,,7644093683507348264,15:07,未纳入,中性,自动映射到抖音视频评论池。,,false
2026-05-26,longge,抖音评论 15:07,分不清哪个是真大哥，哪个是假大哥了[泪奔][泪奔][泪奔],,,,否,video_id=7644093208830100453; video_url=https://www.douyin.com/video/7644093208830100453; creator=阿龙闯大A📈; like=0; reply=0; source_type=comment; yeren_signal_id=; parent_comment_text=,15:07,抖音评论,video,这次发的及时吧，吃点小肉#股票 #股民 #vlgo十亿流量扶持计划,始终是风,7644093208830100453,https://www.douyin.com/video/7644093208830100453,,7644093665300022031,15:07,未纳入,中性,自动映射到抖音视频评论池。,,false
2026-05-26,longge,抖音评论 15:07,[泪奔]下次收盘前发，挂单都挂不进去,,,,否,video_id=7644093208830100453; video_url=https://www.douyin.com/video/7644093208830100453; creator=阿龙闯大A📈; like=1; reply=2; source_type=comment; yeren_signal_id=; parent_comment_text=,15:07,抖音评论,video,这次发的及时吧，吃点小肉#股票 #股民 #vlgo十亿流量扶持计划,初九,7644093208830100453,https://www.douyin.com/video/7644093208830100453,,7644093646485553977,15:07,未纳入,中性,自动映射到抖音视频评论池。,,false
2026-05-26,longge,抖音评论 15:07,还没反应过来，就拉上去了,,,,否,video_id=7644093208830100453; video_url=https://www.douyin.com/video/7644093208830100453; creator=阿龙闯大A📈; like=0; reply=0; source_type=comment; yeren_signal_id=; parent_comment_text=,15:07,抖音评论,video,这次发的及时吧，吃点小肉#股票 #股民 #vlgo十亿流量扶持计划,超级好运💛,7644093208830100453,https://www.douyin.com/video/7644093208830100453,,7644093632262554405,15:07,未纳入,中性,自动映射到抖音视频评论池。,,false
2026-05-26,longge,抖音评论 15:07,午后直接拉涨停[赞][赞][赞],,,,否,video_id=7644093208830100453; video_url=https://www.douyin.com/video/7644093208830100453; creator=阿龙闯大A📈; like=0; reply=0; source_type=comment; yeren_signal_id=; parent_comment_text=,15:07,抖音评论,video,这次发的及时吧，吃点小肉#股票 #股民 #vlgo十亿流量扶持计划,小团团,7644093208830100453,https://www.douyin.com/video/7644093208830100453,,7644093629380117305,15:07,未纳入,中性,自动映射到抖音视频评论池。,,false
2026-05-26,longge,抖音评论 15:07,玻q[赞][赞][赞][赞],,,,否,video_id=7644093208830100453; video_url=https://www.douyin.com/video/7644093208830100453; creator=阿龙闯大A📈; like=0; reply=1; source_type=comment; yeren_signal_id=; parent_comment_text=,15:07,抖音评论,video,这次发的及时吧，吃点小肉#股票 #股民 #vlgo十亿流量扶持计划,小六,7644093208830100453,https://www.douyin.com/video/7644093208830100453,,7644093621506999077,15:07,未纳入,中性,自动映射到抖音视频评论池。,,false
2026-05-26,longge,抖音评论 15:07,京东方有大哥说说吗 追高了,,,评论热度较高，但暂未自动识别到明确股票线索，保留人工复核。,待确认,video_id=7644093208830100453; video_url=https://www.douyin.com/video/7644093208830100453; creator=阿龙闯大A📈; like=0; reply=11; source_type=comment; yeren_signal_id=; parent_comment_text=,15:07,抖音评论,video,这次发的及时吧，吃点小肉#股票 #股民 #vlgo十亿流量扶持计划,单,7644093208830100453,https://www.douyin.com/video/7644093208830100453,,7644093615119336234,15:07,待确认,中性,自动映射到抖音视频评论池。,6.2,false
2026-05-26,longge,抖音评论 15:07,大哥太牛了，8点个跟进了，感谢大哥[赞][赞][赞],,,,否,video_id=7644093208830100453; video_url=https://www.douyin.com/video/7644093208830100453; creator=阿龙闯大A📈; like=0; reply=0; source_type=comment; yeren_signal_id=; parent_comment_text=,15:07,抖音评论,video,这次发的及时吧，吃点小肉#股票 #股民 #vlgo十亿流量扶持计划,幸运欣☀️,7644093208830100453,https://www.douyin.com/video/7644093208830100453,,7644093609126839092,15:07,未纳入,中性,自动映射到抖音视频评论池。,,false
2026-05-26,longge,抖音评论 15:07,快来个大哥救救我吧,,,,否,video_id=7644093208830100453; video_url=https://www.douyin.com/video/7644093208830100453; creator=阿龙闯大A📈; like=2; reply=0; source_type=comment; yeren_signal_id=; parent_comment_text=,15:07,抖音评论,video,这次发的及时吧，吃点小肉#股票 #股民 #vlgo十亿流量扶持计划,微醺,7644093208830100453,https://www.douyin.com/video/7644093208830100453,,7644093590184215345,15:07,未纳入,中性,自动映射到抖音视频评论池。,,false
2026-05-26,longge,抖音评论 15:07,康强和明阳 怎么说 大佬们,,,评论热度较高，但暂未自动识别到明确股票线索，保留人工复核。,待确认,video_id=7644093208830100453; video_url=https://www.douyin.com/video/7644093208830100453; creator=阿龙闯大A📈; like=0; reply=7; source_type=comment; yeren_signal_id=; parent_comment_text=,15:07,抖音评论,video,这次发的及时吧，吃点小肉#股票 #股民 #vlgo十亿流量扶持计划,2090694118,7644093208830100453,https://www.douyin.com/video/7644093208830100453,,7644093552700982053,15:07,待确认,中性,自动映射到抖音视频评论池。,6.2,false
2026-05-26,longge,抖音评论 15:07,哪个,,,,否,video_id=7644093208830100453; video_url=https://www.douyin.com/video/7644093208830100453; creator=阿龙闯大A📈; like=0; reply=0; source_type=comment; yeren_signal_id=; parent_comment_text=,15:07,抖音评论,video,这次发的及时吧，吃点小肉#股票 #股民 #vlgo十亿流量扶持计划,A✨ 任小甜 😇,7644093208830100453,https://www.douyin.com/video/7644093208830100453,,7644093540662805282,15:07,未纳入,中性,自动映射到抖音视频评论池。,,false
2026-05-26,longge,抖音评论 15:06,买什么,,,,否,video_id=7644093208830100453; video_url=https://www.douyin.com/video/7644093208830100453; creator=阿龙闯大A📈; like=0; reply=0; source_type=comment; yeren_signal_id=; parent_comment_text=,15:06,抖音评论,video,这次发的及时吧，吃点小肉#股票 #股民 #vlgo十亿流量扶持计划,用户5158090969995,7644093208830100453,https://www.douyin.com/video/7644093208830100453,,7644093492478706458,15:06,未纳入,中性,自动映射到抖音视频评论池。,,false
2026-05-26,longge,抖音评论 15:06,大哥牛逼，跟了一点,,,,否,video_id=7644093208830100453; video_url=https://www.douyin.com/video/7644093208830100453; creator=阿龙闯大A📈; like=0; reply=0; source_type=comment; yeren_signal_id=; parent_comment_text=,15:06,抖音评论,video,这次发的及时吧，吃点小肉#股票 #股民 #vlgo十亿流量扶持计划,放飞机,7644093208830100453,https://www.douyin.com/video/7644093208830100453,,7644093463994041137,15:06,未纳入,中性,自动映射到抖音视频评论池。,,false
2026-05-26,longge,抖音评论 15:06,太快了，买不进啊,,,,否,video_id=7644093208830100453; video_url=https://www.douyin.com/video/7644093208830100453; creator=阿龙闯大A📈; like=1; reply=4; source_type=comment; yeren_signal_id=; parent_comment_text=,15:06,抖音评论,video,这次发的及时吧，吃点小肉#股票 #股民 #vlgo十亿流量扶持计划,7up,7644093208830100453,https://www.douyin.com/video/7644093208830100453,,7644093464069800738,15:06,未纳入,中性,自动映射到抖音视频评论池。,,false
2026-05-26,longge,抖音评论 15:06,牛逼,,,,否,video_id=7644093208830100453; video_url=https://www.douyin.com/video/7644093208830100453; creator=阿龙闯大A📈; like=0; reply=0; source_type=comment; yeren_signal_id=; parent_comment_text=,15:06,抖音评论,video,这次发的及时吧，吃点小肉#股票 #股民 #vlgo十亿流量扶持计划,🌈热心市民在街上捡垃圾被美女总裁带回家,7644093208830100453,https://www.douyin.com/video/7644093208830100453,,7644093464896144155,15:06,未纳入,中性,自动映射到抖音视频评论池。,,false
2026-05-26,longge,抖音评论 15:06,[尬笑][尬笑][尬笑],,,,否,video_id=7644093208830100453; video_url=https://www.douyin.com/video/7644093208830100453; creator=阿龙闯大A📈; like=0; reply=0; source_type=comment; yeren_signal_id=; parent_comment_text=,15:06,抖音评论,video,这次发的及时吧，吃点小肉#股票 #股民 #vlgo十亿流量扶持计划,欢喜售汽车,7644093208830100453,https://www.douyin.com/video/7644093208830100453,,7644093452339086138,15:06,未纳入,中性,自动映射到抖音视频评论池。,,false
2026-05-26,longge,抖音评论 15:06,[赞][赞][赞],,,,否,video_id=7644093208830100453; video_url=https://www.douyin.com/video/7644093208830100453; creator=阿龙闯大A📈; like=0; reply=0; source_type=comment; yeren_signal_id=; parent_comment_text=,15:06,抖音评论,video,这次发的及时吧，吃点小肉#股票 #股民 #vlgo十亿流量扶持计划,守护,7644093208830100453,https://www.douyin.com/video/7644093208830100453,,7644093443174892307,15:06,未纳入,中性,自动映射到抖音视频评论池。,,false
2026-05-26,longge,抖音评论 15:06,哪个啊,,,,否,video_id=7644093208830100453; video_url=https://www.douyin.com/video/7644093208830100453; creator=阿龙闯大A📈; like=0; reply=0; source_type=comment; yeren_signal_id=; parent_comment_text=,15:06,抖音评论,video,这次发的及时吧，吃点小肉#股票 #股民 #vlgo十亿流量扶持计划,宇宙之铁,7644093208830100453,https://www.douyin.com/video/7644093208830100453,,7644093448424866610,15:06,未纳入,中性,自动映射到抖音视频评论池。,,false
2026-05-26,longge,抖音评论 15:06,一楼[暗中观察][暗中观察][暗中观察],,,,否,video_id=7644093208830100453; video_url=https://www.douyin.com/video/7644093208830100453; creator=阿龙闯大A📈; like=1; reply=0; source_type=comment; yeren_signal_id=; parent_comment_text=,15:06,抖音评论,video,这次发的及时吧，吃点小肉#股票 #股民 #vlgo十亿流量扶持计划,我不说,7644093208830100453,https://www.douyin.com/video/7644093208830100453,,7644093443241591598,15:06,未纳入,中性,自动映射到抖音视频评论池。,,false
2026-05-26,longge,抖音评论 15:06,1,,,,否,video_id=7644093208830100453; video_url=https://www.douyin.com/video/7644093208830100453; creator=阿龙闯大A📈; like=1; reply=0; source_type=comment; yeren_signal_id=; parent_comment_text=,15:06,抖音评论,video,这次发的及时吧，吃点小肉#股票 #股民 #vlgo十亿流量扶持计划,Lucklies,7644093208830100453,https://www.douyin.com/video/7644093208830100453,,7644093440309052211,15:06,未纳入,中性,自动映射到抖音视频评论池。,,false
2026-05-26,longge,抖音评论 15:06,第一,,,,否,video_id=7644093208830100453; video_url=https://www.douyin.com/video/7644093208830100453; creator=阿龙闯大A📈; like=0; reply=0; source_type=comment; yeren_signal_id=; parent_comment_text=,15:06,抖音评论,video,这次发的及时吧，吃点小肉#股票 #股民 #vlgo十亿流量扶持计划,八方来财健康平安貌美如花事事顺利暴富玉女,7644093208830100453,https://www.douyin.com/video/7644093208830100453,,7644093435712291621,15:06,未纳入,中性,自动映射到抖音视频评论池。,,false
2026-05-26,longge,抖音评论 15:06,哪个票啊,,,评论热度较高，但暂未自动识别到明确股票线索，保留人工复核。,待确认,video_id=7644093208830100453; video_url=https://www.douyin.com/video/7644093208830100453; creator=阿龙闯大A📈; like=2; reply=6; source_type=comment; yeren_signal_id=; parent_comment_text=,15:06,抖音评论,video,这次发的及时吧，吃点小肉#股票 #股民 #vlgo十亿流量扶持计划,Resign,7644093208830100453,https://www.douyin.com/video/7644093208830100453,,7644093392742318885,15:06,待确认,中性,自动映射到抖音视频评论池。,6.2,false
2026-05-26,longge,抖音评论 18:00,感谢说山东坡迁和明阳智能的大哥，私聊我给你邮特产，两个涨停,,,,否,video_id=7644093208830100453; video_url=https://www.douyin.com/video/7644093208830100453; creator=阿龙闯大A📈; like=0; reply=0; source_type=comment; yeren_signal_id=; parent_comment_text=,18:00,抖音评论,video,这次发的及时吧，吃点小肉#股票 #股民 #vlgo十亿流量扶持计划,张张张,7644093208830100453,https://www.douyin.com/video/7644093208830100453,,7644138283148608293,18:00,未纳入,中性,自动映射到抖音视频评论池。,,false
2026-05-26,longge,抖音评论 16:26,有没有股大佬 带带我 我给你介绍我最漂亮的闺蜜[美羊羊],,,,否,video_id=7644093208830100453; video_url=https://www.douyin.com/video/7644093208830100453; creator=阿龙闯大A📈; like=0; reply=0; source_type=comment; yeren_signal_id=; parent_comment_text=,16:26,抖音评论,video,这次发的及时吧，吃点小肉#股票 #股民 #vlgo十亿流量扶持计划,你萱哥,7644093208830100453,https://www.douyin.com/video/7644093208830100453,,7644113935776645946,16:26,未纳入,中性,自动映射到抖音视频评论池。,,false
2026-05-26,longge,抖音评论 16:32,读懂主力就是得看公众号上的秦天衣,,,,否,video_id=7644093208830100453; video_url=https://www.douyin.com/video/7644093208830100453; creator=阿龙闯大A📈; like=0; reply=0; source_type=comment; yeren_signal_id=; parent_comment_text=,16:32,抖音评论,video,这次发的及时吧，吃点小肉#股票 #股民 #vlgo十亿流量扶持计划,龙马精神,7644093208830100453,https://www.douyin.com/video/7644093208830100453,,7644115502281933605,16:32,未纳入,中性,自动映射到抖音视频评论池。,,false
2026-05-26,longge,抖音评论 11:53,红板科技,红板科技(603459),,红板科技(603459) 被提及 3 次，有效评论 3 条，来源 1 个，单视频线索，情绪 中性，当前判断：保留观察。,待确认,video_id=7644035850305123185; video_url=https://www.douyin.com/video/7644035850305123185; creator=阿龙闯大A📈; like=3; reply=15; source_type=comment; yeren_signal_id=; parent_comment_text=,11:53,抖音评论,video,下午会涨停吗？#股票 #股民 #vlgo十亿流量扶持计划,雾眠,7644035850305123185,https://www.douyin.com/video/7644035850305123185,,7644043612582019897,11:53,待确认,中性,自动映射到抖音视频评论池。,7.2,false
2026-05-26,longge,抖音评论 13:16,给明阳智能的大哥上龙🐲🐲🐲,明阳智能(601615),,明阳智能(601615) 被提及 14 次，有效评论 14 条，来源 2 个，跨来源共振，情绪 中性，当前判断：保留观察。,待确认,video_id=7644035850305123185; video_url=https://www.douyin.com/video/7644035850305123185; creator=阿龙闯大A📈; like=25; reply=12; source_type=comment; yeren_signal_id=; parent_comment_text=,13:16,抖音评论,video,下午会涨停吗？#股票 #股民 #vlgo十亿流量扶持计划,於穆,7644035850305123185,https://www.douyin.com/video/7644035850305123185,,7644065159837008655,13:16,待确认,中性,自动映射到抖音视频评论池。,9.6,false
2026-05-26,longge,抖音评论 15:46,盈方微,,,,否,video_id=7644035850305123185; video_url=https://www.douyin.com/video/7644035850305123185; creator=阿龙闯大A📈; like=0; reply=1; source_type=comment; yeren_signal_id=; parent_comment_text=,15:46,抖音评论,video,下午会涨停吗？#股票 #股民 #vlgo十亿流量扶持计划,云朵🌻,7644035850305123185,https://www.douyin.com/video/7644035850305123185,,7644103587501540139,15:46,未纳入,中性,自动映射到抖音视频评论池。,,false
2026-05-26,longge,抖音评论 14:17,说大连电瓷的给我出来[泣不成声],大连电瓷(002606),,大连电瓷(002606) 被提及 1 次，有效评论 1 条，来源 1 个，单视频线索，情绪 中性，当前判断：保留观察。,待确认,video_id=7644035850305123185; video_url=https://www.douyin.com/video/7644035850305123185; creator=阿龙闯大A📈; like=1; reply=13; source_type=comment; yeren_signal_id=; parent_comment_text=,14:17,抖音评论,video,下午会涨停吗？#股票 #股民 #vlgo十亿流量扶持计划,一1,7644035850305123185,https://www.douyin.com/video/7644035850305123185,,7644080788036354862,14:17,待确认,中性,自动映射到抖音视频评论池。,6.4,false
2026-05-26,longge,抖音评论 13:46,明阳大哥厉害，山东波千也是牛逼[捂脸][捂脸],,,,否,video_id=7644035850305123185; video_url=https://www.douyin.com/video/7644035850305123185; creator=阿龙闯大A📈; like=1; reply=3; source_type=comment; yeren_signal_id=; parent_comment_text=,13:46,抖音评论,video,下午会涨停吗？#股票 #股民 #vlgo十亿流量扶持计划,💕 ❧⁵²⁰幸福杨溢꧔ꦿ᭄💞,7644035850305123185,https://www.douyin.com/video/7644035850305123185,,7644072899217621819,13:46,未纳入,中性,自动映射到抖音视频评论池。,,false
2026-05-26,longge,抖音评论 12:44,前几天有个说西部材料水下两三个点可以进，我真听劝，昨天水下三个点70入的1000，现在64[捂脸]这个月白干了,西部材料(002149),,西部材料(002149) 被提及 3 次，有效评论 3 条，来源 1 个，单视频线索，情绪 中性，当前判断：保留观察。,待确认,video_id=7644035850305123185; video_url=https://www.douyin.com/video/7644035850305123185; creator=阿龙闯大A📈; like=5; reply=3; source_type=comment; yeren_signal_id=; parent_comment_text=,12:44,抖音评论,video,下午会涨停吗？#股票 #股民 #vlgo十亿流量扶持计划,大華,7644035850305123185,https://www.douyin.com/video/7644035850305123185,,7644056882411799333,12:44,待确认,中性,自动映射到抖音视频评论池。,7.2,false
2026-05-26,longge,抖音评论 12:35,各位大佬，通富微电怎么看,通富微电(002156),,通富微电(002156) 被提及 2 次，有效评论 2 条，来源 2 个，跨来源共振，情绪 中性，当前判断：保留观察。,待确认,video_id=7644035850305123185; video_url=https://www.douyin.com/video/7644035850305123185; creator=阿龙闯大A📈; like=4; reply=13; source_type=comment; yeren_signal_id=; parent_comment_text=,12:35,抖音评论,video,下午会涨停吗？#股票 #股民 #vlgo十亿流量扶持计划,98269826,7644035850305123185,https://www.douyin.com/video/7644035850305123185,,7644054614559654683,12:35,待确认,中性,自动映射到抖音视频评论池。,7.6,false
2026-05-26,longge,抖音评论 13:05,太快了，根本买不进去，山东bx太快了[捂脸]涨停了,,,,否,video_id=7644035850305123185; video_url=https://www.douyin.com/video/7644035850305123185; creator=阿龙闯大A📈; like=2; reply=5; source_type=comment; yeren_signal_id=; parent_comment_text=,13:05,抖音评论,video,下午会涨停吗？#股票 #股民 #vlgo十亿流量扶持计划,五星上将,7644035850305123185,https://www.douyin.com/video/7644035850305123185,,7644062276115252017,13:05,未纳入,中性,自动映射到抖音视频评论池。,,false
2026-05-26,longge,抖音评论 12:10,有没有平潭发展的[流泪],平潭发展(000592),林业;福建自贸区,平潭发展(000592) 被提及 2 次，有效评论 2 条，来源 2 个，跨来源共振，情绪 中性，当前判断：保留观察。,待确认,video_id=7644035850305123185; video_url=https://www.douyin.com/video/7644035850305123185; creator=阿龙闯大A📈; like=1; reply=25; source_type=comment; yeren_signal_id=; parent_comment_text=,12:10,抖音评论,video,下午会涨停吗？#股票 #股民 #vlgo十亿流量扶持计划,还没想好叫什么,7644035850305123185,https://www.douyin.com/video/7644035850305123185,,7644048093907157819,12:10,待确认,中性,自动映射到抖音视频评论池。,7.6,false
2026-05-26,longge,抖音评论 13:11,我好像在你评论区看到哪个大哥推荐的红板科技 我从63.5一直关注到现在112[泣不成声][泣不成声]好后悔没买呀 但是还是很感谢那位大哥[比心][比心],红板科技(603459),,红板科技(603459) 被提及 3 次，有效评论 3 条，来源 1 个，单视频线索，情绪 中性，当前判断：保留观察。,待确认,video_id=7644035850305123185; video_url=https://www.douyin.com/video/7644035850305123185; creator=阿龙闯大A📈; like=2; reply=0; source_type=comment; yeren_signal_id=; parent_comment_text=,13:11,抖音评论,video,下午会涨停吗？#股票 #股民 #vlgo十亿流量扶持计划,别等时光非礼了梦想💃,7644035850305123185,https://www.douyin.com/video/7644035850305123185,,7644063879400784698,13:11,待确认,中性,自动映射到抖音视频评论池。,7.2,false
2026-05-26,longge,抖音评论 15:02,去天娱准备启动了,,,,否,video_id=7644035850305123185; video_url=https://www.douyin.com/video/7644035850305123185; creator=阿龙闯大A📈; like=1; reply=1; source_type=comment; yeren_signal_id=; parent_comment_text=,15:02,抖音评论,video,下午会涨停吗？#股票 #股民 #vlgo十亿流量扶持计划,邻镜观察室,7644035850305123185,https://www.douyin.com/video/7644035850305123185,,7644092415233606459,15:02,未纳入,中性,自动映射到抖音视频评论池。,,false
2026-05-26,longge,抖音评论 13:04,牛逼涨停了[看]只买了一手，刚买,,,评论热度较高，但暂未自动识别到明确股票线索，保留人工复核。,待确认,video_id=7644035850305123185; video_url=https://www.douyin.com/video/7644035850305123185; creator=阿龙闯大A📈; like=7; reply=9; source_type=comment; yeren_signal_id=; parent_comment_text=,13:04,抖音评论,video,下午会涨停吗？#股票 #股民 #vlgo十亿流量扶持计划,無未,7644035850305123185,https://www.douyin.com/video/7644035850305123185,,7644061977338479360,13:04,待确认,中性,自动映射到抖音视频评论池。,6.2,false
2026-05-26,longge,抖音评论 13:08,山东玻X  这是真大哥[赞][赞],,,评论热度较高，但暂未自动识别到明确股票线索，保留人工复核。,待确认,video_id=7644035850305123185; video_url=https://www.douyin.com/video/7644035850305123185; creator=阿龙闯大A📈; like=9; reply=1; source_type=comment; yeren_signal_id=; parent_comment_text=,13:08,抖音评论,video,下午会涨停吗？#股票 #股民 #vlgo十亿流量扶持计划,简单点,7644035850305123185,https://www.douyin.com/video/7644035850305123185,,7644062981055611706,13:08,待确认,中性,自动映射到抖音视频评论池。,6.2,false
2026-05-26,longge,抖音评论 12:27,西部矿业，昨天评论区看到尾盘进的，今天跌惨了，要不要跑，哪位大哥提点一下[流泪],西部矿业(601168),,西部矿业(601168) 被提及 1 次，有效评论 1 条，来源 1 个，单视频线索，情绪 谨慎，当前判断：偏风险观察。,否,video_id=7644035850305123185; video_url=https://www.douyin.com/video/7644035850305123185; creator=阿龙闯大A📈; like=1; reply=2; source_type=comment; yeren_signal_id=; parent_comment_text=,12:27,抖音评论,video,下午会涨停吗？#股票 #股民 #vlgo十亿流量扶持计划,1234567890,7644035850305123185,https://www.douyin.com/video/7644035850305123185,,7644052493509526307,12:27,未纳入,谨慎,自动映射到抖音视频评论池。,5.9,false
2026-05-26,longge,抖音评论 11:25,又不发出来[捂脸][捂脸][捂脸],,,评论热度较高，但暂未自动识别到明确股票线索，保留人工复核。,待确认,video_id=7644035850305123185; video_url=https://www.douyin.com/video/7644035850305123185; creator=阿龙闯大A📈; like=3; reply=6; source_type=comment; yeren_signal_id=; parent_comment_text=,11:25,抖音评论,video,下午会涨停吗？#股票 #股民 #vlgo十亿流量扶持计划,和*平,7644035850305123185,https://www.douyin.com/video/7644035850305123185,,7644036496614359851,11:25,待确认,中性,自动映射到抖音视频评论池。,6.2,false
2026-05-26,longge,抖音评论 11:56,评论区的大哥们 怎么看冰轮环境啊 在里面一天好一天坏 很无语[捂脸],冰轮环境(000811),,冰轮环境(000811) 被提及 2 次，有效评论 2 条，来源 1 个，单视频线索，情绪 中性，当前判断：保留观察。,待确认,video_id=7644035850305123185; video_url=https://www.douyin.com/video/7644035850305123185; creator=阿龙闯大A📈; like=0; reply=3; source_type=comment; yeren_signal_id=; parent_comment_text=,11:56,抖音评论,video,下午会涨停吗？#股票 #股民 #vlgo十亿流量扶持计划,摇尾巴,7644035850305123185,https://www.douyin.com/video/7644035850305123185,,7644044362347627316,11:56,待确认,中性,自动映射到抖音视频评论池。,6.9,false
2026-05-26,longge,抖音评论 13:08,牛逼，犹豫了一下就涨停,,,,否,video_id=7644035850305123185; video_url=https://www.douyin.com/video/7644035850305123185; creator=阿龙闯大A📈; like=1; reply=3; source_type=comment; yeren_signal_id=; parent_comment_text=,13:08,抖音评论,video,下午会涨停吗？#股票 #股民 #vlgo十亿流量扶持计划,记De爱自己,7644035850305123185,https://www.douyin.com/video/7644035850305123185,,7644062916308730683,13:08,未纳入,中性,自动映射到抖音视频评论池。,,false
2026-05-26,longge,抖音评论 13:05,准备下午进，一下就涨停了。,,,,否,video_id=7644035850305123185; video_url=https://www.douyin.com/video/7644035850305123185; creator=阿龙闯大A📈; like=2; reply=3; source_type=comment; yeren_signal_id=; parent_comment_text=,13:05,抖音评论,video,下午会涨停吗？#股票 #股民 #vlgo十亿流量扶持计划,神,7644035850305123185,https://www.douyin.com/video/7644035850305123185,,7644062212898358065,13:05,未纳入,中性,自动映射到抖音视频评论池。,,false
2026-05-26,longge,抖音评论 13:47,yoyo姐说的shuang成药ye[赞]牛,,,,否,video_id=7644035850305123185; video_url=https://www.douyin.com/video/7644035850305123185; creator=阿龙闯大A📈; like=4; reply=5; source_type=comment; yeren_signal_id=; parent_comment_text=,13:47,抖音评论,video,下午会涨停吗？#股票 #股民 #vlgo十亿流量扶持计划,吴糖气泡水,7644035850305123185,https://www.douyin.com/video/7644035850305123185,,7644073029626987318,13:47,未纳入,中性,自动映射到抖音视频评论池。,,false
2026-05-26,longge,抖音评论 13:06,刚刚有个姐姐是不是说了双成yao 业？,,,评论热度较高，但暂未自动识别到明确股票线索，保留人工复核。,待确认,video_id=7644035850305123185; video_url=https://www.douyin.com/video/7644035850305123185; creator=阿龙闯大A📈; like=2; reply=10; source_type=comment; yeren_signal_id=; parent_comment_text=,13:06,抖音评论,video,下午会涨停吗？#股票 #股民 #vlgo十亿流量扶持计划,添添嗨皮,7644035850305123185,https://www.douyin.com/video/7644035850305123185,,7644062363456897841,13:06,待确认,中性,自动映射到抖音视频评论池。,6.2,false
2026-05-26,longge,抖音评论 14:56,各位进明阳的小伙伴，有利润就跑一点，落袋为安[呲牙],,,评论热度较高，但暂未自动识别到明确股票线索，保留人工复核。,待确认,video_id=7644035850305123185; video_url=https://www.douyin.com/video/7644035850305123185; creator=阿龙闯大A📈; like=7; reply=8; source_type=comment; yeren_signal_id=; parent_comment_text=,14:56,抖音评论,video,下午会涨停吗？#股票 #股民 #vlgo十亿流量扶持计划,🌈一一,7644035850305123185,https://www.douyin.com/video/7644035850305123185,,7644090777580323621,14:56,待确认,中性,自动映射到抖音视频评论池。,6.2,false
2026-05-26,longge,抖音评论 11:58,tjsy绝佳上车机会坐稳扶好,,,评论热度较高，但暂未自动识别到明确股票线索，保留人工复核。,待确认,video_id=7644035850305123185; video_url=https://www.douyin.com/video/7644035850305123185; creator=阿龙闯大A📈; like=3; reply=7; source_type=comment; yeren_signal_id=; parent_comment_text=,11:58,抖音评论,video,下午会涨停吗？#股票 #股民 #vlgo十亿流量扶持计划,雾忆,7644035850305123185,https://www.douyin.com/video/7644035850305123185,,7644045077983576866,11:58,待确认,中性,自动映射到抖音视频评论池。,6.2,false
2026-05-26,longge,抖音评论 16:56,他这个会员算是白开了，自己吃涨停[白眼],,,,否,video_id=7644035850305123185; video_url=https://www.douyin.com/video/7644035850305123185; creator=阿龙闯大A📈; like=1; reply=2; source_type=comment; yeren_signal_id=; parent_comment_text=,16:56,抖音评论,video,下午会涨停吗？#股票 #股民 #vlgo十亿流量扶持计划,你已被拉黑,7644035850305123185,https://www.douyin.com/video/7644035850305123185,,7644121837077775150,16:56,未纳入,中性,自动映射到抖音视频评论池。,,false
2026-05-26,longge,抖音评论 13:04,给六六哥上龙,,,,否,video_id=7644035850305123185; video_url=https://www.douyin.com/video/7644035850305123185; creator=阿龙闯大A📈; like=2; reply=0; source_type=comment; yeren_signal_id=; parent_comment_text=,13:04,抖音评论,video,下午会涨停吗？#股票 #股民 #vlgo十亿流量扶持计划,老朱实话车圈,7644035850305123185,https://www.douyin.com/video/7644035850305123185,,7644062017976271665,13:04,未纳入,中性,自动映射到抖音视频评论池。,,false
2026-05-26,longge,抖音评论 13:01,大哥是真牛皮,,,,否,video_id=7644035850305123185; video_url=https://www.douyin.com/video/7644035850305123185; creator=阿龙闯大A📈; like=2; reply=2; source_type=comment; yeren_signal_id=; parent_comment_text=,13:01,抖音评论,video,下午会涨停吗？#股票 #股民 #vlgo十亿流量扶持计划,🌈深圳周杰伦,7644035850305123185,https://www.douyin.com/video/7644035850305123185,,7644061162329735985,13:01,未纳入,中性,自动映射到抖音视频评论池。,,false
2026-05-26,longge,抖音评论 14:41,明阳zl 的大哥在不在？什么时候跑，说一声？,,,评论热度较高，但暂未自动识别到明确股票线索，保留人工复核。,待确认,video_id=7644035850305123185; video_url=https://www.douyin.com/video/7644035850305123185; creator=阿龙闯大A📈; like=3; reply=18; source_type=comment; yeren_signal_id=; parent_comment_text=,14:41,抖音评论,video,下午会涨停吗？#股票 #股民 #vlgo十亿流量扶持计划,霄m.,7644035850305123185,https://www.douyin.com/video/7644035850305123185,,7644086940564308773,14:41,待确认,中性,自动映射到抖音视频评论池。,6.2,false
2026-05-26,longge,抖音评论 14:39,不是啊 我说的没人看？板了,,,评论热度较高，但暂未自动识别到明确股票线索，保留人工复核。,待确认,video_id=7644035850305123185; video_url=https://www.douyin.com/video/7644035850305123185; creator=阿龙闯大A📈; like=5; reply=8; source_type=comment; yeren_signal_id=; parent_comment_text=,14:39,抖音评论,video,下午会涨停吗？#股票 #股民 #vlgo十亿流量扶持计划,Lucky 🦊 fox🌽,7644035850305123185,https://www.douyin.com/video/7644035850305123185,,7644086345653076785,14:39,待确认,中性,自动映射到抖音视频评论池。,6.2,false
2026-05-26,longge,抖音评论 11:38,大概率能涨停。这只票套牢盘基本相当于没有，我上个涨停进的，昨天卖了调仓去别的股了，这只票蛮好的。,,,评论热度较高，但暂未自动识别到明确股票线索，保留人工复核。,待确认,video_id=7644035850305123185; video_url=https://www.douyin.com/video/7644035850305123185; creator=阿龙闯大A📈; like=2; reply=10; source_type=comment; yeren_signal_id=; parent_comment_text=,11:38,抖音评论,video,下午会涨停吗？#股票 #股民 #vlgo十亿流量扶持计划,泥中韵,7644035850305123185,https://www.douyin.com/video/7644035850305123185,,7644039741399384875,11:38,待确认,中性,自动映射到抖音视频评论池。,6.2,false
2026-05-26,longge,抖音评论 12:31,有没有大哥帮我看看圣阳[尬笑],,,评论热度较高，但暂未自动识别到明确股票线索，保留人工复核。,待确认,video_id=7644035850305123185; video_url=https://www.douyin.com/video/7644035850305123185; creator=阿龙闯大A📈; like=2; reply=6; source_type=comment; yeren_signal_id=; parent_comment_text=,12:31,抖音评论,video,下午会涨停吗？#股票 #股民 #vlgo十亿流量扶持计划,诺雪,7644035850305123185,https://www.douyin.com/video/7644035850305123185,,7644053537634124593,12:31,待确认,中性,自动映射到抖音视频评论池。,6.2,false
2026-05-26,longge,抖音评论 13:03,那个大哥帮看看柏诚股份哈嘛，我才玩这个3个月，每个月都亏，这3个月亏了6000了，本金就2万，简直郁闷死了，买啥啥跌，头一天都是好好的我一买进第二天都跌，我感觉这股市根本没人，就我一个人一样，进去就宰我，大哥帮分析分析这个柏诚股份嘛，主打一个听劝，今天是丢了，还是继续格局拿着啊，,柏诚股份(601133),,柏诚股份(601133) 被提及 1 次，有效评论 1 条，来源 1 个，单视频线索，情绪 谨慎，当前判断：偏风险观察。,否,video_id=7644035850305123185; video_url=https://www.douyin.com/video/7644035850305123185; creator=阿龙闯大A📈; like=0; reply=0; source_type=comment; yeren_signal_id=; parent_comment_text=,13:03,抖音评论,video,下午会涨停吗？#股票 #股民 #vlgo十亿流量扶持计划,折纸647,7644035850305123185,https://www.douyin.com/video/7644035850305123185,,7644061705676817189,13:03,未纳入,谨慎,自动映射到抖音视频评论池。,5.9,false
2026-05-26,longge,抖音评论 17:59,大位科技怎么办？,大位科技(600589),AIDC;算力,大位科技(600589) 被提及 2 次，有效评论 2 条，来源 1 个，单视频线索，情绪 中性，当前判断：保留观察。,待确认,video_id=7644035850305123185; video_url=https://www.douyin.com/video/7644035850305123185; creator=阿龙闯大A📈; like=0; reply=0; source_type=comment; yeren_signal_id=; parent_comment_text=,17:59,抖音评论,video,下午会涨停吗？#股票 #股民 #vlgo十亿流量扶持计划,目光,7644035850305123185,https://www.douyin.com/video/7644035850305123185,,7644138019704079145,17:59,待确认,中性,自动映射到抖音视频评论池。,6.9,false
2026-05-26,longge,抖音评论 17:52,天奇股份怎么办,天奇股份(002009),,天奇股份(002009) 被提及 2 次，有效评论 2 条，来源 2 个，跨来源共振，情绪 中性，当前判断：保留观察。,待确认,video_id=7644035850305123185; video_url=https://www.douyin.com/video/7644035850305123185; creator=阿龙闯大A📈; like=0; reply=0; source_type=comment; yeren_signal_id=; parent_comment_text=,17:52,抖音评论,video,下午会涨停吗？#股票 #股民 #vlgo十亿流量扶持计划,大龙通讯,7644035850305123185,https://www.douyin.com/video/7644035850305123185,,7644136123039892276,17:52,待确认,中性,自动映射到抖音视频评论池。,7.6,false
2026-05-26,longge,抖音评论 17:51,这视频里面说的是哪个票啊,,,,否,video_id=7644035850305123185; video_url=https://www.douyin.com/video/7644035850305123185; creator=阿龙闯大A📈; like=0; reply=0; source_type=comment; yeren_signal_id=; parent_comment_text=,17:51,抖音评论,video,下午会涨停吗？#股票 #股民 #vlgo十亿流量扶持计划,zaayi,7644035850305123185,https://www.douyin.com/video/7644035850305123185,,7644135844978459449,17:51,未纳入,中性,自动映射到抖音视频评论池。,,false
2026-05-26,longge,抖音评论 17:45,当时他发这条信息的时候我还特地仔细研究了一下，但是还是没入手[捂脸],,,,否,video_id=7644035850305123185; video_url=https://www.douyin.com/video/7644035850305123185; creator=阿龙闯大A📈; like=0; reply=0; source_type=comment; yeren_signal_id=; parent_comment_text=,17:45,抖音评论,video,下午会涨停吗？#股票 #股民 #vlgo十亿流量扶持计划,Yi.家小跑腿,7644035850305123185,https://www.douyin.com/video/7644035850305123185,,7644134284836242235,17:45,未纳入,中性,自动映射到抖音视频评论池。,,false
2026-05-26,longge,抖音评论 17:43,明天啥涨停啊 绿了一个星期快死在合肥城建了[流泪],合肥城建(002208),,合肥城建(002208) 被提及 1 次，有效评论 1 条，来源 1 个，单视频线索，情绪 中性，当前判断：保留观察。,待确认,video_id=7644035850305123185; video_url=https://www.douyin.com/video/7644035850305123185; creator=阿龙闯大A📈; like=0; reply=0; source_type=comment; yeren_signal_id=; parent_comment_text=,17:43,抖音评论,video,下午会涨停吗？#股票 #股民 #vlgo十亿流量扶持计划,十七七七七七💙,7644035850305123185,https://www.douyin.com/video/7644035850305123185,,7644133882422117169,17:43,待确认,中性,自动映射到抖音视频评论池。,6.4,false
2026-05-26,longge,抖音评论 17:43,京东f,,,,否,video_id=7644035850305123185; video_url=https://www.douyin.com/video/7644035850305123185; creator=阿龙闯大A📈; like=0; reply=0; source_type=comment; yeren_signal_id=; parent_comment_text=,17:43,抖音评论,video,下午会涨停吗？#股票 #股民 #vlgo十亿流量扶持计划,百香果,7644035850305123185,https://www.douyin.com/video/7644035850305123185,,7644133825497350963,17:43,未纳入,中性,自动映射到抖音视频评论池。,,false
2026-05-26,longge,抖音评论 17:30,歌尔，看到50,,,,否,video_id=7644035850305123185; video_url=https://www.douyin.com/video/7644035850305123185; creator=阿龙闯大A📈; like=0; reply=0; source_type=comment; yeren_signal_id=; parent_comment_text=,17:30,抖音评论,video,下午会涨停吗？#股票 #股民 #vlgo十亿流量扶持计划,正在养小龙女的郑同学,7644035850305123185,https://www.douyin.com/video/7644035850305123185,,7644130508368184113,17:30,未纳入,中性,自动映射到抖音视频评论池。,,false
2026-05-26,longge,抖音评论 17:26,明阳等你,,,,否,video_id=7644035850305123185; video_url=https://www.douyin.com/video/7644035850305123185; creator=阿龙闯大A📈; like=0; reply=0; source_type=comment; yeren_signal_id=; parent_comment_text=,17:26,抖音评论,video,下午会涨停吗？#股票 #股民 #vlgo十亿流量扶持计划,布洛芬,7644035850305123185,https://www.douyin.com/video/7644035850305123185,,7644129456995222299,17:26,未纳入,中性,自动映射到抖音视频评论池。,,false
2026-05-26,longge,抖音评论 17:19,达子明天反包,,,,否,video_id=7644035850305123185; video_url=https://www.douyin.com/video/7644035850305123185; creator=阿龙闯大A📈; like=0; reply=0; source_type=comment; yeren_signal_id=; parent_comment_text=,17:19,抖音评论,video,下午会涨停吗？#股票 #股民 #vlgo十亿流量扶持计划,人生要学会梭哈～,7644035850305123185,https://www.douyin.com/video/7644035850305123185,,7644127761497441078,17:19,未纳入,中性,自动映射到抖音视频评论池。,,false
2026-05-26,longge,抖音评论 17:15,[流泪]买什么进去都是跌五六天不反弹什么情况,,,,否,video_id=7644035850305123185; video_url=https://www.douyin.com/video/7644035850305123185; creator=阿龙闯大A📈; like=0; reply=0; source_type=comment; yeren_signal_id=; parent_comment_text=,17:15,抖音评论,video,下午会涨停吗？#股票 #股民 #vlgo十亿流量扶持计划,博华瓷砖*兴辉瓷砖,7644035850305123185,https://www.douyin.com/video/7644035850305123185,,7644126761105539877,17:15,未纳入,中性,自动映射到抖音视频评论池。,,false
2026-05-26,longge,抖音评论 17:12,星期五进华电能源，今天板了，京能电力我还留了一手在里面,京能电力(600578);华电能源(600726),,京能电力(600578) 被提及 4 次，有效评论 4 条，来源 2 个，跨来源共振，情绪 中性，当前判断：保留观察。；华电能源(600726) 被提及 1 次，有效评论 1 条，来源 1 个，单视频线索，情绪 谨慎，当前判断：偏风险观察。,待确认,video_id=7644035850305123185; video_url=https://www.douyin.com/video/7644035850305123185; creator=阿龙闯大A📈; like=0; reply=0; source_type=comment; yeren_signal_id=; parent_comment_text=,17:12,抖音评论,video,下午会涨停吗？#股票 #股民 #vlgo十亿流量扶持计划,🌈辰惜,7644035850305123185,https://www.douyin.com/video/7644035850305123185,,7644125886560977700,17:12,待确认,谨慎,自动映射到抖音视频评论池。,8.3,false
2026-05-26,longge,抖音评论 17:12,江特 杉杉 开盘进,,,,否,video_id=7644035850305123185; video_url=https://www.douyin.com/video/7644035850305123185; creator=阿龙闯大A📈; like=0; reply=2; source_type=comment; yeren_signal_id=; parent_comment_text=,17:12,抖音评论,video,下午会涨停吗？#股票 #股民 #vlgo十亿流量扶持计划,505 Day’s,7644035850305123185,https://www.douyin.com/video/7644035850305123185,,7644125802997875505,17:12,未纳入,中性,自动映射到抖音视频评论池。,,false
2026-05-26,longge,抖音评论 17:10,有没有大佬救救我[捂脸]亏一星期了,,,,否,video_id=7644035850305123185; video_url=https://www.douyin.com/video/7644035850305123185; creator=阿龙闯大A📈; like=0; reply=0; source_type=comment; yeren_signal_id=; parent_comment_text=,17:10,抖音评论,video,下午会涨停吗？#股票 #股民 #vlgo十亿流量扶持计划,元宝发发发发,7644035850305123185,https://www.douyin.com/video/7644035850305123185,,7644125477292147502,17:10,未纳入,中性,自动映射到抖音视频评论池。,,false
2026-05-26,longge,抖音评论 17:03,盈方微搞起。,盈方微(000670),,盈方微(000670) 被提及 6 次，有效评论 6 条，来源 2 个，跨来源共振，情绪 中性，当前判断：保留观察。,待确认,video_id=7644035850305123185; video_url=https://www.douyin.com/video/7644035850305123185; creator=阿龙闯大A📈; like=0; reply=0; source_type=comment; yeren_signal_id=; parent_comment_text=,17:03,抖音评论,video,下午会涨停吗？#股票 #股民 #vlgo十亿流量扶持计划,diaodiao9236,7644035850305123185,https://www.douyin.com/video/7644035850305123185,,7644123493366039346,17:03,待确认,中性,自动映射到抖音视频评论池。,9.1,false
2026-05-26,longge,抖音评论 16:59,这个大哥说的啥我忘了，昨天看到了[尬笑][尬笑][尬笑],,,,否,video_id=7644035850305123185; video_url=https://www.douyin.com/video/7644035850305123185; creator=阿龙闯大A📈; like=0; reply=0; source_type=comment; yeren_signal_id=; parent_comment_text=,16:59,抖音评论,video,下午会涨停吗？#股票 #股民 #vlgo十亿流量扶持计划,泸州瓷砖-木子李,7644035850305123185,https://www.douyin.com/video/7644035850305123185,,7644122513287086889,16:59,未纳入,中性,自动映射到抖音视频评论池。,,false
2026-05-26,longge,抖音评论 16:58,华能蒙电的大哥在哪里我给你记寄点土鸡蛋过去,华能蒙电(600863),,华能蒙电(600863) 被提及 4 次，有效评论 4 条，来源 2 个，跨来源共振，情绪 中性，当前判断：已进入推荐候选。,是,video_id=7644035850305123185; video_url=https://www.douyin.com/video/7644035850305123185; creator=阿龙闯大A📈; like=0; reply=0; source_type=comment; yeren_signal_id=; parent_comment_text=,16:58,抖音评论,video,下午会涨停吗？#股票 #股民 #vlgo十亿流量扶持计划,寻妖龙,7644035850305123185,https://www.douyin.com/video/7644035850305123185,,7644122395816903481,16:58,已纳入,中性,自动映射到抖音视频评论池。,9.2,true
2026-05-26,longge,抖音评论 16:57,说这个点这是一个真大哥啊，早上跟着进，吃了一小口,,,,否,video_id=7644035850305123185; video_url=https://www.douyin.com/video/7644035850305123185; creator=阿龙闯大A📈; like=0; reply=0; source_type=comment; yeren_signal_id=; parent_comment_text=,16:57,抖音评论,video,下午会涨停吗？#股票 #股民 #vlgo十亿流量扶持计划,芊芊妙音,7644035850305123185,https://www.douyin.com/video/7644035850305123185,,7644121908262421297,16:57,未纳入,中性,自动映射到抖音视频评论池。,,false
2026-05-26,longge,抖音评论 16:54,我咋没刷到,,,,否,video_id=7644035850305123185; video_url=https://www.douyin.com/video/7644035850305123185; creator=阿龙闯大A📈; like=0; reply=0; source_type=comment; yeren_signal_id=; parent_comment_text=,16:54,抖音评论,video,下午会涨停吗？#股票 #股民 #vlgo十亿流量扶持计划,江枫渔火对愁眠,7644035850305123185,https://www.douyin.com/video/7644035850305123185,,7644121345680655130,16:54,未纳入,中性,自动映射到抖音视频评论池。,,false
2026-05-26,longge,抖音评论 16:53,韩建河山亏了15个点了[裂开],韩建河山(603616),,韩建河山(603616) 被提及 1 次，有效评论 1 条，来源 1 个，单视频线索，情绪 谨慎，当前判断：偏风险观察。,否,video_id=7644035850305123185; video_url=https://www.douyin.com/video/7644035850305123185; creator=阿龙闯大A📈; like=0; reply=5; source_type=comment; yeren_signal_id=; parent_comment_text=,16:53,抖音评论,video,下午会涨停吗？#股票 #股民 #vlgo十亿流量扶持计划,终日夢為魚°,7644035850305123185,https://www.douyin.com/video/7644035850305123185,,7644121017128960778,16:53,未纳入,谨慎,自动映射到抖音视频评论池。,5.9,false
2026-05-26,longge,抖音评论 16:52,有没有人买常青科技的，帮我分析分析[黄脸干杯],常青科技(603125),,常青科技(603125) 被提及 1 次，有效评论 1 条，来源 1 个，单视频线索，情绪 看多，当前判断：保留观察。,待确认,video_id=7644035850305123185; video_url=https://www.douyin.com/video/7644035850305123185; creator=阿龙闯大A📈; like=0; reply=0; source_type=comment; yeren_signal_id=; parent_comment_text=,16:52,抖音评论,video,下午会涨停吗？#股票 #股民 #vlgo十亿流量扶持计划,🍊言🍊语,7644035850305123185,https://www.douyin.com/video/7644035850305123185,,7644120828209185570,16:52,待确认,看多,自动映射到抖音视频评论池。,6.4,false
2026-05-26,longge,抖音评论 16:52,有没有人买常青科技的，帮我分析分析[黄脸干杯],常青科技(603125),,常青科技(603125) 被提及 1 次，有效评论 1 条，来源 1 个，单视频线索，情绪 看多，当前判断：保留观察。,待确认,video_id=7644035850305123185; video_url=https://www.douyin.com/video/7644035850305123185; creator=阿龙闯大A📈; like=0; reply=0; source_type=comment; yeren_signal_id=; parent_comment_text=,16:52,抖音评论,video,下午会涨停吗？#股票 #股民 #vlgo十亿流量扶持计划,🍊言🍊语,7644035850305123185,https://www.douyin.com/video/7644035850305123185,,7644120828209185570,16:52,待确认,看多,自动映射到抖音视频评论池。,6.4,false
2026-05-26,longge,抖音评论 16:52,大家都在哪看的,,,,否,video_id=7644035850305123185; video_url=https://www.douyin.com/video/7644035850305123185; creator=阿龙闯大A📈; like=0; reply=0; source_type=comment; yeren_signal_id=; parent_comment_text=,16:52,抖音评论,video,下午会涨停吗？#股票 #股民 #vlgo十亿流量扶持计划,雄鹰汉兰,7644035850305123185,https://www.douyin.com/video/7644035850305123185,,7644120657307976507,16:52,未纳入,中性,自动映射到抖音视频评论池。,,false
2026-05-26,longge,抖音评论 16:46,纯属运气[看],,,,否,video_id=7644035850305123185; video_url=https://www.douyin.com/video/7644035850305123185; creator=阿龙闯大A📈; like=0; reply=2; source_type=comment; yeren_signal_id=; parent_comment_text=,16:46,抖音评论,video,下午会涨停吗？#股票 #股民 #vlgo十亿流量扶持计划,leisure,7644035850305123185,https://www.douyin.com/video/7644035850305123185,,7644119133777101605,16:46,未纳入,中性,自动映射到抖音视频评论池。,,false
2026-05-26,longge,抖音评论 16:46,说的是黑芝麻？我进了,黑芝麻(000716),,黑芝麻(000716) 被提及 4 次，有效评论 4 条，来源 1 个，单视频线索，情绪 中性，当前判断：保留观察。,待确认,video_id=7644035850305123185; video_url=https://www.douyin.com/video/7644035850305123185; creator=阿龙闯大A📈; like=0; reply=0; source_type=comment; yeren_signal_id=; parent_comment_text=,16:46,抖音评论,video,下午会涨停吗？#股票 #股民 #vlgo十亿流量扶持计划,涨胖了,7644035850305123185,https://www.douyin.com/video/7644035850305123185,,7644119119616394021,16:46,待确认,中性,自动映射到抖音视频评论池。,7.6,false
2026-05-26,longge,抖音评论 16:41,长电上龙,,,,否,video_id=7644035850305123185; video_url=https://www.douyin.com/video/7644035850305123185; creator=阿龙闯大A📈; like=0; reply=0; source_type=comment; yeren_signal_id=; parent_comment_text=,16:41,抖音评论,video,下午会涨停吗？#股票 #股民 #vlgo十亿流量扶持计划,凌晨两点半、,7644035850305123185,https://www.douyin.com/video/7644035850305123185,,7644117981597598506,16:41,未纳入,中性,自动映射到抖音视频评论池。,,false
2026-05-26,longge,抖音评论 16:38,达实,,,,否,video_id=7644035850305123185; video_url=https://www.douyin.com/video/7644035850305123185; creator=阿龙闯大A📈; like=0; reply=0; source_type=comment; yeren_signal_id=; parent_comment_text=,16:38,抖音评论,video,下午会涨停吗？#股票 #股民 #vlgo十亿流量扶持计划,别被困情绪,7644035850305123185,https://www.douyin.com/video/7644035850305123185,,7644117182880154405,16:38,未纳入,中性,自动映射到抖音视频评论池。,,false
2026-05-26,longge,抖音评论 16:35,玩利通[看],,,,否,video_id=7644035850305123185; video_url=https://www.douyin.com/video/7644035850305123185; creator=阿龙闯大A📈; like=0; reply=0; source_type=comment; yeren_signal_id=; parent_comment_text=,16:35,抖音评论,video,下午会涨停吗？#股票 #股民 #vlgo十亿流量扶持计划,来杯生普,7644035850305123185,https://www.douyin.com/video/7644035850305123185,,7644116310221505299,16:35,未纳入,中性,自动映射到抖音视频评论池。,,false
2026-05-26,longge,抖音评论 16:34,盈方微，两个月之后记得回来给我上龙[微笑],盈方微(000670),,盈方微(000670) 被提及 6 次，有效评论 6 条，来源 2 个，跨来源共振，情绪 中性，当前判断：保留观察。,待确认,video_id=7644035850305123185; video_url=https://www.douyin.com/video/7644035850305123185; creator=阿龙闯大A📈; like=2; reply=6; source_type=comment; yeren_signal_id=; parent_comment_text=,16:34,抖音评论,video,下午会涨停吗？#股票 #股民 #vlgo十亿流量扶持计划,北岸zzZ,7644035850305123185,https://www.douyin.com/video/7644035850305123185,,7644116189153411898,16:34,待确认,中性,自动映射到抖音视频评论池。,9.1,false
2026-05-26,longge,抖音评论 16:31,谁能帮我看看冰轮乱操作被套14个点了明天还会跌吗,,,,否,video_id=7644035850305123185; video_url=https://www.douyin.com/video/7644035850305123185; creator=阿龙闯大A📈; like=0; reply=0; source_type=comment; yeren_signal_id=; parent_comment_text=,16:31,抖音评论,video,下午会涨停吗？#股票 #股民 #vlgo十亿流量扶持计划,记得吃宵夜,7644035850305123185,https://www.douyin.com/video/7644035850305123185,,7644115420232614690,16:31,未纳入,中性,自动映射到抖音视频评论池。,,false
2026-05-26,longge,抖音评论 16:23,鹭燕医药到底要砸到多少,鹭燕医药(002788),,鹭燕医药(002788) 被提及 1 次，有效评论 1 条，来源 1 个，单视频线索，情绪 中性，当前判断：保留观察。,待确认,video_id=7644035850305123185; video_url=https://www.douyin.com/video/7644035850305123185; creator=阿龙闯大A📈; like=0; reply=0; source_type=comment; yeren_signal_id=; parent_comment_text=,16:23,抖音评论,video,下午会涨停吗？#股票 #股民 #vlgo十亿流量扶持计划,红红火火红红,7644035850305123185,https://www.douyin.com/video/7644035850305123185,,7644113281603683121,16:23,待确认,中性,自动映射到抖音视频评论池。,6.4,false
2026-05-26,longge,抖音评论 16:21,双良怎么办[懵]亏麻了,,,,否,video_id=7644035850305123185; video_url=https://www.douyin.com/video/7644035850305123185; creator=阿龙闯大A📈; like=0; reply=0; source_type=comment; yeren_signal_id=; parent_comment_text=,16:21,抖音评论,video,下午会涨停吗？#股票 #股民 #vlgo十亿流量扶持计划,WW.,7644035850305123185,https://www.douyin.com/video/7644035850305123185,,7644112611605775113,16:21,未纳入,中性,自动映射到抖音视频评论池。,,false
2026-05-26,longge,抖音评论 16:20,大哥在哪,,,,否,video_id=7644035850305123185; video_url=https://www.douyin.com/video/7644035850305123185; creator=阿龙闯大A📈; like=0; reply=0; source_type=comment; yeren_signal_id=; parent_comment_text=,16:20,抖音评论,video,下午会涨停吗？#股票 #股民 #vlgo十亿流量扶持计划,双子座,7644035850305123185,https://www.douyin.com/video/7644035850305123185,,7644112458211001142,16:20,未纳入,中性,自动映射到抖音视频评论池。,,false
2026-05-26,longge,抖音评论 16:20,华天5000股成本3块,,,,否,video_id=7644035850305123185; video_url=https://www.douyin.com/video/7644035850305123185; creator=阿龙闯大A📈; like=1; reply=0; source_type=comment; yeren_signal_id=; parent_comment_text=,16:20,抖音评论,video,下午会涨停吗？#股票 #股民 #vlgo十亿流量扶持计划,🌈哈哈😀😀😀🌈,7644035850305123185,https://www.douyin.com/video/7644035850305123185,,7644112387201614592,16:20,未纳入,中性,自动映射到抖音视频评论池。,,false
2026-05-26,longge,抖音评论 16:16,江化微,江化微(603078),,江化微(603078) 被提及 1 次，有效评论 1 条，来源 1 个，单视频线索，情绪 中性，当前判断：保留观察。,待确认,video_id=7644035850305123185; video_url=https://www.douyin.com/video/7644035850305123185; creator=阿龙闯大A📈; like=0; reply=0; source_type=comment; yeren_signal_id=; parent_comment_text=,16:16,抖音评论,video,下午会涨停吗？#股票 #股民 #vlgo十亿流量扶持计划,周末一起去喝冷可可,7644035850305123185,https://www.douyin.com/video/7644035850305123185,,7644111431911637819,16:16,待确认,中性,自动映射到抖音视频评论池。,6.4,false
2026-05-26,longge,抖音评论 16:14,一个午觉睡过头了，涨停了,,,,否,video_id=7644035850305123185; video_url=https://www.douyin.com/video/7644035850305123185; creator=阿龙闯大A📈; like=0; reply=0; source_type=comment; yeren_signal_id=; parent_comment_text=,16:14,抖音评论,video,下午会涨停吗？#股票 #股民 #vlgo十亿流量扶持计划,🌈大墅小舒,7644035850305123185,https://www.douyin.com/video/7644035850305123185,,7644111005153608485,16:14,未纳入,中性,自动映射到抖音视频评论池。,,false
2026-05-26,longge,抖音评论 16:11,今天买了大唐，不知道对不[捂脸],,,,否,video_id=7644035850305123185; video_url=https://www.douyin.com/video/7644035850305123185; creator=阿龙闯大A📈; like=0; reply=0; source_type=comment; yeren_signal_id=; parent_comment_text=,16:11,抖音评论,video,下午会涨停吗？#股票 #股民 #vlgo十亿流量扶持计划,㞮 孞❤️,7644035850305123185,https://www.douyin.com/video/7644035850305123185,,7644110163233932067,16:11,未纳入,中性,自动映射到抖音视频评论池。,,false
2026-05-26,longge,抖音评论 16:11,厉害[赞][赞][赞][666][666][666],,,,否,video_id=7644035850305123185; video_url=https://www.douyin.com/video/7644035850305123185; creator=阿龙闯大A📈; like=0; reply=0; source_type=comment; yeren_signal_id=; parent_comment_text=,16:11,抖音评论,video,下午会涨停吗？#股票 #股民 #vlgo十亿流量扶持计划,萧萧,7644035850305123185,https://www.douyin.com/video/7644035850305123185,,7644110166685975354,16:11,未纳入,中性,自动映射到抖音视频评论池。,,false
2026-05-26,longge,抖音评论 16:10,我看到了，我进了，看明天了，山东，玻,,,,否,video_id=7644035850305123185; video_url=https://www.douyin.com/video/7644035850305123185; creator=阿龙闯大A📈; like=0; reply=0; source_type=comment; yeren_signal_id=; parent_comment_text=,16:10,抖音评论,video,下午会涨停吗？#股票 #股民 #vlgo十亿流量扶持计划,聪,7644035850305123185,https://www.douyin.com/video/7644035850305123185,,7644109928622539546,16:10,未纳入,中性,自动映射到抖音视频评论池。,,false
2026-05-26,longge,抖音评论 16:04,说山东玻纤的大哥太牛了[赞][赞][赞],,,,否,video_id=7644035850305123185; video_url=https://www.douyin.com/video/7644035850305123185; creator=阿龙闯大A📈; like=0; reply=0; source_type=comment; yeren_signal_id=; parent_comment_text=,16:04,抖音评论,video,下午会涨停吗？#股票 #股民 #vlgo十亿流量扶持计划,是暖宝吖😍😍,7644035850305123185,https://www.douyin.com/video/7644035850305123185,,7644108403886965567,16:04,未纳入,中性,自动映射到抖音视频评论池。,,false
2026-05-26,longge,抖音评论 16:04,明天敢开仓，我继续梭哈,,,,否,video_id=7644035850305123185; video_url=https://www.douyin.com/video/7644035850305123185; creator=阿龙闯大A📈; like=0; reply=0; source_type=comment; yeren_signal_id=; parent_comment_text=,16:04,抖音评论,video,下午会涨停吗？#股票 #股民 #vlgo十亿流量扶持计划,刘杰,7644035850305123185,https://www.douyin.com/video/7644035850305123185,,7644108266851730227,16:04,未纳入,中性,自动映射到抖音视频评论池。,,false
2026-05-26,longge,抖音评论 16:03,下午开盘快涨停才进去[流泪],,,,否,video_id=7644035850305123185; video_url=https://www.douyin.com/video/7644035850305123185; creator=阿龙闯大A📈; like=0; reply=0; source_type=comment; yeren_signal_id=; parent_comment_text=,16:03,抖音评论,video,下午会涨停吗？#股票 #股民 #vlgo十亿流量扶持计划,抖音新用户🌸,7644035850305123185,https://www.douyin.com/video/7644035850305123185,,7644108044867978033,16:03,未纳入,中性,自动映射到抖音视频评论池。,,false
2026-05-26,longge,抖音评论 16:00,是哪位大哥啊[捂脸],,,,否,video_id=7644035850305123185; video_url=https://www.douyin.com/video/7644035850305123185; creator=阿龙闯大A📈; like=0; reply=0; source_type=comment; yeren_signal_id=; parent_comment_text=,16:00,抖音评论,video,下午会涨停吗？#股票 #股民 #vlgo十亿流量扶持计划,66,7644035850305123185,https://www.douyin.com/video/7644035850305123185,,7644107261274538779,16:00,未纳入,中性,自动映射到抖音视频评论池。,,false
2026-05-26,longge,抖音评论 15:55,明天买啥？大哥们,,,,否,video_id=7644035850305123185; video_url=https://www.douyin.com/video/7644035850305123185; creator=阿龙闯大A📈; like=0; reply=0; source_type=comment; yeren_signal_id=; parent_comment_text=,15:55,抖音评论,video,下午会涨停吗？#股票 #股民 #vlgo十亿流量扶持计划,Ethereal。,7644035850305123185,https://www.douyin.com/video/7644035850305123185,,7644106125080003365,15:55,未纳入,中性,自动映射到抖音视频评论池。,,false
2026-05-26,longge,抖音评论 15:55,有没有大佬说一下深科技看到多少啊,,,,否,video_id=7644035850305123185; video_url=https://www.douyin.com/video/7644035850305123185; creator=阿龙闯大A📈; like=0; reply=0; source_type=comment; yeren_signal_id=; parent_comment_text=,15:55,抖音评论,video,下午会涨停吗？#股票 #股民 #vlgo十亿流量扶持计划,支棱起来,7644035850305123185,https://www.douyin.com/video/7644035850305123185,,7644105917160030982,15:55,未纳入,中性,自动映射到抖音视频评论池。,,false
2026-05-26,longge,抖音评论 15:54,双良今天不应该跌这么多啊，后面有啥说法吗,,,,否,video_id=7644035850305123185; video_url=https://www.douyin.com/video/7644035850305123185; creator=阿龙闯大A📈; like=1; reply=1; source_type=comment; yeren_signal_id=; parent_comment_text=,15:54,抖音评论,video,下午会涨停吗？#股票 #股民 #vlgo十亿流量扶持计划,Fortunate.📈,7644035850305123185,https://www.douyin.com/video/7644035850305123185,,7644105865502753585,15:54,未纳入,中性,自动映射到抖音视频评论池。,,false
2026-05-26,longge,抖音评论 15:51,天地科技,天地科技(600582),,天地科技(600582) 被提及 1 次，有效评论 1 条，来源 1 个，单视频线索，情绪 谨慎，当前判断：偏风险观察。,否,video_id=7644035850305123185; video_url=https://www.douyin.com/video/7644035850305123185; creator=阿龙闯大A📈; like=0; reply=0; source_type=comment; yeren_signal_id=; parent_comment_text=,15:51,抖音评论,video,下午会涨停吗？#股票 #股民 #vlgo十亿流量扶持计划,小满哥,7644035850305123185,https://www.douyin.com/video/7644035850305123185,,7644105033911288576,15:51,未纳入,谨慎,自动映射到抖音视频评论池。,5.9,false
2026-05-26,longge,抖音评论 15:51,电科数字,电科数字(600850),,电科数字(600850) 被提及 1 次，有效评论 1 条，来源 1 个，单视频线索，情绪 中性，当前判断：保留观察。,待确认,video_id=7644035850305123185; video_url=https://www.douyin.com/video/7644035850305123185; creator=阿龙闯大A📈; like=0; reply=0; source_type=comment; yeren_signal_id=; parent_comment_text=,15:51,抖音评论,video,下午会涨停吗？#股票 #股民 #vlgo十亿流量扶持计划,呀哈哈,7644035850305123185,https://www.douyin.com/video/7644035850305123185,,7644105013149614897,15:51,待确认,中性,自动映射到抖音视频评论池。,6.4,false
2026-05-26,longge,抖音评论 15:51,合肥，静待明天佳音[抠鼻],,,,否,video_id=7644035850305123185; video_url=https://www.douyin.com/video/7644035850305123185; creator=阿龙闯大A📈; like=0; reply=0; source_type=comment; yeren_signal_id=; parent_comment_text=,15:51,抖音评论,video,下午会涨停吗？#股票 #股民 #vlgo十亿流量扶持计划,📈念远,7644035850305123185,https://www.douyin.com/video/7644035850305123185,,7644104954291438373,15:51,未纳入,中性,自动映射到抖音视频评论池。,,false
2026-05-26,longge,抖音评论 15:49,这是哪位大哥，请收下我的膝盖！,,,,否,video_id=7644035850305123185; video_url=https://www.douyin.com/video/7644035850305123185; creator=阿龙闯大A📈; like=0; reply=0; source_type=comment; yeren_signal_id=; parent_comment_text=,15:49,抖音评论,video,下午会涨停吗？#股票 #股民 #vlgo十亿流量扶持计划,亭,7644035850305123185,https://www.douyin.com/video/7644035850305123185,,7644104396520293157,15:49,未纳入,中性,自动映射到抖音视频评论池。,,false
2026-05-26,longge,抖音评论 15:47,真让这个大哥说对了[赞],,,,否,video_id=7644035850305123185; video_url=https://www.douyin.com/video/7644035850305123185; creator=阿龙闯大A📈; like=0; reply=0; source_type=comment; yeren_signal_id=; parent_comment_text=,15:47,抖音评论,video,下午会涨停吗？#股票 #股民 #vlgo十亿流量扶持计划,🐵🙊🙈🙉,7644035850305123185,https://www.douyin.com/video/7644035850305123185,,7644104094257496889,15:47,未纳入,中性,自动映射到抖音视频评论池。,,false
2026-05-26,longge,抖音评论 15:47,京能电力   走嘛[杀马特],京能电力(600578),,京能电力(600578) 被提及 4 次，有效评论 4 条，来源 2 个，跨来源共振，情绪 中性，当前判断：保留观察。,待确认,video_id=7644035850305123185; video_url=https://www.douyin.com/video/7644035850305123185; creator=阿龙闯大A📈; like=0; reply=0; source_type=comment; yeren_signal_id=; parent_comment_text=,15:47,抖音评论,video,下午会涨停吗？#股票 #股民 #vlgo十亿流量扶持计划,青灯古畔,7644035850305123185,https://www.douyin.com/video/7644035850305123185,,7644103892201358123,15:47,待确认,中性,自动映射到抖音视频评论池。,8.3,false
2026-05-26,longge,抖音评论 15:43,通宇通讯怎么办,通宇通讯(002792),,通宇通讯(002792) 被提及 1 次，有效评论 1 条，来源 1 个，单视频线索，情绪 中性，当前判断：保留观察。,待确认,video_id=7644035850305123185; video_url=https://www.douyin.com/video/7644035850305123185; creator=阿龙闯大A📈; like=0; reply=2; source_type=comment; yeren_signal_id=; parent_comment_text=,15:43,抖音评论,video,下午会涨停吗？#股票 #股民 #vlgo十亿流量扶持计划,最美锝生活,7644035850305123185,https://www.douyin.com/video/7644035850305123185,,7644102967625483060,15:43,待确认,中性,自动映射到抖音视频评论池。,6.4,false
2026-05-26,longge,抖音评论 15:43,博敏电子[不失礼貌的微笑],博敏电子(603936),,博敏电子(603936) 被提及 2 次，有效评论 2 条，来源 2 个，跨来源共振，情绪 中性，当前判断：保留观察。,待确认,video_id=7644035850305123185; video_url=https://www.douyin.com/video/7644035850305123185; creator=阿龙闯大A📈; like=0; reply=0; source_type=comment; yeren_signal_id=; parent_comment_text=,15:43,抖音评论,video,下午会涨停吗？#股票 #股民 #vlgo十亿流量扶持计划,桃之夭夭，,7644035850305123185,https://www.douyin.com/video/7644035850305123185,,7644102913996866347,15:43,待确认,中性,自动映射到抖音视频评论池。,7.6,false
2026-05-26,longge,抖音评论 15:42,给我上再升,,,,否,video_id=7644035850305123185; video_url=https://www.douyin.com/video/7644035850305123185; creator=阿龙闯大A📈; like=0; reply=0; source_type=comment; yeren_signal_id=; parent_comment_text=,15:42,抖音评论,video,下午会涨停吗？#股票 #股民 #vlgo十亿流量扶持计划,坏情绪,7644035850305123185,https://www.douyin.com/video/7644035850305123185,,7644102804793688886,15:42,未纳入,中性,自动映射到抖音视频评论池。,,false
2026-05-26,longge,抖音评论 15:42,今天想买的没有买啊   后悔了,,,,否,video_id=7644035850305123185; video_url=https://www.douyin.com/video/7644035850305123185; creator=阿龙闯大A📈; like=0; reply=0; source_type=comment; yeren_signal_id=; parent_comment_text=,15:42,抖音评论,video,下午会涨停吗？#股票 #股民 #vlgo十亿流量扶持计划,不要长肉肉(｡･ω･｡),7644035850305123185,https://www.douyin.com/video/7644035850305123185,,7644102730764305201,15:42,未纳入,中性,自动映射到抖音视频评论池。,,false
2026-05-26,longge,抖音评论 15:40,华天科技今天是不是换庄？,华天科技(002185),,华天科技(002185) 被提及 7 次，有效评论 7 条，来源 2 个，跨来源共振，情绪 中性，当前判断：保留观察。,待确认,video_id=7644035850305123185; video_url=https://www.douyin.com/video/7644035850305123185; creator=阿龙闯大A📈; like=0; reply=6; source_type=comment; yeren_signal_id=; parent_comment_text=,15:40,抖音评论,video,下午会涨停吗？#股票 #股民 #vlgo十亿流量扶持计划,春序十二·梧棠,7644035850305123185,https://www.douyin.com/video/7644035850305123185,,7644102216551596836,15:40,待确认,中性,自动映射到抖音视频评论池。,9.5,false
2026-05-26,longge,抖音评论 15:38,埃斯顿准备起飞,埃斯顿(002747),,埃斯顿(002747) 被提及 2 次，有效评论 2 条，来源 1 个，单视频线索，情绪 看多，当前判断：保留观察。,待确认,video_id=7644035850305123185; video_url=https://www.douyin.com/video/7644035850305123185; creator=阿龙闯大A📈; like=1; reply=1; source_type=comment; yeren_signal_id=; parent_comment_text=,15:38,抖音评论,video,下午会涨停吗？#股票 #股民 #vlgo十亿流量扶持计划,林,7644035850305123185,https://www.douyin.com/video/7644035850305123185,,7644101585026810651,15:38,待确认,看多,自动映射到抖音视频评论池。,6.9,false
2026-05-26,longge,抖音评论 15:36,有谁尾盘深科技什么情况，我睡一觉醒来怎么还红了[看],,,评论热度较高，但暂未自动识别到明确股票线索，保留人工复核。,待确认,video_id=7644035850305123185; video_url=https://www.douyin.com/video/7644035850305123185; creator=阿龙闯大A📈; like=0; reply=14; source_type=comment; yeren_signal_id=; parent_comment_text=,15:36,抖音评论,video,下午会涨停吗？#股票 #股民 #vlgo十亿流量扶持计划,三个六的666,7644035850305123185,https://www.douyin.com/video/7644035850305123185,,7644101234575639306,15:36,待确认,中性,自动映射到抖音视频评论池。,6.2,false
2026-05-26,longge,抖音评论 15:33,你下午涨停了么？,,,,否,video_id=7644035850305123185; video_url=https://www.douyin.com/video/7644035850305123185; creator=阿龙闯大A📈; like=0; reply=0; source_type=comment; yeren_signal_id=; parent_comment_text=,15:33,抖音评论,video,下午会涨停吗？#股票 #股民 #vlgo十亿流量扶持计划,百灵,7644035850305123185,https://www.douyin.com/video/7644035850305123185,,7644100414304027441,15:33,未纳入,中性,自动映射到抖音视频评论池。,,false
2026-05-26,longge,抖音评论 15:31,牛皮，，真涨停,,,,否,video_id=7644035850305123185; video_url=https://www.douyin.com/video/7644035850305123185; creator=阿龙闯大A📈; like=0; reply=0; source_type=comment; yeren_signal_id=; parent_comment_text=,15:31,抖音评论,video,下午会涨停吗？#股票 #股民 #vlgo十亿流量扶持计划,幸福 .简单,7644035850305123185,https://www.douyin.com/video/7644035850305123185,,7644099938700182306,15:31,未纳入,中性,自动映射到抖音视频评论池。,,false
2026-05-26,longge,抖音评论 15:31,利通永远的神！,,,评论热度较高，但暂未自动识别到明确股票线索，保留人工复核。,待确认,video_id=7644035850305123185; video_url=https://www.douyin.com/video/7644035850305123185; creator=阿龙闯大A📈; like=0; reply=8; source_type=comment; yeren_signal_id=; parent_comment_text=,15:31,抖音评论,video,下午会涨停吗？#股票 #股民 #vlgo十亿流量扶持计划,大海很大,7644035850305123185,https://www.douyin.com/video/7644035850305123185,,7644099749193237285,15:31,待确认,中性,自动映射到抖音视频评论池。,6.2,false
2026-05-26,longge,抖音评论 15:29,这个真大哥，阿龙上龙,,,,否,video_id=7644035850305123185; video_url=https://www.douyin.com/video/7644035850305123185; creator=阿龙闯大A📈; like=1; reply=0; source_type=comment; yeren_signal_id=; parent_comment_text=,15:29,抖音评论,video,下午会涨停吗？#股票 #股民 #vlgo十亿流量扶持计划,一号车间,7644035850305123185,https://www.douyin.com/video/7644035850305123185,,7644099386863272741,15:29,未纳入,中性,自动映射到抖音视频评论池。,,false
2026-05-26,longge,抖音评论 15:29,京东方必翻倍,,,,否,video_id=7644035850305123185; video_url=https://www.douyin.com/video/7644035850305123185; creator=阿龙闯大A📈; like=0; reply=4; source_type=comment; yeren_signal_id=; parent_comment_text=,15:29,抖音评论,video,下午会涨停吗？#股票 #股民 #vlgo十亿流量扶持计划,AI唐,7644035850305123185,https://www.douyin.com/video/7644035850305123185,,7644099211071619892,15:29,未纳入,中性,自动映射到抖音视频评论池。,,false
2026-05-26,longge,抖音评论 15:28,中天还能拿吗？,,,,否,video_id=7644035850305123185; video_url=https://www.douyin.com/video/7644035850305123185; creator=阿龙闯大A📈; like=0; reply=3; source_type=comment; yeren_signal_id=; parent_comment_text=,15:28,抖音评论,video,下午会涨停吗？#股票 #股民 #vlgo十亿流量扶持计划,loong,7644035850305123185,https://www.douyin.com/video/7644035850305123185,,7644098946193359635,15:28,未纳入,中性,自动映射到抖音视频评论池。,,false
2026-05-26,longge,抖音评论 15:27,大哥今天下午我也跟你干了，,,,,否,video_id=7644035850305123185; video_url=https://www.douyin.com/video/7644035850305123185; creator=阿龙闯大A📈; like=0; reply=0; source_type=comment; yeren_signal_id=; parent_comment_text=,15:27,抖音评论,video,下午会涨停吗？#股票 #股民 #vlgo十亿流量扶持计划,段文龙😎᭄,7644035850305123185,https://www.douyin.com/video/7644035850305123185,,7644098719062770491,15:27,未纳入,中性,自动映射到抖音视频评论池。,,false
2026-05-26,longge,抖音评论 15:26,截图是哪个,,,,否,video_id=7644035850305123185; video_url=https://www.douyin.com/video/7644035850305123185; creator=阿龙闯大A📈; like=0; reply=0; source_type=comment; yeren_signal_id=; parent_comment_text=,15:26,抖音评论,video,下午会涨停吗？#股票 #股民 #vlgo十亿流量扶持计划,总会有回报,7644035850305123185,https://www.douyin.com/video/7644035850305123185,,7644098435680092986,15:26,未纳入,中性,自动映射到抖音视频评论池。,,false
2026-05-26,longge,抖音评论 15:25,银河电子，坐等上龙,银河电子(002519),,银河电子(002519) 被提及 2 次，有效评论 2 条，来源 1 个，单视频线索，情绪 中性，当前判断：保留观察。,待确认,video_id=7644035850305123185; video_url=https://www.douyin.com/video/7644035850305123185; creator=阿龙闯大A📈; like=2; reply=3; source_type=comment; yeren_signal_id=; parent_comment_text=,15:25,抖音评论,video,下午会涨停吗？#股票 #股民 #vlgo十亿流量扶持计划,阿星星,7644035850305123185,https://www.douyin.com/video/7644035850305123185,,7644098355157205818,15:25,待确认,中性,自动映射到抖音视频评论池。,6.9,false
2026-05-26,longge,抖音评论 15:25,大众交通,大众交通(600611),,大众交通(600611) 被提及 3 次，有效评论 3 条，来源 2 个，跨来源共振，情绪 中性，当前判断：保留观察。,待确认,video_id=7644035850305123185; video_url=https://www.douyin.com/video/7644035850305123185; creator=阿龙闯大A📈; like=0; reply=0; source_type=comment; yeren_signal_id=; parent_comment_text=,15:25,抖音评论,video,下午会涨停吗？#股票 #股民 #vlgo十亿流量扶持计划,封妖,7644035850305123185,https://www.douyin.com/video/7644035850305123185,,7644098292778959626,15:25,待确认,中性,自动映射到抖音视频评论池。,8.0,false
2026-05-26,longge,抖音评论 15:24,金风科技，到27年两月。看50,金风科技(002202),,金风科技(002202) 被提及 2 次，有效评论 2 条，来源 1 个，单视频线索，情绪 谨慎，当前判断：偏风险观察。,否,video_id=7644035850305123185; video_url=https://www.douyin.com/video/7644035850305123185; creator=阿龙闯大A📈; like=0; reply=3; source_type=comment; yeren_signal_id=; parent_comment_text=,15:24,抖音评论,video,下午会涨停吗？#股票 #股民 #vlgo十亿流量扶持计划,🌈晚不晚,7644035850305123185,https://www.douyin.com/video/7644035850305123185,,7644098042879165221,15:24,未纳入,谨慎,自动映射到抖音视频评论池。,6.3,false
2026-05-26,longge,抖音评论 15:24,进了山东玻纤和宏昌电子,宏昌电子(603002),,宏昌电子(603002) 被提及 2 次，有效评论 2 条，来源 1 个，单视频线索，情绪 中性，当前判断：保留观察。,待确认,video_id=7644035850305123185; video_url=https://www.douyin.com/video/7644035850305123185; creator=阿龙闯大A📈; like=0; reply=0; source_type=comment; yeren_signal_id=; parent_comment_text=,15:24,抖音评论,video,下午会涨停吗？#股票 #股民 #vlgo十亿流量扶持计划,@臭胖妮,7644035850305123185,https://www.douyin.com/video/7644035850305123185,,7644098019520545582,15:24,待确认,中性,自动映射到抖音视频评论池。,6.9,false
2026-05-26,longge,抖音评论 15:22,有认识蓝色光标的吗？[无语流汗],蓝色光标(300058),,蓝色光标(300058) 被提及 1 次，有效评论 1 条，来源 1 个，单视频线索，情绪 中性，当前判断：保留观察。,待确认,video_id=7644035850305123185; video_url=https://www.douyin.com/video/7644035850305123185; creator=阿龙闯大A📈; like=1; reply=0; source_type=comment; yeren_signal_id=; parent_comment_text=,15:22,抖音评论,video,下午会涨停吗？#股票 #股民 #vlgo十亿流量扶持计划,0o语童o0,7644035850305123185,https://www.douyin.com/video/7644035850305123185,,7644097561150440219,15:22,待确认,中性,自动映射到抖音视频评论池。,6.4,false
2026-05-26,longge,抖音评论 15:21,谁知道是什么？,,,,否,video_id=7644035850305123185; video_url=https://www.douyin.com/video/7644035850305123185; creator=阿龙闯大A📈; like=0; reply=1; source_type=comment; yeren_signal_id=; parent_comment_text=,15:21,抖音评论,video,下午会涨停吗？#股票 #股民 #vlgo十亿流量扶持计划,莉莉丝,7644035850305123185,https://www.douyin.com/video/7644035850305123185,,7644097352831353638,15:21,未纳入,中性,自动映射到抖音视频评论池。,,false
2026-05-26,longge,抖音评论 15:20,有没有人跟我解答一下远东股份还能拿吗？[戳手手],远东股份(600869),,远东股份(600869) 被提及 1 次，有效评论 1 条，来源 1 个，单视频线索，情绪 中性，当前判断：保留观察。,待确认,video_id=7644035850305123185; video_url=https://www.douyin.com/video/7644035850305123185; creator=阿龙闯大A📈; like=0; reply=4; source_type=comment; yeren_signal_id=; parent_comment_text=,15:20,抖音评论,video,下午会涨停吗？#股票 #股民 #vlgo十亿流量扶持计划,z-W🇨🇳,7644035850305123185,https://www.douyin.com/video/7644035850305123185,,7644097092906599219,15:20,待确认,中性,自动映射到抖音视频评论池。,6.4,false
2026-05-26,longge,抖音评论 15:20,金融消费者[大笑][大笑][大笑],,,,否,video_id=7644035850305123185; video_url=https://www.douyin.com/video/7644035850305123185; creator=阿龙闯大A📈; like=0; reply=0; source_type=comment; yeren_signal_id=; parent_comment_text=,15:20,抖音评论,video,下午会涨停吗？#股票 #股民 #vlgo十亿流量扶持计划,新司机,7644035850305123185,https://www.douyin.com/video/7644035850305123185,,7644097011624821553,15:20,未纳入,中性,自动映射到抖音视频评论池。,,false
2026-05-26,longge,抖音评论 15:18,说中国长城的那人出来，我就想看看他,中国长城(000066),,中国长城(000066) 被提及 3 次，有效评论 3 条，来源 2 个，跨来源共振，情绪 中性，当前判断：保留观察。,待确认,video_id=7644035850305123185; video_url=https://www.douyin.com/video/7644035850305123185; creator=阿龙闯大A📈; like=1; reply=0; source_type=comment; yeren_signal_id=; parent_comment_text=,15:18,抖音评论,video,下午会涨停吗？#股票 #股民 #vlgo十亿流量扶持计划,六月的羊,7644035850305123185,https://www.douyin.com/video/7644035850305123185,,7644096548539892486,15:18,待确认,中性,自动映射到抖音视频评论池。,8.0,false
2026-05-26,longge,抖音评论 15:18,说黑芝麻那个呢？,黑芝麻(000716),,黑芝麻(000716) 被提及 4 次，有效评论 4 条，来源 1 个，单视频线索，情绪 中性，当前判断：保留观察。,待确认,video_id=7644035850305123185; video_url=https://www.douyin.com/video/7644035850305123185; creator=阿龙闯大A📈; like=0; reply=0; source_type=comment; yeren_signal_id=; parent_comment_text=,15:18,抖音评论,video,下午会涨停吗？#股票 #股民 #vlgo十亿流量扶持计划,用户4742079424813,7644035850305123185,https://www.douyin.com/video/7644035850305123185,,7644096467951420212,15:18,待确认,中性,自动映射到抖音视频评论池。,7.6,false
2026-05-26,longge,抖音评论 15:17,万向 有没有大佬指导一下[捂脸],,,,否,video_id=7644035850305123185; video_url=https://www.douyin.com/video/7644035850305123185; creator=阿龙闯大A📈; like=0; reply=0; source_type=comment; yeren_signal_id=; parent_comment_text=,15:17,抖音评论,video,下午会涨停吗？#股票 #股民 #vlgo十亿流量扶持计划,华尔街最帅的男人,7644035850305123185,https://www.douyin.com/video/7644035850305123185,,7644096371674333989,15:17,未纳入,中性,自动映射到抖音视频评论池。,,false
2026-05-26,longge,抖音评论 15:16,你每条视频都有几千个评论，我们怎么看得出应该跟哪个大哥，你跟了哪个大哥能把他的评论置顶一下吗？,,,,否,video_id=7644035850305123185; video_url=https://www.douyin.com/video/7644035850305123185; creator=阿龙闯大A📈; like=0; reply=0; source_type=comment; yeren_signal_id=; parent_comment_text=,15:16,抖音评论,video,下午会涨停吗？#股票 #股民 #vlgo十亿流量扶持计划,语芊6339,7644035850305123185,https://www.douyin.com/video/7644035850305123185,,7644095865158615857,15:16,未纳入,中性,自动映射到抖音视频评论池。,,false
2026-05-26,longge,抖音评论 15:16,谁说的奥瑞德，亏死我了,奥瑞德(600666),,奥瑞德(600666) 被提及 1 次，有效评论 1 条，来源 1 个，单视频线索，情绪 谨慎，当前判断：偏风险观察。,否,video_id=7644035850305123185; video_url=https://www.douyin.com/video/7644035850305123185; creator=阿龙闯大A📈; like=1; reply=2; source_type=comment; yeren_signal_id=; parent_comment_text=,15:16,抖音评论,video,下午会涨停吗？#股票 #股民 #vlgo十亿流量扶持计划,一生何求,7644035850305123185,https://www.douyin.com/video/7644035850305123185,,7644095859718128441,15:16,未纳入,谨慎,自动映射到抖音视频评论池。,5.9,false
2026-05-26,longge,抖音评论 15:15,中利集团是进去抄底的时候了。,中利集团(002309),,中利集团(002309) 被提及 2 次，有效评论 2 条，来源 1 个，单视频线索，情绪 中性，当前判断：保留观察。,待确认,video_id=7644035850305123185; video_url=https://www.douyin.com/video/7644035850305123185; creator=阿龙闯大A📈; like=0; reply=2; source_type=comment; yeren_signal_id=; parent_comment_text=,15:15,抖音评论,video,下午会涨停吗？#股票 #股民 #vlgo十亿流量扶持计划,牛小二,7644035850305123185,https://www.douyin.com/video/7644035850305123185,,7644095769964675897,15:15,待确认,中性,自动映射到抖音视频评论池。,6.9,false
2026-05-26,longge,抖音评论 15:15,生益还能拿吗,,,,否,video_id=7644035850305123185; video_url=https://www.douyin.com/video/7644035850305123185; creator=阿龙闯大A📈; like=0; reply=0; source_type=comment; yeren_signal_id=; parent_comment_text=,15:15,抖音评论,video,下午会涨停吗？#股票 #股民 #vlgo十亿流量扶持计划,静待盈,7644035850305123185,https://www.douyin.com/video/7644035850305123185,,7644095659343905585,15:15,未纳入,中性,自动映射到抖音视频评论池。,,false
2026-05-26,longge,抖音评论 15:15,什么啊？？？我也要买,,,,否,video_id=7644035850305123185; video_url=https://www.douyin.com/video/7644035850305123185; creator=阿龙闯大A📈; like=0; reply=0; source_type=comment; yeren_signal_id=; parent_comment_text=,15:15,抖音评论,video,下午会涨停吗？#股票 #股民 #vlgo十亿流量扶持计划,第一名,7644035850305123185,https://www.douyin.com/video/7644035850305123185,,7644095653156619067,15:15,未纳入,中性,自动映射到抖音视频评论池。,,false
2026-05-26,longge,抖音评论 15:14,巨力索具 天下秀,,,,否,video_id=7644035850305123185; video_url=https://www.douyin.com/video/7644035850305123185; creator=阿龙闯大A📈; like=1; reply=0; source_type=comment; yeren_signal_id=; parent_comment_text=,15:14,抖音评论,video,下午会涨停吗？#股票 #股民 #vlgo十亿流量扶持计划,古德猫_good,7644035850305123185,https://www.douyin.com/video/7644035850305123185,,7644095420486533907,15:14,未纳入,中性,自动映射到抖音视频评论池。,,false
2026-05-26,longge,抖音评论 15:13,中铝,,,,否,video_id=7644035850305123185; video_url=https://www.douyin.com/video/7644035850305123185; creator=阿龙闯大A📈; like=0; reply=0; source_type=comment; yeren_signal_id=; parent_comment_text=,15:13,抖音评论,video,下午会涨停吗？#股票 #股民 #vlgo十亿流量扶持计划,无 心,7644035850305123185,https://www.douyin.com/video/7644035850305123185,,7644095272624948019,15:13,未纳入,中性,自动映射到抖音视频评论池。,,false
2026-05-26,longge,抖音评论 15:11,到底是哪个啊[捂脸],,,,否,video_id=7644035850305123185; video_url=https://www.douyin.com/video/7644035850305123185; creator=阿龙闯大A📈; like=0; reply=0; source_type=comment; yeren_signal_id=; parent_comment_text=,15:11,抖音评论,video,下午会涨停吗？#股票 #股民 #vlgo十亿流量扶持计划,星星啊⭐️,7644035850305123185,https://www.douyin.com/video/7644035850305123185,,7644094765000082233,15:11,未纳入,中性,自动映射到抖音视频评论池。,,false
2026-05-26,longge,抖音评论 15:10,我给山东玻纤的大哥磕一个[强][强][强],,,,否,video_id=7644035850305123185; video_url=https://www.douyin.com/video/7644035850305123185; creator=阿龙闯大A📈; like=0; reply=0; source_type=comment; yeren_signal_id=; parent_comment_text=,15:10,抖音评论,video,下午会涨停吗？#股票 #股民 #vlgo十亿流量扶持计划,秋末冬初,7644035850305123185,https://www.douyin.com/video/7644035850305123185,,7644094419126633275,15:10,未纳入,中性,自动映射到抖音视频评论池。,,false
2026-05-26,longge,抖音评论 15:09,有没看好大唐2波的[比心],,,评论热度较高，但暂未自动识别到明确股票线索，保留人工复核。,待确认,video_id=7644035850305123185; video_url=https://www.douyin.com/video/7644035850305123185; creator=阿龙闯大A📈; like=1; reply=7; source_type=comment; yeren_signal_id=; parent_comment_text=,15:09,抖音评论,video,下午会涨停吗？#股票 #股民 #vlgo十亿流量扶持计划,梦里长生,7644035850305123185,https://www.douyin.com/video/7644035850305123185,,7644094106130465577,15:09,待确认,中性,自动映射到抖音视频评论池。,6.2,false
2026-05-26,longge,抖音评论 15:08,长电科技可以,长电科技(600584),,长电科技(600584) 被提及 4 次，有效评论 4 条，来源 2 个，跨来源共振，情绪 中性，当前判断：保留观察。,待确认,video_id=7644035850305123185; video_url=https://www.douyin.com/video/7644035850305123185; creator=阿龙闯大A📈; like=0; reply=0; source_type=comment; yeren_signal_id=; parent_comment_text=,15:08,抖音评论,video,下午会涨停吗？#股票 #股民 #vlgo十亿流量扶持计划,仙玉翡翠手镯定制,7644035850305123185,https://www.douyin.com/video/7644035850305123185,,7644093987373253433,15:08,待确认,中性,自动映射到抖音视频评论池。,8.3,false
2026-05-26,longge,抖音评论 15:07,干的山东玻璃吧[抠鼻],,,,否,video_id=7644035850305123185; video_url=https://www.douyin.com/video/7644035850305123185; creator=阿龙闯大A📈; like=0; reply=0; source_type=comment; yeren_signal_id=; parent_comment_text=,15:07,抖音评论,video,下午会涨停吗？#股票 #股民 #vlgo十亿流量扶持计划,膏蟹🦀️皮皮虾🦐,7644035850305123185,https://www.douyin.com/video/7644035850305123185,,7644093649878631227,15:07,未纳入,中性,自动映射到抖音视频评论池。,,false
2026-05-26,longge,抖音评论 15:06,有没有金螳螂的小苦瓜[哭哭],,,评论热度较高，但暂未自动识别到明确股票线索，保留人工复核。,待确认,video_id=7644035850305123185; video_url=https://www.douyin.com/video/7644035850305123185; creator=阿龙闯大A📈; like=0; reply=8; source_type=comment; yeren_signal_id=; parent_comment_text=,15:06,抖音评论,video,下午会涨停吗？#股票 #股民 #vlgo十亿流量扶持计划,安禾瑜💖,7644035850305123185,https://www.douyin.com/video/7644035850305123185,,7644093513168061199,15:06,待确认,中性,自动映射到抖音视频评论池。,6.2,false
2026-05-26,longge,抖音评论 15:06,谁说的滨化股份[发呆],滨化股份(601678),,滨化股份(601678) 被提及 1 次，有效评论 1 条，来源 1 个，单视频线索，情绪 中性，当前判断：保留观察。,待确认,video_id=7644035850305123185; video_url=https://www.douyin.com/video/7644035850305123185; creator=阿龙闯大A📈; like=0; reply=2; source_type=comment; yeren_signal_id=; parent_comment_text=,15:06,抖音评论,video,下午会涨停吗？#股票 #股民 #vlgo十亿流量扶持计划,不吃了,7644035850305123185,https://www.douyin.com/video/7644035850305123185,,7644093301809644337,15:06,待确认,中性,自动映射到抖音视频评论池。,6.4,false
2026-05-26,longge,抖音评论 15:05,有没有大哥说下国晟还能留不，进去吃两个跌停[流泪],,,评论热度较高，但暂未自动识别到明确股票线索，保留人工复核。,待确认,video_id=7644035850305123185; video_url=https://www.douyin.com/video/7644035850305123185; creator=阿龙闯大A📈; like=0; reply=6; source_type=comment; yeren_signal_id=; parent_comment_text=,15:05,抖音评论,video,下午会涨停吗？#股票 #股民 #vlgo十亿流量扶持计划,Camellia 💫,7644035850305123185,https://www.douyin.com/video/7644035850305123185,,7644093095534019337,15:05,待确认,中性,自动映射到抖音视频评论池。,6.2,false
2026-05-26,longge,抖音评论 15:05,牛逼了大哥,,,,否,video_id=7644035850305123185; video_url=https://www.douyin.com/video/7644035850305123185; creator=阿龙闯大A📈; like=0; reply=0; source_type=comment; yeren_signal_id=; parent_comment_text=,15:05,抖音评论,video,下午会涨停吗？#股票 #股民 #vlgo十亿流量扶持计划,泽汐,7644035850305123185,https://www.douyin.com/video/7644035850305123185,,7644093062633128719,15:05,未纳入,中性,自动映射到抖音视频评论池。,,false
2026-05-26,longge,抖音评论 15:04,炸板了咋说,,,,否,video_id=7644035850305123185; video_url=https://www.douyin.com/video/7644035850305123185; creator=阿龙闯大A📈; like=0; reply=0; source_type=comment; yeren_signal_id=; parent_comment_text=,15:04,抖音评论,video,下午会涨停吗？#股票 #股民 #vlgo十亿流量扶持计划,诗酒✨,7644035850305123185,https://www.douyin.com/video/7644035850305123185,,7644092879133197105,15:04,未纳入,中性,自动映射到抖音视频评论池。,,false
2026-05-26,longge,抖音评论 15:04,入了南玻刚,,,,否,video_id=7644035850305123185; video_url=https://www.douyin.com/video/7644035850305123185; creator=阿龙闯大A📈; like=0; reply=0; source_type=comment; yeren_signal_id=; parent_comment_text=,15:04,抖音评论,video,下午会涨停吗？#股票 #股民 #vlgo十亿流量扶持计划,江山如画,7644035850305123185,https://www.douyin.com/video/7644035850305123185,,7644092830529078053,15:04,未纳入,中性,自动映射到抖音视频评论池。,,false
2026-05-26,longge,抖音评论 15:05,我给山东玻纤的大哥磕一个[赞][赞],,,,否,video_id=7644035850305123185; video_url=https://www.douyin.com/video/7644035850305123185; creator=阿龙闯大A📈; like=2; reply=0; source_type=comment; yeren_signal_id=; parent_comment_text=,15:05,抖音评论,video,下午会涨停吗？#股票 #股民 #vlgo十亿流量扶持计划,加油我的人生,7644035850305123185,https://www.douyin.com/video/7644035850305123185,,7644093225977004834,15:05,未纳入,中性,自动映射到抖音视频评论池。,,false
2026-05-26,longge,抖音评论 15:04,疯狂回本中,,,,否,video_id=7644035850305123185; video_url=https://www.douyin.com/video/7644035850305123185; creator=阿龙闯大A📈; like=0; reply=0; source_type=comment; yeren_signal_id=; parent_comment_text=,15:04,抖音评论,video,下午会涨停吗？#股票 #股民 #vlgo十亿流量扶持计划,在彭水干定制的老陈,7644035850305123185,https://www.douyin.com/video/7644035850305123185,,7644092825877791537,15:04,未纳入,中性,自动映射到抖音视频评论池。,,false
2026-05-26,longge,抖音评论 15:03,歌尔这是有啥消息吗？尾盘这么个拉法，有大哥说说看法吗？,,,,否,video_id=7644035850305123185; video_url=https://www.douyin.com/video/7644035850305123185; creator=阿龙闯大A📈; like=0; reply=0; source_type=comment; yeren_signal_id=; parent_comment_text=,15:03,抖音评论,video,下午会涨停吗？#股票 #股民 #vlgo十亿流量扶持计划,奇点,7644035850305123185,https://www.douyin.com/video/7644035850305123185,,7644092680163574585,15:03,未纳入,中性,自动映射到抖音视频评论池。,,false
2026-05-26,longge,抖音评论 15:03,华电辽能明天怎么看,华电辽能(600396),电力,华电辽能(600396) 被提及 5 次，有效评论 5 条，来源 2 个，跨来源共振，情绪 中性，当前判断：保留观察。,待确认,video_id=7644035850305123185; video_url=https://www.douyin.com/video/7644035850305123185; creator=阿龙闯大A📈; like=0; reply=2; source_type=comment; yeren_signal_id=; parent_comment_text=,15:03,抖音评论,video,下午会涨停吗？#股票 #股民 #vlgo十亿流量扶持计划,蒽,7644035850305123185,https://www.douyin.com/video/7644035850305123185,,7644092667064386353,15:03,待确认,中性,自动映射到抖音视频评论池。,8.8,false
2026-05-26,longge,抖音评论 15:03,大佬们 康强明天怎么说,,,,否,video_id=7644035850305123185; video_url=https://www.douyin.com/video/7644035850305123185; creator=阿龙闯大A📈; like=0; reply=3; source_type=comment; yeren_signal_id=; parent_comment_text=,15:03,抖音评论,video,下午会涨停吗？#股票 #股民 #vlgo十亿流量扶持计划,2090694118,7644035850305123185,https://www.douyin.com/video/7644035850305123185,,7644092568816485177,15:03,未纳入,中性,自动映射到抖音视频评论池。,,false
2026-05-26,longge,抖音评论 15:03,有没人说华电辽能啊明天要不要跑,华电辽能(600396),电力,华电辽能(600396) 被提及 5 次，有效评论 5 条，来源 2 个，跨来源共振，情绪 中性，当前判断：保留观察。,待确认,video_id=7644035850305123185; video_url=https://www.douyin.com/video/7644035850305123185; creator=阿龙闯大A📈; like=0; reply=3; source_type=comment; yeren_signal_id=; parent_comment_text=,15:03,抖音评论,video,下午会涨停吗？#股票 #股民 #vlgo十亿流量扶持计划,小艺要努力,7644035850305123185,https://www.douyin.com/video/7644035850305123185,,7644092527533212450,15:03,待确认,中性,自动映射到抖音视频评论池。,8.8,false
2026-05-26,longge,抖音评论 15:02,长电科技拿好300再下车,长电科技(600584),,长电科技(600584) 被提及 4 次，有效评论 4 条，来源 2 个，跨来源共振，情绪 中性，当前判断：保留观察。,待确认,video_id=7644035850305123185; video_url=https://www.douyin.com/video/7644035850305123185; creator=阿龙闯大A📈; like=0; reply=0; source_type=comment; yeren_signal_id=; parent_comment_text=,15:02,抖音评论,video,下午会涨停吗？#股票 #股民 #vlgo十亿流量扶持计划,🌈盐含,7644035850305123185,https://www.douyin.com/video/7644035850305123185,,7644092421673321268,15:02,待确认,中性,自动映射到抖音视频评论池。,8.3,false
2026-05-26,longge,抖音评论 15:01,京东方还能进不？,,,,否,video_id=7644035850305123185; video_url=https://www.douyin.com/video/7644035850305123185; creator=阿龙闯大A📈; like=1; reply=3; source_type=comment; yeren_signal_id=; parent_comment_text=,15:01,抖音评论,video,下午会涨停吗？#股票 #股民 #vlgo十亿流量扶持计划,荆芥馅饺子,7644035850305123185,https://www.douyin.com/video/7644035850305123185,,7644092174153827121,15:01,未纳入,中性,自动映射到抖音视频评论池。,,false
2026-05-26,longge,抖音评论 15:01,你抓紧给我大哥上空，别休息了，[懵][懵][懵]抓紧的,,,,否,video_id=7644035850305123185; video_url=https://www.douyin.com/video/7644035850305123185; creator=阿龙闯大A📈; like=0; reply=0; source_type=comment; yeren_signal_id=; parent_comment_text=,15:01,抖音评论,video,下午会涨停吗？#股票 #股民 #vlgo十亿流量扶持计划,在下不在,7644035850305123185,https://www.douyin.com/video/7644035850305123185,,7644092162285011758,15:01,未纳入,中性,自动映射到抖音视频评论池。,,false
2026-05-26,longge,抖音评论 15:01,各位大佬，帮忙看一下盈方微明天怎么走[黑脸],,,,否,video_id=7644035850305123185; video_url=https://www.douyin.com/video/7644035850305123185; creator=阿龙闯大A📈; like=0; reply=0; source_type=comment; yeren_signal_id=; parent_comment_text=,15:01,抖音评论,video,下午会涨停吗？#股票 #股民 #vlgo十亿流量扶持计划,今天睡懒觉了嗎_,7644035850305123185,https://www.douyin.com/video/7644035850305123185,,7644092011809129253,15:01,未纳入,中性,自动映射到抖音视频评论池。,,false
2026-05-26,longge,抖音评论 14:59,华胜天成的有没有一起的小苦瓜，一直跌[流泪],华胜天成(600410),,华胜天成(600410) 被提及 1 次，有效评论 1 条，来源 1 个，单视频线索，情绪 谨慎，当前判断：偏风险观察。,否,video_id=7644035850305123185; video_url=https://www.douyin.com/video/7644035850305123185; creator=阿龙闯大A📈; like=1; reply=9; source_type=comment; yeren_signal_id=; parent_comment_text=,14:59,抖音评论,video,下午会涨停吗？#股票 #股民 #vlgo十亿流量扶持计划,万如,7644035850305123185,https://www.douyin.com/video/7644035850305123185,,7644091638406595377,14:59,未纳入,谨慎,自动映射到抖音视频评论池。,5.9,false
2026-05-26,longge,抖音评论 14:58,双成买进去就跌[流泪]，11.74,,,,否,video_id=7644035850305123185; video_url=https://www.douyin.com/video/7644035850305123185; creator=阿龙闯大A📈; like=0; reply=1; source_type=comment; yeren_signal_id=; parent_comment_text=,14:58,抖音评论,video,下午会涨停吗？#股票 #股民 #vlgo十亿流量扶持计划,Mrs. 闫,7644035850305123185,https://www.douyin.com/video/7644035850305123185,,7644091445116420901,14:58,未纳入,中性,自动映射到抖音视频评论池。,,false
2026-05-26,longge,抖音评论 14:57,京东方第一次涨停出来[流泪][流泪][流泪],,,,否,video_id=7644035850305123185; video_url=https://www.douyin.com/video/7644035850305123185; creator=阿龙闯大A📈; like=1; reply=0; source_type=comment; yeren_signal_id=; parent_comment_text=,14:57,抖音评论,video,下午会涨停吗？#股票 #股民 #vlgo十亿流量扶持计划,已老实,7644035850305123185,https://www.douyin.com/video/7644035850305123185,,7644091201251738425,14:57,未纳入,中性,自动映射到抖音视频评论池。,,false
2026-05-26,longge,抖音评论 14:57,给明阳智能大哥上🐲🐲🐲  [强],,,,否,video_id=7644035850305123185; video_url=https://www.douyin.com/video/7644035850305123185; creator=阿龙闯大A📈; like=4; reply=0; source_type=comment; yeren_signal_id=; parent_comment_text=,14:57,抖音评论,video,下午会涨停吗？#股票 #股民 #vlgo十亿流量扶持计划,Monica,7644035850305123185,https://www.douyin.com/video/7644035850305123185,,7644091138643378970,14:57,未纳入,中性,自动映射到抖音视频评论池。,,false
2026-05-26,longge,抖音评论 14:56,评论区昨天谁说的合百，出来我给你邮特产[流泪],,,,否,video_id=7644035850305123185; video_url=https://www.douyin.com/video/7644035850305123185; creator=阿龙闯大A📈; like=1; reply=2; source_type=comment; yeren_signal_id=; parent_comment_text=,14:56,抖音评论,video,下午会涨停吗？#股票 #股民 #vlgo十亿流量扶持计划,酒伴,7644035850305123185,https://www.douyin.com/video/7644035850305123185,,7644090749726376763,14:56,未纳入,中性,自动映射到抖音视频评论池。,,false
2026-05-26,longge,抖音评论 14:55,听大哥的买了大连dc，明天看看👀,,,,否,video_id=7644035850305123185; video_url=https://www.douyin.com/video/7644035850305123185; creator=阿龙闯大A📈; like=0; reply=0; source_type=comment; yeren_signal_id=; parent_comment_text=,14:55,抖音评论,video,下午会涨停吗？#股票 #股民 #vlgo十亿流量扶持计划,一起养条鱼,7644035850305123185,https://www.douyin.com/video/7644035850305123185,,7644090661092786954,14:55,未纳入,中性,自动映射到抖音视频评论池。,,false
2026-05-26,longge,抖音评论 14:55,今天三只都涨停,,,,否,video_id=7644035850305123185; video_url=https://www.douyin.com/video/7644035850305123185; creator=阿龙闯大A📈; like=0; reply=4; source_type=comment; yeren_signal_id=; parent_comment_text=,14:55,抖音评论,video,下午会涨停吗？#股票 #股民 #vlgo十亿流量扶持计划,阿炉,7644035850305123185,https://www.douyin.com/video/7644035850305123185,,7644090629710299953,14:55,未纳入,中性,自动映射到抖音视频评论池。,,false
2026-05-26,longge,抖音评论 14:55,给上周五说深科技的大哥 上龙[懵],深科技(000021),,深科技(000021) 被提及 15 次，有效评论 15 条，来源 2 个，跨来源共振，情绪 中性，当前判断：保留观察。,待确认,video_id=7644035850305123185; video_url=https://www.douyin.com/video/7644035850305123185; creator=阿龙闯大A📈; like=1; reply=0; source_type=comment; yeren_signal_id=; parent_comment_text=,14:55,抖音评论,video,下午会涨停吗？#股票 #股民 #vlgo十亿流量扶持计划,你哇达了😡,7644035850305123185,https://www.douyin.com/video/7644035850305123185,,7644090561696154374,14:55,待确认,中性,自动映射到抖音视频评论池。,9.6,false
2026-05-26,longge,抖音评论 14:55,京投发展，宏昌电子 那3天,宏昌电子(603002);京投发展(600683),,宏昌电子(603002) 被提及 2 次，有效评论 2 条，来源 1 个，单视频线索，情绪 中性，当前判断：保留观察。；京投发展(600683) 被提及 1 次，有效评论 1 条，来源 1 个，单视频线索，情绪 中性，当前判断：保留观察。,待确认,video_id=7644035850305123185; video_url=https://www.douyin.com/video/7644035850305123185; creator=阿龙闯大A📈; like=1; reply=9; source_type=comment; yeren_signal_id=; parent_comment_text=,14:55,抖音评论,video,下午会涨停吗？#股票 #股民 #vlgo十亿流量扶持计划,10÷3,7644035850305123185,https://www.douyin.com/video/7644035850305123185,,7644090483681166139,14:55,待确认,中性,自动映射到抖音视频评论池。,6.9,false
2026-05-26,longge,抖音评论 14:54,他是不是删评论了，怎么找不到,,,,否,video_id=7644035850305123185; video_url=https://www.douyin.com/video/7644035850305123185; creator=阿龙闯大A📈; like=0; reply=0; source_type=comment; yeren_signal_id=; parent_comment_text=,14:54,抖音评论,video,下午会涨停吗？#股票 #股民 #vlgo十亿流量扶持计划,假想世界,7644035850305123185,https://www.douyin.com/video/7644035850305123185,,7644090341860328243,14:54,未纳入,中性,自动映射到抖音视频评论池。,,false
2026-05-26,longge,抖音评论 14:54,大哥，深城交拉一下，我把我最骚的姐妹介绍给你,深城交(301091),,深城交(301091) 被提及 1 次，有效评论 1 条，来源 1 个，单视频线索，情绪 中性，当前判断：保留观察。,待确认,video_id=7644035850305123185; video_url=https://www.douyin.com/video/7644035850305123185; creator=阿龙闯大A📈; like=0; reply=0; source_type=comment; yeren_signal_id=; parent_comment_text=,14:54,抖音评论,video,下午会涨停吗？#股票 #股民 #vlgo十亿流量扶持计划,沁源🌹,7644035850305123185,https://www.douyin.com/video/7644035850305123185,,7644090266500940593,14:54,待确认,中性,自动映射到抖音视频评论池。,6.4,false
2026-05-26,longge,抖音评论 14:54,没买的进去,,,,否,video_id=7644035850305123185; video_url=https://www.douyin.com/video/7644035850305123185; creator=阿龙闯大A📈; like=0; reply=0; source_type=comment; yeren_signal_id=; parent_comment_text=,14:54,抖音评论,video,下午会涨停吗？#股票 #股民 #vlgo十亿流量扶持计划,西瓜姐姐,7644035850305123185,https://www.douyin.com/video/7644035850305123185,,7644090215774405426,14:54,未纳入,中性,自动映射到抖音视频评论池。,,false
2026-05-26,longge,抖音评论 14:53,各位大哥，[比心]华大九天能到什么价位？,华大九天(301269),,华大九天(301269) 被提及 2 次，有效评论 2 条，来源 2 个，跨来源共振，情绪 中性，当前判断：保留观察。,待确认,video_id=7644035850305123185; video_url=https://www.douyin.com/video/7644035850305123185; creator=阿龙闯大A📈; like=0; reply=0; source_type=comment; yeren_signal_id=; parent_comment_text=,14:53,抖音评论,video,下午会涨停吗？#股票 #股民 #vlgo十亿流量扶持计划,D.huiling,7644035850305123185,https://www.douyin.com/video/7644035850305123185,,7644090052193174312,14:53,待确认,中性,自动映射到抖音视频评论池。,7.6,false
2026-05-26,longge,抖音评论 14:52,华da科ji,,,,否,video_id=7644035850305123185; video_url=https://www.douyin.com/video/7644035850305123185; creator=阿龙闯大A📈; like=0; reply=0; source_type=comment; yeren_signal_id=; parent_comment_text=,14:52,抖音评论,video,下午会涨停吗？#股票 #股民 #vlgo十亿流量扶持计划,壹贰壹,7644035850305123185,https://www.douyin.com/video/7644035850305123185,,7644089860488282930,14:52,未纳入,中性,自动映射到抖音视频评论池。,,false
2026-05-26,longge,抖音评论 14:52,深科技刚刚是在干嘛,,,,否,video_id=7644035850305123185; video_url=https://www.douyin.com/video/7644035850305123185; creator=阿龙闯大A📈; like=0; reply=0; source_type=comment; yeren_signal_id=; parent_comment_text=,14:52,抖音评论,video,下午会涨停吗？#股票 #股民 #vlgo十亿流量扶持计划,刘刘liu,7644035850305123185,https://www.douyin.com/video/7644035850305123185,,7644089748373799729,14:52,未纳入,中性,自动映射到抖音视频评论池。,,false
2026-05-26,longge,抖音评论 14:51,我的yoyo姐去哪里了[泪奔][泪奔]，撒手没,,,评论热度较高，但暂未自动识别到明确股票线索，保留人工复核。,待确认,video_id=7644035850305123185; video_url=https://www.douyin.com/video/7644035850305123185; creator=阿龙闯大A📈; like=2; reply=13; source_type=comment; yeren_signal_id=; parent_comment_text=,14:51,抖音评论,video,下午会涨停吗？#股票 #股民 #vlgo十亿流量扶持计划,小春月二三,7644035850305123185,https://www.douyin.com/video/7644035850305123185,,7644089664001360686,14:51,待确认,中性,自动映射到抖音视频评论池。,6.2,false
2026-05-26,longge,抖音评论 14:51,黄河，长电，冲[图片表情],,,,否,video_id=7644035850305123185; video_url=https://www.douyin.com/video/7644035850305123185; creator=阿龙闯大A📈; like=0; reply=0; source_type=comment; yeren_signal_id=; parent_comment_text=,14:51,抖音评论,video,下午会涨停吗？#股票 #股民 #vlgo十亿流量扶持计划,🍊橘子,7644035850305123185,https://www.douyin.com/video/7644035850305123185,,7644089645412041523,14:51,未纳入,中性,自动映射到抖音视频评论池。,,false
2026-05-26,longge,抖音评论 14:51,达实怎么搞，昨天的大哥呢,,,,否,video_id=7644035850305123185; video_url=https://www.douyin.com/video/7644035850305123185; creator=阿龙闯大A📈; like=0; reply=0; source_type=comment; yeren_signal_id=; parent_comment_text=,14:51,抖音评论,video,下午会涨停吗？#股票 #股民 #vlgo十亿流量扶持计划,1+1>3,7644035850305123185,https://www.douyin.com/video/7644035850305123185,,7644089558481634097,14:51,未纳入,中性,自动映射到抖音视频评论池。,,false
2026-05-26,longge,抖音评论 14:48,中午看见挂单睡觉，醒来就涨停了，看不懂,,,,否,video_id=7644035850305123185; video_url=https://www.douyin.com/video/7644035850305123185; creator=阿龙闯大A📈; like=0; reply=0; source_type=comment; yeren_signal_id=; parent_comment_text=,14:48,抖音评论,video,下午会涨停吗？#股票 #股民 #vlgo十亿流量扶持计划,L-毛豆,7644035850305123185,https://www.douyin.com/video/7644035850305123185,,7644088789614986020,14:48,未纳入,中性,自动映射到抖音视频评论池。,,false
2026-05-26,longge,抖音评论 14:48,风语筑的那个大哥过来，我寄特产,风语筑(603466),,风语筑(603466) 被提及 3 次，有效评论 3 条，来源 2 个，跨来源共振，情绪 中性，当前判断：保留观察。,待确认,video_id=7644035850305123185; video_url=https://www.douyin.com/video/7644035850305123185; creator=阿龙闯大A📈; like=0; reply=0; source_type=comment; yeren_signal_id=; parent_comment_text=,14:48,抖音评论,video,下午会涨停吗？#股票 #股民 #vlgo十亿流量扶持计划,渠成水道,7644035850305123185,https://www.douyin.com/video/7644035850305123185,,7644088712599208741,14:48,待确认,中性,自动映射到抖音视频评论池。,8.0,false
2026-05-26,longge,抖音评论 14:48,杭电调整完，准备反弹,,,,否,video_id=7644035850305123185; video_url=https://www.douyin.com/video/7644035850305123185; creator=阿龙闯大A📈; like=0; reply=3; source_type=comment; yeren_signal_id=; parent_comment_text=,14:48,抖音评论,video,下午会涨停吗？#股票 #股民 #vlgo十亿流量扶持计划,妙呀,7644035850305123185,https://www.douyin.com/video/7644035850305123185,,7644088651525997347,14:48,未纳入,中性,自动映射到抖音视频评论池。,,false
2026-05-26,longge,抖音评论 14:47,真涨停了,,,,否,video_id=7644035850305123185; video_url=https://www.douyin.com/video/7644035850305123185; creator=阿龙闯大A📈; like=0; reply=0; source_type=comment; yeren_signal_id=; parent_comment_text=,14:47,抖音评论,video,下午会涨停吗？#股票 #股民 #vlgo十亿流量扶持计划,贰叁,7644035850305123185,https://www.douyin.com/video/7644035850305123185,,7644088489474196283,14:47,未纳入,中性,自动映射到抖音视频评论池。,,false
2026-05-26,longge,抖音评论 14:47,有大哥能看看新能泰山还有救吗？[捂脸][捂脸][捂脸],新能泰山(000720),电网设备;电力,新能泰山(000720) 被提及 2 次，有效评论 2 条，来源 2 个，跨来源共振，情绪 谨慎，当前判断：偏风险观察。,否,video_id=7644035850305123185; video_url=https://www.douyin.com/video/7644035850305123185; creator=阿龙闯大A📈; like=0; reply=0; source_type=comment; yeren_signal_id=; parent_comment_text=,14:47,抖音评论,video,下午会涨停吗？#股票 #股民 #vlgo十亿流量扶持计划,虫虫的天空,7644035850305123185,https://www.douyin.com/video/7644035850305123185,,7644088449596146490,14:47,未纳入,谨慎,自动映射到抖音视频评论池。,7.0,false
2026-05-26,longge,抖音评论 14:46,有没有大哥告诉我天际股份怎么办，被套20个点了。成本38.397[流泪],天际股份(002759),,天际股份(002759) 被提及 1 次，有效评论 1 条，来源 1 个，单视频线索，情绪 谨慎，当前判断：偏风险观察。,否,video_id=7644035850305123185; video_url=https://www.douyin.com/video/7644035850305123185; creator=阿龙闯大A📈; like=0; reply=0; source_type=comment; yeren_signal_id=; parent_comment_text=,14:46,抖音评论,video,下午会涨停吗？#股票 #股民 #vlgo十亿流量扶持计划,B126号小行星的羊,7644035850305123185,https://www.douyin.com/video/7644035850305123185,,7644088293840028450,14:46,未纳入,谨慎,自动映射到抖音视频评论池。,5.9,false
2026-05-26,longge,抖音评论 14:46,派克,,,,否,video_id=7644035850305123185; video_url=https://www.douyin.com/video/7644035850305123185; creator=阿龙闯大A📈; like=0; reply=0; source_type=comment; yeren_signal_id=; parent_comment_text=,14:46,抖音评论,video,下午会涨停吗？#股票 #股民 #vlgo十亿流量扶持计划,天鹅湖的水渠清,7644035850305123185,https://www.douyin.com/video/7644035850305123185,,7644088223371920182,14:46,未纳入,中性,自动映射到抖音视频评论池。,,false
2026-05-26,longge,抖音评论 14:45,有没有人指点一下啊[笑哭],,,,否,video_id=7644035850305123185; video_url=https://www.douyin.com/video/7644035850305123185; creator=阿龙闯大A📈; like=0; reply=0; source_type=comment; yeren_signal_id=; parent_comment_text=,14:45,抖音评论,video,下午会涨停吗？#股票 #股民 #vlgo十亿流量扶持计划,芬.戈の,7644035850305123185,https://www.douyin.com/video/7644035850305123185,,7644088035642147633,14:45,未纳入,中性,自动映射到抖音视频评论池。,,false
2026-05-26,longge,抖音评论 14:45,今天没赶上，蹲个明天的[戳手手],,,,否,video_id=7644035850305123185; video_url=https://www.douyin.com/video/7644035850305123185; creator=阿龙闯大A📈; like=0; reply=0; source_type=comment; yeren_signal_id=; parent_comment_text=,14:45,抖音评论,video,下午会涨停吗？#股票 #股民 #vlgo十亿流量扶持计划,Z11,7644035850305123185,https://www.douyin.com/video/7644035850305123185,,7644087974703792933,14:45,未纳入,中性,自动映射到抖音视频评论池。,,false
2026-05-26,longge,抖音评论 14:45,大位，今天跌停进。,,,,否,video_id=7644035850305123185; video_url=https://www.douyin.com/video/7644035850305123185; creator=阿龙闯大A📈; like=3; reply=0; source_type=comment; yeren_signal_id=; parent_comment_text=,14:45,抖音评论,video,下午会涨停吗？#股票 #股民 #vlgo十亿流量扶持计划,亲爱的顾客,7644035850305123185,https://www.douyin.com/video/7644035850305123185,,7644087968135693113,14:45,未纳入,中性,自动映射到抖音视频评论池。,,false
2026-05-26,longge,抖音评论 14:44,蔚蓝爽吗-6科瑞爽吗,,,,否,video_id=7644035850305123185; video_url=https://www.douyin.com/video/7644035850305123185; creator=阿龙闯大A📈; like=0; reply=0; source_type=comment; yeren_signal_id=; parent_comment_text=,14:44,抖音评论,video,下午会涨停吗？#股票 #股民 #vlgo十亿流量扶持计划,世界第一好心情👄,7644035850305123185,https://www.douyin.com/video/7644035850305123185,,7644087820767839022,14:44,未纳入,中性,自动映射到抖音视频评论池。,,false
2026-05-26,longge,抖音评论 14:44,别买杂毛，就干龙头利通,,,,否,video_id=7644035850305123185; video_url=https://www.douyin.com/video/7644035850305123185; creator=阿龙闯大A📈; like=0; reply=0; source_type=comment; yeren_signal_id=; parent_comment_text=,14:44,抖音评论,video,下午会涨停吗？#股票 #股民 #vlgo十亿流量扶持计划,烦恼全吳先生,7644035850305123185,https://www.douyin.com/video/7644035850305123185,,7644087726643954486,14:44,未纳入,中性,自动映射到抖音视频评论池。,,false
2026-05-26,longge,抖音评论 14:43,金发明天继续,,,,否,video_id=7644035850305123185; video_url=https://www.douyin.com/video/7644035850305123185; creator=阿龙闯大A📈; like=0; reply=1; source_type=comment; yeren_signal_id=; parent_comment_text=,14:43,抖音评论,video,下午会涨停吗？#股票 #股民 #vlgo十亿流量扶持计划,Taurus,7644035850305123185,https://www.douyin.com/video/7644035850305123185,,7644087435487380261,14:43,未纳入,中性,自动映射到抖音视频评论池。,,false
2026-05-26,longge,抖音评论 14:39,买盐湖的呢,,,,否,video_id=7644035850305123185; video_url=https://www.douyin.com/video/7644035850305123185; creator=阿龙闯大A📈; like=0; reply=0; source_type=comment; yeren_signal_id=; parent_comment_text=,14:39,抖音评论,video,下午会涨停吗？#股票 #股民 #vlgo十亿流量扶持计划,迷迭香,7644035850305123185,https://www.douyin.com/video/7644035850305123185,,7644086422757262090,14:39,未纳入,中性,自动映射到抖音视频评论池。,,false
2026-05-26,longge,抖音评论 14:37,海能达各位怎么看,,,,否,video_id=7644035850305123185; video_url=https://www.douyin.com/video/7644035850305123185; creator=阿龙闯大A📈; like=0; reply=0; source_type=comment; yeren_signal_id=; parent_comment_text=,14:37,抖音评论,video,下午会涨停吗？#股票 #股民 #vlgo十亿流量扶持计划,家门口的喇叭花,7644035850305123185,https://www.douyin.com/video/7644035850305123185,,7644085955847471872,14:37,未纳入,中性,自动映射到抖音视频评论池。,,false
2026-05-26,longge,抖音评论 14:37,风华今天这么大的量出货还是调整左手倒右手[泪奔][泪奔],,,,否,video_id=7644035850305123185; video_url=https://www.douyin.com/video/7644035850305123185; creator=阿龙闯大A📈; like=0; reply=0; source_type=comment; yeren_signal_id=; parent_comment_text=,14:37,抖音评论,video,下午会涨停吗？#股票 #股民 #vlgo十亿流量扶持计划,我永远爱着结缘神,7644035850305123185,https://www.douyin.com/video/7644035850305123185,,7644085855551783714,14:37,未纳入,中性,自动映射到抖音视频评论池。,,false
2026-05-26,longge,抖音评论 14:37,这是波纤,,,,否,video_id=7644035850305123185; video_url=https://www.douyin.com/video/7644035850305123185; creator=阿龙闯大A📈; like=0; reply=0; source_type=comment; yeren_signal_id=; parent_comment_text=,14:37,抖音评论,video,下午会涨停吗？#股票 #股民 #vlgo十亿流量扶持计划,最厉害的树先生,7644035850305123185,https://www.douyin.com/video/7644035850305123185,,7644085830629409593,14:37,未纳入,中性,自动映射到抖音视频评论池。,,false
2026-05-26,longge,抖音评论 14:37,明天买什么，各位哥哥[泪奔][泪奔][泪奔],,,,否,video_id=7644035850305123185; video_url=https://www.douyin.com/video/7644035850305123185; creator=阿龙闯大A📈; like=0; reply=0; source_type=comment; yeren_signal_id=; parent_comment_text=,14:37,抖音评论,video,下午会涨停吗？#股票 #股民 #vlgo十亿流量扶持计划,刘厝姑娘,7644035850305123185,https://www.douyin.com/video/7644035850305123185,,7644085827794076453,14:37,未纳入,中性,自动映射到抖音视频评论池。,,false
2026-05-26,longge,抖音评论 14:36,中午百分之三没买啊啊啊啊啊,,,,否,video_id=7644035850305123185; video_url=https://www.douyin.com/video/7644035850305123185; creator=阿龙闯大A📈; like=0; reply=0; source_type=comment; yeren_signal_id=; parent_comment_text=,14:36,抖音评论,video,下午会涨停吗？#股票 #股民 #vlgo十亿流量扶持计划,奕森,7644035850305123185,https://www.douyin.com/video/7644035850305123185,,7644085565756031786,14:36,未纳入,中性,自动映射到抖音视频评论池。,,false
2026-05-26,longge,抖音评论 14:35,露笑kj能入吗,,,,否,video_id=7644035850305123185; video_url=https://www.douyin.com/video/7644035850305123185; creator=阿龙闯大A📈; like=0; reply=0; source_type=comment; yeren_signal_id=; parent_comment_text=,14:35,抖音评论,video,下午会涨停吗？#股票 #股民 #vlgo十亿流量扶持计划,🌈,7644035850305123185,https://www.douyin.com/video/7644035850305123185,,7644085493705278245,14:35,未纳入,中性,自动映射到抖音视频评论池。,,false
2026-05-26,longge,抖音评论 14:34,首开,,,,否,video_id=7644035850305123185; video_url=https://www.douyin.com/video/7644035850305123185; creator=阿龙闯大A📈; like=0; reply=0; source_type=comment; yeren_signal_id=; parent_comment_text=,14:34,抖音评论,video,下午会涨停吗？#股票 #股民 #vlgo十亿流量扶持计划,最后的嬉皮士.,7644035850305123185,https://www.douyin.com/video/7644035850305123185,,7644085107553387327,14:34,未纳入,中性,自动映射到抖音视频评论池。,,false
2026-05-26,longge,抖音评论 14:32,襄阳轴承咋看,襄阳轴承(000678),,襄阳轴承(000678) 被提及 2 次，有效评论 2 条，来源 1 个，单视频线索，情绪 中性，当前判断：保留观察。,待确认,video_id=7644035850305123185; video_url=https://www.douyin.com/video/7644035850305123185; creator=阿龙闯大A📈; like=0; reply=1; source_type=comment; yeren_signal_id=; parent_comment_text=,14:32,抖音评论,video,下午会涨停吗？#股票 #股民 #vlgo十亿流量扶持计划,冬天的水仙,7644035850305123185,https://www.douyin.com/video/7644035850305123185,,7644084603792376625,14:32,待确认,中性,自动映射到抖音视频评论池。,6.9,false
2026-05-26,longge,抖音评论 14:31,贵广我进了,,,,否,video_id=7644035850305123185; video_url=https://www.douyin.com/video/7644035850305123185; creator=阿龙闯大A📈; like=0; reply=0; source_type=comment; yeren_signal_id=; parent_comment_text=,14:31,抖音评论,video,下午会涨停吗？#股票 #股民 #vlgo十亿流量扶持计划,老关,7644035850305123185,https://www.douyin.com/video/7644035850305123185,,7644084454889374501,14:31,未纳入,中性,自动映射到抖音视频评论池。,,false
2026-05-26,longge,抖音评论 14:31,汉缆，冲,,,,否,video_id=7644035850305123185; video_url=https://www.douyin.com/video/7644035850305123185; creator=阿龙闯大A📈; like=0; reply=0; source_type=comment; yeren_signal_id=; parent_comment_text=,14:31,抖音评论,video,下午会涨停吗？#股票 #股民 #vlgo十亿流量扶持计划,卖挖机的小张,7644035850305123185,https://www.douyin.com/video/7644035850305123185,,7644084293987337019,14:31,未纳入,中性,自动映射到抖音视频评论池。,,false
2026-05-26,longge,抖音评论 14:30,明天干粤传媒,,,,否,video_id=7644035850305123185; video_url=https://www.douyin.com/video/7644035850305123185; creator=阿龙闯大A📈; like=0; reply=0; source_type=comment; yeren_signal_id=; parent_comment_text=,14:30,抖音评论,video,下午会涨停吗？#股票 #股民 #vlgo十亿流量扶持计划,恩语成长日记,7644035850305123185,https://www.douyin.com/video/7644035850305123185,,7644084096059360037,14:30,未纳入,中性,自动映射到抖音视频评论池。,,false
2026-05-26,longge,抖音评论 14:29,入市4个月，昨天回本，今天开始盈利[尬笑],,,评论热度较高，但暂未自动识别到明确股票线索，保留人工复核。,待确认,video_id=7644035850305123185; video_url=https://www.douyin.com/video/7644035850305123185; creator=阿龙闯大A📈; like=8; reply=34; source_type=comment; yeren_signal_id=; parent_comment_text=,14:29,抖音评论,video,下午会涨停吗？#股票 #股民 #vlgo十亿流量扶持计划,上官猩儿,7644035850305123185,https://www.douyin.com/video/7644035850305123185,,7644083903226200891,14:29,待确认,中性,自动映射到抖音视频评论池。,6.2,false
2026-05-26,longge,抖音评论 14:29,哪位大佬带我一个，今天买哪个,,,,否,video_id=7644035850305123185; video_url=https://www.douyin.com/video/7644035850305123185; creator=阿龙闯大A📈; like=0; reply=0; source_type=comment; yeren_signal_id=; parent_comment_text=,14:29,抖音评论,video,下午会涨停吗？#股票 #股民 #vlgo十亿流量扶持计划,泡沫的谜语,7644035850305123185,https://www.douyin.com/video/7644035850305123185,,7644083832408572709,14:29,未纳入,中性,自动映射到抖音视频评论池。,,false
2026-05-26,longge,抖音评论 14:28,看到玻纤异动，我今天也进了[捂脸],,,,否,video_id=7644035850305123185; video_url=https://www.douyin.com/video/7644035850305123185; creator=阿龙闯大A📈; like=0; reply=0; source_type=comment; yeren_signal_id=; parent_comment_text=,14:28,抖音评论,video,下午会涨停吗？#股票 #股民 #vlgo十亿流量扶持计划,Jun,7644035850305123185,https://www.douyin.com/video/7644035850305123185,,7644083728474211078,14:28,未纳入,中性,自动映射到抖音视频评论池。,,false
2026-05-26,longge,抖音评论 14:28,给明阳大哥上龙,,,,否,video_id=7644035850305123185; video_url=https://www.douyin.com/video/7644035850305123185; creator=阿龙闯大A📈; like=0; reply=0; source_type=comment; yeren_signal_id=; parent_comment_text=,14:28,抖音评论,video,下午会涨停吗？#股票 #股民 #vlgo十亿流量扶持计划,妮妮n,7644035850305123185,https://www.douyin.com/video/7644035850305123185,,7644083694119093032,14:28,未纳入,中性,自动映射到抖音视频评论池。,,false
2026-05-26,longge,抖音评论 14:27,华天科技还能拿嘛,华天科技(002185),,华天科技(002185) 被提及 7 次，有效评论 7 条，来源 2 个，跨来源共振，情绪 中性，当前判断：保留观察。,待确认,video_id=7644035850305123185; video_url=https://www.douyin.com/video/7644035850305123185; creator=阿龙闯大A📈; like=0; reply=0; source_type=comment; yeren_signal_id=; parent_comment_text=,14:27,抖音评论,video,下午会涨停吗？#股票 #股民 #vlgo十亿流量扶持计划,吃不饱一号选手,7644035850305123185,https://www.douyin.com/video/7644035850305123185,,7644083474533581620,14:27,待确认,中性,自动映射到抖音视频评论池。,9.5,false
2026-05-26,longge,抖音评论 14:27,[捂脸][捂脸]我关注了[捂脸]确实牛逼[捂脸],,,,否,video_id=7644035850305123185; video_url=https://www.douyin.com/video/7644035850305123185; creator=阿龙闯大A📈; like=0; reply=0; source_type=comment; yeren_signal_id=; parent_comment_text=,14:27,抖音评论,video,下午会涨停吗？#股票 #股民 #vlgo十亿流量扶持计划,北极之星,7644035850305123185,https://www.douyin.com/video/7644035850305123185,,7644083362839593738,14:27,未纳入,中性,自动映射到抖音视频评论池。,,false
2026-05-26,longge,抖音评论 14:27,世界杯来了，没人布局啤酒吗？底部这么好的位置,,,,否,video_id=7644035850305123185; video_url=https://www.douyin.com/video/7644035850305123185; creator=阿龙闯大A📈; like=0; reply=2; source_type=comment; yeren_signal_id=; parent_comment_text=,14:27,抖音评论,video,下午会涨停吗？#股票 #股民 #vlgo十亿流量扶持计划,🌈狂奔的蜗牛　　　　　　      ╲,7644035850305123185,https://www.douyin.com/video/7644035850305123185,,7644083319454466842,14:27,未纳入,中性,自动映射到抖音视频评论池。,,false
2026-05-26,longge,抖音评论 14:27,欧菲光这个杂毛，气死我了[流泪],欧菲光(002456),,欧菲光(002456) 被提及 1 次，有效评论 1 条，来源 1 个，单视频线索，情绪 中性，当前判断：保留观察。,待确认,video_id=7644035850305123185; video_url=https://www.douyin.com/video/7644035850305123185; creator=阿龙闯大A📈; like=0; reply=0; source_type=comment; yeren_signal_id=; parent_comment_text=,14:27,抖音评论,video,下午会涨停吗？#股票 #股民 #vlgo十亿流量扶持计划,吃饺子不蘸醋,7644035850305123185,https://www.douyin.com/video/7644035850305123185,,7644083283076219684,14:27,待确认,中性,自动映射到抖音视频评论池。,6.4,false
2026-05-26,longge,抖音评论 14:23,[撒花][撒花],,,,否,video_id=7644035850305123185; video_url=https://www.douyin.com/video/7644035850305123185; creator=阿龙闯大A📈; like=0; reply=0; source_type=comment; yeren_signal_id=; parent_comment_text=,14:23,抖音评论,video,下午会涨停吗？#股票 #股民 #vlgo十亿流量扶持计划,*新*,7644035850305123185,https://www.douyin.com/video/7644035850305123185,,7644082320303194929,14:23,未纳入,中性,自动映射到抖音视频评论池。,,false
2026-05-26,longge,抖音评论 14:23,诺德股份明天涨停[黄脸干杯],诺德股份(600110),,诺德股份(600110) 被提及 2 次，有效评论 2 条，来源 1 个，单视频线索，情绪 中性，当前判断：保留观察。,待确认,video_id=7644035850305123185; video_url=https://www.douyin.com/video/7644035850305123185; creator=阿龙闯大A📈; like=1; reply=2; source_type=comment; yeren_signal_id=; parent_comment_text=,14:23,抖音评论,video,下午会涨停吗？#股票 #股民 #vlgo十亿流量扶持计划,安徽省智力检测中心-余主任(包接送),7644035850305123185,https://www.douyin.com/video/7644035850305123185,,7644082238841996068,14:23,待确认,中性,自动映射到抖音视频评论池。,6.9,false
2026-05-26,longge,抖音评论 14:21,我早上四个点会到两个点想进的 一转身忘记了,,,,否,video_id=7644035850305123185; video_url=https://www.douyin.com/video/7644035850305123185; creator=阿龙闯大A📈; like=0; reply=0; source_type=comment; yeren_signal_id=; parent_comment_text=,14:21,抖音评论,video,下午会涨停吗？#股票 #股民 #vlgo十亿流量扶持计划,Rrrrrrr,7644035850305123185,https://www.douyin.com/video/7644035850305123185,,7644081916195668793,14:21,未纳入,中性,自动映射到抖音视频评论池。,,false
2026-05-26,longge,抖音评论 14:21,真的涨停了，牛,,,,否,video_id=7644035850305123185; video_url=https://www.douyin.com/video/7644035850305123185; creator=阿龙闯大A📈; like=0; reply=3; source_type=comment; yeren_signal_id=; parent_comment_text=,14:21,抖音评论,video,下午会涨停吗？#股票 #股民 #vlgo十亿流量扶持计划,喜乐,7644035850305123185,https://www.douyin.com/video/7644035850305123185,,7644081854703141689,14:21,未纳入,中性,自动映射到抖音视频评论池。,,false
2026-05-26,longge,抖音评论 14:21,我涨停前卖的，,,,,否,video_id=7644035850305123185; video_url=https://www.douyin.com/video/7644035850305123185; creator=阿龙闯大A📈; like=0; reply=0; source_type=comment; yeren_signal_id=; parent_comment_text=,14:21,抖音评论,video,下午会涨停吗？#股票 #股民 #vlgo十亿流量扶持计划,914926231,7644035850305123185,https://www.douyin.com/video/7644035850305123185,,7644081796964107014,14:21,未纳入,中性,自动映射到抖音视频评论池。,,false
2026-05-26,longge,抖音评论 14:20,好消息，粤传媒，今天涨停了，坏消息，还没解套[捂脸],,,,否,video_id=7644035850305123185; video_url=https://www.douyin.com/video/7644035850305123185; creator=阿龙闯大A📈; like=4; reply=4; source_type=comment; yeren_signal_id=; parent_comment_text=,14:20,抖音评论,video,下午会涨停吗？#股票 #股民 #vlgo十亿流量扶持计划,礼林：家具宁洪满天@,7644035850305123185,https://www.douyin.com/video/7644035850305123185,,7644081438808277814,14:20,未纳入,中性,自动映射到抖音视频评论池。,,false
2026-05-26,longge,抖音评论 14:19,华天今天跑不跑,,,,否,video_id=7644035850305123185; video_url=https://www.douyin.com/video/7644035850305123185; creator=阿龙闯大A📈; like=0; reply=0; source_type=comment; yeren_signal_id=; parent_comment_text=,14:19,抖音评论,video,下午会涨停吗？#股票 #股民 #vlgo十亿流量扶持计划,钟馗一钩一个准,7644035850305123185,https://www.douyin.com/video/7644035850305123185,,7644081372226896649,14:19,未纳入,中性,自动映射到抖音视频评论池。,,false
2026-05-26,longge,抖音评论 14:19,洲际,,,,否,video_id=7644035850305123185; video_url=https://www.douyin.com/video/7644035850305123185; creator=阿龙闯大A📈; like=0; reply=0; source_type=comment; yeren_signal_id=; parent_comment_text=,14:19,抖音评论,video,下午会涨停吗？#股票 #股民 #vlgo十亿流量扶持计划,后诚,7644035850305123185,https://www.douyin.com/video/7644035850305123185,,7644081340732359462,14:19,未纳入,中性,自动映射到抖音视频评论池。,,false
2026-05-26,longge,抖音评论 14:19,买的什么,,,,否,video_id=7644035850305123185; video_url=https://www.douyin.com/video/7644035850305123185; creator=阿龙闯大A📈; like=0; reply=0; source_type=comment; yeren_signal_id=; parent_comment_text=,14:19,抖音评论,video,下午会涨停吗？#股票 #股民 #vlgo十亿流量扶持计划,T.T,7644035850305123185,https://www.douyin.com/video/7644035850305123185,,7644081234977571630,14:19,未纳入,中性,自动映射到抖音视频评论池。,,false
2026-05-26,longge,抖音评论 14:19,想问下大哥们 派克新材还能活吗[流泪]重仓里面[流泪][流泪][流泪],派克新材(605123),,派克新材(605123) 被提及 1 次，有效评论 1 条，来源 1 个，单视频线索，情绪 谨慎，当前判断：偏风险观察。,否,video_id=7644035850305123185; video_url=https://www.douyin.com/video/7644035850305123185; creator=阿龙闯大A📈; like=0; reply=0; source_type=comment; yeren_signal_id=; parent_comment_text=,14:19,抖音评论,video,下午会涨停吗？#股票 #股民 #vlgo十亿流量扶持计划,三三3333333,7644035850305123185,https://www.douyin.com/video/7644035850305123185,,7644081209416565546,14:19,未纳入,谨慎,自动映射到抖音视频评论池。,5.9,false
2026-05-26,longge,抖音评论 14:18,青龙管业的大哥，我给你寄特产，今天吃了碗大面[躺平],,,评论热度较高，但暂未自动识别到明确股票线索，保留人工复核。,待确认,video_id=7644035850305123185; video_url=https://www.douyin.com/video/7644035850305123185; creator=阿龙闯大A📈; like=2; reply=10; source_type=comment; yeren_signal_id=; parent_comment_text=,14:18,抖音评论,video,下午会涨停吗？#股票 #股民 #vlgo十亿流量扶持计划,城土墨,7644035850305123185,https://www.douyin.com/video/7644035850305123185,,7644081103838741263,14:18,待确认,中性,自动映射到抖音视频评论池。,6.2,false
2026-05-26,longge,抖音评论 14:18,昨天看别人说青龙管业，我信了，30仓，今天马上跌停。我真TM,,,,否,video_id=7644035850305123185; video_url=https://www.douyin.com/video/7644035850305123185; creator=阿龙闯大A📈; like=0; reply=0; source_type=comment; yeren_signal_id=; parent_comment_text=,14:18,抖音评论,video,下午会涨停吗？#股票 #股民 #vlgo十亿流量扶持计划,保利。西棠和喣、张,7644035850305123185,https://www.douyin.com/video/7644035850305123185,,7644081038683538203,14:18,未纳入,中性,自动映射到抖音视频评论池。,,false
2026-05-26,longge,抖音评论 14:18,求一个[流泪],,,,否,video_id=7644035850305123185; video_url=https://www.douyin.com/video/7644035850305123185; creator=阿龙闯大A📈; like=0; reply=0; source_type=comment; yeren_signal_id=; parent_comment_text=,14:18,抖音评论,video,下午会涨停吗？#股票 #股民 #vlgo十亿流量扶持计划,下机嘻嘻,7644035850305123185,https://www.douyin.com/video/7644035850305123185,,7644080915790070565,14:18,未纳入,中性,自动映射到抖音视频评论池。,,false
2026-05-26,longge,抖音评论 14:16,涨停了,,,,否,video_id=7644035850305123185; video_url=https://www.douyin.com/video/7644035850305123185; creator=阿龙闯大A📈; like=0; reply=0; source_type=comment; yeren_signal_id=; parent_comment_text=,14:16,抖音评论,video,下午会涨停吗？#股票 #股民 #vlgo十亿流量扶持计划,南风 向北,7644035850305123185,https://www.douyin.com/video/7644035850305123185,,7644080606397645617,14:16,未纳入,中性,自动映射到抖音视频评论池。,,false
2026-05-26,longge,抖音评论 14:16,明天给我上龙，邮寄过来，百联,,,,否,video_id=7644035850305123185; video_url=https://www.douyin.com/video/7644035850305123185; creator=阿龙闯大A📈; like=1; reply=3; source_type=comment; yeren_signal_id=; parent_comment_text=,14:16,抖音评论,video,下午会涨停吗？#股票 #股民 #vlgo十亿流量扶持计划,用户9280553140677,7644035850305123185,https://www.douyin.com/video/7644035850305123185,,7644080502430565169,14:16,未纳入,中性,自动映射到抖音视频评论池。,,false
2026-05-26,longge,抖音评论 14:16,铝,,,,否,video_id=7644035850305123185; video_url=https://www.douyin.com/video/7644035850305123185; creator=阿龙闯大A📈; like=0; reply=0; source_type=comment; yeren_signal_id=; parent_comment_text=,14:16,抖音评论,video,下午会涨停吗？#股票 #股民 #vlgo十亿流量扶持计划,-  鑫,7644035850305123185,https://www.douyin.com/video/7644035850305123185,,7644080429667271482,14:16,未纳入,中性,自动映射到抖音视频评论池。,,false
2026-05-26,longge,抖音评论 14:15,捡两百股试试水[憨笑][憨笑][憨笑],,,,否,video_id=7644035850305123185; video_url=https://www.douyin.com/video/7644035850305123185; creator=阿龙闯大A📈; like=0; reply=0; source_type=comment; yeren_signal_id=; parent_comment_text=,14:15,抖音评论,video,下午会涨停吗？#股票 #股民 #vlgo十亿流量扶持计划,王辣丁,7644035850305123185,https://www.douyin.com/video/7644035850305123185,,7644080326301991717,14:15,未纳入,中性,自动映射到抖音视频评论池。,,false
2026-05-26,longge,抖音评论 14:15,卓郎智能有没有大哥帮忙看看，走不走,卓郎智能(600545),工业母机,卓郎智能(600545) 被提及 1 次，有效评论 1 条，来源 1 个，单视频线索，情绪 中性，当前判断：保留观察。,待确认,video_id=7644035850305123185; video_url=https://www.douyin.com/video/7644035850305123185; creator=阿龙闯大A📈; like=0; reply=5; source_type=comment; yeren_signal_id=; parent_comment_text=,14:15,抖音评论,video,下午会涨停吗？#股票 #股民 #vlgo十亿流量扶持计划,％,7644035850305123185,https://www.douyin.com/video/7644035850305123185,,7644080253678355219,14:15,待确认,中性,自动映射到抖音视频评论池。,6.4,false
2026-05-26,longge,抖音评论 14:15,有没有成飞集成的，亏麻了,成飞集成(002190),,成飞集成(002190) 被提及 1 次，有效评论 1 条，来源 1 个，单视频线索，情绪 谨慎，当前判断：偏风险观察。,否,video_id=7644035850305123185; video_url=https://www.douyin.com/video/7644035850305123185; creator=阿龙闯大A📈; like=0; reply=0; source_type=comment; yeren_signal_id=; parent_comment_text=,14:15,抖音评论,video,下午会涨停吗？#股票 #股民 #vlgo十亿流量扶持计划,A01王璇,7644035850305123185,https://www.douyin.com/video/7644035850305123185,,7644080213635302159,14:15,未纳入,谨慎,自动映射到抖音视频评论池。,5.9,false
2026-05-26,longge,抖音评论 14:14,那只票,,,,否,video_id=7644035850305123185; video_url=https://www.douyin.com/video/7644035850305123185; creator=阿龙闯大A📈; like=0; reply=0; source_type=comment; yeren_signal_id=; parent_comment_text=,14:14,抖音评论,video,下午会涨停吗？#股票 #股民 #vlgo十亿流量扶持计划,南部县金牌天纬瓷砖城区工业园向阳路6号,7644035850305123185,https://www.douyin.com/video/7644035850305123185,,7644080033480475402,14:14,未纳入,中性,自动映射到抖音视频评论池。,,false
2026-05-26,longge,抖音评论 14:14,电力电力电力！！！！！！！,,,,否,video_id=7644035850305123185; video_url=https://www.douyin.com/video/7644035850305123185; creator=阿龙闯大A📈; like=0; reply=0; source_type=comment; yeren_signal_id=; parent_comment_text=,14:14,抖音评论,video,下午会涨停吗？#股票 #股民 #vlgo十亿流量扶持计划,大Zzzz,7644035850305123185,https://www.douyin.com/video/7644035850305123185,,7644080018779718415,14:14,未纳入,中性,自动映射到抖音视频评论池。,,false
2026-05-26,longge,抖音评论 14:14,我昨天说的科大智能你们没买嘛,科大智能(300222),,科大智能(300222) 被提及 1 次，有效评论 1 条，来源 1 个，单视频线索，情绪 看多，当前判断：保留观察。,待确认,video_id=7644035850305123185; video_url=https://www.douyin.com/video/7644035850305123185; creator=阿龙闯大A📈; like=0; reply=0; source_type=comment; yeren_signal_id=; parent_comment_text=,14:14,抖音评论,video,下午会涨停吗？#股票 #股民 #vlgo十亿流量扶持计划,广东万顺切割拆除工程,7644035850305123185,https://www.douyin.com/video/7644035850305123185,,7644079950006518555,14:14,待确认,看多,自动映射到抖音视频评论池。,6.4,false
2026-05-26,longge,抖音评论 14:13,大哥说的哪支？,,,,否,video_id=7644035850305123185; video_url=https://www.douyin.com/video/7644035850305123185; creator=阿龙闯大A📈; like=0; reply=0; source_type=comment; yeren_signal_id=; parent_comment_text=,14:13,抖音评论,video,下午会涨停吗？#股票 #股民 #vlgo十亿流量扶持计划,repick,7644035850305123185,https://www.douyin.com/video/7644035850305123185,,7644079722477404970,14:13,未纳入,中性,自动映射到抖音视频评论池。,,false
2026-05-26,longge,抖音评论 14:13,鸿博股份有没有真大哥能帮忙看看要不要割[哭哭][哭哭][哭哭],鸿博股份(002229),,鸿博股份(002229) 被提及 3 次，有效评论 3 条，来源 2 个，跨来源共振，情绪 谨慎，当前判断：偏风险观察。,否,video_id=7644035850305123185; video_url=https://www.douyin.com/video/7644035850305123185; creator=阿龙闯大A📈; like=1; reply=4; source_type=comment; yeren_signal_id=; parent_comment_text=,14:13,抖音评论,video,下午会涨停吗？#股票 #股民 #vlgo十亿流量扶持计划,今天也要开心呀～,7644035850305123185,https://www.douyin.com/video/7644035850305123185,,7644079647151964977,14:13,未纳入,谨慎,自动映射到抖音视频评论池。,7.4,false
2026-05-26,longge,抖音评论 14:12,ABF基板，自己了解，我不追求打板，长电我撤退了，通子和阿联继续持有。[懵],,,,否,video_id=7644035850305123185; video_url=https://www.douyin.com/video/7644035850305123185; creator=阿龙闯大A📈; like=1; reply=1; source_type=comment; yeren_signal_id=; parent_comment_text=,14:12,抖音评论,video,下午会涨停吗？#股票 #股民 #vlgo十亿流量扶持计划,S丶,7644035850305123185,https://www.douyin.com/video/7644035850305123185,,7644079405186433851,14:12,未纳入,中性,自动映射到抖音视频评论池。,,false
2026-05-26,longge,抖音评论 14:15,玻纤，我买的时候一直跌，割肉出来了就一直涨，什么跟什么嘛[泣不成声],,,,否,video_id=7644035850305123185; video_url=https://www.douyin.com/video/7644035850305123185; creator=阿龙闯大A📈; like=1; reply=0; source_type=comment; yeren_signal_id=; parent_comment_text=,14:15,抖音评论,video,下午会涨停吗？#股票 #股民 #vlgo十亿流量扶持计划,礼林：家具宁洪满天@,7644035850305123185,https://www.douyin.com/video/7644035850305123185,,7644080289396179731,14:15,未纳入,中性,自动映射到抖音视频评论池。,,false
2026-05-26,longge,抖音评论 14:11,诚邦股份，哪个大哥给说说[裂开],诚邦股份(603316),,诚邦股份(603316) 被提及 1 次，有效评论 1 条，来源 1 个，单视频线索，情绪 中性，当前判断：保留观察。,待确认,video_id=7644035850305123185; video_url=https://www.douyin.com/video/7644035850305123185; creator=阿龙闯大A📈; like=0; reply=0; source_type=comment; yeren_signal_id=; parent_comment_text=,14:11,抖音评论,video,下午会涨停吗？#股票 #股民 #vlgo十亿流量扶持计划,心悦,7644035850305123185,https://www.douyin.com/video/7644035850305123185,,7644079255878615859,14:11,待确认,中性,自动映射到抖音视频评论池。,6.4,false
2026-05-26,longge,抖音评论 14:11,厉害,,,,否,video_id=7644035850305123185; video_url=https://www.douyin.com/video/7644035850305123185; creator=阿龙闯大A📈; like=0; reply=0; source_type=comment; yeren_signal_id=; parent_comment_text=,14:11,抖音评论,video,下午会涨停吗？#股票 #股民 #vlgo十亿流量扶持计划,心有独钟-Z,7644035850305123185,https://www.douyin.com/video/7644035850305123185,,7644079140510008116,14:11,未纳入,中性,自动映射到抖音视频评论池。,,false
2026-05-26,longge,抖音评论 14:10,有个姐姐说shuang成，下午开盘睡过头了[捂脸][捂脸]在线求一票明天的,,,,否,video_id=7644035850305123185; video_url=https://www.douyin.com/video/7644035850305123185; creator=阿龙闯大A📈; like=1; reply=4; source_type=comment; yeren_signal_id=; parent_comment_text=,14:10,抖音评论,video,下午会涨停吗？#股票 #股民 #vlgo十亿流量扶持计划,HHHu,7644035850305123185,https://www.douyin.com/video/7644035850305123185,,7644079103625118513,14:10,未纳入,中性,自动映射到抖音视频评论池。,,false
2026-05-26,longge,抖音评论 14:10,涨停了,,,,否,video_id=7644035850305123185; video_url=https://www.douyin.com/video/7644035850305123185; creator=阿龙闯大A📈; like=0; reply=0; source_type=comment; yeren_signal_id=; parent_comment_text=,14:10,抖音评论,video,下午会涨停吗？#股票 #股民 #vlgo十亿流量扶持计划,Zakiya,7644035850305123185,https://www.douyin.com/video/7644035850305123185,,7644078883516826418,14:10,未纳入,中性,自动映射到抖音视频评论池。,,false
2026-05-26,longge,抖音评论 14:10,我的银河电子咋办,银河电子(002519),,银河电子(002519) 被提及 2 次，有效评论 2 条，来源 1 个，单视频线索，情绪 中性，当前判断：保留观察。,待确认,video_id=7644035850305123185; video_url=https://www.douyin.com/video/7644035850305123185; creator=阿龙闯大A📈; like=1; reply=0; source_type=comment; yeren_signal_id=; parent_comment_text=,14:10,抖音评论,video,下午会涨停吗？#股票 #股民 #vlgo十亿流量扶持计划,绝胜烟柳,7644035850305123185,https://www.douyin.com/video/7644035850305123185,,7644078861860651826,14:10,待确认,中性,自动映射到抖音视频评论池。,6.9,false
2026-05-26,longge,抖音评论 14:08,晶方科技怎么样啊大佬们,,,评论热度较高，但暂未自动识别到明确股票线索，保留人工复核。,待确认,video_id=7644035850305123185; video_url=https://www.douyin.com/video/7644035850305123185; creator=阿龙闯大A📈; like=1; reply=10; source_type=comment; yeren_signal_id=; parent_comment_text=,14:08,抖音评论,video,下午会涨停吗？#股票 #股民 #vlgo十亿流量扶持计划,威化饼干,7644035850305123185,https://www.douyin.com/video/7644035850305123185,,7644078396822324025,14:08,待确认,中性,自动映射到抖音视频评论池。,6.2,false
2026-05-26,longge,抖音评论 14:07,达实怎么搞，进去就跌了,,,,否,video_id=7644035850305123185; video_url=https://www.douyin.com/video/7644035850305123185; creator=阿龙闯大A📈; like=0; reply=0; source_type=comment; yeren_signal_id=; parent_comment_text=,14:07,抖音评论,video,下午会涨停吗？#股票 #股民 #vlgo十亿流量扶持计划,1+1>3,7644035850305123185,https://www.douyin.com/video/7644035850305123185,,7644078303548982065,14:07,未纳入,中性,自动映射到抖音视频评论池。,,false
2026-05-26,longge,抖音评论 14:07,[裂开]绿麻了,,,,否,video_id=7644035850305123185; video_url=https://www.douyin.com/video/7644035850305123185; creator=阿龙闯大A📈; like=0; reply=0; source_type=comment; yeren_signal_id=; parent_comment_text=,14:07,抖音评论,video,下午会涨停吗？#股票 #股民 #vlgo十亿流量扶持计划,你住在风里,7644035850305123185,https://www.douyin.com/video/7644035850305123185,,7644078255661744933,14:07,未纳入,中性,自动映射到抖音视频评论池。,,false
2026-05-26,longge,抖音评论 14:06,下午还有什么呀，江苏特产,,,,否,video_id=7644035850305123185; video_url=https://www.douyin.com/video/7644035850305123185; creator=阿龙闯大A📈; like=0; reply=0; source_type=comment; yeren_signal_id=; parent_comment_text=,14:06,抖音评论,video,下午会涨停吗？#股票 #股民 #vlgo十亿流量扶持计划,雅柏菲卡,7644035850305123185,https://www.douyin.com/video/7644035850305123185,,7644077928666415931,14:06,未纳入,中性,自动映射到抖音视频评论池。,,false
2026-05-26,longge,抖音评论 14:05,再升给我挂住了,,,评论热度较高，但暂未自动识别到明确股票线索，保留人工复核。,待确认,video_id=7644035850305123185; video_url=https://www.douyin.com/video/7644035850305123185; creator=阿龙闯大A📈; like=0; reply=11; source_type=comment; yeren_signal_id=; parent_comment_text=,14:05,抖音评论,video,下午会涨停吗？#股票 #股民 #vlgo十亿流量扶持计划,五个太阳,7644035850305123185,https://www.douyin.com/video/7644035850305123185,,7644077816870519589,14:05,待确认,中性,自动映射到抖音视频评论池。,6.2,false
2026-05-26,longge,抖音评论 14:04,我回头又上来表白下姐，你真牛,,,,否,video_id=7644035850305123185; video_url=https://www.douyin.com/video/7644035850305123185; creator=阿龙闯大A📈; like=0; reply=0; source_type=comment; yeren_signal_id=; parent_comment_text=,14:04,抖音评论,video,下午会涨停吗？#股票 #股民 #vlgo十亿流量扶持计划,辂,7644035850305123185,https://www.douyin.com/video/7644035850305123185,,7644077458714968874,14:04,未纳入,中性,自动映射到抖音视频评论池。,,false
2026-05-26,longge,抖音评论 14:04,我才看到自己连绿了10天了，哪位大神来拯救我一下吧！,,,,否,video_id=7644035850305123185; video_url=https://www.douyin.com/video/7644035850305123185; creator=阿龙闯大A📈; like=0; reply=0; source_type=comment; yeren_signal_id=; parent_comment_text=,14:04,抖音评论,video,下午会涨停吗？#股票 #股民 #vlgo十亿流量扶持计划,石河子小叮当童品店,7644035850305123185,https://www.douyin.com/video/7644035850305123185,,7644077392818029327,14:04,未纳入,中性,自动映射到抖音视频评论池。,,false
2026-05-26,longge,抖音评论 14:03,国际fc,,,,否,video_id=7644035850305123185; video_url=https://www.douyin.com/video/7644035850305123185; creator=阿龙闯大A📈; like=0; reply=0; source_type=comment; yeren_signal_id=; parent_comment_text=,14:03,抖音评论,video,下午会涨停吗？#股票 #股民 #vlgo十亿流量扶持计划,🥥,7644035850305123185,https://www.douyin.com/video/7644035850305123185,,7644077269354693426,14:03,未纳入,中性,自动映射到抖音视频评论池。,,false
2026-05-26,longge,抖音评论 14:03,锋龙股份是不是涨停揉搓线有没有大哥看一下,锋龙股份(002931),,锋龙股份(002931) 被提及 1 次，有效评论 1 条，来源 1 个，单视频线索，情绪 看多，当前判断：保留观察。,待确认,video_id=7644035850305123185; video_url=https://www.douyin.com/video/7644035850305123185; creator=阿龙闯大A📈; like=0; reply=0; source_type=comment; yeren_signal_id=; parent_comment_text=,14:03,抖音评论,video,下午会涨停吗？#股票 #股民 #vlgo十亿流量扶持计划,金钧泽,7644035850305123185,https://www.douyin.com/video/7644035850305123185,,7644077244613100337,14:03,待确认,看多,自动映射到抖音视频评论池。,6.4,false
2026-05-26,longge,抖音评论 14:03,12点多下单了没买进去 下午直接板了[捂脸][捂脸],,,,否,video_id=7644035850305123185; video_url=https://www.douyin.com/video/7644035850305123185; creator=阿龙闯大A📈; like=0; reply=0; source_type=comment; yeren_signal_id=; parent_comment_text=,14:03,抖音评论,video,下午会涨停吗？#股票 #股民 #vlgo十亿流量扶持计划,用户六块腹肌,7644035850305123185,https://www.douyin.com/video/7644035850305123185,,7644077141538243365,14:03,未纳入,中性,自动映射到抖音视频评论池。,,false
2026-05-26,longge,抖音评论 14:03,明天必跌，快跑吧,,,,否,video_id=7644035850305123185; video_url=https://www.douyin.com/video/7644035850305123185; creator=阿龙闯大A📈; like=0; reply=0; source_type=comment; yeren_signal_id=; parent_comment_text=,14:03,抖音评论,video,下午会涨停吗？#股票 #股民 #vlgo十亿流量扶持计划,W。,7644035850305123185,https://www.douyin.com/video/7644035850305123185,,7644077083262190371,14:03,未纳入,中性,自动映射到抖音视频评论池。,,false
2026-05-26,longge,抖音评论 14:02,必须上板,,,,否,video_id=7644035850305123185; video_url=https://www.douyin.com/video/7644035850305123185; creator=阿龙闯大A📈; like=0; reply=0; source_type=comment; yeren_signal_id=; parent_comment_text=,14:02,抖音评论,video,下午会涨停吗？#股票 #股民 #vlgo十亿流量扶持计划,魔王,7644035850305123185,https://www.douyin.com/video/7644035850305123185,,7644077042501878566,14:02,未纳入,中性,自动映射到抖音视频评论池。,,false
2026-05-26,longge,抖音评论 14:02,谢谢你，吃肉了,,,,否,video_id=7644035850305123185; video_url=https://www.douyin.com/video/7644035850305123185; creator=阿龙闯大A📈; like=0; reply=0; source_type=comment; yeren_signal_id=; parent_comment_text=,14:02,抖音评论,video,下午会涨停吗？#股票 #股民 #vlgo十亿流量扶持计划,甩手光阴,7644035850305123185,https://www.douyin.com/video/7644035850305123185,,7644077015658922810,14:02,未纳入,中性,自动映射到抖音视频评论池。,,false
2026-05-26,longge,抖音评论 14:02,好想回本，好累啊，连亏九天了[躺平]，这个月已经亏四个点了，哪位大佬推荐一只，让我回本[小鼓掌],,,,否,video_id=7644035850305123185; video_url=https://www.douyin.com/video/7644035850305123185; creator=阿龙闯大A📈; like=1; reply=0; source_type=comment; yeren_signal_id=; parent_comment_text=,14:02,抖音评论,video,下午会涨停吗？#股票 #股民 #vlgo十亿流量扶持计划,蹬冒烟的大星星,7644035850305123185,https://www.douyin.com/video/7644035850305123185,,7644076910268465978,14:02,未纳入,中性,自动映射到抖音视频评论池。,,false
2026-05-26,longge,抖音评论 14:01,谁说的康强电子[捂脸],康强电子(002119),,康强电子(002119) 被提及 2 次，有效评论 2 条，来源 1 个，单视频线索，情绪 看多，当前判断：保留观察。,待确认,video_id=7644035850305123185; video_url=https://www.douyin.com/video/7644035850305123185; creator=阿龙闯大A📈; like=0; reply=0; source_type=comment; yeren_signal_id=; parent_comment_text=,14:01,抖音评论,video,下午会涨停吗？#股票 #股民 #vlgo十亿流量扶持计划,Lin Zzz,7644035850305123185,https://www.douyin.com/video/7644035850305123185,,7644076676855218963,14:01,待确认,看多,自动映射到抖音视频评论池。,6.9,false
2026-05-26,longge,抖音评论 14:00,京东方，还得是京东方[呲牙],,,,否,video_id=7644035850305123185; video_url=https://www.douyin.com/video/7644035850305123185; creator=阿龙闯大A📈; like=1; reply=0; source_type=comment; yeren_signal_id=; parent_comment_text=,14:00,抖音评论,video,下午会涨停吗？#股票 #股民 #vlgo十亿流量扶持计划,瓜皮庄,7644035850305123185,https://www.douyin.com/video/7644035850305123185,,7644076442721305371,14:00,未纳入,中性,自动映射到抖音视频评论池。,,false
2026-05-26,longge,抖音评论 14:00,那个大哥能让我不亏送小米yu7GT[呲牙],,,,否,video_id=7644035850305123185; video_url=https://www.douyin.com/video/7644035850305123185; creator=阿龙闯大A📈; like=0; reply=0; source_type=comment; yeren_signal_id=; parent_comment_text=,14:00,抖音评论,video,下午会涨停吗？#股票 #股民 #vlgo十亿流量扶持计划,空缺,7644035850305123185,https://www.douyin.com/video/7644035850305123185,,7644076406109127459,14:00,未纳入,中性,自动映射到抖音视频评论池。,,false
2026-05-26,longge,抖音评论 14:00,昨天已经告知了，李白的诗，要下杀，机器人板块，切换的要漂亮，今天你盈利了吗,,,,否,video_id=7644035850305123185; video_url=https://www.douyin.com/video/7644035850305123185; creator=阿龙闯大A📈; like=0; reply=0; source_type=comment; yeren_signal_id=; parent_comment_text=,14:00,抖音评论,video,下午会涨停吗？#股票 #股民 #vlgo十亿流量扶持计划,Xiver,7644035850305123185,https://www.douyin.com/video/7644035850305123185,,7644076306632049457,14:00,未纳入,中性,自动映射到抖音视频评论池。,,false
2026-05-26,longge,抖音评论 13:59,华之杰走不走 朋友们[泪奔],华之杰(603400),,华之杰(603400) 被提及 3 次，有效评论 3 条，来源 2 个，跨来源共振，情绪 中性，当前判断：保留观察。,待确认,video_id=7644035850305123185; video_url=https://www.douyin.com/video/7644035850305123185; creator=阿龙闯大A📈; like=0; reply=1; source_type=comment; yeren_signal_id=; parent_comment_text=,13:59,抖音评论,video,下午会涨停吗？#股票 #股民 #vlgo十亿流量扶持计划,阿哈哟,7644035850305123185,https://www.douyin.com/video/7644035850305123185,,7644076161571865385,13:59,待确认,中性,自动映射到抖音视频评论池。,8.0,false
2026-05-26,longge,抖音评论 13:58,看着涨停，我却一动不动,,,,否,video_id=7644035850305123185; video_url=https://www.douyin.com/video/7644035850305123185; creator=阿龙闯大A📈; like=0; reply=0; source_type=comment; yeren_signal_id=; parent_comment_text=,13:58,抖音评论,video,下午会涨停吗？#股票 #股民 #vlgo十亿流量扶持计划,沐雷🌈,7644035850305123185,https://www.douyin.com/video/7644035850305123185,,7644075965576430355,13:58,未纳入,中性,自动映射到抖音视频评论池。,,false
2026-05-26,longge,抖音评论 13:58,为啥我刷到都是涨停后才看到[捂脸][捂脸][捂脸],,,,否,video_id=7644035850305123185; video_url=https://www.douyin.com/video/7644035850305123185; creator=阿龙闯大A📈; like=0; reply=0; source_type=comment; yeren_signal_id=; parent_comment_text=,13:58,抖音评论,video,下午会涨停吗？#股票 #股民 #vlgo十亿流量扶持计划,广寒秋,7644035850305123185,https://www.douyin.com/video/7644035850305123185,,7644075950985151268,13:58,未纳入,中性,自动映射到抖音视频评论池。,,false
2026-05-26,longge,抖音评论 13:57,给大众公用的大哥上龙,,,,否,video_id=7644035850305123185; video_url=https://www.douyin.com/video/7644035850305123185; creator=阿龙闯大A📈; like=0; reply=1; source_type=comment; yeren_signal_id=; parent_comment_text=,13:57,抖音评论,video,下午会涨停吗？#股票 #股民 #vlgo十亿流量扶持计划,乐乐,7644035850305123185,https://www.douyin.com/video/7644035850305123185,,7644075650899526446,13:57,未纳入,中性,自动映射到抖音视频评论池。,,false
2026-05-26,longge,抖音评论 13:56,京东方,,,,否,video_id=7644035850305123185; video_url=https://www.douyin.com/video/7644035850305123185; creator=阿龙闯大A📈; like=0; reply=0; source_type=comment; yeren_signal_id=; parent_comment_text=,13:56,抖音评论,video,下午会涨停吗？#股票 #股民 #vlgo十亿流量扶持计划,"微末""",7644035850305123185,https://www.douyin.com/video/7644035850305123185,,7644075485073621809,13:56,未纳入,中性,自动映射到抖音视频评论池。,,false
2026-05-26,longge,抖音评论 13:56,昨天说东方明珠的哥们，我谢谢您了[捂脸],东方明珠(600637);东方明珠(600832),,东方明珠(600637) 被提及 3 次，有效评论 3 条，来源 2 个，跨来源共振，情绪 中性，当前判断：保留观察。；东方明珠(600832) 被提及 3 次，有效评论 3 条，来源 2 个，跨来源共振，情绪 中性，当前判断：保留观察。,待确认,video_id=7644035850305123185; video_url=https://www.douyin.com/video/7644035850305123185; creator=阿龙闯大A📈; like=1; reply=5; source_type=comment; yeren_signal_id=; parent_comment_text=,13:56,抖音评论,video,下午会涨停吗？#股票 #股民 #vlgo十亿流量扶持计划,序幕,7644035850305123185,https://www.douyin.com/video/7644035850305123185,,7644075476948452133,13:56,待确认,中性,自动映射到抖音视频评论池。,8.0,false
2026-05-26,longge,抖音评论 13:56,牛逼,,,,否,video_id=7644035850305123185; video_url=https://www.douyin.com/video/7644035850305123185; creator=阿龙闯大A📈; like=0; reply=0; source_type=comment; yeren_signal_id=; parent_comment_text=,13:56,抖音评论,video,下午会涨停吗？#股票 #股民 #vlgo十亿流量扶持计划,璀璨明珠,7644035850305123185,https://www.douyin.com/video/7644035850305123185,,7644075356215280384,13:56,未纳入,中性,自动映射到抖音视频评论池。,,false
2026-05-26,longge,抖音评论 13:54,西部材料怎么说呢,西部材料(002149),,西部材料(002149) 被提及 3 次，有效评论 3 条，来源 1 个，单视频线索，情绪 中性，当前判断：保留观察。,待确认,video_id=7644035850305123185; video_url=https://www.douyin.com/video/7644035850305123185; creator=阿龙闯大A📈; like=0; reply=0; source_type=comment; yeren_signal_id=; parent_comment_text=,13:54,抖音评论,video,下午会涨停吗？#股票 #股民 #vlgo十亿流量扶持计划,山谷,7644035850305123185,https://www.douyin.com/video/7644035850305123185,,7644074857546482490,13:54,待确认,中性,自动映射到抖音视频评论池。,7.2,false
2026-05-26,longge,抖音评论 13:54,今天广西能源咋回事啊[流泪],广西能源(600310),,广西能源(600310) 被提及 2 次，有效评论 2 条，来源 1 个，单视频线索，情绪 中性，当前判断：已进入推荐候选。,是,video_id=7644035850305123185; video_url=https://www.douyin.com/video/7644035850305123185; creator=阿龙闯大A📈; like=0; reply=0; source_type=comment; yeren_signal_id=; parent_comment_text=,13:54,抖音评论,video,下午会涨停吗？#股票 #股民 #vlgo十亿流量扶持计划,🌈A.小新新,7644035850305123185,https://www.douyin.com/video/7644035850305123185,,7644074803138282277,13:54,已纳入,中性,自动映射到抖音视频评论池。,7.7,true
2026-05-26,longge,抖音评论 13:53,哪个大哥帮忙看一下，工业#联和协#能科，要不要卖了……亏啊，哪怕能回本也行[泣不成声],,,,否,video_id=7644035850305123185; video_url=https://www.douyin.com/video/7644035850305123185; creator=阿龙闯大A📈; like=0; reply=0; source_type=comment; yeren_signal_id=; parent_comment_text=,13:53,抖音评论,video,下午会涨停吗？#股票 #股民 #vlgo十亿流量扶持计划,得鹿梦鱼,7644035850305123185,https://www.douyin.com/video/7644035850305123185,,7644074658434548517,13:53,未纳入,中性,自动映射到抖音视频评论池。,,false
2026-05-26,longge,抖音评论 13:53,三四月就有买了，拿长线都赚,,,,否,video_id=7644035850305123185; video_url=https://www.douyin.com/video/7644035850305123185; creator=阿龙闯大A📈; like=0; reply=0; source_type=comment; yeren_signal_id=; parent_comment_text=,13:53,抖音评论,video,下午会涨停吗？#股票 #股民 #vlgo十亿流量扶持计划,Z❤️,7644035850305123185,https://www.douyin.com/video/7644035850305123185,,7644074617037292346,13:53,未纳入,中性,自动映射到抖音视频评论池。,,false
2026-05-26,longge,抖音评论 13:53,买的是啥啊？,,,,否,video_id=7644035850305123185; video_url=https://www.douyin.com/video/7644035850305123185; creator=阿龙闯大A📈; like=0; reply=0; source_type=comment; yeren_signal_id=; parent_comment_text=,13:53,抖音评论,video,下午会涨停吗？#股票 #股民 #vlgo十亿流量扶持计划,老赵,7644035850305123185,https://www.douyin.com/video/7644035850305123185,,7644074552839045897,13:53,未纳入,中性,自动映射到抖音视频评论池。,,false
2026-05-26,longge,抖音评论 13:53,没买上,,,,否,video_id=7644035850305123185; video_url=https://www.douyin.com/video/7644035850305123185; creator=阿龙闯大A📈; like=0; reply=0; source_type=comment; yeren_signal_id=; parent_comment_text=,13:53,抖音评论,video,下午会涨停吗？#股票 #股民 #vlgo十亿流量扶持计划,Sunshine,7644035850305123185,https://www.douyin.com/video/7644035850305123185,,7644074507368842043,13:53,未纳入,中性,自动映射到抖音视频评论池。,,false
2026-05-26,longge,抖音评论 13:53,大哥太牛了 涨停了[黄脸祈祷],,,,否,video_id=7644035850305123185; video_url=https://www.douyin.com/video/7644035850305123185; creator=阿龙闯大A📈; like=0; reply=0; source_type=comment; yeren_signal_id=; parent_comment_text=,13:53,抖音评论,video,下午会涨停吗？#股票 #股民 #vlgo十亿流量扶持计划,荔枝香,7644035850305123185,https://www.douyin.com/video/7644035850305123185,,7644074486123889445,13:53,未纳入,中性,自动映射到抖音视频评论池。,,false
2026-05-26,longge,抖音评论 13:52,深科技咋弄嘞,,,,否,video_id=7644035850305123185; video_url=https://www.douyin.com/video/7644035850305123185; creator=阿龙闯大A📈; like=0; reply=0; source_type=comment; yeren_signal_id=; parent_comment_text=,13:52,抖音评论,video,下午会涨停吗？#股票 #股民 #vlgo十亿流量扶持计划,印戒细胞,7644035850305123185,https://www.douyin.com/video/7644035850305123185,,7644074399528092453,13:52,未纳入,中性,自动映射到抖音视频评论池。,,false
2026-05-26,longge,抖音评论 13:52,前两天说华天这周起飞的才牛逼[酷拽],,,,否,video_id=7644035850305123185; video_url=https://www.douyin.com/video/7644035850305123185; creator=阿龙闯大A📈; like=0; reply=0; source_type=comment; yeren_signal_id=; parent_comment_text=,13:52,抖音评论,video,下午会涨停吗？#股票 #股民 #vlgo十亿流量扶持计划,寒江孤影.江湖故人,7644035850305123185,https://www.douyin.com/video/7644035850305123185,,7644074390607610664,13:52,未纳入,中性,自动映射到抖音视频评论池。,,false
2026-05-26,longge,抖音评论 13:52,刚刚买双成的姐姐在哪里，牛逼,,,评论热度较高，但暂未自动识别到明确股票线索，保留人工复核。,待确认,video_id=7644035850305123185; video_url=https://www.douyin.com/video/7644035850305123185; creator=阿龙闯大A📈; like=0; reply=7; source_type=comment; yeren_signal_id=; parent_comment_text=,13:52,抖音评论,video,下午会涨停吗？#股票 #股民 #vlgo十亿流量扶持计划,Vivian,7644035850305123185,https://www.douyin.com/video/7644035850305123185,,7644074330586727206,13:52,待确认,中性,自动映射到抖音视频评论池。,6.2,false
2026-05-26,longge,抖音评论 13:52,我给yolo姐姐道歉来了,,,,否,video_id=7644035850305123185; video_url=https://www.douyin.com/video/7644035850305123185; creator=阿龙闯大A📈; like=0; reply=0; source_type=comment; yeren_signal_id=; parent_comment_text=,13:52,抖音评论,video,下午会涨停吗？#股票 #股民 #vlgo十亿流量扶持计划,Bigbigben,7644035850305123185,https://www.douyin.com/video/7644035850305123185,,7644074265818874678,13:52,未纳入,中性,自动映射到抖音视频评论池。,,false
2026-05-26,longge,抖音评论 13:52,双成起来了[赞][赞][赞],,,,否,video_id=7644035850305123185; video_url=https://www.douyin.com/video/7644035850305123185; creator=阿龙闯大A📈; like=0; reply=0; source_type=comment; yeren_signal_id=; parent_comment_text=,13:52,抖音评论,video,下午会涨停吗？#股票 #股民 #vlgo十亿流量扶持计划,Moment,7644035850305123185,https://www.douyin.com/video/7644035850305123185,,7644074226870534964,13:52,未纳入,中性,自动映射到抖音视频评论池。,,false
2026-05-26,longge,抖音评论 13:52,小姐姐的双成也起飞了,,,,否,video_id=7644035850305123185; video_url=https://www.douyin.com/video/7644035850305123185; creator=阿龙闯大A📈; like=1; reply=0; source_type=comment; yeren_signal_id=; parent_comment_text=,13:52,抖音评论,video,下午会涨停吗？#股票 #股民 #vlgo十亿流量扶持计划,阿文仔,7644035850305123185,https://www.douyin.com/video/7644035850305123185,,7644074214941279002,13:52,未纳入,中性,自动映射到抖音视频评论池。,,false
2026-05-26,longge,抖音评论 13:51,大哥真牛，昨天我也看到了，但是我的江特还没有回本,,,,否,video_id=7644035850305123185; video_url=https://www.douyin.com/video/7644035850305123185; creator=阿龙闯大A📈; like=0; reply=0; source_type=comment; yeren_signal_id=; parent_comment_text=,13:51,抖音评论,video,下午会涨停吗？#股票 #股民 #vlgo十亿流量扶持计划,刁蛮的小怪物,7644035850305123185,https://www.douyin.com/video/7644035850305123185,,7644074165255619365,13:51,未纳入,中性,自动映射到抖音视频评论池。,,false
2026-05-26,longge,抖音评论 13:50,他说的是这个哪个？,,,,否,video_id=7644035850305123185; video_url=https://www.douyin.com/video/7644035850305123185; creator=阿龙闯大A📈; like=0; reply=0; source_type=comment; yeren_signal_id=; parent_comment_text=,13:50,抖音评论,video,下午会涨停吗？#股票 #股民 #vlgo十亿流量扶持计划,🕊涵琳泽,7644035850305123185,https://www.douyin.com/video/7644035850305123185,,7644073927820935982,13:50,未纳入,中性,自动映射到抖音视频评论池。,,false
2026-05-26,longge,抖音评论 13:50,大唐还有救吗,,,,否,video_id=7644035850305123185; video_url=https://www.douyin.com/video/7644035850305123185; creator=阿龙闯大A📈; like=0; reply=0; source_type=comment; yeren_signal_id=; parent_comment_text=,13:50,抖音评论,video,下午会涨停吗？#股票 #股民 #vlgo十亿流量扶持计划,Elon Musk,7644035850305123185,https://www.douyin.com/video/7644035850305123185,,7644073866449175333,13:50,未纳入,中性,自动映射到抖音视频评论池。,,false
2026-05-26,longge,抖音评论 13:49,中国巨石最安全[热化了],中国巨石(600176),,中国巨石(600176) 被提及 2 次，有效评论 2 条，来源 1 个，单视频线索，情绪 中性，当前判断：保留观察。,待确认,video_id=7644035850305123185; video_url=https://www.douyin.com/video/7644035850305123185; creator=阿龙闯大A📈; like=5; reply=2; source_type=comment; yeren_signal_id=; parent_comment_text=,13:49,抖音评论,video,下午会涨停吗？#股票 #股民 #vlgo十亿流量扶持计划,婠沙🇨🇳,7644035850305123185,https://www.douyin.com/video/7644035850305123185,,7644073591915201338,13:49,待确认,中性,自动映射到抖音视频评论池。,6.9,false
2026-05-26,longge,抖音评论 13:49,上龙吧，下午开盘就涨停了,,,,否,video_id=7644035850305123185; video_url=https://www.douyin.com/video/7644035850305123185; creator=阿龙闯大A📈; like=1; reply=0; source_type=comment; yeren_signal_id=; parent_comment_text=,13:49,抖音评论,video,下午会涨停吗？#股票 #股民 #vlgo十亿流量扶持计划,渐行渐远喽,7644035850305123185,https://www.douyin.com/video/7644035850305123185,,7644073580078515003,13:49,未纳入,中性,自动映射到抖音视频评论池。,,false
2026-05-26,longge,抖音评论 13:49,有没有大佬帮忙分析下中天呀[笑哭]本来信心满满的，结果现在绿的不敢看[捂脸],,,,否,video_id=7644035850305123185; video_url=https://www.douyin.com/video/7644035850305123185; creator=阿龙闯大A📈; like=0; reply=0; source_type=comment; yeren_signal_id=; parent_comment_text=,13:49,抖音评论,video,下午会涨停吗？#股票 #股民 #vlgo十亿流量扶持计划,奔跑的兔子,7644035850305123185,https://www.douyin.com/video/7644035850305123185,,7644073550525252401,13:49,未纳入,中性,自动映射到抖音视频评论池。,,false
2026-05-26,longge,抖音评论 13:49,好票沒赶上趟…之前捡的江特、双良都被埋了,,,,否,video_id=7644035850305123185; video_url=https://www.douyin.com/video/7644035850305123185; creator=阿龙闯大A📈; like=0; reply=0; source_type=comment; yeren_signal_id=; parent_comment_text=,13:49,抖音评论,video,下午会涨停吗？#股票 #股民 #vlgo十亿流量扶持计划,冰之,7644035850305123185,https://www.douyin.com/video/7644035850305123185,,7644073524386415369,13:49,未纳入,中性,自动映射到抖音视频评论池。,,false
2026-05-26,longge,抖音评论 13:49,今天买什么？？[裂开]大哥们,,,,否,video_id=7644035850305123185; video_url=https://www.douyin.com/video/7644035850305123185; creator=阿龙闯大A📈; like=0; reply=0; source_type=comment; yeren_signal_id=; parent_comment_text=,13:49,抖音评论,video,下午会涨停吗？#股票 #股民 #vlgo十亿流量扶持计划,是水贝小孟呀♥️,7644035850305123185,https://www.douyin.com/video/7644035850305123185,,7644073518528070437,13:49,未纳入,中性,自动映射到抖音视频评论池。,,false
2026-05-26,longge,抖音评论 13:49,昨天谁说美利云的[流泪][流泪],美利云(000815),,美利云(000815) 被提及 2 次，有效评论 2 条，来源 1 个，单视频线索，情绪 中性，当前判断：保留观察。,待确认,video_id=7644035850305123185; video_url=https://www.douyin.com/video/7644035850305123185; creator=阿龙闯大A📈; like=2; reply=12; source_type=comment; yeren_signal_id=; parent_comment_text=,13:49,抖音评论,video,下午会涨停吗？#股票 #股民 #vlgo十亿流量扶持计划,农村养ji,7644035850305123185,https://www.douyin.com/video/7644035850305123185,,7644073469830824761,13:49,待确认,中性,自动映射到抖音视频评论池。,6.9,false
2026-05-26,longge,抖音评论 13:48,给Yolo 姐姐上龙,,,,否,video_id=7644035850305123185; video_url=https://www.douyin.com/video/7644035850305123185; creator=阿龙闯大A📈; like=1; reply=0; source_type=comment; yeren_signal_id=; parent_comment_text=,13:48,抖音评论,video,下午会涨停吗？#股票 #股民 #vlgo十亿流量扶持计划,郭郭,7644035850305123185,https://www.douyin.com/video/7644035850305123185,,7644073402887045947,13:48,未纳入,中性,自动映射到抖音视频评论池。,,false
2026-05-26,longge,抖音评论 13:48,西部咋办啊？[流泪],,,,否,video_id=7644035850305123185; video_url=https://www.douyin.com/video/7644035850305123185; creator=阿龙闯大A📈; like=0; reply=1; source_type=comment; yeren_signal_id=; parent_comment_text=,13:48,抖音评论,video,下午会涨停吗？#股票 #股民 #vlgo十亿流量扶持计划,丛没见过世面,7644035850305123185,https://www.douyin.com/video/7644035850305123185,,7644073402814874427,13:48,未纳入,中性,自动映射到抖音视频评论池。,,false
2026-05-26,longge,抖音评论 13:48,咋每次yolo姐姐的最后回来翻都翻不到了,,,评论热度较高，但暂未自动识别到明确股票线索，保留人工复核。,待确认,video_id=7644035850305123185; video_url=https://www.douyin.com/video/7644035850305123185; creator=阿龙闯大A📈; like=2; reply=18; source_type=comment; yeren_signal_id=; parent_comment_text=,13:48,抖音评论,video,下午会涨停吗？#股票 #股民 #vlgo十亿流量扶持计划,酒酒不要贪杯哦,7644035850305123185,https://www.douyin.com/video/7644035850305123185,,7644073378743386899,13:48,待确认,中性,自动映射到抖音视频评论池。,6.2,false
2026-05-26,longge,抖音评论 13:48,今天有啥啊，大哥们[举手],,,,否,video_id=7644035850305123185; video_url=https://www.douyin.com/video/7644035850305123185; creator=阿龙闯大A📈; like=0; reply=0; source_type=comment; yeren_signal_id=; parent_comment_text=,13:48,抖音评论,video,下午会涨停吗？#股票 #股民 #vlgo十亿流量扶持计划,得得儿,7644035850305123185,https://www.douyin.com/video/7644035850305123185,,7644073250117370673,13:48,未纳入,中性,自动映射到抖音视频评论池。,,false
2026-05-26,longge,抖音评论 13:48,涨停了，上午没买，下午开盘直接拉停，拍大腿啊[捂脸],,,,否,video_id=7644035850305123185; video_url=https://www.douyin.com/video/7644035850305123185; creator=阿龙闯大A📈; like=0; reply=0; source_type=comment; yeren_signal_id=; parent_comment_text=,13:48,抖音评论,video,下午会涨停吗？#股票 #股民 #vlgo十亿流量扶持计划,@召军,7644035850305123185,https://www.douyin.com/video/7644035850305123185,,7644073218810708762,13:48,未纳入,中性,自动映射到抖音视频评论池。,,false
2026-05-26,longge,抖音评论 13:52,上龙,,,,否,video_id=7644035850305123185; video_url=https://www.douyin.com/video/7644035850305123185; creator=阿龙闯大A📈; like=0; reply=0; source_type=comment; yeren_signal_id=; parent_comment_text=,13:52,抖音评论,video,下午会涨停吗？#股票 #股民 #vlgo十亿流量扶持计划,印戒细胞,7644035850305123185,https://www.douyin.com/video/7644035850305123185,,7644074245023367973,13:52,未纳入,中性,自动映射到抖音视频评论池。,,false
2026-05-26,longge,抖音评论 13:47,天润工业  华懋科技  冠豪新高  必板[抠鼻],天润工业(002283);华懋科技(603306),,天润工业(002283) 被提及 2 次，有效评论 2 条，来源 1 个，单视频线索，情绪 中性，当前判断：已进入推荐候选。；华懋科技(603306) 被提及 1 次，有效评论 1 条，来源 1 个，单视频线索，情绪 中性，当前判断：保留观察。,是,video_id=7644035850305123185; video_url=https://www.douyin.com/video/7644035850305123185; creator=阿龙闯大A📈; like=3; reply=7; source_type=comment; yeren_signal_id=; parent_comment_text=,13:47,抖音评论,video,下午会涨停吗？#股票 #股民 #vlgo十亿流量扶持计划,@韵,7644035850305123185,https://www.douyin.com/video/7644035850305123185,,7644073146483721014,13:47,已纳入,中性,自动映射到抖音视频评论池。,7.7,true
2026-05-26,longge,抖音评论 13:47,襄阳轴承[黄脸干杯],襄阳轴承(000678),,襄阳轴承(000678) 被提及 2 次，有效评论 2 条，来源 1 个，单视频线索，情绪 中性，当前判断：保留观察。,待确认,video_id=7644035850305123185; video_url=https://www.douyin.com/video/7644035850305123185; creator=阿龙闯大A📈; like=0; reply=0; source_type=comment; yeren_signal_id=; parent_comment_text=,13:47,抖音评论,video,下午会涨停吗？#股票 #股民 #vlgo十亿流量扶持计划,Xaya,7644035850305123185,https://www.douyin.com/video/7644035850305123185,,7644073069384942373,13:47,待确认,中性,自动映射到抖音视频评论池。,6.9,false
2026-05-26,longge,抖音评论 13:47,有没有大神帮看看，智微智能是不是要跑路了[捂脸],智微智能(001339),,智微智能(001339) 被提及 1 次，有效评论 1 条，来源 1 个，单视频线索，情绪 谨慎，当前判断：偏风险观察。,否,video_id=7644035850305123185; video_url=https://www.douyin.com/video/7644035850305123185; creator=阿龙闯大A📈; like=0; reply=0; source_type=comment; yeren_signal_id=; parent_comment_text=,13:47,抖音评论,video,下午会涨停吗？#股票 #股民 #vlgo十亿流量扶持计划,周 末,7644035850305123185,https://www.douyin.com/video/7644035850305123185,,7644073004607390490,13:47,未纳入,谨慎,自动映射到抖音视频评论池。,5.9,false
2026-05-26,longge,抖音评论 13:46,森林包装,森林包装(605500),,森林包装(605500) 被提及 1 次，有效评论 1 条，来源 1 个，单视频线索，情绪 中性，当前判断：保留观察。,待确认,video_id=7644035850305123185; video_url=https://www.douyin.com/video/7644035850305123185; creator=阿龙闯大A📈; like=0; reply=3; source_type=comment; yeren_signal_id=; parent_comment_text=,13:46,抖音评论,video,下午会涨停吗？#股票 #股民 #vlgo十亿流量扶持计划,白,7644035850305123185,https://www.douyin.com/video/7644035850305123185,,7644072813553091365,13:46,待确认,中性,自动映射到抖音视频评论池。,6.4,false
2026-05-26,longge,抖音评论 13:46,涨停了啊,,,,否,video_id=7644035850305123185; video_url=https://www.douyin.com/video/7644035850305123185; creator=阿龙闯大A📈; like=0; reply=0; source_type=comment; yeren_signal_id=; parent_comment_text=,13:46,抖音评论,video,下午会涨停吗？#股票 #股民 #vlgo十亿流量扶持计划,小戴,7644035850305123185,https://www.douyin.com/video/7644035850305123185,,7644072794725204773,13:46,未纳入,中性,自动映射到抖音视频评论池。,,false
2026-05-26,longge,抖音评论 13:45,深科技 干没,,,,否,video_id=7644035850305123185; video_url=https://www.douyin.com/video/7644035850305123185; creator=阿龙闯大A📈; like=0; reply=5; source_type=comment; yeren_signal_id=; parent_comment_text=,13:45,抖音评论,video,下午会涨停吗？#股票 #股民 #vlgo十亿流量扶持计划,Mr~陳先生🌻,7644035850305123185,https://www.douyin.com/video/7644035850305123185,,7644072644207592250,13:45,未纳入,中性,自动映射到抖音视频评论池。,,false
2026-05-26,longge,抖音评论 13:45,买不进去就去买设备 朋友们 ZLZN,,,,否,video_id=7644035850305123185; video_url=https://www.douyin.com/video/7644035850305123185; creator=阿龙闯大A📈; like=0; reply=0; source_type=comment; yeren_signal_id=; parent_comment_text=,13:45,抖音评论,video,下午会涨停吗？#股票 #股民 #vlgo十亿流量扶持计划,关尼玛屁事,7644035850305123185,https://www.douyin.com/video/7644035850305123185,,7644072574734074683,13:45,未纳入,中性,自动映射到抖音视频评论池。,,false
2026-05-26,longge,抖音评论 13:45,看看康强电子怎么样[捂脸],康强电子(002119),,康强电子(002119) 被提及 2 次，有效评论 2 条，来源 1 个，单视频线索，情绪 看多，当前判断：保留观察。,待确认,video_id=7644035850305123185; video_url=https://www.douyin.com/video/7644035850305123185; creator=阿龙闯大A📈; like=0; reply=0; source_type=comment; yeren_signal_id=; parent_comment_text=,13:45,抖音评论,video,下午会涨停吗？#股票 #股民 #vlgo十亿流量扶持计划,玉香小林,7644035850305123185,https://www.douyin.com/video/7644035850305123185,,7644072557768131365,13:45,待确认,看多,自动映射到抖音视频评论池。,6.9,false
2026-05-26,longge,抖音评论 13:45,,,,,否,video_id=7644035850305123185; video_url=https://www.douyin.com/video/7644035850305123185; creator=阿龙闯大A📈; like=0; reply=0; source_type=comment; yeren_signal_id=; parent_comment_text=,13:45,抖音评论,video,下午会涨停吗？#股票 #股民 #vlgo十亿流量扶持计划,柏先生（金融版）,7644035850305123185,https://www.douyin.com/video/7644035850305123185,,7644072487269647167,13:45,未纳入,中性,自动映射到抖音视频评论池。,,false
2026-05-26,longge,抖音评论 13:45,涨停了,,,,否,video_id=7644035850305123185; video_url=https://www.douyin.com/video/7644035850305123185; creator=阿龙闯大A📈; like=0; reply=0; source_type=comment; yeren_signal_id=; parent_comment_text=,13:45,抖音评论,video,下午会涨停吗？#股票 #股民 #vlgo十亿流量扶持计划,🐴,7644035850305123185,https://www.douyin.com/video/7644035850305123185,,7644072429778404153,13:45,未纳入,中性,自动映射到抖音视频评论池。,,false
2026-05-26,longge,抖音评论 13:44,山东玻纤的大哥呢，我也给你上龙[感谢],,,,否,video_id=7644035850305123185; video_url=https://www.douyin.com/video/7644035850305123185; creator=阿龙闯大A📈; like=0; reply=0; source_type=comment; yeren_signal_id=; parent_comment_text=,13:44,抖音评论,video,下午会涨停吗？#股票 #股民 #vlgo十亿流量扶持计划,800近视奔北坡进入移动城堡,7644035850305123185,https://www.douyin.com/video/7644035850305123185,,7644072234643112741,13:44,未纳入,中性,自动映射到抖音视频评论池。,,false
2026-05-26,longge,抖音评论 13:43,华升马上起飞,,,,否,video_id=7644035850305123185; video_url=https://www.douyin.com/video/7644035850305123185; creator=阿龙闯大A📈; like=0; reply=0; source_type=comment; yeren_signal_id=; parent_comment_text=,13:43,抖音评论,video,下午会涨停吗？#股票 #股民 #vlgo十亿流量扶持计划,都是月亮惹的祸,7644035850305123185,https://www.douyin.com/video/7644035850305123185,,7644072081042866993,13:43,未纳入,中性,自动映射到抖音视频评论池。,,false
2026-05-26,longge,抖音评论 13:43,金开新能差不多了[尬笑],金开新能(600821),电力,金开新能(600821) 被提及 1 次，有效评论 1 条，来源 1 个，单视频线索，情绪 中性，当前判断：保留观察。,待确认,video_id=7644035850305123185; video_url=https://www.douyin.com/video/7644035850305123185; creator=阿龙闯大A📈; like=1; reply=9; source_type=comment; yeren_signal_id=; parent_comment_text=,13:43,抖音评论,video,下午会涨停吗？#股票 #股民 #vlgo十亿流量扶持计划,故事配酒,7644035850305123185,https://www.douyin.com/video/7644035850305123185,,7644072032271713073,13:43,待确认,中性,自动映射到抖音视频评论池。,6.4,false
2026-05-26,longge,抖音评论 13:43,昨天的明阳大哥 在哪里 [灵机一动],,,评论热度较高，但暂未自动识别到明确股票线索，保留人工复核。,待确认,video_id=7644035850305123185; video_url=https://www.douyin.com/video/7644035850305123185; creator=阿龙闯大A📈; like=7; reply=10; source_type=comment; yeren_signal_id=; parent_comment_text=,13:43,抖音评论,video,下午会涨停吗？#股票 #股民 #vlgo十亿流量扶持计划,Wyx.,7644035850305123185,https://www.douyin.com/video/7644035850305123185,,7644072003896476453,13:43,待确认,中性,自动映射到抖音视频评论池。,6.2,false
2026-05-26,longge,抖音评论 13:43,趋势宏昌，宏和,,,,否,video_id=7644035850305123185; video_url=https://www.douyin.com/video/7644035850305123185; creator=阿龙闯大A📈; like=1; reply=0; source_type=comment; yeren_signal_id=; parent_comment_text=,13:43,抖音评论,video,下午会涨停吗？#股票 #股民 #vlgo十亿流量扶持计划,雕漆雨,7644035850305123185,https://www.douyin.com/video/7644035850305123185,,7644071944769913663,13:43,未纳入,中性,自动映射到抖音视频评论池。,,false
2026-05-26,longge,抖音评论 13:43,多少人挂单没买进去[流泪],,,,否,video_id=7644035850305123185; video_url=https://www.douyin.com/video/7644035850305123185; creator=阿龙闯大A📈; like=0; reply=0; source_type=comment; yeren_signal_id=; parent_comment_text=,13:43,抖音评论,video,下午会涨停吗？#股票 #股民 #vlgo十亿流量扶持计划,西安租车闪火,7644035850305123185,https://www.douyin.com/video/7644035850305123185,,7644071921735713588,13:43,未纳入,中性,自动映射到抖音视频评论池。,,false
2026-05-26,longge,抖音评论 13:42,绿了半个月了，义夫义母推个票回下血[流泪][流泪],,,,否,video_id=7644035850305123185; video_url=https://www.douyin.com/video/7644035850305123185; creator=阿龙闯大A📈; like=0; reply=0; source_type=comment; yeren_signal_id=; parent_comment_text=,13:42,抖音评论,video,下午会涨停吗？#股票 #股民 #vlgo十亿流量扶持计划,E,7644035850305123185,https://www.douyin.com/video/7644035850305123185,,7644071884137333514,13:42,未纳入,中性,自动映射到抖音视频评论池。,,false
2026-05-26,longge,抖音评论 13:41,大哥们给看看智威还可以拿着吗,,,,否,video_id=7644035850305123185; video_url=https://www.douyin.com/video/7644035850305123185; creator=阿龙闯大A📈; like=0; reply=0; source_type=comment; yeren_signal_id=; parent_comment_text=,13:41,抖音评论,video,下午会涨停吗？#股票 #股民 #vlgo十亿流量扶持计划,@女孩,7644035850305123185,https://www.douyin.com/video/7644035850305123185,,7644071580817425209,13:41,未纳入,中性,自动映射到抖音视频评论池。,,false
2026-05-26,longge,抖音评论 13:41,买不进去了[流泪],,,,否,video_id=7644035850305123185; video_url=https://www.douyin.com/video/7644035850305123185; creator=阿龙闯大A📈; like=0; reply=0; source_type=comment; yeren_signal_id=; parent_comment_text=,13:41,抖音评论,video,下午会涨停吗？#股票 #股民 #vlgo十亿流量扶持计划,八方来财健康平安貌美如花事事顺利暴富玉女,7644035850305123185,https://www.douyin.com/video/7644035850305123185,,7644071524937712421,13:41,未纳入,中性,自动映射到抖音视频评论池。,,false
2026-05-26,longge,抖音评论 13:41,京A,,,,否,video_id=7644035850305123185; video_url=https://www.douyin.com/video/7644035850305123185; creator=阿龙闯大A📈; like=0; reply=0; source_type=comment; yeren_signal_id=; parent_comment_text=,13:41,抖音评论,video,下午会涨停吗？#股票 #股民 #vlgo十亿流量扶持计划,刘美美,7644035850305123185,https://www.douyin.com/video/7644035850305123185,,7644071496863892224,13:41,未纳入,中性,自动映射到抖音视频评论池。,,false
2026-05-26,longge,抖音评论 13:40,,,,,否,video_id=7644035850305123185; video_url=https://www.douyin.com/video/7644035850305123185; creator=阿龙闯大A📈; like=0; reply=0; source_type=comment; yeren_signal_id=; parent_comment_text=,13:40,抖音评论,video,下午会涨停吗？#股票 #股民 #vlgo十亿流量扶持计划,故事与你.,7644035850305123185,https://www.douyin.com/video/7644035850305123185,,7644071368653833006,13:40,未纳入,中性,自动映射到抖音视频评论池。,,false
2026-05-26,longge,抖音评论 13:39,长电，破百无压力[灵机一动],,,,否,video_id=7644035850305123185; video_url=https://www.douyin.com/video/7644035850305123185; creator=阿龙闯大A📈; like=0; reply=0; source_type=comment; yeren_signal_id=; parent_comment_text=,13:39,抖音评论,video,下午会涨停吗？#股票 #股民 #vlgo十亿流量扶持计划,够钟._,7644035850305123185,https://www.douyin.com/video/7644035850305123185,,7644071110569100068,13:39,未纳入,中性,自动映射到抖音视频评论池。,,false
2026-05-26,longge,抖音评论 13:39,我也跟着大哥买了，给大哥多上两根[呲牙],,,,否,video_id=7644035850305123185; video_url=https://www.douyin.com/video/7644035850305123185; creator=阿龙闯大A📈; like=0; reply=0; source_type=comment; yeren_signal_id=; parent_comment_text=,13:39,抖音评论,video,下午会涨停吗？#股票 #股民 #vlgo十亿流量扶持计划,🌻玥儿🌙弯弯🌻,7644035850305123185,https://www.douyin.com/video/7644035850305123185,,7644071064629150491,13:39,未纳入,中性,自动映射到抖音视频评论池。,,false
2026-05-26,longge,抖音评论 13:38,牛批,,,,否,video_id=7644035850305123185; video_url=https://www.douyin.com/video/7644035850305123185; creator=阿龙闯大A📈; like=0; reply=0; source_type=comment; yeren_signal_id=; parent_comment_text=,13:38,抖音评论,video,下午会涨停吗？#股票 #股民 #vlgo十亿流量扶持计划,奥度设计,7644035850305123185,https://www.douyin.com/video/7644035850305123185,,7644070850341700394,13:38,未纳入,中性,自动映射到抖音视频评论池。,,false
2026-05-26,longge,抖音评论 13:38,太牛了,,,,否,video_id=7644035850305123185; video_url=https://www.douyin.com/video/7644035850305123185; creator=阿龙闯大A📈; like=0; reply=0; source_type=comment; yeren_signal_id=; parent_comment_text=,13:38,抖音评论,video,下午会涨停吗？#股票 #股民 #vlgo十亿流量扶持计划,福州吴彦祖,7644035850305123185,https://www.douyin.com/video/7644035850305123185,,7644070708054328121,13:38,未纳入,中性,自动映射到抖音视频评论池。,,false
2026-05-26,longge,抖音评论 13:38,这大哥 真的神了  幸好我上午没卖  下午直接起飞🛫[戳手手],,,,否,video_id=7644035850305123185; video_url=https://www.douyin.com/video/7644035850305123185; creator=阿龙闯大A📈; like=0; reply=0; source_type=comment; yeren_signal_id=; parent_comment_text=,13:38,抖音评论,video,下午会涨停吗？#股票 #股民 #vlgo十亿流量扶持计划,一朵小红花,7644035850305123185,https://www.douyin.com/video/7644035850305123185,,7644070648210719503,13:38,未纳入,中性,自动映射到抖音视频评论池。,,false
2026-05-26,longge,抖音评论 13:38,停了,,,,否,video_id=7644035850305123185; video_url=https://www.douyin.com/video/7644035850305123185; creator=阿龙闯大A📈; like=0; reply=0; source_type=comment; yeren_signal_id=; parent_comment_text=,13:38,抖音评论,video,下午会涨停吗？#股票 #股民 #vlgo十亿流量扶持计划,小龙龙,7644035850305123185,https://www.douyin.com/video/7644035850305123185,,7644070612172702499,13:38,未纳入,中性,自动映射到抖音视频评论池。,,false
2026-05-26,longge,抖音评论 13:37,真涨停了,,,,否,video_id=7644035850305123185; video_url=https://www.douyin.com/video/7644035850305123185; creator=阿龙闯大A📈; like=0; reply=0; source_type=comment; yeren_signal_id=; parent_comment_text=,13:37,抖音评论,video,下午会涨停吗？#股票 #股民 #vlgo十亿流量扶持计划,不如我们,7644035850305123185,https://www.douyin.com/video/7644035850305123185,,7644070580832109364,13:37,未纳入,中性,自动映射到抖音视频评论池。,,false
2026-05-26,longge,抖音评论 13:37,错过大哥了[捂脸],,,,否,video_id=7644035850305123185; video_url=https://www.douyin.com/video/7644035850305123185; creator=阿龙闯大A📈; like=0; reply=0; source_type=comment; yeren_signal_id=; parent_comment_text=,13:37,抖音评论,video,下午会涨停吗？#股票 #股民 #vlgo十亿流量扶持计划,橙皮心,7644035850305123185,https://www.douyin.com/video/7644035850305123185,,7644070534724666161,13:37,未纳入,中性,自动映射到抖音视频评论池。,,false
2026-05-26,longge,抖音评论 13:36,说明阳的那个大哥呢，找不到你了,,,,否,video_id=7644035850305123185; video_url=https://www.douyin.com/video/7644035850305123185; creator=阿龙闯大A📈; like=0; reply=4; source_type=comment; yeren_signal_id=; parent_comment_text=,13:36,抖音评论,video,下午会涨停吗？#股票 #股民 #vlgo十亿流量扶持计划,🌈逆流而上,7644035850305123185,https://www.douyin.com/video/7644035850305123185,,7644070343388234555,13:36,未纳入,中性,自动映射到抖音视频评论池。,,false
2026-05-26,longge,抖音评论 13:36,大哥牛逼，没跟上,,,,否,video_id=7644035850305123185; video_url=https://www.douyin.com/video/7644035850305123185; creator=阿龙闯大A📈; like=0; reply=0; source_type=comment; yeren_signal_id=; parent_comment_text=,13:36,抖音评论,video,下午会涨停吗？#股票 #股民 #vlgo十亿流量扶持计划,🌈ZMX,7644035850305123185,https://www.douyin.com/video/7644035850305123185,,7644067815242629928,13:36,未纳入,中性,自动映射到抖音视频评论池。,,false
2026-05-26,longge,抖音评论 13:36,大众交通有没有大佬分析一下,大众交通(600611),,大众交通(600611) 被提及 3 次，有效评论 3 条，来源 2 个，跨来源共振，情绪 中性，当前判断：保留观察。,待确认,video_id=7644035850305123185; video_url=https://www.douyin.com/video/7644035850305123185; creator=阿龙闯大A📈; like=0; reply=1; source_type=comment; yeren_signal_id=; parent_comment_text=,13:36,抖音评论,video,下午会涨停吗？#股票 #股民 #vlgo十亿流量扶持计划,小次,7644035850305123185,https://www.douyin.com/video/7644035850305123185,,7644070146671592238,13:36,待确认,中性,自动映射到抖音视频评论池。,8.0,false
2026-05-26,longge,抖音评论 13:35,大哥真的牛逼啊[赞][赞][赞],,,,否,video_id=7644035850305123185; video_url=https://www.douyin.com/video/7644035850305123185; creator=阿龙闯大A📈; like=1; reply=0; source_type=comment; yeren_signal_id=; parent_comment_text=,13:35,抖音评论,video,下午会涨停吗？#股票 #股民 #vlgo十亿流量扶持计划,柠檬茶🍋,7644035850305123185,https://www.douyin.com/video/7644035850305123185,,7644069891662414629,13:35,未纳入,中性,自动映射到抖音视频评论池。,,false
2026-05-26,longge,抖音评论 13:34,牛逼 我都没打进去,,,,否,video_id=7644035850305123185; video_url=https://www.douyin.com/video/7644035850305123185; creator=阿龙闯大A📈; like=0; reply=0; source_type=comment; yeren_signal_id=; parent_comment_text=,13:34,抖音评论,video,下午会涨停吗？#股票 #股民 #vlgo十亿流量扶持计划,点男模没钱付款,7644035850305123185,https://www.douyin.com/video/7644035850305123185,,7644069774528447289,13:34,未纳入,中性,自动映射到抖音视频评论池。,,false
2026-05-26,longge,抖音评论 13:34,大哥牛逼,,,,否,video_id=7644035850305123185; video_url=https://www.douyin.com/video/7644035850305123185; creator=阿龙闯大A📈; like=3; reply=0; source_type=comment; yeren_signal_id=; parent_comment_text=,13:34,抖音评论,video,下午会涨停吗？#股票 #股民 #vlgo十亿流量扶持计划,啸风龙吟,7644035850305123185,https://www.douyin.com/video/7644035850305123185,,7644069741791937307,13:34,未纳入,中性,自动映射到抖音视频评论池。,,false
2026-05-26,longge,抖音评论 13:34,赣锋锂业呢,赣锋锂业(002460),,赣锋锂业(002460) 被提及 2 次，有效评论 2 条，来源 1 个，单视频线索，情绪 中性，当前判断：保留观察。,待确认,video_id=7644035850305123185; video_url=https://www.douyin.com/video/7644035850305123185; creator=阿龙闯大A📈; like=0; reply=0; source_type=comment; yeren_signal_id=; parent_comment_text=,13:34,抖音评论,video,下午会涨停吗？#股票 #股民 #vlgo十亿流量扶持计划,鹿鹿子,7644035850305123185,https://www.douyin.com/video/7644035850305123185,,7644069651500548913,13:34,待确认,中性,自动映射到抖音视频评论池。,6.9,false
2026-05-26,longge,抖音评论 13:33,有没有可能，是龙头票活跃度高,,,,否,video_id=7644035850305123185; video_url=https://www.douyin.com/video/7644035850305123185; creator=阿龙闯大A📈; like=0; reply=0; source_type=comment; yeren_signal_id=; parent_comment_text=,13:33,抖音评论,video,下午会涨停吗？#股票 #股民 #vlgo十亿流量扶持计划,非魚,7644035850305123185,https://www.douyin.com/video/7644035850305123185,,7644069571779543854,13:33,未纳入,中性,自动映射到抖音视频评论池。,,false
2026-05-26,longge,抖音评论 13:33,想请高手帮忙分析一下时空科技，万分感谢[玫瑰][玫瑰],时空科技(605178),,时空科技(605178) 被提及 1 次，有效评论 1 条，来源 1 个，单视频线索，情绪 中性，当前判断：保留观察。,待确认,video_id=7644035850305123185; video_url=https://www.douyin.com/video/7644035850305123185; creator=阿龙闯大A📈; like=0; reply=0; source_type=comment; yeren_signal_id=; parent_comment_text=,13:33,抖音评论,video,下午会涨停吗？#股票 #股民 #vlgo十亿流量扶持计划,龙小煋,7644035850305123185,https://www.douyin.com/video/7644035850305123185,,7644069550858552127,13:33,待确认,中性,自动映射到抖音视频评论池。,6.4,false
2026-05-26,longge,抖音评论 13:33,,,,,否,video_id=7644035850305123185; video_url=https://www.douyin.com/video/7644035850305123185; creator=阿龙闯大A📈; like=1; reply=1; source_type=comment; yeren_signal_id=; parent_comment_text=,13:33,抖音评论,video,下午会涨停吗？#股票 #股民 #vlgo十亿流量扶持计划,仁者无敌,7644035850305123185,https://www.douyin.com/video/7644035850305123185,,7644069469485417274,13:33,未纳入,中性,自动映射到抖音视频评论池。,,false
2026-05-26,longge,抖音评论 13:33,六六说了啥？,,,,否,video_id=7644035850305123185; video_url=https://www.douyin.com/video/7644035850305123185; creator=阿龙闯大A📈; like=0; reply=0; source_type=comment; yeren_signal_id=; parent_comment_text=,13:33,抖音评论,video,下午会涨停吗？#股票 #股民 #vlgo十亿流量扶持计划,有钱还闲,7644035850305123185,https://www.douyin.com/video/7644035850305123185,,7644069400623137585,13:33,未纳入,中性,自动映射到抖音视频评论池。,,false
2026-05-26,longge,抖音评论 13:33,我的雪人啊，还能不能拿，还是割肉啊[流泪]拿了半年了[流泪],,,评论热度较高，但暂未自动识别到明确股票线索，保留人工复核。,待确认,video_id=7644035850305123185; video_url=https://www.douyin.com/video/7644035850305123185; creator=阿龙闯大A📈; like=1; reply=9; source_type=comment; yeren_signal_id=; parent_comment_text=,13:33,抖音评论,video,下午会涨停吗？#股票 #股民 #vlgo十亿流量扶持计划,宇珂,7644035850305123185,https://www.douyin.com/video/7644035850305123185,,7644069395925697339,13:33,待确认,中性,自动映射到抖音视频评论池。,6.2,false
2026-05-26,longge,抖音评论 13:33,是真牛逼,,,,否,video_id=7644035850305123185; video_url=https://www.douyin.com/video/7644035850305123185; creator=阿龙闯大A📈; like=0; reply=0; source_type=comment; yeren_signal_id=; parent_comment_text=,13:33,抖音评论,video,下午会涨停吗？#股票 #股民 #vlgo十亿流量扶持计划,来杯冰美式,7644035850305123185,https://www.douyin.com/video/7644035850305123185,,7644069389860717312,13:33,未纳入,中性,自动映射到抖音视频评论池。,,false
2026-05-26,longge,抖音评论 13:33,新朋,,,,否,video_id=7644035850305123185; video_url=https://www.douyin.com/video/7644035850305123185; creator=阿龙闯大A📈; like=0; reply=0; source_type=comment; yeren_signal_id=; parent_comment_text=,13:33,抖音评论,video,下午会涨停吗？#股票 #股民 #vlgo十亿流量扶持计划,X,7644035850305123185,https://www.douyin.com/video/7644035850305123185,,7644069349493343013,13:33,未纳入,中性,自动映射到抖音视频评论池。,,false
2026-05-26,longge,抖音评论 13:32,我亏麻了，科技股,,,,否,video_id=7644035850305123185; video_url=https://www.douyin.com/video/7644035850305123185; creator=阿龙闯大A📈; like=1; reply=0; source_type=comment; yeren_signal_id=; parent_comment_text=,13:32,抖音评论,video,下午会涨停吗？#股票 #股民 #vlgo十亿流量扶持计划,小姨🩷,7644035850305123185,https://www.douyin.com/video/7644035850305123185,,7644069115120141090,13:32,未纳入,中性,自动映射到抖音视频评论池。,,false
2026-05-26,longge,抖音评论 13:32,真的涨停,,,,否,video_id=7644035850305123185; video_url=https://www.douyin.com/video/7644035850305123185; creator=阿龙闯大A📈; like=0; reply=0; source_type=comment; yeren_signal_id=; parent_comment_text=,13:32,抖音评论,video,下午会涨停吗？#股票 #股民 #vlgo十亿流量扶持计划,元气文仔,7644035850305123185,https://www.douyin.com/video/7644035850305123185,,7644069095885783844,13:32,未纳入,中性,自动映射到抖音视频评论池。,,false
2026-05-26,longge,抖音评论 13:32,再升跟山东玻纤走势，大家助力一下,,,,否,video_id=7644035850305123185; video_url=https://www.douyin.com/video/7644035850305123185; creator=阿龙闯大A📈; like=3; reply=0; source_type=comment; yeren_signal_id=; parent_comment_text=,13:32,抖音评论,video,下午会涨停吗？#股票 #股民 #vlgo十亿流量扶持计划,shmily,7644035850305123185,https://www.douyin.com/video/7644035850305123185,,7644069092500226874,13:32,未纳入,中性,自动映射到抖音视频评论池。,,false
2026-05-26,longge,抖音评论 13:31,牛牛牛,,,,否,video_id=7644035850305123185; video_url=https://www.douyin.com/video/7644035850305123185; creator=阿龙闯大A📈; like=0; reply=0; source_type=comment; yeren_signal_id=; parent_comment_text=,13:31,抖音评论,video,下午会涨停吗？#股票 #股民 #vlgo十亿流量扶持计划,仁者无敌,7644035850305123185,https://www.douyin.com/video/7644035850305123185,,7644068985994330917,13:31,未纳入,中性,自动映射到抖音视频评论池。,,false
2026-05-26,longge,抖音评论 13:31,西部有人同车吗？要继续拿吗[比心][比心][比心],,,,否,video_id=7644035850305123185; video_url=https://www.douyin.com/video/7644035850305123185; creator=阿龙闯大A📈; like=0; reply=1; source_type=comment; yeren_signal_id=; parent_comment_text=,13:31,抖音评论,video,下午会涨停吗？#股票 #股民 #vlgo十亿流量扶持计划,🍒不说再见🍒,7644035850305123185,https://www.douyin.com/video/7644035850305123185,,7644068944080618277,13:31,未纳入,中性,自动映射到抖音视频评论池。,,false
2026-05-26,longge,抖音评论 13:31,推荐买明阳ZN的大哥，我买了，也小赚，关键今天跑不跑呀[感谢],,,,否,video_id=7644035850305123185; video_url=https://www.douyin.com/video/7644035850305123185; creator=阿龙闯大A📈; like=0; reply=3; source_type=comment; yeren_signal_id=; parent_comment_text=,13:31,抖音评论,video,下午会涨停吗？#股票 #股民 #vlgo十亿流量扶持计划,Huang.F岐,7644035850305123185,https://www.douyin.com/video/7644035850305123185,,7644068909990560561,13:31,未纳入,中性,自动映射到抖音视频评论池。,,false
2026-05-26,longge,抖音评论 13:29,中午看到来不及跟[捂脸],,,,否,video_id=7644035850305123185; video_url=https://www.douyin.com/video/7644035850305123185; creator=阿龙闯大A📈; like=0; reply=0; source_type=comment; yeren_signal_id=; parent_comment_text=,13:29,抖音评论,video,下午会涨停吗？#股票 #股民 #vlgo十亿流量扶持计划,猪坑坑,7644035850305123185,https://www.douyin.com/video/7644035850305123185,,7644068531944489764,13:29,未纳入,中性,自动映射到抖音视频评论池。,,false
2026-05-26,longge,抖音评论 13:29,在哪里看的？我怎么没看到这样的评论,,,,否,video_id=7644035850305123185; video_url=https://www.douyin.com/video/7644035850305123185; creator=阿龙闯大A📈; like=0; reply=0; source_type=comment; yeren_signal_id=; parent_comment_text=,13:29,抖音评论,video,下午会涨停吗？#股票 #股民 #vlgo十亿流量扶持计划,电梯空调（梯舒）,7644035850305123185,https://www.douyin.com/video/7644035850305123185,,7644068519503676214,13:29,未纳入,中性,自动映射到抖音视频评论池。,,false
2026-05-26,longge,抖音评论 13:29,下次早点发[捂脸],,,,否,video_id=7644035850305123185; video_url=https://www.douyin.com/video/7644035850305123185; creator=阿龙闯大A📈; like=0; reply=0; source_type=comment; yeren_signal_id=; parent_comment_text=,13:29,抖音评论,video,下午会涨停吗？#股票 #股民 #vlgo十亿流量扶持计划,🌈🌈江湖🌊人🌈,7644035850305123185,https://www.douyin.com/video/7644035850305123185,,7644068511233590065,13:29,未纳入,中性,自动映射到抖音视频评论池。,,false
2026-05-26,longge,抖音评论 13:29,牛逼，真涨停了，中午刷到了，挂午休价高一分没进得去[苦涩],,,,否,video_id=7644035850305123185; video_url=https://www.douyin.com/video/7644035850305123185; creator=阿龙闯大A📈; like=2; reply=1; source_type=comment; yeren_signal_id=; parent_comment_text=,13:29,抖音评论,video,下午会涨停吗？#股票 #股民 #vlgo十亿流量扶持计划,shmily,7644035850305123185,https://www.douyin.com/video/7644035850305123185,,7644068469416706853,13:29,未纳入,中性,自动映射到抖音视频评论池。,,false
2026-05-26,longge,抖音评论 13:29,再升科技要板了 快人[呲牙],再升科技(603601),,再升科技(603601) 被提及 3 次，有效评论 3 条，来源 2 个，跨来源共振，情绪 中性，当前判断：保留观察。,待确认,video_id=7644035850305123185; video_url=https://www.douyin.com/video/7644035850305123185; creator=阿龙闯大A📈; like=1; reply=4; source_type=comment; yeren_signal_id=; parent_comment_text=,13:29,抖音评论,video,下午会涨停吗？#股票 #股民 #vlgo十亿流量扶持计划,羊羊妹妹,7644035850305123185,https://www.douyin.com/video/7644035850305123185,,7644068343963501312,13:29,待确认,中性,自动映射到抖音视频评论池。,8.0,false
2026-05-26,longge,抖音评论 13:29,华天科技跑吗,,,,否,video_id=7644035850305123185; video_url=https://www.douyin.com/video/7644035850305123185; creator=阿龙闯大A📈; like=0; reply=5; source_type=comment; yeren_signal_id=; parent_comment_text=,13:29,抖音评论,video,下午会涨停吗？#股票 #股民 #vlgo十亿流量扶持计划,雨露,7644035850305123185,https://www.douyin.com/video/7644035850305123185,,7644068345675432742,13:29,未纳入,中性,自动映射到抖音视频评论池。,,false
2026-05-26,longge,抖音评论 13:28,涨停了,,,,否,video_id=7644035850305123185; video_url=https://www.douyin.com/video/7644035850305123185; creator=阿龙闯大A📈; like=0; reply=0; source_type=comment; yeren_signal_id=; parent_comment_text=,13:28,抖音评论,video,下午会涨停吗？#股票 #股民 #vlgo十亿流量扶持计划,中山艺术涂料施工,7644035850305123185,https://www.douyin.com/video/7644035850305123185,,7644068256501089061,13:28,未纳入,中性,自动映射到抖音视频评论池。,,false
2026-05-26,longge,抖音评论 13:28,好像知道大神是怎么知道会涨停的  我怎么都看不懂[捂脸],,,,否,video_id=7644035850305123185; video_url=https://www.douyin.com/video/7644035850305123185; creator=阿龙闯大A📈; like=0; reply=0; source_type=comment; yeren_signal_id=; parent_comment_text=,13:28,抖音评论,video,下午会涨停吗？#股票 #股民 #vlgo十亿流量扶持计划,透气,7644035850305123185,https://www.douyin.com/video/7644035850305123185,,7644068227027026725,13:28,未纳入,中性,自动映射到抖音视频评论池。,,false
2026-05-26,longge,抖音评论 13:28,可惜买少了，只买了两层仓[泪奔],,,,否,video_id=7644035850305123185; video_url=https://www.douyin.com/video/7644035850305123185; creator=阿龙闯大A📈; like=0; reply=0; source_type=comment; yeren_signal_id=; parent_comment_text=,13:28,抖音评论,video,下午会涨停吗？#股票 #股民 #vlgo十亿流量扶持计划,小森森和小晴晴,7644035850305123185,https://www.douyin.com/video/7644035850305123185,,7644068161700496177,13:28,未纳入,中性,自动映射到抖音视频评论池。,,false
2026-05-26,longge,抖音评论 13:27,谁知道从哪里看？,,,,否,video_id=7644035850305123185; video_url=https://www.douyin.com/video/7644035850305123185; creator=阿龙闯大A📈; like=0; reply=0; source_type=comment; yeren_signal_id=; parent_comment_text=,13:27,抖音评论,video,下午会涨停吗？#股票 #股民 #vlgo十亿流量扶持计划,囍财,7644035850305123185,https://www.douyin.com/video/7644035850305123185,,7644068007840875298,13:27,未纳入,中性,自动映射到抖音视频评论池。,,false
2026-05-26,longge,抖音评论 13:27,露笑明天要板了[比心],,,,否,video_id=7644035850305123185; video_url=https://www.douyin.com/video/7644035850305123185; creator=阿龙闯大A📈; like=2; reply=4; source_type=comment; yeren_signal_id=; parent_comment_text=,13:27,抖音评论,video,下午会涨停吗？#股票 #股民 #vlgo十亿流量扶持计划,等下吃麦当劳,7644035850305123185,https://www.douyin.com/video/7644035850305123185,,7644067939494232886,13:27,未纳入,中性,自动映射到抖音视频评论池。,,false
2026-05-26,longge,抖音评论 13:27,豫能，大唐还能留吗，来个大哥指导下,,,,否,video_id=7644035850305123185; video_url=https://www.douyin.com/video/7644035850305123185; creator=阿龙闯大A📈; like=0; reply=0; source_type=comment; yeren_signal_id=; parent_comment_text=,13:27,抖音评论,video,下午会涨停吗？#股票 #股民 #vlgo十亿流量扶持计划,🫵淡然👌,7644035850305123185,https://www.douyin.com/video/7644035850305123185,,7644067908515627834,13:27,未纳入,中性,自动映射到抖音视频评论池。,,false
2026-05-26,longge,抖音评论 13:27,牛逼，,,,,否,video_id=7644035850305123185; video_url=https://www.douyin.com/video/7644035850305123185; creator=阿龙闯大A📈; like=0; reply=0; source_type=comment; yeren_signal_id=; parent_comment_text=,13:27,抖音评论,video,下午会涨停吗？#股票 #股民 #vlgo十亿流量扶持计划,啦啦啦啦,7644035850305123185,https://www.douyin.com/video/7644035850305123185,,7644067848725824293,13:27,未纳入,中性,自动映射到抖音视频评论池。,,false
2026-05-26,longge,抖音评论 13:27,冠捷kj你就拿吧,,,,否,video_id=7644035850305123185; video_url=https://www.douyin.com/video/7644035850305123185; creator=阿龙闯大A📈; like=0; reply=1; source_type=comment; yeren_signal_id=; parent_comment_text=,13:27,抖音评论,video,下午会涨停吗？#股票 #股民 #vlgo十亿流量扶持计划,弹你脑瓜崩,7644035850305123185,https://www.douyin.com/video/7644035850305123185,,7644067784683012901,13:27,未纳入,中性,自动映射到抖音视频评论池。,,false
2026-05-26,longge,抖音评论 13:26,🐂[灵机一动][赞],,,,否,video_id=7644035850305123185; video_url=https://www.douyin.com/video/7644035850305123185; creator=阿龙闯大A📈; like=0; reply=0; source_type=comment; yeren_signal_id=; parent_comment_text=,13:26,抖音评论,video,下午会涨停吗？#股票 #股民 #vlgo十亿流量扶持计划,YoYo😇,7644035850305123185,https://www.douyin.com/video/7644035850305123185,,7644067731948602154,13:26,未纳入,中性,自动映射到抖音视频评论池。,,false
2026-05-26,longge,抖音评论 13:26,哪里说的，我怎么看不到[流泪],,,,否,video_id=7644035850305123185; video_url=https://www.douyin.com/video/7644035850305123185; creator=阿龙闯大A📈; like=0; reply=0; source_type=comment; yeren_signal_id=; parent_comment_text=,13:26,抖音评论,video,下午会涨停吗？#股票 #股民 #vlgo十亿流量扶持计划,你没事吧。🧸,7644035850305123185,https://www.douyin.com/video/7644035850305123185,,7644067703779361593,13:26,未纳入,中性,自动映射到抖音视频评论池。,,false
2026-05-26,longge,抖音评论 13:26,上🐉,,,,否,video_id=7644035850305123185; video_url=https://www.douyin.com/video/7644035850305123185; creator=阿龙闯大A📈; like=0; reply=0; source_type=comment; yeren_signal_id=; parent_comment_text=,13:26,抖音评论,video,下午会涨停吗？#股票 #股民 #vlgo十亿流量扶持计划,华洋铜业,7644035850305123185,https://www.douyin.com/video/7644035850305123185,,7644067690625532731,13:26,未纳入,中性,自动映射到抖音视频评论池。,,false
2026-05-26,longge,抖音评论 13:26,没买进，呵呵呵呵呵,,,,否,video_id=7644035850305123185; video_url=https://www.douyin.com/video/7644035850305123185; creator=阿龙闯大A📈; like=0; reply=0; source_type=comment; yeren_signal_id=; parent_comment_text=,13:26,抖音评论,video,下午会涨停吗？#股票 #股民 #vlgo十亿流量扶持计划,是良啊,7644035850305123185,https://www.douyin.com/video/7644035850305123185,,7644067583457493760,13:26,未纳入,中性,自动映射到抖音视频评论池。,,false
2026-05-26,longge,抖音评论 13:25,涨停了,,,,否,video_id=7644035850305123185; video_url=https://www.douyin.com/video/7644035850305123185; creator=阿龙闯大A📈; like=0; reply=0; source_type=comment; yeren_signal_id=; parent_comment_text=,13:25,抖音评论,video,下午会涨停吗？#股票 #股民 #vlgo十亿流量扶持计划,小江园艺兰花绿植,7644035850305123185,https://www.douyin.com/video/7644035850305123185,,7644067448690180913,13:25,未纳入,中性,自动映射到抖音视频评论池。,,false
2026-05-26,longge,抖音评论 13:25,上两天说中国铝业的大哥在哪里，今天涨停了,中国铝业(601600),,中国铝业(601600) 被提及 1 次，有效评论 1 条，来源 1 个，单视频线索，情绪 看多，当前判断：保留观察。,待确认,video_id=7644035850305123185; video_url=https://www.douyin.com/video/7644035850305123185; creator=阿龙闯大A📈; like=2; reply=3; source_type=comment; yeren_signal_id=; parent_comment_text=,13:25,抖音评论,video,下午会涨停吗？#股票 #股民 #vlgo十亿流量扶持计划,圈大海,7644035850305123185,https://www.douyin.com/video/7644035850305123185,,7644067441564156681,13:25,待确认,看多,自动映射到抖音视频评论池。,6.4,false
2026-05-26,longge,抖音评论 13:25,大哥厉害，拉的好快[捂脸],,,,否,video_id=7644035850305123185; video_url=https://www.douyin.com/video/7644035850305123185; creator=阿龙闯大A📈; like=0; reply=0; source_type=comment; yeren_signal_id=; parent_comment_text=,13:25,抖音评论,video,下午会涨停吗？#股票 #股民 #vlgo十亿流量扶持计划,朱力大哥的小跟班,7644035850305123185,https://www.douyin.com/video/7644035850305123185,,7644067376330179365,13:25,未纳入,中性,自动映射到抖音视频评论池。,,false
2026-05-26,longge,抖音评论 13:25,大哥牛批[V5][V5][V5],,,,否,video_id=7644035850305123185; video_url=https://www.douyin.com/video/7644035850305123185; creator=阿龙闯大A📈; like=0; reply=0; source_type=comment; yeren_signal_id=; parent_comment_text=,13:25,抖音评论,video,下午会涨停吗？#股票 #股民 #vlgo十亿流量扶持计划,法务老张,7644035850305123185,https://www.douyin.com/video/7644035850305123185,,7644067343966438163,13:25,未纳入,中性,自动映射到抖音视频评论池。,,false
2026-05-26,longge,抖音评论 13:25,压根没的赚[摊手][流泪],,,评论热度较高，但暂未自动识别到明确股票线索，保留人工复核。,待确认,video_id=7644035850305123185; video_url=https://www.douyin.com/video/7644035850305123185; creator=阿龙闯大A📈; like=5; reply=11; source_type=comment; yeren_signal_id=; parent_comment_text=,13:25,抖音评论,video,下午会涨停吗？#股票 #股民 #vlgo十亿流量扶持计划,🌟一个达不溜,7644035850305123185,https://www.douyin.com/video/7644035850305123185,,7644067326032610097,13:25,待确认,中性,自动映射到抖音视频评论池。,6.2,false
2026-05-26,longge,抖音评论 13:25,京能,,,,否,video_id=7644035850305123185; video_url=https://www.douyin.com/video/7644035850305123185; creator=阿龙闯大A📈; like=0; reply=0; source_type=comment; yeren_signal_id=; parent_comment_text=,13:25,抖音评论,video,下午会涨停吗？#股票 #股民 #vlgo十亿流量扶持计划,余川,7644035850305123185,https://www.douyin.com/video/7644035850305123185,,7644067317453783827,13:25,未纳入,中性,自动映射到抖音视频评论池。,,false
2026-05-26,longge,抖音评论 13:25,明天买啥[捂脸],,,,否,video_id=7644035850305123185; video_url=https://www.douyin.com/video/7644035850305123185; creator=阿龙闯大A📈; like=0; reply=0; source_type=comment; yeren_signal_id=; parent_comment_text=,13:25,抖音评论,video,下午会涨停吗？#股票 #股民 #vlgo十亿流量扶持计划,爱人.,7644035850305123185,https://www.douyin.com/video/7644035850305123185,,7644067307202921274,13:25,未纳入,中性,自动映射到抖音视频评论池。,,false
2026-05-26,longge,抖音评论 13:25,哪个大哥帮我看看西部还能不能拿？[感谢],,,,否,video_id=7644035850305123185; video_url=https://www.douyin.com/video/7644035850305123185; creator=阿龙闯大A📈; like=0; reply=1; source_type=comment; yeren_signal_id=; parent_comment_text=,13:25,抖音评论,video,下午会涨停吗？#股票 #股民 #vlgo十亿流量扶持计划,十一,7644035850305123185,https://www.douyin.com/video/7644035850305123185,,7644067288978572082,13:25,未纳入,中性,自动映射到抖音视频评论池。,,false
2026-05-26,longge,抖音评论 13:24,大哥太牛了，午后直拉。,,,,否,video_id=7644035850305123185; video_url=https://www.douyin.com/video/7644035850305123185; creator=阿龙闯大A📈; like=0; reply=0; source_type=comment; yeren_signal_id=; parent_comment_text=,13:24,抖音评论,video,下午会涨停吗？#股票 #股民 #vlgo十亿流量扶持计划,满天星,7644035850305123185,https://www.douyin.com/video/7644035850305123185,,7644067211107877689,13:24,未纳入,中性,自动映射到抖音视频评论池。,,false
2026-05-26,longge,抖音评论 13:24,这种真大哥多说说[黄脸干杯]假大哥们别说了亏麻了哈哈哈哈[杀马特],,,,否,video_id=7644035850305123185; video_url=https://www.douyin.com/video/7644035850305123185; creator=阿龙闯大A📈; like=1; reply=0; source_type=comment; yeren_signal_id=; parent_comment_text=,13:24,抖音评论,video,下午会涨停吗？#股票 #股民 #vlgo十亿流量扶持计划,东阳森文潮牌鞋服,7644035850305123185,https://www.douyin.com/video/7644035850305123185,,7644067105315078969,13:24,未纳入,中性,自动映射到抖音视频评论池。,,false
2026-05-26,longge,抖音评论 13:23,给玻纤和明阳的大哥上龙,,,,否,video_id=7644035850305123185; video_url=https://www.douyin.com/video/7644035850305123185; creator=阿龙闯大A📈; like=1; reply=3; source_type=comment; yeren_signal_id=; parent_comment_text=,13:23,抖音评论,video,下午会涨停吗？#股票 #股民 #vlgo十亿流量扶持计划,宝贝小蝶,7644035850305123185,https://www.douyin.com/video/7644035850305123185,,7644066908786688805,13:23,未纳入,中性,自动映射到抖音视频评论池。,,false
2026-05-26,longge,抖音评论 13:23,6，涨停了，上车失败，不知道明天能不能板,,,,否,video_id=7644035850305123185; video_url=https://www.douyin.com/video/7644035850305123185; creator=阿龙闯大A📈; like=0; reply=0; source_type=comment; yeren_signal_id=; parent_comment_text=,13:23,抖音评论,video,下午会涨停吗？#股票 #股民 #vlgo十亿流量扶持计划,阳光彩虹小白马,7644035850305123185,https://www.douyin.com/video/7644035850305123185,,7644066891355063077,13:23,未纳入,中性,自动映射到抖音视频评论池。,,false
2026-05-26,longge,抖音评论 13:23,第一个板就卖了，哎,,,,否,video_id=7644035850305123185; video_url=https://www.douyin.com/video/7644035850305123185; creator=阿龙闯大A📈; like=0; reply=0; source_type=comment; yeren_signal_id=; parent_comment_text=,13:23,抖音评论,video,下午会涨停吗？#股票 #股民 #vlgo十亿流量扶持计划,家有十一,7644035850305123185,https://www.douyin.com/video/7644035850305123185,,7644066844224373553,13:23,未纳入,中性,自动映射到抖音视频评论池。,,false
2026-05-26,longge,抖音评论 13:23,上龙,,,,否,video_id=7644035850305123185; video_url=https://www.douyin.com/video/7644035850305123185; creator=阿龙闯大A📈; like=0; reply=0; source_type=comment; yeren_signal_id=; parent_comment_text=,13:23,抖音评论,video,下午会涨停吗？#股票 #股民 #vlgo十亿流量扶持计划,谈情不如逗狗,7644035850305123185,https://www.douyin.com/video/7644035850305123185,,7644066779857437466,13:23,未纳入,中性,自动映射到抖音视频评论池。,,false
2026-05-26,longge,抖音评论 13:23,下午直接封了进不去,,,,否,video_id=7644035850305123185; video_url=https://www.douyin.com/video/7644035850305123185; creator=阿龙闯大A📈; like=0; reply=0; source_type=comment; yeren_signal_id=; parent_comment_text=,13:23,抖音评论,video,下午会涨停吗？#股票 #股民 #vlgo十亿流量扶持计划,田,7644035850305123185,https://www.douyin.com/video/7644035850305123185,,7644066769544971057,13:23,未纳入,中性,自动映射到抖音视频评论池。,,false
2026-05-26,longge,抖音评论 13:23,涨停了,,,,否,video_id=7644035850305123185; video_url=https://www.douyin.com/video/7644035850305123185; creator=阿龙闯大A📈; like=0; reply=0; source_type=comment; yeren_signal_id=; parent_comment_text=,13:23,抖音评论,video,下午会涨停吗？#股票 #股民 #vlgo十亿流量扶持计划,谈情不如逗狗,7644035850305123185,https://www.douyin.com/video/7644035850305123185,,7644066741468087066,13:23,未纳入,中性,自动映射到抖音视频评论池。,,false
2026-05-26,longge,抖音评论 13:23,真牛逼,,,,否,video_id=7644035850305123185; video_url=https://www.douyin.com/video/7644035850305123185; creator=阿龙闯大A📈; like=0; reply=0; source_type=comment; yeren_signal_id=; parent_comment_text=,13:23,抖音评论,video,下午会涨停吗？#股票 #股民 #vlgo十亿流量扶持计划,晟荞,7644035850305123185,https://www.douyin.com/video/7644035850305123185,,7644066735453012790,13:23,未纳入,中性,自动映射到抖音视频评论池。,,false
2026-05-26,longge,抖音评论 13:22,妈的，我没入手直接涨停,,,,否,video_id=7644035850305123185; video_url=https://www.douyin.com/video/7644035850305123185; creator=阿龙闯大A📈; like=0; reply=0; source_type=comment; yeren_signal_id=; parent_comment_text=,13:22,抖音评论,video,下午会涨停吗？#股票 #股民 #vlgo十亿流量扶持计划,同福爆品店新为民超市,7644035850305123185,https://www.douyin.com/video/7644035850305123185,,7644066601537028901,13:22,未纳入,中性,自动映射到抖音视频评论池。,,false
2026-05-26,longge,抖音评论 13:22,大哥，下午买什么？,,,,否,video_id=7644035850305123185; video_url=https://www.douyin.com/video/7644035850305123185; creator=阿龙闯大A📈; like=0; reply=0; source_type=comment; yeren_signal_id=; parent_comment_text=,13:22,抖音评论,video,下午会涨停吗？#股票 #股民 #vlgo十亿流量扶持计划,Min,7644035850305123185,https://www.douyin.com/video/7644035850305123185,,7644066591268750115,13:22,未纳入,中性,自动映射到抖音视频评论池。,,false
2026-05-26,longge,抖音评论 13:22,真涨停了，,,,,否,video_id=7644035850305123185; video_url=https://www.douyin.com/video/7644035850305123185; creator=阿龙闯大A📈; like=0; reply=0; source_type=comment; yeren_signal_id=; parent_comment_text=,13:22,抖音评论,video,下午会涨停吗？#股票 #股民 #vlgo十亿流量扶持计划,青葱岁月,7644035850305123185,https://www.douyin.com/video/7644035850305123185,,7644066577280762682,13:22,未纳入,中性,自动映射到抖音视频评论池。,,false
2026-05-26,longge,抖音评论 13:22,大哥真厉害,,,,否,video_id=7644035850305123185; video_url=https://www.douyin.com/video/7644035850305123185; creator=阿龙闯大A📈; like=0; reply=0; source_type=comment; yeren_signal_id=; parent_comment_text=,13:22,抖音评论,video,下午会涨停吗？#股票 #股民 #vlgo十亿流量扶持计划,美女也会emo,7644035850305123185,https://www.douyin.com/video/7644035850305123185,,7644066511003403057,13:22,未纳入,中性,自动映射到抖音视频评论池。,,false
2026-05-26,longge,抖音评论 13:22,中午看到大哥说的山东，开盘犹豫一下，直接飙了，还好追进去了！大哥真强！[赞][赞][赞],,,,否,video_id=7644035850305123185; video_url=https://www.douyin.com/video/7644035850305123185; creator=阿龙闯大A📈; like=4; reply=1; source_type=comment; yeren_signal_id=; parent_comment_text=,13:22,抖音评论,video,下午会涨停吗？#股票 #股民 #vlgo十亿流量扶持计划,邂逅尘埃,7644035850305123185,https://www.douyin.com/video/7644035850305123185,,7644066487477846827,13:22,未纳入,中性,自动映射到抖音视频评论池。,,false
2026-05-26,longge,抖音评论 13:22,江特锁仓的大哥呢？出来吱一声,,,,否,video_id=7644035850305123185; video_url=https://www.douyin.com/video/7644035850305123185; creator=阿龙闯大A📈; like=1; reply=0; source_type=comment; yeren_signal_id=; parent_comment_text=,13:22,抖音评论,video,下午会涨停吗？#股票 #股民 #vlgo十亿流量扶持计划,8614,7644035850305123185,https://www.douyin.com/video/7644035850305123185,,7644066488089707321,13:22,未纳入,中性,自动映射到抖音视频评论池。,,false
2026-05-26,longge,抖音评论 13:21,给明阳大哥上龙,,,评论热度较高，但暂未自动识别到明确股票线索，保留人工复核。,待确认,video_id=7644035850305123185; video_url=https://www.douyin.com/video/7644035850305123185; creator=阿龙闯大A📈; like=5; reply=7; source_type=comment; yeren_signal_id=; parent_comment_text=,13:21,抖音评论,video,下午会涨停吗？#股票 #股民 #vlgo十亿流量扶持计划,财神偏爱 好运常在,7644035850305123185,https://www.douyin.com/video/7644035850305123185,,7644066442518774555,13:21,待确认,中性,自动映射到抖音视频评论池。,6.2,false
2026-05-26,longge,抖音评论 13:21,大哥们   国轩还有救吗,,,,否,video_id=7644035850305123185; video_url=https://www.douyin.com/video/7644035850305123185; creator=阿龙闯大A📈; like=0; reply=0; source_type=comment; yeren_signal_id=; parent_comment_text=,13:21,抖音评论,video,下午会涨停吗？#股票 #股民 #vlgo十亿流量扶持计划,在庞贝,7644035850305123185,https://www.douyin.com/video/7644035850305123185,,7644066427321942833,13:21,未纳入,中性,自动映射到抖音视频评论池。,,false
2026-05-26,longge,抖音评论 13:21,这个必须赞,,,,否,video_id=7644035850305123185; video_url=https://www.douyin.com/video/7644035850305123185; creator=阿龙闯大A📈; like=0; reply=0; source_type=comment; yeren_signal_id=; parent_comment_text=,13:21,抖音评论,video,下午会涨停吗？#股票 #股民 #vlgo十亿流量扶持计划,用户20100310,7644035850305123185,https://www.douyin.com/video/7644035850305123185,,7644066423824368410,13:21,未纳入,中性,自动映射到抖音视频评论池。,,false
2026-05-26,longge,抖音评论 13:21,明天还会涨停吗,,,,否,video_id=7644035850305123185; video_url=https://www.douyin.com/video/7644035850305123185; creator=阿龙闯大A📈; like=0; reply=0; source_type=comment; yeren_signal_id=; parent_comment_text=,13:21,抖音评论,video,下午会涨停吗？#股票 #股民 #vlgo十亿流量扶持计划,辣椒xx,7644035850305123185,https://www.douyin.com/video/7644035850305123185,,7644066329942852395,13:21,未纳入,中性,自动映射到抖音视频评论池。,,false
2026-05-26,longge,抖音评论 13:21,牛,,,,否,video_id=7644035850305123185; video_url=https://www.douyin.com/video/7644035850305123185; creator=阿龙闯大A📈; like=0; reply=0; source_type=comment; yeren_signal_id=; parent_comment_text=,13:21,抖音评论,video,下午会涨停吗？#股票 #股民 #vlgo十亿流量扶持计划,雨夜帽,7644035850305123185,https://www.douyin.com/video/7644035850305123185,,7644066241136739109,13:21,未纳入,中性,自动映射到抖音视频评论池。,,false
2026-05-26,longge,抖音评论 13:20,牛逼 下午开盘我看就板了,,,,否,video_id=7644035850305123185; video_url=https://www.douyin.com/video/7644035850305123185; creator=阿龙闯大A📈; like=0; reply=0; source_type=comment; yeren_signal_id=; parent_comment_text=,13:20,抖音评论,video,下午会涨停吗？#股票 #股民 #vlgo十亿流量扶持计划,時雨,7644035850305123185,https://www.douyin.com/video/7644035850305123185,,7644066148505453369,13:20,未纳入,中性,自动映射到抖音视频评论池。,,false
2026-05-26,longge,抖音评论 13:20,三维通信有机会了吗？亏麻了,三维通信(002115),,三维通信(002115) 被提及 1 次，有效评论 1 条，来源 1 个，单视频线索，情绪 谨慎，当前判断：偏风险观察。,否,video_id=7644035850305123185; video_url=https://www.douyin.com/video/7644035850305123185; creator=阿龙闯大A📈; like=0; reply=1; source_type=comment; yeren_signal_id=; parent_comment_text=,13:20,抖音评论,video,下午会涨停吗？#股票 #股民 #vlgo十亿流量扶持计划,也无风雨也无晴、,7644035850305123185,https://www.douyin.com/video/7644035850305123185,,7644066135129817905,13:20,未纳入,谨慎,自动映射到抖音视频评论池。,5.9,false
2026-05-26,longge,抖音评论 13:20,红板科技，周五之前到120，立贴为证,红板科技(603459),,红板科技(603459) 被提及 3 次，有效评论 3 条，来源 1 个，单视频线索，情绪 中性，当前判断：保留观察。,待确认,video_id=7644035850305123185; video_url=https://www.douyin.com/video/7644035850305123185; creator=阿龙闯大A📈; like=0; reply=2; source_type=comment; yeren_signal_id=; parent_comment_text=,13:20,抖音评论,video,下午会涨停吗？#股票 #股民 #vlgo十亿流量扶持计划,小龙虾大大,7644035850305123185,https://www.douyin.com/video/7644035850305123185,,7644066110173741834,13:20,待确认,中性,自动映射到抖音视频评论池。,7.2,false
2026-05-26,longge,抖音评论 13:20,厉害👍,,,,否,video_id=7644035850305123185; video_url=https://www.douyin.com/video/7644035850305123185; creator=阿龙闯大A📈; like=0; reply=0; source_type=comment; yeren_signal_id=; parent_comment_text=,13:20,抖音评论,video,下午会涨停吗？#股票 #股民 #vlgo十亿流量扶持计划,W,7644035850305123185,https://www.douyin.com/video/7644035850305123185,,7644066089307325236,13:20,未纳入,中性,自动映射到抖音视频评论池。,,false
2026-05-26,longge,抖音评论 13:20,我充个钱的功夫涨停了,,,,否,video_id=7644035850305123185; video_url=https://www.douyin.com/video/7644035850305123185; creator=阿龙闯大A📈; like=0; reply=2; source_type=comment; yeren_signal_id=; parent_comment_text=,13:20,抖音评论,video,下午会涨停吗？#股票 #股民 #vlgo十亿流量扶持计划,罄✖️,7644035850305123185,https://www.douyin.com/video/7644035850305123185,,7644066044097200933,13:20,未纳入,中性,自动映射到抖音视频评论池。,,false
2026-05-26,longge,抖音评论 13:20,恭喜，山东玻纤涨停了。,,,,否,video_id=7644035850305123185; video_url=https://www.douyin.com/video/7644035850305123185; creator=阿龙闯大A📈; like=0; reply=0; source_type=comment; yeren_signal_id=; parent_comment_text=,13:20,抖音评论,video,下午会涨停吗？#股票 #股民 #vlgo十亿流量扶持计划,半点运动,7644035850305123185,https://www.douyin.com/video/7644035850305123185,,7644066046307369765,13:20,未纳入,中性,自动映射到抖音视频评论池。,,false
2026-05-26,longge,抖音评论 13:20,下午进啥啊 明天想涨停[呲牙],,,,否,video_id=7644035850305123185; video_url=https://www.douyin.com/video/7644035850305123185; creator=阿龙闯大A📈; like=0; reply=5; source_type=comment; yeren_signal_id=; parent_comment_text=,13:20,抖音评论,video,下午会涨停吗？#股票 #股民 #vlgo十亿流量扶持计划,金牛座的hadi呀🧀,7644035850305123185,https://www.douyin.com/video/7644035850305123185,,7644066039140254490,13:20,未纳入,中性,自动映射到抖音视频评论池。,,false
2026-05-26,longge,抖音评论 13:19,涨停了,,,,否,video_id=7644035850305123185; video_url=https://www.douyin.com/video/7644035850305123185; creator=阿龙闯大A📈; like=0; reply=0; source_type=comment; yeren_signal_id=; parent_comment_text=,13:19,抖音评论,video,下午会涨停吗？#股票 #股民 #vlgo十亿流量扶持计划,林中辞鹿,7644035850305123185,https://www.douyin.com/video/7644035850305123185,,7644065931320296255,13:19,未纳入,中性,自动映射到抖音视频评论池。,,false
2026-05-26,longge,抖音评论 13:19,张婷了.那个六六大哥，上龙,,,,否,video_id=7644035850305123185; video_url=https://www.douyin.com/video/7644035850305123185; creator=阿龙闯大A📈; like=0; reply=0; source_type=comment; yeren_signal_id=; parent_comment_text=,13:19,抖音评论,video,下午会涨停吗？#股票 #股民 #vlgo十亿流量扶持计划,是凯凯呀🐮🐮,7644035850305123185,https://www.douyin.com/video/7644035850305123185,,7644065930323575589,13:19,未纳入,中性,自动映射到抖音视频评论池。,,false
2026-05-26,longge,抖音评论 13:19,板了,,,,否,video_id=7644035850305123185; video_url=https://www.douyin.com/video/7644035850305123185; creator=阿龙闯大A📈; like=0; reply=0; source_type=comment; yeren_signal_id=; parent_comment_text=,13:19,抖音评论,video,下午会涨停吗？#股票 #股民 #vlgo十亿流量扶持计划,青山客,7644035850305123185,https://www.douyin.com/video/7644035850305123185,,7644065920595346213,13:19,未纳入,中性,自动映射到抖音视频评论池。,,false
2026-05-26,longge,抖音评论 13:19,天润工业，坐等上龙,天润工业(002283),,天润工业(002283) 被提及 2 次，有效评论 2 条，来源 1 个，单视频线索，情绪 中性，当前判断：已进入推荐候选。,是,video_id=7644035850305123185; video_url=https://www.douyin.com/video/7644035850305123185; creator=阿龙闯大A📈; like=6; reply=3; source_type=comment; yeren_signal_id=; parent_comment_text=,13:19,抖音评论,video,下午会涨停吗？#股票 #股民 #vlgo十亿流量扶持计划,🌾᭄万事皆OKՉᐝ,7644035850305123185,https://www.douyin.com/video/7644035850305123185,,7644065839469052730,13:19,已纳入,中性,自动映射到抖音视频评论池。,7.7,true
2026-05-26,longge,抖音评论 13:19,真的涨停了[流泪],,,,否,video_id=7644035850305123185; video_url=https://www.douyin.com/video/7644035850305123185; creator=阿龙闯大A📈; like=0; reply=0; source_type=comment; yeren_signal_id=; parent_comment_text=,13:19,抖音评论,video,下午会涨停吗？#股票 #股民 #vlgo十亿流量扶持计划,晨曦,7644035850305123185,https://www.douyin.com/video/7644035850305123185,,7644065780578173755,13:19,未纳入,中性,自动映射到抖音视频评论池。,,false
2026-05-26,longge,抖音评论 13:18,涨停进去了,,,,否,video_id=7644035850305123185; video_url=https://www.douyin.com/video/7644035850305123185; creator=阿龙闯大A📈; like=0; reply=0; source_type=comment; yeren_signal_id=; parent_comment_text=,13:18,抖音评论,video,下午会涨停吗？#股票 #股民 #vlgo十亿流量扶持计划,探長说家居,7644035850305123185,https://www.douyin.com/video/7644035850305123185,,7644065655364436773,13:18,未纳入,中性,自动映射到抖音视频评论池。,,false
2026-05-26,longge,抖音评论 13:18,牛逼涨停,,,,否,video_id=7644035850305123185; video_url=https://www.douyin.com/video/7644035850305123185; creator=阿龙闯大A📈; like=0; reply=0; source_type=comment; yeren_signal_id=; parent_comment_text=,13:18,抖音评论,video,下午会涨停吗？#股票 #股民 #vlgo十亿流量扶持计划,奥特慢小姐,7644035850305123185,https://www.douyin.com/video/7644035850305123185,,7644065639880426277,13:18,未纳入,中性,自动映射到抖音视频评论池。,,false
2026-05-26,longge,抖音评论 13:18,我中午挂了两手又撤了  啊啊啊  悔死了,,,评论热度较高，但暂未自动识别到明确股票线索，保留人工复核。,待确认,video_id=7644035850305123185; video_url=https://www.douyin.com/video/7644035850305123185; creator=阿龙闯大A📈; like=0; reply=9; source_type=comment; yeren_signal_id=; parent_comment_text=,13:18,抖音评论,video,下午会涨停吗？#股票 #股民 #vlgo十亿流量扶持计划,锅大拿,7644035850305123185,https://www.douyin.com/video/7644035850305123185,,7644065625830507301,13:18,待确认,中性,自动映射到抖音视频评论池。,6.2,false
2026-05-26,longge,抖音评论 13:18,今天进啥？,,,,否,video_id=7644035850305123185; video_url=https://www.douyin.com/video/7644035850305123185; creator=阿龙闯大A📈; like=0; reply=0; source_type=comment; yeren_signal_id=; parent_comment_text=,13:18,抖音评论,video,下午会涨停吗？#股票 #股民 #vlgo十亿流量扶持计划,repent one's error,7644035850305123185,https://www.douyin.com/video/7644035850305123185,,7644065542902973233,13:18,未纳入,中性,自动映射到抖音视频评论池。,,false
2026-05-26,longge,抖音评论 13:18,给明阳智能的大哥上龙🐉[抠鼻],明阳智能(601615),,明阳智能(601615) 被提及 14 次，有效评论 14 条，来源 2 个，跨来源共振，情绪 中性，当前判断：保留观察。,待确认,video_id=7644035850305123185; video_url=https://www.douyin.com/video/7644035850305123185; creator=阿龙闯大A📈; like=18; reply=12; source_type=comment; yeren_signal_id=; parent_comment_text=,13:18,抖音评论,video,下午会涨停吗？#股票 #股民 #vlgo十亿流量扶持计划,汤圆很方,7644035850305123185,https://www.douyin.com/video/7644035850305123185,,7644065486503068465,13:18,待确认,中性,自动映射到抖音视频评论池。,9.6,false
2026-05-26,longge,抖音评论 13:17,神了,,,,否,video_id=7644035850305123185; video_url=https://www.douyin.com/video/7644035850305123185; creator=阿龙闯大A📈; like=1; reply=0; source_type=comment; yeren_signal_id=; parent_comment_text=,13:17,抖音评论,video,下午会涨停吗？#股票 #股民 #vlgo十亿流量扶持计划,种豌豆小能手,7644035850305123185,https://www.douyin.com/video/7644035850305123185,,7644065416108901177,13:17,未纳入,中性,自动映射到抖音视频评论池。,,false
2026-05-26,longge,抖音评论 13:17,上车了[耶],,,,否,video_id=7644035850305123185; video_url=https://www.douyin.com/video/7644035850305123185; creator=阿龙闯大A📈; like=0; reply=0; source_type=comment; yeren_signal_id=; parent_comment_text=,13:17,抖音评论,video,下午会涨停吗？#股票 #股民 #vlgo十亿流量扶持计划,💎对、 小东北儿,7644035850305123185,https://www.douyin.com/video/7644035850305123185,,7644065324509791025,13:17,未纳入,中性,自动映射到抖音视频评论池。,,false
2026-05-26,longge,抖音评论 13:17,大哥我没翻到他发的信息[流泪][流泪],,,,否,video_id=7644035850305123185; video_url=https://www.douyin.com/video/7644035850305123185; creator=阿龙闯大A📈; like=0; reply=0; source_type=comment; yeren_signal_id=; parent_comment_text=,13:17,抖音评论,video,下午会涨停吗？#股票 #股民 #vlgo十亿流量扶持计划,自然醒～（许嵩见过八次版）,7644035850305123185,https://www.douyin.com/video/7644035850305123185,,7644065311398380337,13:17,未纳入,中性,自动映射到抖音视频评论池。,,false
2026-05-26,longge,抖音评论 13:17,说明阳的大哥很厉害啊,,,,否,video_id=7644035850305123185; video_url=https://www.douyin.com/video/7644035850305123185; creator=阿龙闯大A📈; like=0; reply=0; source_type=comment; yeren_signal_id=; parent_comment_text=,13:17,抖音评论,video,下午会涨停吗？#股票 #股民 #vlgo十亿流量扶持计划,曲奇🍪,7644035850305123185,https://www.douyin.com/video/7644035850305123185,,7644065240330814257,13:17,未纳入,中性,自动映射到抖音视频评论池。,,false
2026-05-26,longge,抖音评论 13:17,快给大哥上龙，还好早上我看到视频了[星星眼]@啊龙闯大A,,,,否,video_id=7644035850305123185; video_url=https://www.douyin.com/video/7644035850305123185; creator=阿龙闯大A📈; like=0; reply=0; source_type=comment; yeren_signal_id=; parent_comment_text=,13:17,抖音评论,video,下午会涨停吗？#股票 #股民 #vlgo十亿流量扶持计划,铁头娃晓木木,7644035850305123185,https://www.douyin.com/video/7644035850305123185,,7644065235342803761,13:17,未纳入,中性,自动映射到抖音视频评论池。,,false
2026-05-26,longge,抖音评论 13:17,哪位大哥能告诉我卓郎为什么封不住啊[抱紧自己],,,,否,video_id=7644035850305123185; video_url=https://www.douyin.com/video/7644035850305123185; creator=阿龙闯大A📈; like=0; reply=0; source_type=comment; yeren_signal_id=; parent_comment_text=,13:17,抖音评论,video,下午会涨停吗？#股票 #股民 #vlgo十亿流量扶持计划,🍑陶桃,7644035850305123185,https://www.douyin.com/video/7644035850305123185,,7644065221859066651,13:17,未纳入,中性,自动映射到抖音视频评论池。,,false
2026-05-26,longge,抖音评论 13:17,早上没买[流泪],,,,否,video_id=7644035850305123185; video_url=https://www.douyin.com/video/7644035850305123185; creator=阿龙闯大A📈; like=0; reply=0; source_type=comment; yeren_signal_id=; parent_comment_text=,13:17,抖音评论,video,下午会涨停吗？#股票 #股民 #vlgo十亿流量扶持计划,予舍,7644035850305123185,https://www.douyin.com/video/7644035850305123185,,7644065189315789595,13:17,未纳入,中性,自动映射到抖音视频评论池。,,false
2026-05-26,longge,抖音评论 13:16,给山东那大哥上龙，买都买不进,,,,否,video_id=7644035850305123185; video_url=https://www.douyin.com/video/7644035850305123185; creator=阿龙闯大A📈; like=0; reply=0; source_type=comment; yeren_signal_id=; parent_comment_text=,13:16,抖音评论,video,下午会涨停吗？#股票 #股民 #vlgo十亿流量扶持计划,逆天,7644035850305123185,https://www.douyin.com/video/7644035850305123185,,7644065154724053803,13:16,未纳入,中性,自动映射到抖音视频评论池。,,false
2026-05-26,longge,抖音评论 13:16,牛批，我没买进去[流泪][流泪][流泪],,,,否,video_id=7644035850305123185; video_url=https://www.douyin.com/video/7644035850305123185; creator=阿龙闯大A📈; like=1; reply=0; source_type=comment; yeren_signal_id=; parent_comment_text=,13:16,抖音评论,video,下午会涨停吗？#股票 #股民 #vlgo十亿流量扶持计划,和*平,7644035850305123185,https://www.douyin.com/video/7644035850305123185,,7644065136969958198,13:16,未纳入,中性,自动映射到抖音视频评论池。,,false
2026-05-26,longge,抖音评论 13:16,真的涨停了,,,,否,video_id=7644035850305123185; video_url=https://www.douyin.com/video/7644035850305123185; creator=阿龙闯大A📈; like=0; reply=0; source_type=comment; yeren_signal_id=; parent_comment_text=,13:16,抖音评论,video,下午会涨停吗？#股票 #股民 #vlgo十亿流量扶持计划,在宜昌做金融的果果,7644035850305123185,https://www.douyin.com/video/7644035850305123185,,7644065127780385585,13:16,未纳入,中性,自动映射到抖音视频评论池。,,false
2026-05-26,longge,抖音评论 13:16,手速不够快，四个点没买到，八个点才买到[捂脸]，早知道设置价格高一点[捂脸],,,,否,video_id=7644035850305123185; video_url=https://www.douyin.com/video/7644035850305123185; creator=阿龙闯大A📈; like=0; reply=0; source_type=comment; yeren_signal_id=; parent_comment_text=,13:16,抖音评论,video,下午会涨停吗？#股票 #股民 #vlgo十亿流量扶持计划,该着,7644035850305123185,https://www.douyin.com/video/7644035850305123185,,7644065122633843483,13:16,未纳入,中性,自动映射到抖音视频评论池。,,false
2026-05-26,longge,抖音评论 13:16,山东牛逼,,,,否,video_id=7644035850305123185; video_url=https://www.douyin.com/video/7644035850305123185; creator=阿龙闯大A📈; like=0; reply=2; source_type=comment; yeren_signal_id=; parent_comment_text=,13:16,抖音评论,video,下午会涨停吗？#股票 #股民 #vlgo十亿流量扶持计划,刘鹏禹,7644035850305123185,https://www.douyin.com/video/7644035850305123185,,7644065037526844209,13:16,未纳入,中性,自动映射到抖音视频评论池。,,false
2026-05-26,longge,抖音评论 13:16,有大哥说一下利欧吗,,,,否,video_id=7644035850305123185; video_url=https://www.douyin.com/video/7644035850305123185; creator=阿龙闯大A📈; like=0; reply=0; source_type=comment; yeren_signal_id=; parent_comment_text=,13:16,抖音评论,video,下午会涨停吗？#股票 #股民 #vlgo十亿流量扶持计划,愤怒的二头肌,7644035850305123185,https://www.douyin.com/video/7644035850305123185,,7644065024722551587,13:16,未纳入,中性,自动映射到抖音视频评论池。,,false
2026-05-26,longge,抖音评论 13:16,山东大哥在哪里，受小弟一拜，牛逼👍,,,,否,video_id=7644035850305123185; video_url=https://www.douyin.com/video/7644035850305123185; creator=阿龙闯大A📈; like=0; reply=0; source_type=comment; yeren_signal_id=; parent_comment_text=,13:16,抖音评论,video,下午会涨停吗？#股票 #股民 #vlgo十亿流量扶持计划,顶峰机械,7644035850305123185,https://www.douyin.com/video/7644035850305123185,,7644065013401666304,13:16,未纳入,中性,自动映射到抖音视频评论池。,,false
2026-05-26,longge,抖音评论 13:16,给山东bq大哥安排一条龙[发怒],,,,否,video_id=7644035850305123185; video_url=https://www.douyin.com/video/7644035850305123185; creator=阿龙闯大A📈; like=0; reply=0; source_type=comment; yeren_signal_id=; parent_comment_text=,13:16,抖音评论,video,下午会涨停吗？#股票 #股民 #vlgo十亿流量扶持计划,爱吃麦当劳🍔,7644035850305123185,https://www.douyin.com/video/7644035850305123185,,7644065005335462656,13:16,未纳入,中性,自动映射到抖音视频评论池。,,false
2026-05-26,longge,抖音评论 13:16,山东波的大哥真牛逼！！！,,,,否,video_id=7644035850305123185; video_url=https://www.douyin.com/video/7644035850305123185; creator=阿龙闯大A📈; like=0; reply=0; source_type=comment; yeren_signal_id=; parent_comment_text=,13:16,抖音评论,video,下午会涨停吗？#股票 #股民 #vlgo十亿流量扶持计划,何弎㦮,7644035850305123185,https://www.douyin.com/video/7644035850305123185,,7644064975475983161,13:16,未纳入,中性,自动映射到抖音视频评论池。,,false
2026-05-26,longge,抖音评论 13:16,大哥是真大哥,,,,否,video_id=7644035850305123185; video_url=https://www.douyin.com/video/7644035850305123185; creator=阿龙闯大A📈; like=0; reply=0; source_type=comment; yeren_signal_id=; parent_comment_text=,13:16,抖音评论,video,下午会涨停吗？#股票 #股民 #vlgo十亿流量扶持计划,带桶泳-一喵⑧,7644035850305123185,https://www.douyin.com/video/7644035850305123185,,7644064940261851961,13:16,未纳入,中性,自动映射到抖音视频评论池。,,false
2026-05-26,longge,抖音评论 13:15,中午挂单现价没挤进去[流泪][流泪][流泪][流泪],,,,否,video_id=7644035850305123185; video_url=https://www.douyin.com/video/7644035850305123185; creator=阿龙闯大A📈; like=1; reply=0; source_type=comment; yeren_signal_id=; parent_comment_text=,13:15,抖音评论,video,下午会涨停吗？#股票 #股民 #vlgo十亿流量扶持计划,🍑桃子只吃脆的,7644035850305123185,https://www.douyin.com/video/7644035850305123185,,7644064910494827313,13:15,未纳入,中性,自动映射到抖音视频评论池。,,false
2026-05-26,longge,抖音评论 13:15,今天还行吧,,,,否,video_id=7644035850305123185; video_url=https://www.douyin.com/video/7644035850305123185; creator=阿龙闯大A📈; like=0; reply=0; source_type=comment; yeren_signal_id=; parent_comment_text=,13:15,抖音评论,video,下午会涨停吗？#股票 #股民 #vlgo十亿流量扶持计划,泥中韵,7644035850305123185,https://www.douyin.com/video/7644035850305123185,,7644064866316157732,13:15,未纳入,中性,自动映射到抖音视频评论池。,,false
2026-05-26,longge,抖音评论 13:15,给明阳智能大哥上龙[666][666],明阳智能(601615),,明阳智能(601615) 被提及 14 次，有效评论 14 条，来源 2 个，跨来源共振，情绪 中性，当前判断：保留观察。,待确认,video_id=7644035850305123185; video_url=https://www.douyin.com/video/7644035850305123185; creator=阿龙闯大A📈; like=8; reply=0; source_type=comment; yeren_signal_id=; parent_comment_text=,13:15,抖音评论,video,下午会涨停吗？#股票 #股民 #vlgo十亿流量扶持计划,溪蔻尚嘉妮（浦南路店）,7644035850305123185,https://www.douyin.com/video/7644035850305123185,,7644064848153985829,13:15,待确认,中性,自动映射到抖音视频评论池。,9.6,false
2026-05-26,longge,抖音评论 13:15,给大哥上龙,,,,否,video_id=7644035850305123185; video_url=https://www.douyin.com/video/7644035850305123185; creator=阿龙闯大A📈; like=0; reply=0; source_type=comment; yeren_signal_id=; parent_comment_text=,13:15,抖音评论,video,下午会涨停吗？#股票 #股民 #vlgo十亿流量扶持计划,杀菌剂,7644035850305123185,https://www.douyin.com/video/7644035850305123185,,7644064775965983514,13:15,未纳入,中性,自动映射到抖音视频评论池。,,false
2026-05-26,longge,抖音评论 13:15,"下午直接拉起来了[尬笑] 想下手  
没来得及[捂脸]",,,,否,video_id=7644035850305123185; video_url=https://www.douyin.com/video/7644035850305123185; creator=阿龙闯大A📈; like=0; reply=0; source_type=comment; yeren_signal_id=; parent_comment_text=,13:15,抖音评论,video,下午会涨停吗？#股票 #股民 #vlgo十亿流量扶持计划,甜心♥小公举,7644035850305123185,https://www.douyin.com/video/7644035850305123185,,7644064722718819122,13:15,未纳入,中性,自动映射到抖音视频评论池。,,false
2026-05-26,longge,抖音评论 13:14,埃斯顿要起飞,埃斯顿(002747),,埃斯顿(002747) 被提及 2 次，有效评论 2 条，来源 1 个，单视频线索，情绪 看多，当前判断：保留观察。,待确认,video_id=7644035850305123185; video_url=https://www.douyin.com/video/7644035850305123185; creator=阿龙闯大A📈; like=2; reply=5; source_type=comment; yeren_signal_id=; parent_comment_text=,13:14,抖音评论,video,下午会涨停吗？#股票 #股民 #vlgo十亿流量扶持计划,黄笑长,7644035850305123185,https://www.douyin.com/video/7644035850305123185,,7644064662737437489,13:14,待确认,看多,自动映射到抖音视频评论池。,6.9,false
2026-05-26,longge,抖音评论 13:14,开盘就追的，没追上[流泪],,,,否,video_id=7644035850305123185; video_url=https://www.douyin.com/video/7644035850305123185; creator=阿龙闯大A📈; like=1; reply=1; source_type=comment; yeren_signal_id=; parent_comment_text=,13:14,抖音评论,video,下午会涨停吗？#股票 #股民 #vlgo十亿流量扶持计划,Aa,7644035850305123185,https://www.douyin.com/video/7644035850305123185,,7644064654927315770,13:14,未纳入,中性,自动映射到抖音视频评论池。,,false
2026-05-26,longge,抖音评论 13:14,山东大哥还有票吗,,,,否,video_id=7644035850305123185; video_url=https://www.douyin.com/video/7644035850305123185; creator=阿龙闯大A📈; like=0; reply=0; source_type=comment; yeren_signal_id=; parent_comment_text=,13:14,抖音评论,video,下午会涨停吗？#股票 #股民 #vlgo十亿流量扶持计划,渠成水道,7644035850305123185,https://www.douyin.com/video/7644035850305123185,,7644064655060534053,13:14,未纳入,中性,自动映射到抖音视频评论池。,,false
2026-05-26,longge,抖音评论 13:14,大哥人呢,,,,否,video_id=7644035850305123185; video_url=https://www.douyin.com/video/7644035850305123185; creator=阿龙闯大A📈; like=0; reply=0; source_type=comment; yeren_signal_id=; parent_comment_text=,13:14,抖音评论,video,下午会涨停吗？#股票 #股民 #vlgo十亿流量扶持计划,自然醒～（许嵩见过八次版）,7644035850305123185,https://www.douyin.com/video/7644035850305123185,,7644064626569593658,13:14,未纳入,中性,自动映射到抖音视频评论池。,,false
2026-05-26,longge,抖音评论 13:14,大哥，能看到吗，明天还涨停的话我给你寄我家乡特产，有海鲜，还有马上上市的杨梅，全中国最好吃的杨梅[偷笑]，看到给我留个言[偷笑],,,,否,video_id=7644035850305123185; video_url=https://www.douyin.com/video/7644035850305123185; creator=阿龙闯大A📈; like=0; reply=0; source_type=comment; yeren_signal_id=; parent_comment_text=,13:14,抖音评论,video,下午会涨停吗？#股票 #股民 #vlgo十亿流量扶持计划,Jiang.☀️,7644035850305123185,https://www.douyin.com/video/7644035850305123185,,7644064600799773482,13:14,未纳入,中性,自动映射到抖音视频评论池。,,false
2026-05-26,longge,抖音评论 13:14,牛b，怪自己犹豫了[捂脸],,,,否,video_id=7644035850305123185; video_url=https://www.douyin.com/video/7644035850305123185; creator=阿龙闯大A📈; like=1; reply=0; source_type=comment; yeren_signal_id=; parent_comment_text=,13:14,抖音评论,video,下午会涨停吗？#股票 #股民 #vlgo十亿流量扶持计划,无限时光,7644035850305123185,https://www.douyin.com/video/7644035850305123185,,7644064601696846650,13:14,未纳入,中性,自动映射到抖音视频评论池。,,false
2026-05-26,longge,抖音评论 13:14,山东玻纤[赞],,,,否,video_id=7644035850305123185; video_url=https://www.douyin.com/video/7644035850305123185; creator=阿龙闯大A📈; like=1; reply=0; source_type=comment; yeren_signal_id=; parent_comment_text=,13:14,抖音评论,video,下午会涨停吗？#股票 #股民 #vlgo十亿流量扶持计划,奋斗的工程人,7644035850305123185,https://www.douyin.com/video/7644035850305123185,,7644064589588988709,13:14,未纳入,中性,自动映射到抖音视频评论池。,,false
2026-05-26,longge,抖音评论 13:14,6，刷到就去追了，坐等,,,,否,video_id=7644035850305123185; video_url=https://www.douyin.com/video/7644035850305123185; creator=阿龙闯大A📈; like=0; reply=0; source_type=comment; yeren_signal_id=; parent_comment_text=,13:14,抖音评论,video,下午会涨停吗？#股票 #股民 #vlgo十亿流量扶持计划,麦麦,7644035850305123185,https://www.douyin.com/video/7644035850305123185,,7644064554523984675,13:14,未纳入,中性,自动映射到抖音视频评论池。,,false
2026-05-26,longge,抖音评论 13:14,浙能电力，我要上🐲,浙能电力(600023),,浙能电力(600023) 被提及 1 次，有效评论 1 条，来源 1 个，单视频线索，情绪 中性，当前判断：保留观察。,待确认,video_id=7644035850305123185; video_url=https://www.douyin.com/video/7644035850305123185; creator=阿龙闯大A📈; like=4; reply=4; source_type=comment; yeren_signal_id=; parent_comment_text=,13:14,抖音评论,video,下午会涨停吗？#股票 #股民 #vlgo十亿流量扶持计划,满天星火,7644035850305123185,https://www.douyin.com/video/7644035850305123185,,7644064549436048177,13:14,待确认,中性,自动映射到抖音视频评论池。,6.4,false
2026-05-26,longge,抖音评论 13:14,大盘不行，下午都去电力避险[捂脸],,,,否,video_id=7644035850305123185; video_url=https://www.douyin.com/video/7644035850305123185; creator=阿龙闯大A📈; like=0; reply=0; source_type=comment; yeren_signal_id=; parent_comment_text=,13:14,抖音评论,video,下午会涨停吗？#股票 #股民 #vlgo十亿流量扶持计划,转瞬即逝,7644035850305123185,https://www.douyin.com/video/7644035850305123185,,7644064517898912549,13:14,未纳入,中性,自动映射到抖音视频评论池。,,false
2026-05-26,longge,抖音评论 13:14,谁说的双良节能[泣不成声],双良节能(600481),,双良节能(600481) 被提及 3 次，有效评论 3 条，来源 2 个，跨来源共振，情绪 中性，当前判断：保留观察。,待确认,video_id=7644035850305123185; video_url=https://www.douyin.com/video/7644035850305123185; creator=阿龙闯大A📈; like=2; reply=4; source_type=comment; yeren_signal_id=; parent_comment_text=,13:14,抖音评论,video,下午会涨停吗？#股票 #股民 #vlgo十亿流量扶持计划,都叫我佩奇,7644035850305123185,https://www.douyin.com/video/7644035850305123185,,7644064502376825637,13:14,待确认,中性,自动映射到抖音视频评论池。,8.0,false
2026-05-26,longge,抖音评论 13:14,下次能不能明显点，我们都不知道[流泪][流泪],,,,否,video_id=7644035850305123185; video_url=https://www.douyin.com/video/7644035850305123185; creator=阿龙闯大A📈; like=1; reply=0; source_type=comment; yeren_signal_id=; parent_comment_text=,13:14,抖音评论,video,下午会涨停吗？#股票 #股民 #vlgo十亿流量扶持计划,腾宝,7644035850305123185,https://www.douyin.com/video/7644035850305123185,,7644064475964556073,13:14,未纳入,中性,自动映射到抖音视频评论池。,,false
2026-05-26,longge,抖音评论 13:14,牛逼,,,,否,video_id=7644035850305123185; video_url=https://www.douyin.com/video/7644035850305123185; creator=阿龙闯大A📈; like=0; reply=0; source_type=comment; yeren_signal_id=; parent_comment_text=,13:14,抖音评论,video,下午会涨停吗？#股票 #股民 #vlgo十亿流量扶持计划,阿帕茶,7644035850305123185,https://www.douyin.com/video/7644035850305123185,,7644064463852077875,13:14,未纳入,中性,自动映射到抖音视频评论池。,,false
2026-05-26,longge,抖音评论 13:14,会不会都是咱们粉丝买涨的,,,,否,video_id=7644035850305123185; video_url=https://www.douyin.com/video/7644035850305123185; creator=阿龙闯大A📈; like=3; reply=0; source_type=comment; yeren_signal_id=; parent_comment_text=,13:14,抖音评论,video,下午会涨停吗？#股票 #股民 #vlgo十亿流量扶持计划,季怀,7644035850305123185,https://www.douyin.com/video/7644035850305123185,,7644064453248615217,13:14,未纳入,中性,自动映射到抖音视频评论池。,,false
2026-05-26,longge,抖音评论 13:13,真大哥,,,,否,video_id=7644035850305123185; video_url=https://www.douyin.com/video/7644035850305123185; creator=阿龙闯大A📈; like=0; reply=0; source_type=comment; yeren_signal_id=; parent_comment_text=,13:13,抖音评论,video,下午会涨停吗？#股票 #股民 #vlgo十亿流量扶持计划,樱桃🍒的小丸子,7644035850305123185,https://www.douyin.com/video/7644035850305123185,,7644064388453860153,13:13,未纳入,中性,自动映射到抖音视频评论池。,,false
2026-05-26,longge,抖音评论 13:13,红板，来不及了,,,,否,video_id=7644035850305123185; video_url=https://www.douyin.com/video/7644035850305123185; creator=阿龙闯大A📈; like=0; reply=0; source_type=comment; yeren_signal_id=; parent_comment_text=,13:13,抖音评论,video,下午会涨停吗？#股票 #股民 #vlgo十亿流量扶持计划,琥珀大人,7644035850305123185,https://www.douyin.com/video/7644035850305123185,,7644064373359887139,13:13,未纳入,中性,自动映射到抖音视频评论池。,,false
2026-05-26,longge,抖音评论 13:13,之前说双星新材的大哥在哪，我将永远追随你[星星眼][星星眼],双星新材(002585),,双星新材(002585) 被提及 3 次，有效评论 3 条，来源 2 个，跨来源共振，情绪 中性，当前判断：保留观察。,待确认,video_id=7644035850305123185; video_url=https://www.douyin.com/video/7644035850305123185; creator=阿龙闯大A📈; like=2; reply=5; source_type=comment; yeren_signal_id=; parent_comment_text=,13:13,抖音评论,video,下午会涨停吗？#股票 #股民 #vlgo十亿流量扶持计划,中奖用户,7644035850305123185,https://www.douyin.com/video/7644035850305123185,,7644064360604320571,13:13,待确认,中性,自动映射到抖音视频评论池。,8.0,false
2026-05-26,longge,抖音评论 13:13,山东bq能有三个板吗？[呲牙],,,,否,video_id=7644035850305123185; video_url=https://www.douyin.com/video/7644035850305123185; creator=阿龙闯大A📈; like=0; reply=0; source_type=comment; yeren_signal_id=; parent_comment_text=,13:13,抖音评论,video,下午会涨停吗？#股票 #股民 #vlgo十亿流量扶持计划,做人嘛，总要信,7644035850305123185,https://www.douyin.com/video/7644035850305123185,,7644064353587430193,13:13,未纳入,中性,自动映射到抖音视频评论池。,,false
2026-05-26,longge,抖音评论 13:13,明阳智能大哥厉害，吃了几个点跑了，感谢。[呲牙],,,,否,video_id=7644035850305123185; video_url=https://www.douyin.com/video/7644035850305123185; creator=阿龙闯大A📈; like=1; reply=0; source_type=comment; yeren_signal_id=; parent_comment_text=,13:13,抖音评论,video,下午会涨停吗？#股票 #股民 #vlgo十亿流量扶持计划,海水,7644035850305123185,https://www.douyin.com/video/7644035850305123185,,7644064283928396571,13:13,未纳入,中性,自动映射到抖音视频评论池。,,false
2026-05-26,longge,抖音评论 13:13,明阳智能的大哥呢？评论怎么删了,,,,否,video_id=7644035850305123185; video_url=https://www.douyin.com/video/7644035850305123185; creator=阿龙闯大A📈; like=2; reply=5; source_type=comment; yeren_signal_id=; parent_comment_text=,13:13,抖音评论,video,下午会涨停吗？#股票 #股民 #vlgo十亿流量扶持计划,魏魏一笑,7644035850305123185,https://www.douyin.com/video/7644035850305123185,,7644064216844256042,13:13,未纳入,中性,自动映射到抖音视频评论池。,,false
2026-05-26,longge,抖音评论 13:13,大哥，我跳起来买了1手 ，差点买不到了[呲牙],,,评论热度较高，但暂未自动识别到明确股票线索，保留人工复核。,待确认,video_id=7644035850305123185; video_url=https://www.douyin.com/video/7644035850305123185; creator=阿龙闯大A📈; like=5; reply=10; source_type=comment; yeren_signal_id=; parent_comment_text=,13:13,抖音评论,video,下午会涨停吗？#股票 #股民 #vlgo十亿流量扶持计划,🌙亿万富婆,7644035850305123185,https://www.douyin.com/video/7644035850305123185,,7644064186934641454,13:13,待确认,中性,自动映射到抖音视频评论池。,6.2,false
2026-05-26,longge,抖音评论 13:12,没买上,,,,否,video_id=7644035850305123185; video_url=https://www.douyin.com/video/7644035850305123185; creator=阿龙闯大A📈; like=0; reply=0; source_type=comment; yeren_signal_id=; parent_comment_text=,13:12,抖音评论,video,下午会涨停吗？#股票 #股民 #vlgo十亿流量扶持计划,时间@煮水,7644035850305123185,https://www.douyin.com/video/7644035850305123185,,7644064148313867057,13:12,未纳入,中性,自动映射到抖音视频评论池。,,false
2026-05-26,longge,抖音评论 13:12,明阳 也起来了,,,,否,video_id=7644035850305123185; video_url=https://www.douyin.com/video/7644035850305123185; creator=阿龙闯大A📈; like=1; reply=0; source_type=comment; yeren_signal_id=; parent_comment_text=,13:12,抖音评论,video,下午会涨停吗？#股票 #股民 #vlgo十亿流量扶持计划,绿水青山,7644035850305123185,https://www.douyin.com/video/7644035850305123185,,7644064115673695035,13:12,未纳入,中性,自动映射到抖音视频评论池。,,false
2026-05-26,longge,抖音评论 13:12,说明阳的那个大哥也有点东西,,,,否,video_id=7644035850305123185; video_url=https://www.douyin.com/video/7644035850305123185; creator=阿龙闯大A📈; like=1; reply=1; source_type=comment; yeren_signal_id=; parent_comment_text=,13:12,抖音评论,video,下午会涨停吗？#股票 #股民 #vlgo十亿流量扶持计划,👉💛👈,7644035850305123185,https://www.douyin.com/video/7644035850305123185,,7644064084459193137,13:12,未纳入,中性,自动映射到抖音视频评论池。,,false
2026-05-26,longge,抖音评论 13:12,感谢大哥 半山腰进的,,,,否,video_id=7644035850305123185; video_url=https://www.douyin.com/video/7644035850305123185; creator=阿龙闯大A📈; like=0; reply=0; source_type=comment; yeren_signal_id=; parent_comment_text=,13:12,抖音评论,video,下午会涨停吗？#股票 #股民 #vlgo十亿流量扶持计划,芒果树上有菠萝,7644035850305123185,https://www.douyin.com/video/7644035850305123185,,7644064072955413297,13:12,未纳入,中性,自动映射到抖音视频评论池。,,false
2026-05-26,longge,抖音评论 13:12,上龙上龙。这怕是主力额,,,,否,video_id=7644035850305123185; video_url=https://www.douyin.com/video/7644035850305123185; creator=阿龙闯大A📈; like=0; reply=0; source_type=comment; yeren_signal_id=; parent_comment_text=,13:12,抖音评论,video,下午会涨停吗？#股票 #股民 #vlgo十亿流量扶持计划,金钱豹,7644035850305123185,https://www.douyin.com/video/7644035850305123185,,7644064025429410586,13:12,未纳入,中性,自动映射到抖音视频评论池。,,false
2026-05-26,longge,抖音评论 13:12,涨停了，追着买了1000,,,,否,video_id=7644035850305123185; video_url=https://www.douyin.com/video/7644035850305123185; creator=阿龙闯大A📈; like=1; reply=5; source_type=comment; yeren_signal_id=; parent_comment_text=,13:12,抖音评论,video,下午会涨停吗？#股票 #股民 #vlgo十亿流量扶持计划,上善若萍,7644035850305123185,https://www.douyin.com/video/7644035850305123185,,7644064004771857189,13:12,未纳入,中性,自动映射到抖音视频评论池。,,false
2026-05-26,longge,抖音评论 13:12,没买进去[捂脸],,,,否,video_id=7644035850305123185; video_url=https://www.douyin.com/video/7644035850305123185; creator=阿龙闯大A📈; like=0; reply=0; source_type=comment; yeren_signal_id=; parent_comment_text=,13:12,抖音评论,video,下午会涨停吗？#股票 #股民 #vlgo十亿流量扶持计划,杨紫焱,7644035850305123185,https://www.douyin.com/video/7644035850305123185,,7644063936719766312,13:12,未纳入,中性,自动映射到抖音视频评论池。,,false
2026-05-26,longge,抖音评论 13:12,大哥nb[比心],,,,否,video_id=7644035850305123185; video_url=https://www.douyin.com/video/7644035850305123185; creator=阿龙闯大A📈; like=0; reply=0; source_type=comment; yeren_signal_id=; parent_comment_text=,13:12,抖音评论,video,下午会涨停吗？#股票 #股民 #vlgo十亿流量扶持计划,New Tomorrow,7644035850305123185,https://www.douyin.com/video/7644035850305123185,,7644063930914833201,13:12,未纳入,中性,自动映射到抖音视频评论池。,,false
2026-05-26,longge,抖音评论 13:11,涨停了,,,,否,video_id=7644035850305123185; video_url=https://www.douyin.com/video/7644035850305123185; creator=阿龙闯大A📈; like=0; reply=0; source_type=comment; yeren_signal_id=; parent_comment_text=,13:11,抖音评论,video,下午会涨停吗？#股票 #股民 #vlgo十亿流量扶持计划,王小米,7644035850305123185,https://www.douyin.com/video/7644035850305123185,,7644063896601871147,13:11,未纳入,中性,自动映射到抖音视频评论池。,,false
2026-05-26,longge,抖音评论 13:11,看一下，直接拉涨停，666,,,,否,video_id=7644035850305123185; video_url=https://www.douyin.com/video/7644035850305123185; creator=阿龙闯大A📈; like=0; reply=2; source_type=comment; yeren_signal_id=; parent_comment_text=,13:11,抖音评论,video,下午会涨停吗？#股票 #股民 #vlgo十亿流量扶持计划,蕤人娜楠,7644035850305123185,https://www.douyin.com/video/7644035850305123185,,7644063882839540539,13:11,未纳入,中性,自动映射到抖音视频评论池。,,false
2026-05-26,longge,抖音评论 13:11,真神了,,,,否,video_id=7644035850305123185; video_url=https://www.douyin.com/video/7644035850305123185; creator=阿龙闯大A📈; like=0; reply=0; source_type=comment; yeren_signal_id=; parent_comment_text=,13:11,抖音评论,video,下午会涨停吗？#股票 #股民 #vlgo十亿流量扶持计划,陈海军,7644035850305123185,https://www.douyin.com/video/7644035850305123185,,7644063867296138038,13:11,未纳入,中性,自动映射到抖音视频评论池。,,false
2026-05-26,longge,抖音评论 13:11,就是中午看了你的视频，我正好买进去了，不过有点高17.71,,,,否,video_id=7644035850305123185; video_url=https://www.douyin.com/video/7644035850305123185; creator=阿龙闯大A📈; like=0; reply=0; source_type=comment; yeren_signal_id=; parent_comment_text=,13:11,抖音评论,video,下午会涨停吗？#股票 #股民 #vlgo十亿流量扶持计划,温暖的太阳,7644035850305123185,https://www.douyin.com/video/7644035850305123185,,7644063831102997282,13:11,未纳入,中性,自动映射到抖音视频评论池。,,false
2026-05-26,longge,抖音评论 13:11,涨停了！ 绝了！ 大哥太牛了👍,,,,否,video_id=7644035850305123185; video_url=https://www.douyin.com/video/7644035850305123185; creator=阿龙闯大A📈; like=0; reply=0; source_type=comment; yeren_signal_id=; parent_comment_text=,13:11,抖音评论,video,下午会涨停吗？#股票 #股民 #vlgo十亿流量扶持计划,玲子,7644035850305123185,https://www.douyin.com/video/7644035850305123185,,7644063827625280293,13:11,未纳入,中性,自动映射到抖音视频评论池。,,false
2026-05-26,longge,抖音评论 13:11,真大哥 膜拜一哈 这个月亏4万了[流泪],,,,否,video_id=7644035850305123185; video_url=https://www.douyin.com/video/7644035850305123185; creator=阿龙闯大A📈; like=0; reply=0; source_type=comment; yeren_signal_id=; parent_comment_text=,13:11,抖音评论,video,下午会涨停吗？#股票 #股民 #vlgo十亿流量扶持计划,xiao'yi,7644035850305123185,https://www.douyin.com/video/7644035850305123185,,7644063793060135734,13:11,未纳入,中性,自动映射到抖音视频评论池。,,false
2026-05-26,longge,抖音评论 13:11,哎呦我去！我中午刚刷到,,,,否,video_id=7644035850305123185; video_url=https://www.douyin.com/video/7644035850305123185; creator=阿龙闯大A📈; like=0; reply=0; source_type=comment; yeren_signal_id=; parent_comment_text=,13:11,抖音评论,video,下午会涨停吗？#股票 #股民 #vlgo十亿流量扶持计划,伍小胖,7644035850305123185,https://www.douyin.com/video/7644035850305123185,,7644063790095205157,13:11,未纳入,中性,自动映射到抖音视频评论池。,,false
2026-05-26,longge,抖音评论 13:11,你把大神都拉进腾龙阁里，管不管我们[泪奔][泪奔][泪奔],,,,否,video_id=7644035850305123185; video_url=https://www.douyin.com/video/7644035850305123185; creator=阿龙闯大A📈; like=0; reply=0; source_type=comment; yeren_signal_id=; parent_comment_text=,13:11,抖音评论,video,下午会涨停吗？#股票 #股民 #vlgo十亿流量扶持计划,艾丽娅  ࿆ ॐ,7644035850305123185,https://www.douyin.com/video/7644035850305123185,,7644063751956349755,13:11,未纳入,中性,自动映射到抖音视频评论池。,,false
2026-05-26,longge,抖音评论 13:11,果然涨停了,,,,否,video_id=7644035850305123185; video_url=https://www.douyin.com/video/7644035850305123185; creator=阿龙闯大A📈; like=0; reply=0; source_type=comment; yeren_signal_id=; parent_comment_text=,13:11,抖音评论,video,下午会涨停吗？#股票 #股民 #vlgo十亿流量扶持计划,Guo,7644035850305123185,https://www.douyin.com/video/7644035850305123185,,7644063745236878117,13:11,未纳入,中性,自动映射到抖音视频评论池。,,false
2026-05-26,longge,抖音评论 13:10,确实停了,,,,否,video_id=7644035850305123185; video_url=https://www.douyin.com/video/7644035850305123185; creator=阿龙闯大A📈; like=0; reply=0; source_type=comment; yeren_signal_id=; parent_comment_text=,13:10,抖音评论,video,下午会涨停吗？#股票 #股民 #vlgo十亿流量扶持计划,小新没有蜡笔,7644035850305123185,https://www.douyin.com/video/7644035850305123185,,7644063617798128442,13:10,未纳入,中性,自动映射到抖音视频评论池。,,false
2026-05-26,longge,抖音评论 13:10,涨停了～,,,,否,video_id=7644035850305123185; video_url=https://www.douyin.com/video/7644035850305123185; creator=阿龙闯大A📈; like=0; reply=0; source_type=comment; yeren_signal_id=; parent_comment_text=,13:10,抖音评论,video,下午会涨停吗？#股票 #股民 #vlgo十亿流量扶持计划,半成熟。,7644035850305123185,https://www.douyin.com/video/7644035850305123185,,7644063630547845897,13:10,未纳入,中性,自动映射到抖音视频评论池。,,false
2026-05-26,longge,抖音评论 13:10,这真是大哥,,,,否,video_id=7644035850305123185; video_url=https://www.douyin.com/video/7644035850305123185; creator=阿龙闯大A📈; like=0; reply=1; source_type=comment; yeren_signal_id=; parent_comment_text=,13:10,抖音评论,video,下午会涨停吗？#股票 #股民 #vlgo十亿流量扶持计划,听.,7644035850305123185,https://www.douyin.com/video/7644035850305123185,,7644063615880495921,13:10,未纳入,中性,自动映射到抖音视频评论池。,,false
2026-05-26,longge,抖音评论 13:10,有没有大哥说下下午买啥[尬笑],,,,否,video_id=7644035850305123185; video_url=https://www.douyin.com/video/7644035850305123185; creator=阿龙闯大A📈; like=0; reply=0; source_type=comment; yeren_signal_id=; parent_comment_text=,13:10,抖音评论,video,下午会涨停吗？#股票 #股民 #vlgo十亿流量扶持计划,沫之夏探无锡🌸,7644035850305123185,https://www.douyin.com/video/7644035850305123185,,7644063584397493018,13:10,未纳入,中性,自动映射到抖音视频评论池。,,false
2026-05-26,longge,抖音评论 13:10,大哥[赞],,,,否,video_id=7644035850305123185; video_url=https://www.douyin.com/video/7644035850305123185; creator=阿龙闯大A📈; like=0; reply=0; source_type=comment; yeren_signal_id=; parent_comment_text=,13:10,抖音评论,video,下午会涨停吗？#股票 #股民 #vlgo十亿流量扶持计划,偷用了妈妈的玉兰油,7644035850305123185,https://www.douyin.com/video/7644035850305123185,,7644063576937022234,13:10,未纳入,中性,自动映射到抖音视频评论池。,,false
2026-05-26,longge,抖音评论 13:10,真牛逼我靠,,,,否,video_id=7644035850305123185; video_url=https://www.douyin.com/video/7644035850305123185; creator=阿龙闯大A📈; like=0; reply=0; source_type=comment; yeren_signal_id=; parent_comment_text=,13:10,抖音评论,video,下午会涨停吗？#股票 #股民 #vlgo十亿流量扶持计划,听.,7644035850305123185,https://www.douyin.com/video/7644035850305123185,,7644063571907887929,13:10,未纳入,中性,自动映射到抖音视频评论池。,,false
2026-05-26,longge,抖音评论 13:10,太快了，8点多才买进,,,,否,video_id=7644035850305123185; video_url=https://www.douyin.com/video/7644035850305123185; creator=阿龙闯大A📈; like=0; reply=0; source_type=comment; yeren_signal_id=; parent_comment_text=,13:10,抖音评论,video,下午会涨停吗？#股票 #股民 #vlgo十亿流量扶持计划,幸运欣☀️,7644035850305123185,https://www.douyin.com/video/7644035850305123185,,7644063566291698472,13:10,未纳入,中性,自动映射到抖音视频评论池。,,false
2026-05-26,longge,抖音评论 13:10,明天买啥[泪奔],,,,否,video_id=7644035850305123185; video_url=https://www.douyin.com/video/7644035850305123185; creator=阿龙闯大A📈; like=0; reply=0; source_type=comment; yeren_signal_id=; parent_comment_text=,13:10,抖音评论,video,下午会涨停吗？#股票 #股民 #vlgo十亿流量扶持计划,𓆩李李o𓆪📈,7644035850305123185,https://www.douyin.com/video/7644035850305123185,,7644063567529034545,13:10,未纳入,中性,自动映射到抖音视频评论池。,,false
2026-05-26,longge,抖音评论 13:10,给大哥上龙,,,,否,video_id=7644035850305123185; video_url=https://www.douyin.com/video/7644035850305123185; creator=阿龙闯大A📈; like=0; reply=0; source_type=comment; yeren_signal_id=; parent_comment_text=,13:10,抖音评论,video,下午会涨停吗？#股票 #股民 #vlgo十亿流量扶持计划,十六七,7644035850305123185,https://www.douyin.com/video/7644035850305123185,,7644063535774679857,13:10,未纳入,中性,自动映射到抖音视频评论池。,,false
2026-05-26,longge,抖音评论 13:10,多多昨天进的[黑脸],,,,否,video_id=7644035850305123185; video_url=https://www.douyin.com/video/7644035850305123185; creator=阿龙闯大A📈; like=0; reply=0; source_type=comment; yeren_signal_id=; parent_comment_text=,13:10,抖音评论,video,下午会涨停吗？#股票 #股民 #vlgo十亿流量扶持计划,77侠,7644035850305123185,https://www.douyin.com/video/7644035850305123185,,7644063528547517210,13:10,未纳入,中性,自动映射到抖音视频评论池。,,false
2026-05-26,longge,抖音评论 13:10,买不到妈的真的板了,,,,否,video_id=7644035850305123185; video_url=https://www.douyin.com/video/7644035850305123185; creator=阿龙闯大A📈; like=0; reply=0; source_type=comment; yeren_signal_id=; parent_comment_text=,13:10,抖音评论,video,下午会涨停吗？#股票 #股民 #vlgo十亿流量扶持计划,二手机大王@磊,7644035850305123185,https://www.douyin.com/video/7644035850305123185,,7644063531305861946,13:10,未纳入,中性,自动映射到抖音视频评论池。,,false
2026-05-26,longge,抖音评论 13:10,涨停了,,,,否,video_id=7644035850305123185; video_url=https://www.douyin.com/video/7644035850305123185; creator=阿龙闯大A📈; like=0; reply=0; source_type=comment; yeren_signal_id=; parent_comment_text=,13:10,抖音评论,video,下午会涨停吗？#股票 #股民 #vlgo十亿流量扶持计划,云飞扬,7644035850305123185,https://www.douyin.com/video/7644035850305123185,,7644063560976925492,13:10,未纳入,中性,自动映射到抖音视频评论池。,,false
2026-05-26,longge,抖音评论 13:10,大哥封神[赞]给大哥上🐉上🐉,,,,否,video_id=7644035850305123185; video_url=https://www.douyin.com/video/7644035850305123185; creator=阿龙闯大A📈; like=0; reply=2; source_type=comment; yeren_signal_id=; parent_comment_text=,13:10,抖音评论,video,下午会涨停吗？#股票 #股民 #vlgo十亿流量扶持计划,☾⋆Mmོོღ,7644035850305123185,https://www.douyin.com/video/7644035850305123185,,7644063515872215843,13:10,未纳入,中性,自动映射到抖音视频评论池。,,false
2026-05-26,longge,抖音评论 13:10,过分了，才看到,,,,否,video_id=7644035850305123185; video_url=https://www.douyin.com/video/7644035850305123185; creator=阿龙闯大A📈; like=0; reply=0; source_type=comment; yeren_signal_id=; parent_comment_text=,13:10,抖音评论,video,下午会涨停吗？#股票 #股民 #vlgo十亿流量扶持计划,小圆子,7644035850305123185,https://www.douyin.com/video/7644035850305123185,,7644063514344686394,13:10,未纳入,中性,自动映射到抖音视频评论池。,,false
2026-05-26,longge,抖音评论 13:10,着急忙慌买进去了[捂脸],,,,否,video_id=7644035850305123185; video_url=https://www.douyin.com/video/7644035850305123185; creator=阿龙闯大A📈; like=0; reply=0; source_type=comment; yeren_signal_id=; parent_comment_text=,13:10,抖音评论,video,下午会涨停吗？#股票 #股民 #vlgo十亿流量扶持计划,山谷,7644035850305123185,https://www.douyin.com/video/7644035850305123185,,7644063510679438139,13:10,未纳入,中性,自动映射到抖音视频评论池。,,false
2026-05-26,longge,抖音评论 13:10,昨天也看到这个了，加入自选，好烦人，准备1点开盘进的，拿起手机就1点2分了，9个点了，错过6个点了,,,,否,video_id=7644035850305123185; video_url=https://www.douyin.com/video/7644035850305123185; creator=阿龙闯大A📈; like=3; reply=2; source_type=comment; yeren_signal_id=; parent_comment_text=,13:10,抖音评论,video,下午会涨停吗？#股票 #股民 #vlgo十亿流量扶持计划,芒果🥭芒果,7644035850305123185,https://www.douyin.com/video/7644035850305123185,,7644063501665157925,13:10,未纳入,中性,自动映射到抖音视频评论池。,,false
2026-05-26,longge,抖音评论 13:10,咋个拉大直线，追都追不上[晕],,,,否,video_id=7644035850305123185; video_url=https://www.douyin.com/video/7644035850305123185; creator=阿龙闯大A📈; like=0; reply=0; source_type=comment; yeren_signal_id=; parent_comment_text=,13:10,抖音评论,video,下午会涨停吗？#股票 #股民 #vlgo十亿流量扶持计划,夏了夏天.,7644035850305123185,https://www.douyin.com/video/7644035850305123185,,7644063497890792255,13:10,未纳入,中性,自动映射到抖音视频评论池。,,false
2026-05-26,longge,抖音评论 13:10,牛逼,,,,否,video_id=7644035850305123185; video_url=https://www.douyin.com/video/7644035850305123185; creator=阿龙闯大A📈; like=0; reply=0; source_type=comment; yeren_signal_id=; parent_comment_text=,13:10,抖音评论,video,下午会涨停吗？#股票 #股民 #vlgo十亿流量扶持计划,鲨鱼辣椒🌶️🌶️🌶️,7644035850305123185,https://www.douyin.com/video/7644035850305123185,,7644063494778487587,13:10,未纳入,中性,自动映射到抖音视频评论池。,,false
2026-05-26,longge,抖音评论 13:10,给山东波哥上龙,,,,否,video_id=7644035850305123185; video_url=https://www.douyin.com/video/7644035850305123185; creator=阿龙闯大A📈; like=0; reply=0; source_type=comment; yeren_signal_id=; parent_comment_text=,13:10,抖音评论,video,下午会涨停吗？#股票 #股民 #vlgo十亿流量扶持计划,金钧泽,7644035850305123185,https://www.douyin.com/video/7644035850305123185,,7644063473152148273,13:10,未纳入,中性,自动映射到抖音视频评论池。,,false
2026-05-26,longge,抖音评论 13:10,握草十四个点,,,,否,video_id=7644035850305123185; video_url=https://www.douyin.com/video/7644035850305123185; creator=阿龙闯大A📈; like=0; reply=0; source_type=comment; yeren_signal_id=; parent_comment_text=,13:10,抖音评论,video,下午会涨停吗？#股票 #股民 #vlgo十亿流量扶持计划,魔法披风,7644035850305123185,https://www.douyin.com/video/7644035850305123185,,7644063469058196262,13:10,未纳入,中性,自动映射到抖音视频评论池。,,false
2026-05-26,longge,抖音评论 13:10,牛啊,,,,否,video_id=7644035850305123185; video_url=https://www.douyin.com/video/7644035850305123185; creator=阿龙闯大A📈; like=0; reply=0; source_type=comment; yeren_signal_id=; parent_comment_text=,13:10,抖音评论,video,下午会涨停吗？#股票 #股民 #vlgo十亿流量扶持计划,秋,7644035850305123185,https://www.douyin.com/video/7644035850305123185,,7644063455616467748,13:10,未纳入,中性,自动映射到抖音视频评论池。,,false
2026-05-26,longge,抖音评论 13:10,涨停了,,,,否,video_id=7644035850305123185; video_url=https://www.douyin.com/video/7644035850305123185; creator=阿龙闯大A📈; like=0; reply=0; source_type=comment; yeren_signal_id=; parent_comment_text=,13:10,抖音评论,video,下午会涨停吗？#股票 #股民 #vlgo十亿流量扶持计划,转身、沉默,7644035850305123185,https://www.douyin.com/video/7644035850305123185,,7644063555344384825,13:10,未纳入,中性,自动映射到抖音视频评论池。,,false
2026-05-26,longge,抖音评论 13:10,强啊，中午没挂进去,,,,否,video_id=7644035850305123185; video_url=https://www.douyin.com/video/7644035850305123185; creator=阿龙闯大A📈; like=0; reply=0; source_type=comment; yeren_signal_id=; parent_comment_text=,13:10,抖音评论,video,下午会涨停吗？#股票 #股民 #vlgo十亿流量扶持计划,初九,7644035850305123185,https://www.douyin.com/video/7644035850305123185,,7644063444644250425,13:10,未纳入,中性,自动映射到抖音视频评论池。,,false
2026-05-26,longge,抖音评论 13:09,真涨停了 来不及买[笑哭][笑哭],,,,否,video_id=7644035850305123185; video_url=https://www.douyin.com/video/7644035850305123185; creator=阿龙闯大A📈; like=0; reply=0; source_type=comment; yeren_signal_id=; parent_comment_text=,13:09,抖音评论,video,下午会涨停吗？#股票 #股民 #vlgo十亿流量扶持计划,人间🍻清风 ࿐,7644035850305123185,https://www.douyin.com/video/7644035850305123185,,7644063374431748901,13:09,未纳入,中性,自动映射到抖音视频评论池。,,false
2026-05-26,longge,抖音评论 13:09,冲进去了,,,,否,video_id=7644035850305123185; video_url=https://www.douyin.com/video/7644035850305123185; creator=阿龙闯大A📈; like=0; reply=0; source_type=comment; yeren_signal_id=; parent_comment_text=,13:09,抖音评论,video,下午会涨停吗？#股票 #股民 #vlgo十亿流量扶持计划,错别字大王,7644035850305123185,https://www.douyin.com/video/7644035850305123185,,7644063361458619195,13:09,未纳入,中性,自动映射到抖音视频评论池。,,false
2026-05-26,longge,抖音评论 13:09,板了[赞],,,,否,video_id=7644035850305123185; video_url=https://www.douyin.com/video/7644035850305123185; creator=阿龙闯大A📈; like=0; reply=0; source_type=comment; yeren_signal_id=; parent_comment_text=,13:09,抖音评论,video,下午会涨停吗？#股票 #股民 #vlgo十亿流量扶持计划,唯美听春雨,7644035850305123185,https://www.douyin.com/video/7644035850305123185,,7644063361156891450,13:09,未纳入,中性,自动映射到抖音视频评论池。,,false
2026-05-26,longge,抖音评论 13:09,大哥有实力[暗中观察],,,,否,video_id=7644035850305123185; video_url=https://www.douyin.com/video/7644035850305123185; creator=阿龙闯大A📈; like=1; reply=0; source_type=comment; yeren_signal_id=; parent_comment_text=,13:09,抖音评论,video,下午会涨停吗？#股票 #股民 #vlgo十亿流量扶持计划,果冷吖,7644035850305123185,https://www.douyin.com/video/7644035850305123185,,7644063359126291258,13:09,未纳入,中性,自动映射到抖音视频评论池。,,false
2026-05-26,longge,抖音评论 13:09,你又吃独食了。,,,,否,video_id=7644035850305123185; video_url=https://www.douyin.com/video/7644035850305123185; creator=阿龙闯大A📈; like=0; reply=0; source_type=comment; yeren_signal_id=; parent_comment_text=,13:09,抖音评论,video,下午会涨停吗？#股票 #股民 #vlgo十亿流量扶持计划,↑-⑤的阳光🇨🇳,7644035850305123185,https://www.douyin.com/video/7644035850305123185,,7644063331851436846,13:09,未纳入,中性,自动映射到抖音视频评论池。,,false
2026-05-26,longge,抖音评论 13:09,牛逼！,,,,否,video_id=7644035850305123185; video_url=https://www.douyin.com/video/7644035850305123185; creator=阿龙闯大A📈; like=0; reply=0; source_type=comment; yeren_signal_id=; parent_comment_text=,13:09,抖音评论,video,下午会涨停吗？#股票 #股民 #vlgo十亿流量扶持计划,小峻宝,7644035850305123185,https://www.douyin.com/video/7644035850305123185,,7644063328466453297,13:09,未纳入,中性,自动映射到抖音视频评论池。,,false
2026-05-26,longge,抖音评论 13:09,丽[暗中观察]岛拉一手呢[暗中观察],,,,否,video_id=7644035850305123185; video_url=https://www.douyin.com/video/7644035850305123185; creator=阿龙闯大A📈; like=0; reply=0; source_type=comment; yeren_signal_id=; parent_comment_text=,13:09,抖音评论,video,下午会涨停吗？#股票 #股民 #vlgo十亿流量扶持计划,迷鹿,7644035850305123185,https://www.douyin.com/video/7644035850305123185,,7644063314167202597,13:09,未纳入,中性,自动映射到抖音视频评论池。,,false
2026-05-26,longge,抖音评论 13:09,中午开盘赶紧买还是涨停了[捂脸],,,,否,video_id=7644035850305123185; video_url=https://www.douyin.com/video/7644035850305123185; creator=阿龙闯大A📈; like=0; reply=0; source_type=comment; yeren_signal_id=; parent_comment_text=,13:09,抖音评论,video,下午会涨停吗？#股票 #股民 #vlgo十亿流量扶持计划,余温暖✨,7644035850305123185,https://www.douyin.com/video/7644035850305123185,,7644063300331078458,13:09,未纳入,中性,自动映射到抖音视频评论池。,,false
2026-05-26,longge,抖音评论 13:10,涨停了,,,,否,video_id=7644035850305123185; video_url=https://www.douyin.com/video/7644035850305123185; creator=阿龙闯大A📈; like=0; reply=0; source_type=comment; yeren_signal_id=; parent_comment_text=,13:10,抖音评论,video,下午会涨停吗？#股票 #股民 #vlgo十亿流量扶持计划,徐SS,7644035850305123185,https://www.douyin.com/video/7644035850305123185,,7644063500977079081,13:10,未纳入,中性,自动映射到抖音视频评论池。,,false
2026-05-26,longge,抖音评论 13:09,上一秒刷的视频，下一秒涨停，牛,,,,否,video_id=7644035850305123185; video_url=https://www.douyin.com/video/7644035850305123185; creator=阿龙闯大A📈; like=0; reply=0; source_type=comment; yeren_signal_id=; parent_comment_text=,13:09,抖音评论,video,下午会涨停吗？#股票 #股民 #vlgo十亿流量扶持计划,湖北鑫康盛,7644035850305123185,https://www.douyin.com/video/7644035850305123185,,7644063293753885483,13:09,未纳入,中性,自动映射到抖音视频评论池。,,false
2026-05-26,longge,抖音评论 13:09,zgly，上车[抠鼻],,,评论热度较高，但暂未自动识别到明确股票线索，保留人工复核。,待确认,video_id=7644035850305123185; video_url=https://www.douyin.com/video/7644035850305123185; creator=阿龙闯大A📈; like=1; reply=8; source_type=comment; yeren_signal_id=; parent_comment_text=,13:09,抖音评论,video,下午会涨停吗？#股票 #股民 #vlgo十亿流量扶持计划,宇宙局第一下士懒羊羊先生,7644035850305123185,https://www.douyin.com/video/7644035850305123185,,7644063259201225524,13:09,待确认,中性,自动映射到抖音视频评论池。,6.2,false
2026-05-26,longge,抖音评论 13:09,真的涨停了，你是怎么在这么多评论里精准找出涨停的票的？,,,,否,video_id=7644035850305123185; video_url=https://www.douyin.com/video/7644035850305123185; creator=阿龙闯大A📈; like=1; reply=0; source_type=comment; yeren_signal_id=; parent_comment_text=,13:09,抖音评论,video,下午会涨停吗？#股票 #股民 #vlgo十亿流量扶持计划,微微的微风,7644035850305123185,https://www.douyin.com/video/7644035850305123185,,7644063257099813668,13:09,未纳入,中性,自动映射到抖音视频评论池。,,false
2026-05-26,longge,抖音评论 13:09,给我哥上龙[机智],,,,否,video_id=7644035850305123185; video_url=https://www.douyin.com/video/7644035850305123185; creator=阿龙闯大A📈; like=1; reply=0; source_type=comment; yeren_signal_id=; parent_comment_text=,13:09,抖音评论,video,下午会涨停吗？#股票 #股民 #vlgo十亿流量扶持计划,我不是小目标,7644035850305123185,https://www.douyin.com/video/7644035850305123185,,7644063253617771310,13:09,未纳入,中性,自动映射到抖音视频评论池。,,false
2026-05-26,longge,抖音评论 13:09,牛啊，板了哎,,,,否,video_id=7644035850305123185; video_url=https://www.douyin.com/video/7644035850305123185; creator=阿龙闯大A📈; like=0; reply=0; source_type=comment; yeren_signal_id=; parent_comment_text=,13:09,抖音评论,video,下午会涨停吗？#股票 #股民 #vlgo十亿流量扶持计划,乐颜,7644035850305123185,https://www.douyin.com/video/7644035850305123185,,7644063250828509989,13:09,未纳入,中性,自动映射到抖音视频评论池。,,false
2026-05-26,longge,抖音评论 13:09,16.84直接冲涨停的,,,,否,video_id=7644035850305123185; video_url=https://www.douyin.com/video/7644035850305123185; creator=阿龙闯大A📈; like=0; reply=0; source_type=comment; yeren_signal_id=; parent_comment_text=,13:09,抖音评论,video,下午会涨停吗？#股票 #股民 #vlgo十亿流量扶持计划,Lan,7644035850305123185,https://www.douyin.com/video/7644035850305123185,,7644063199533663026,13:09,未纳入,中性,自动映射到抖音视频评论池。,,false
2026-05-26,longge,抖音评论 13:09,7点多点杀进去了，稳哦,,,,否,video_id=7644035850305123185; video_url=https://www.douyin.com/video/7644035850305123185; creator=阿龙闯大A📈; like=0; reply=0; source_type=comment; yeren_signal_id=; parent_comment_text=,13:09,抖音评论,video,下午会涨停吗？#股票 #股民 #vlgo十亿流量扶持计划,老树,7644035850305123185,https://www.douyin.com/video/7644035850305123185,,7644063198400840507,13:09,未纳入,中性,自动映射到抖音视频评论池。,,false
2026-05-26,longge,抖音评论 13:09,我操，真板了,,,,否,video_id=7644035850305123185; video_url=https://www.douyin.com/video/7644035850305123185; creator=阿龙闯大A📈; like=0; reply=0; source_type=comment; yeren_signal_id=; parent_comment_text=,13:09,抖音评论,video,下午会涨停吗？#股票 #股民 #vlgo十亿流量扶持计划,煌,7644035850305123185,https://www.douyin.com/video/7644035850305123185,,7644063197078930182,13:09,未纳入,中性,自动映射到抖音视频评论池。,,false
2026-05-26,longge,抖音评论 13:09,上午骂明阳智能的呢,,,,否,video_id=7644035850305123185; video_url=https://www.douyin.com/video/7644035850305123185; creator=阿龙闯大A📈; like=0; reply=5; source_type=comment; yeren_signal_id=; parent_comment_text=,13:09,抖音评论,video,下午会涨停吗？#股票 #股民 #vlgo十亿流量扶持计划,吴可爱,7644035850305123185,https://www.douyin.com/video/7644035850305123185,,7644063172714201905,13:09,未纳入,中性,自动映射到抖音视频评论池。,,false
2026-05-26,longge,抖音评论 13:10,涨停了[捂脸],,,,否,video_id=7644035850305123185; video_url=https://www.douyin.com/video/7644035850305123185; creator=阿龙闯大A📈; like=0; reply=0; source_type=comment; yeren_signal_id=; parent_comment_text=,13:10,抖音评论,video,下午会涨停吗？#股票 #股民 #vlgo十亿流量扶持计划,木盒,7644035850305123185,https://www.douyin.com/video/7644035850305123185,,7644063501791200041,13:10,未纳入,中性,自动映射到抖音视频评论池。,,false
2026-05-26,longge,抖音评论 13:09,跟晚了，感谢大哥[感谢][感谢],,,,否,video_id=7644035850305123185; video_url=https://www.douyin.com/video/7644035850305123185; creator=阿龙闯大A📈; like=0; reply=0; source_type=comment; yeren_signal_id=; parent_comment_text=,13:09,抖音评论,video,下午会涨停吗？#股票 #股民 #vlgo十亿流量扶持计划,灵罗娃娃,7644035850305123185,https://www.douyin.com/video/7644035850305123185,,7644063161466061605,13:09,未纳入,中性,自动映射到抖音视频评论池。,,false
2026-05-26,longge,抖音评论 13:08,等到了,,,,否,video_id=7644035850305123185; video_url=https://www.douyin.com/video/7644035850305123185; creator=阿龙闯大A📈; like=0; reply=0; source_type=comment; yeren_signal_id=; parent_comment_text=,13:08,抖音评论,video,下午会涨停吗？#股票 #股民 #vlgo十亿流量扶持计划,孫葉児,7644035850305123185,https://www.douyin.com/video/7644035850305123185,,7644063127202530085,13:08,未纳入,中性,自动映射到抖音视频评论池。,,false
2026-05-26,longge,抖音评论 13:08,在哪里发的啊 都亏麻了,,,,否,video_id=7644035850305123185; video_url=https://www.douyin.com/video/7644035850305123185; creator=阿龙闯大A📈; like=0; reply=0; source_type=comment; yeren_signal_id=; parent_comment_text=,13:08,抖音评论,video,下午会涨停吗？#股票 #股民 #vlgo十亿流量扶持计划,🌈Zz,7644035850305123185,https://www.douyin.com/video/7644035850305123185,,7644063120768303921,13:08,未纳入,中性,自动映射到抖音视频评论池。,,false
2026-05-26,longge,抖音评论 13:08,真的涨停了,,,,否,video_id=7644035850305123185; video_url=https://www.douyin.com/video/7644035850305123185; creator=阿龙闯大A📈; like=0; reply=0; source_type=comment; yeren_signal_id=; parent_comment_text=,13:08,抖音评论,video,下午会涨停吗？#股票 #股民 #vlgo十亿流量扶持计划,🌷冰糖小葫卢,7644035850305123185,https://www.douyin.com/video/7644035850305123185,,7644063114916594490,13:08,未纳入,中性,自动映射到抖音视频评论池。,,false
2026-05-26,longge,抖音评论 13:08,你们怎么看到大哥尼，就不能跟我们说说啊,,,,否,video_id=7644035850305123185; video_url=https://www.douyin.com/video/7644035850305123185; creator=阿龙闯大A📈; like=0; reply=0; source_type=comment; yeren_signal_id=; parent_comment_text=,13:08,抖音评论,video,下午会涨停吗？#股票 #股民 #vlgo十亿流量扶持计划,🌈杭漂宝宝🌈,7644035850305123185,https://www.douyin.com/video/7644035850305123185,,7644063097489294131,13:08,未纳入,中性,自动映射到抖音视频评论池。,,false
2026-05-26,longge,抖音评论 13:08,太牛了，下午没买进去，中午才看到，气死了[泣不成声][泣不成声],,,,否,video_id=7644035850305123185; video_url=https://www.douyin.com/video/7644035850305123185; creator=阿龙闯大A📈; like=0; reply=0; source_type=comment; yeren_signal_id=; parent_comment_text=,13:08,抖音评论,video,下午会涨停吗？#股票 #股民 #vlgo十亿流量扶持计划,齐齐小公主👸🏻,7644035850305123185,https://www.douyin.com/video/7644035850305123185,,7644063094632923941,13:08,未纳入,中性,自动映射到抖音视频评论池。,,false
2026-05-26,longge,抖音评论 13:08,卧槽，神了,,,,否,video_id=7644035850305123185; video_url=https://www.douyin.com/video/7644035850305123185; creator=阿龙闯大A📈; like=0; reply=0; source_type=comment; yeren_signal_id=; parent_comment_text=,13:08,抖音评论,video,下午会涨停吗？#股票 #股民 #vlgo十亿流量扶持计划,Mr.史努比,7644035850305123185,https://www.douyin.com/video/7644035850305123185,,7644063082406527771,13:08,未纳入,中性,自动映射到抖音视频评论池。,,false
2026-05-26,longge,抖音评论 13:08,涨停了，牛,,,,否,video_id=7644035850305123185; video_url=https://www.douyin.com/video/7644035850305123185; creator=阿龙闯大A📈; like=0; reply=0; source_type=comment; yeren_signal_id=; parent_comment_text=,13:08,抖音评论,video,下午会涨停吗？#股票 #股民 #vlgo十亿流量扶持计划,君子慎独，不欺暗室,7644035850305123185,https://www.douyin.com/video/7644035850305123185,,7644063078912492315,13:08,未纳入,中性,自动映射到抖音视频评论池。,,false
2026-05-26,longge,抖音评论 13:08,这是真大哥大哥[呲牙],,,,否,video_id=7644035850305123185; video_url=https://www.douyin.com/video/7644035850305123185; creator=阿龙闯大A📈; like=1; reply=0; source_type=comment; yeren_signal_id=; parent_comment_text=,13:08,抖音评论,video,下午会涨停吗？#股票 #股民 #vlgo十亿流量扶持计划,琴琴,7644035850305123185,https://www.douyin.com/video/7644035850305123185,,7644063041202258724,13:08,未纳入,中性,自动映射到抖音视频评论池。,,false
2026-05-26,longge,抖音评论 13:10,涨停了,,,,否,video_id=7644035850305123185; video_url=https://www.douyin.com/video/7644035850305123185; creator=阿龙闯大A📈; like=0; reply=0; source_type=comment; yeren_signal_id=; parent_comment_text=,13:10,抖音评论,video,下午会涨停吗？#股票 #股民 #vlgo十亿流量扶持计划,一程山水渺渺,7644035850305123185,https://www.douyin.com/video/7644035850305123185,,7644063404639060790,13:10,未纳入,中性,自动映射到抖音视频评论池。,,false
2026-05-26,longge,抖音评论 13:08,吊了！涨停了,,,,否,video_id=7644035850305123185; video_url=https://www.douyin.com/video/7644035850305123185; creator=阿龙闯大A📈; like=0; reply=0; source_type=comment; yeren_signal_id=; parent_comment_text=,13:08,抖音评论,video,下午会涨停吗？#股票 #股民 #vlgo十亿流量扶持计划,雨中尘埃,7644035850305123185,https://www.douyin.com/video/7644035850305123185,,7644063017622045486,13:08,未纳入,中性,自动映射到抖音视频评论池。,,false
2026-05-26,longge,抖音评论 13:08,有没有可以上龙的，现在去买来得及的票[耶],,,,否,video_id=7644035850305123185; video_url=https://www.douyin.com/video/7644035850305123185; creator=阿龙闯大A📈; like=0; reply=0; source_type=comment; yeren_signal_id=; parent_comment_text=,13:08,抖音评论,video,下午会涨停吗？#股票 #股民 #vlgo十亿流量扶持计划,玉香小林,7644035850305123185,https://www.douyin.com/video/7644035850305123185,,7644063007311495995,13:08,未纳入,中性,自动映射到抖音视频评论池。,,false
2026-05-26,longge,抖音评论 13:08,涨停了，下午追进了,,,,否,video_id=7644035850305123185; video_url=https://www.douyin.com/video/7644035850305123185; creator=阿龙闯大A📈; like=0; reply=0; source_type=comment; yeren_signal_id=; parent_comment_text=,13:08,抖音评论,video,下午会涨停吗？#股票 #股民 #vlgo十亿流量扶持计划,心悦,7644035850305123185,https://www.douyin.com/video/7644035850305123185,,7644063004858237746,13:08,未纳入,中性,自动映射到抖音视频评论池。,,false
2026-05-26,longge,抖音评论 13:08,为什么只看到了他的山东  我说的生益kj为什么被压下去了   阿龙给我上龙,,,评论热度较高，但暂未自动识别到明确股票线索，保留人工复核。,待确认,video_id=7644035850305123185; video_url=https://www.douyin.com/video/7644035850305123185; creator=阿龙闯大A📈; like=12; reply=13; source_type=comment; yeren_signal_id=; parent_comment_text=,13:08,抖音评论,video,下午会涨停吗？#股票 #股民 #vlgo十亿流量扶持计划,￴￴,7644035850305123185,https://www.douyin.com/video/7644035850305123185,,7644062982313624326,13:08,待确认,中性,自动映射到抖音视频评论池。,6.2,false
2026-05-26,longge,抖音评论 13:08,我昨天也看了，关注了，早上开会，没买[笑哭],,,,否,video_id=7644035850305123185; video_url=https://www.douyin.com/video/7644035850305123185; creator=阿龙闯大A📈; like=0; reply=0; source_type=comment; yeren_signal_id=; parent_comment_text=,13:08,抖音评论,video,下午会涨停吗？#股票 #股民 #vlgo十亿流量扶持计划,请叫我落幕,7644035850305123185,https://www.douyin.com/video/7644035850305123185,,7644062968842011426,13:08,未纳入,中性,自动映射到抖音视频评论池。,,false
2026-05-26,longge,抖音评论 13:08,挂了两手 想着稍微下一下再进  就撤了！然后就没机会了！！啊啊啊,,,,否,video_id=7644035850305123185; video_url=https://www.douyin.com/video/7644035850305123185; creator=阿龙闯大A📈; like=0; reply=0; source_type=comment; yeren_signal_id=; parent_comment_text=,13:08,抖音评论,video,下午会涨停吗？#股票 #股民 #vlgo十亿流量扶持计划,锅大拿,7644035850305123185,https://www.douyin.com/video/7644035850305123185,,7644062975573476145,13:08,未纳入,中性,自动映射到抖音视频评论池。,,false
2026-05-26,longge,抖音评论 13:22,大哥果然有实力,,,,否,video_id=7644035850305123185; video_url=https://www.douyin.com/video/7644035850305123185; creator=阿龙闯大A📈; like=0; reply=0; source_type=comment; yeren_signal_id=; parent_comment_text=,13:22,抖音评论,video,下午会涨停吗？#股票 #股民 #vlgo十亿流量扶持计划,过江龙,7644035850305123185,https://www.douyin.com/video/7644035850305123185,,7644066539699798822,13:22,未纳入,中性,自动映射到抖音视频评论池。,,false
2026-05-26,longge,抖音评论 13:22,大哥真厉害,,,,否,video_id=7644035850305123185; video_url=https://www.douyin.com/video/7644035850305123185; creator=阿龙闯大A📈; like=0; reply=0; source_type=comment; yeren_signal_id=; parent_comment_text=,13:22,抖音评论,video,下午会涨停吗？#股票 #股民 #vlgo十亿流量扶持计划,美女也会emo,7644035850305123185,https://www.douyin.com/video/7644035850305123185,,7644066511003403057,13:22,未纳入,中性,自动映射到抖音视频评论池。,,false
2026-05-26,longge,抖音评论 13:21,这个必须赞,,,,否,video_id=7644035850305123185; video_url=https://www.douyin.com/video/7644035850305123185; creator=阿龙闯大A📈; like=0; reply=0; source_type=comment; yeren_signal_id=; parent_comment_text=,13:21,抖音评论,video,下午会涨停吗？#股票 #股民 #vlgo十亿流量扶持计划,用户20100310,7644035850305123185,https://www.douyin.com/video/7644035850305123185,,7644066423824368410,13:21,未纳入,中性,自动映射到抖音视频评论池。,,false
2026-05-26,longge,抖音评论 13:21,大哥们   国轩还有救吗,,,,否,video_id=7644035850305123185; video_url=https://www.douyin.com/video/7644035850305123185; creator=阿龙闯大A📈; like=0; reply=0; source_type=comment; yeren_signal_id=; parent_comment_text=,13:21,抖音评论,video,下午会涨停吗？#股票 #股民 #vlgo十亿流量扶持计划,在庞贝,7644035850305123185,https://www.douyin.com/video/7644035850305123185,,7644066427321942833,13:21,未纳入,中性,自动映射到抖音视频评论池。,,false
2026-05-26,longge,抖音评论 13:21,明天还会涨停吗,,,,否,video_id=7644035850305123185; video_url=https://www.douyin.com/video/7644035850305123185; creator=阿龙闯大A📈; like=0; reply=0; source_type=comment; yeren_signal_id=; parent_comment_text=,13:21,抖音评论,video,下午会涨停吗？#股票 #股民 #vlgo十亿流量扶持计划,辣椒xx,7644035850305123185,https://www.douyin.com/video/7644035850305123185,,7644066329942852395,13:21,未纳入,中性,自动映射到抖音视频评论池。,,false
2026-05-26,longge,抖音评论 13:21,牛,,,,否,video_id=7644035850305123185; video_url=https://www.douyin.com/video/7644035850305123185; creator=阿龙闯大A📈; like=0; reply=0; source_type=comment; yeren_signal_id=; parent_comment_text=,13:21,抖音评论,video,下午会涨停吗？#股票 #股民 #vlgo十亿流量扶持计划,雨夜帽,7644035850305123185,https://www.douyin.com/video/7644035850305123185,,7644066241136739109,13:21,未纳入,中性,自动映射到抖音视频评论池。,,false
2026-05-26,longge,抖音评论 13:20,牛逼 下午开盘我看就板了,,,,否,video_id=7644035850305123185; video_url=https://www.douyin.com/video/7644035850305123185; creator=阿龙闯大A📈; like=0; reply=0; source_type=comment; yeren_signal_id=; parent_comment_text=,13:20,抖音评论,video,下午会涨停吗？#股票 #股民 #vlgo十亿流量扶持计划,時雨,7644035850305123185,https://www.douyin.com/video/7644035850305123185,,7644066148505453369,13:20,未纳入,中性,自动映射到抖音视频评论池。,,false
2026-05-26,longge,抖音评论 13:20,三维通信有机会了吗？亏麻了,三维通信(002115),,三维通信(002115) 被提及 1 次，有效评论 1 条，来源 1 个，单视频线索，情绪 谨慎，当前判断：偏风险观察。,否,video_id=7644035850305123185; video_url=https://www.douyin.com/video/7644035850305123185; creator=阿龙闯大A📈; like=0; reply=1; source_type=comment; yeren_signal_id=; parent_comment_text=,13:20,抖音评论,video,下午会涨停吗？#股票 #股民 #vlgo十亿流量扶持计划,也无风雨也无晴、,7644035850305123185,https://www.douyin.com/video/7644035850305123185,,7644066135129817905,13:20,未纳入,谨慎,自动映射到抖音视频评论池。,5.9,false
2026-05-26,longge,抖音评论 13:20,红板科技，周五之前到120，立贴为证,红板科技(603459),,红板科技(603459) 被提及 3 次，有效评论 3 条，来源 1 个，单视频线索，情绪 中性，当前判断：保留观察。,待确认,video_id=7644035850305123185; video_url=https://www.douyin.com/video/7644035850305123185; creator=阿龙闯大A📈; like=0; reply=2; source_type=comment; yeren_signal_id=; parent_comment_text=,13:20,抖音评论,video,下午会涨停吗？#股票 #股民 #vlgo十亿流量扶持计划,小龙虾大大,7644035850305123185,https://www.douyin.com/video/7644035850305123185,,7644066110173741834,13:20,待确认,中性,自动映射到抖音视频评论池。,7.2,false
2026-05-26,longge,抖音评论 13:20,厉害👍,,,,否,video_id=7644035850305123185; video_url=https://www.douyin.com/video/7644035850305123185; creator=阿龙闯大A📈; like=0; reply=0; source_type=comment; yeren_signal_id=; parent_comment_text=,13:20,抖音评论,video,下午会涨停吗？#股票 #股民 #vlgo十亿流量扶持计划,W,7644035850305123185,https://www.douyin.com/video/7644035850305123185,,7644066089307325236,13:20,未纳入,中性,自动映射到抖音视频评论池。,,false
2026-05-26,longge,抖音评论 13:20,恭喜，山东玻纤涨停了。,,,,否,video_id=7644035850305123185; video_url=https://www.douyin.com/video/7644035850305123185; creator=阿龙闯大A📈; like=0; reply=0; source_type=comment; yeren_signal_id=; parent_comment_text=,13:20,抖音评论,video,下午会涨停吗？#股票 #股民 #vlgo十亿流量扶持计划,半点运动,7644035850305123185,https://www.douyin.com/video/7644035850305123185,,7644066046307369765,13:20,未纳入,中性,自动映射到抖音视频评论池。,,false
2026-05-26,longge,抖音评论 13:20,我充个钱的功夫涨停了,,,,否,video_id=7644035850305123185; video_url=https://www.douyin.com/video/7644035850305123185; creator=阿龙闯大A📈; like=0; reply=2; source_type=comment; yeren_signal_id=; parent_comment_text=,13:20,抖音评论,video,下午会涨停吗？#股票 #股民 #vlgo十亿流量扶持计划,罄✖️,7644035850305123185,https://www.douyin.com/video/7644035850305123185,,7644066044097200933,13:20,未纳入,中性,自动映射到抖音视频评论池。,,false
2026-05-26,longge,抖音评论 13:20,下午进啥啊 明天想涨停[呲牙],,,,否,video_id=7644035850305123185; video_url=https://www.douyin.com/video/7644035850305123185; creator=阿龙闯大A📈; like=0; reply=5; source_type=comment; yeren_signal_id=; parent_comment_text=,13:20,抖音评论,video,下午会涨停吗？#股票 #股民 #vlgo十亿流量扶持计划,金牛座的hadi呀🧀,7644035850305123185,https://www.douyin.com/video/7644035850305123185,,7644066039140254490,13:20,未纳入,中性,自动映射到抖音视频评论池。,,false
2026-05-26,longge,抖音评论 13:19,涨停了,,,,否,video_id=7644035850305123185; video_url=https://www.douyin.com/video/7644035850305123185; creator=阿龙闯大A📈; like=0; reply=0; source_type=comment; yeren_signal_id=; parent_comment_text=,13:19,抖音评论,video,下午会涨停吗？#股票 #股民 #vlgo十亿流量扶持计划,林中辞鹿,7644035850305123185,https://www.douyin.com/video/7644035850305123185,,7644065931320296255,13:19,未纳入,中性,自动映射到抖音视频评论池。,,false
2026-05-26,longge,抖音评论 13:19,张婷了.那个六六大哥，上龙,,,,否,video_id=7644035850305123185; video_url=https://www.douyin.com/video/7644035850305123185; creator=阿龙闯大A📈; like=0; reply=0; source_type=comment; yeren_signal_id=; parent_comment_text=,13:19,抖音评论,video,下午会涨停吗？#股票 #股民 #vlgo十亿流量扶持计划,是凯凯呀🐮🐮,7644035850305123185,https://www.douyin.com/video/7644035850305123185,,7644065930323575589,13:19,未纳入,中性,自动映射到抖音视频评论池。,,false
2026-05-26,longge,抖音评论 13:19,板了,,,,否,video_id=7644035850305123185; video_url=https://www.douyin.com/video/7644035850305123185; creator=阿龙闯大A📈; like=0; reply=0; source_type=comment; yeren_signal_id=; parent_comment_text=,13:19,抖音评论,video,下午会涨停吗？#股票 #股民 #vlgo十亿流量扶持计划,青山客,7644035850305123185,https://www.douyin.com/video/7644035850305123185,,7644065920595346213,13:19,未纳入,中性,自动映射到抖音视频评论池。,,false
2026-05-26,longge,抖音评论 13:19,真的涨停了[流泪],,,,否,video_id=7644035850305123185; video_url=https://www.douyin.com/video/7644035850305123185; creator=阿龙闯大A📈; like=0; reply=0; source_type=comment; yeren_signal_id=; parent_comment_text=,13:19,抖音评论,video,下午会涨停吗？#股票 #股民 #vlgo十亿流量扶持计划,晨曦,7644035850305123185,https://www.douyin.com/video/7644035850305123185,,7644065780578173755,13:19,未纳入,中性,自动映射到抖音视频评论池。,,false
2026-05-26,longge,抖音评论 13:18,涨停进去了,,,,否,video_id=7644035850305123185; video_url=https://www.douyin.com/video/7644035850305123185; creator=阿龙闯大A📈; like=0; reply=0; source_type=comment; yeren_signal_id=; parent_comment_text=,13:18,抖音评论,video,下午会涨停吗？#股票 #股民 #vlgo十亿流量扶持计划,探長说家居,7644035850305123185,https://www.douyin.com/video/7644035850305123185,,7644065655364436773,13:18,未纳入,中性,自动映射到抖音视频评论池。,,false
2026-05-26,longge,抖音评论 13:18,牛逼涨停,,,,否,video_id=7644035850305123185; video_url=https://www.douyin.com/video/7644035850305123185; creator=阿龙闯大A📈; like=0; reply=0; source_type=comment; yeren_signal_id=; parent_comment_text=,13:18,抖音评论,video,下午会涨停吗？#股票 #股民 #vlgo十亿流量扶持计划,奥特慢小姐,7644035850305123185,https://www.douyin.com/video/7644035850305123185,,7644065639880426277,13:18,未纳入,中性,自动映射到抖音视频评论池。,,false
2026-05-26,longge,抖音评论 13:18,我中午挂了两手又撤了  啊啊啊  悔死了,,,评论热度较高，但暂未自动识别到明确股票线索，保留人工复核。,待确认,video_id=7644035850305123185; video_url=https://www.douyin.com/video/7644035850305123185; creator=阿龙闯大A📈; like=0; reply=9; source_type=comment; yeren_signal_id=; parent_comment_text=,13:18,抖音评论,video,下午会涨停吗？#股票 #股民 #vlgo十亿流量扶持计划,锅大拿,7644035850305123185,https://www.douyin.com/video/7644035850305123185,,7644065625830507301,13:18,待确认,中性,自动映射到抖音视频评论池。,6.2,false
2026-05-26,longge,抖音评论 13:18,今天进啥？,,,,否,video_id=7644035850305123185; video_url=https://www.douyin.com/video/7644035850305123185; creator=阿龙闯大A📈; like=0; reply=0; source_type=comment; yeren_signal_id=; parent_comment_text=,13:18,抖音评论,video,下午会涨停吗？#股票 #股民 #vlgo十亿流量扶持计划,repent one's error,7644035850305123185,https://www.douyin.com/video/7644035850305123185,,7644065542902973233,13:18,未纳入,中性,自动映射到抖音视频评论池。,,false
2026-05-26,longge,抖音评论 13:17,我擦，挂单了没成交,,,,否,video_id=7644035850305123185; video_url=https://www.douyin.com/video/7644035850305123185; creator=阿龙闯大A📈; like=0; reply=0; source_type=comment; yeren_signal_id=; parent_comment_text=,13:17,抖音评论,video,下午会涨停吗？#股票 #股民 #vlgo十亿流量扶持计划,hope,7644035850305123185,https://www.douyin.com/video/7644035850305123185,,7644065436662039334,13:17,未纳入,中性,自动映射到抖音视频评论池。,,false
2026-05-26,longge,抖音评论 13:17,上车了[耶],,,,否,video_id=7644035850305123185; video_url=https://www.douyin.com/video/7644035850305123185; creator=阿龙闯大A📈; like=0; reply=0; source_type=comment; yeren_signal_id=; parent_comment_text=,13:17,抖音评论,video,下午会涨停吗？#股票 #股民 #vlgo十亿流量扶持计划,💎对、 小东北儿,7644035850305123185,https://www.douyin.com/video/7644035850305123185,,7644065324509791025,13:17,未纳入,中性,自动映射到抖音视频评论池。,,false
2026-05-26,longge,抖音评论 13:17,大哥我没翻到他发的信息[流泪][流泪],,,,否,video_id=7644035850305123185; video_url=https://www.douyin.com/video/7644035850305123185; creator=阿龙闯大A📈; like=0; reply=0; source_type=comment; yeren_signal_id=; parent_comment_text=,13:17,抖音评论,video,下午会涨停吗？#股票 #股民 #vlgo十亿流量扶持计划,自然醒～（许嵩见过八次版）,7644035850305123185,https://www.douyin.com/video/7644035850305123185,,7644065311398380337,13:17,未纳入,中性,自动映射到抖音视频评论池。,,false
2026-05-26,longge,抖音评论 13:17,说明阳的大哥很厉害啊,,,,否,video_id=7644035850305123185; video_url=https://www.douyin.com/video/7644035850305123185; creator=阿龙闯大A📈; like=0; reply=0; source_type=comment; yeren_signal_id=; parent_comment_text=,13:17,抖音评论,video,下午会涨停吗？#股票 #股民 #vlgo十亿流量扶持计划,曲奇🍪,7644035850305123185,https://www.douyin.com/video/7644035850305123185,,7644065240330814257,13:17,未纳入,中性,自动映射到抖音视频评论池。,,false
2026-05-26,longge,抖音评论 13:17,快给大哥上龙，还好早上我看到视频了[星星眼]@啊龙闯大A,,,,否,video_id=7644035850305123185; video_url=https://www.douyin.com/video/7644035850305123185; creator=阿龙闯大A📈; like=0; reply=0; source_type=comment; yeren_signal_id=; parent_comment_text=,13:17,抖音评论,video,下午会涨停吗？#股票 #股民 #vlgo十亿流量扶持计划,铁头娃晓木木,7644035850305123185,https://www.douyin.com/video/7644035850305123185,,7644065235342803761,13:17,未纳入,中性,自动映射到抖音视频评论池。,,false
2026-05-26,longge,抖音评论 13:17,哪位大哥能告诉我卓郎为什么封不住啊[抱紧自己],,,,否,video_id=7644035850305123185; video_url=https://www.douyin.com/video/7644035850305123185; creator=阿龙闯大A📈; like=0; reply=0; source_type=comment; yeren_signal_id=; parent_comment_text=,13:17,抖音评论,video,下午会涨停吗？#股票 #股民 #vlgo十亿流量扶持计划,🍑陶桃,7644035850305123185,https://www.douyin.com/video/7644035850305123185,,7644065221859066651,13:17,未纳入,中性,自动映射到抖音视频评论池。,,false
2026-05-26,longge,抖音评论 13:17,早上没买[流泪],,,,否,video_id=7644035850305123185; video_url=https://www.douyin.com/video/7644035850305123185; creator=阿龙闯大A📈; like=0; reply=0; source_type=comment; yeren_signal_id=; parent_comment_text=,13:17,抖音评论,video,下午会涨停吗？#股票 #股民 #vlgo十亿流量扶持计划,予舍,7644035850305123185,https://www.douyin.com/video/7644035850305123185,,7644065189315789595,13:17,未纳入,中性,自动映射到抖音视频评论池。,,false
2026-05-26,longge,抖音评论 13:16,给山东那大哥上龙，买都买不进,,,,否,video_id=7644035850305123185; video_url=https://www.douyin.com/video/7644035850305123185; creator=阿龙闯大A📈; like=0; reply=0; source_type=comment; yeren_signal_id=; parent_comment_text=,13:16,抖音评论,video,下午会涨停吗？#股票 #股民 #vlgo十亿流量扶持计划,逆天,7644035850305123185,https://www.douyin.com/video/7644035850305123185,,7644065154724053803,13:16,未纳入,中性,自动映射到抖音视频评论池。,,false
2026-05-26,longge,抖音评论 13:16,真的涨停了,,,,否,video_id=7644035850305123185; video_url=https://www.douyin.com/video/7644035850305123185; creator=阿龙闯大A📈; like=0; reply=0; source_type=comment; yeren_signal_id=; parent_comment_text=,13:16,抖音评论,video,下午会涨停吗？#股票 #股民 #vlgo十亿流量扶持计划,在宜昌做金融的果果,7644035850305123185,https://www.douyin.com/video/7644035850305123185,,7644065127780385585,13:16,未纳入,中性,自动映射到抖音视频评论池。,,false
2026-05-26,longge,抖音评论 13:16,手速不够快，四个点没买到，八个点才买到[捂脸]，早知道设置价格高一点[捂脸],,,,否,video_id=7644035850305123185; video_url=https://www.douyin.com/video/7644035850305123185; creator=阿龙闯大A📈; like=0; reply=0; source_type=comment; yeren_signal_id=; parent_comment_text=,13:16,抖音评论,video,下午会涨停吗？#股票 #股民 #vlgo十亿流量扶持计划,该着,7644035850305123185,https://www.douyin.com/video/7644035850305123185,,7644065122633843483,13:16,未纳入,中性,自动映射到抖音视频评论池。,,false
2026-05-26,longge,抖音评论 13:16,山东牛逼,,,,否,video_id=7644035850305123185; video_url=https://www.douyin.com/video/7644035850305123185; creator=阿龙闯大A📈; like=0; reply=2; source_type=comment; yeren_signal_id=; parent_comment_text=,13:16,抖音评论,video,下午会涨停吗？#股票 #股民 #vlgo十亿流量扶持计划,刘鹏禹,7644035850305123185,https://www.douyin.com/video/7644035850305123185,,7644065037526844209,13:16,未纳入,中性,自动映射到抖音视频评论池。,,false
2026-05-26,longge,抖音评论 13:16,有大哥说一下利欧吗,,,,否,video_id=7644035850305123185; video_url=https://www.douyin.com/video/7644035850305123185; creator=阿龙闯大A📈; like=0; reply=0; source_type=comment; yeren_signal_id=; parent_comment_text=,13:16,抖音评论,video,下午会涨停吗？#股票 #股民 #vlgo十亿流量扶持计划,愤怒的二头肌,7644035850305123185,https://www.douyin.com/video/7644035850305123185,,7644065024722551587,13:16,未纳入,中性,自动映射到抖音视频评论池。,,false
2026-05-26,longge,抖音评论 13:16,山东大哥在哪里，受小弟一拜，牛逼👍,,,,否,video_id=7644035850305123185; video_url=https://www.douyin.com/video/7644035850305123185; creator=阿龙闯大A📈; like=0; reply=0; source_type=comment; yeren_signal_id=; parent_comment_text=,13:16,抖音评论,video,下午会涨停吗？#股票 #股民 #vlgo十亿流量扶持计划,顶峰机械,7644035850305123185,https://www.douyin.com/video/7644035850305123185,,7644065013401666304,13:16,未纳入,中性,自动映射到抖音视频评论池。,,false
2026-05-26,longge,抖音评论 13:16,给山东bq大哥安排一条龙[发怒],,,,否,video_id=7644035850305123185; video_url=https://www.douyin.com/video/7644035850305123185; creator=阿龙闯大A📈; like=0; reply=0; source_type=comment; yeren_signal_id=; parent_comment_text=,13:16,抖音评论,video,下午会涨停吗？#股票 #股民 #vlgo十亿流量扶持计划,爱吃麦当劳🍔,7644035850305123185,https://www.douyin.com/video/7644035850305123185,,7644065005335462656,13:16,未纳入,中性,自动映射到抖音视频评论池。,,false
2026-05-26,longge,抖音评论 13:16,山东波的大哥真牛逼！！！,,,,否,video_id=7644035850305123185; video_url=https://www.douyin.com/video/7644035850305123185; creator=阿龙闯大A📈; like=0; reply=0; source_type=comment; yeren_signal_id=; parent_comment_text=,13:16,抖音评论,video,下午会涨停吗？#股票 #股民 #vlgo十亿流量扶持计划,何弎㦮,7644035850305123185,https://www.douyin.com/video/7644035850305123185,,7644064975475983161,13:16,未纳入,中性,自动映射到抖音视频评论池。,,false
2026-05-26,longge,抖音评论 13:16,大哥是真大哥,,,,否,video_id=7644035850305123185; video_url=https://www.douyin.com/video/7644035850305123185; creator=阿龙闯大A📈; like=0; reply=0; source_type=comment; yeren_signal_id=; parent_comment_text=,13:16,抖音评论,video,下午会涨停吗？#股票 #股民 #vlgo十亿流量扶持计划,带桶泳-一喵⑧,7644035850305123185,https://www.douyin.com/video/7644035850305123185,,7644064940261851961,13:16,未纳入,中性,自动映射到抖音视频评论池。,,false
2026-05-26,longge,抖音评论 13:15,今天还行吧,,,,否,video_id=7644035850305123185; video_url=https://www.douyin.com/video/7644035850305123185; creator=阿龙闯大A📈; like=0; reply=0; source_type=comment; yeren_signal_id=; parent_comment_text=,13:15,抖音评论,video,下午会涨停吗？#股票 #股民 #vlgo十亿流量扶持计划,泥中韵,7644035850305123185,https://www.douyin.com/video/7644035850305123185,,7644064866316157732,13:15,未纳入,中性,自动映射到抖音视频评论池。,,false
2026-05-26,longge,抖音评论 13:15,给大哥上龙,,,,否,video_id=7644035850305123185; video_url=https://www.douyin.com/video/7644035850305123185; creator=阿龙闯大A📈; like=0; reply=0; source_type=comment; yeren_signal_id=; parent_comment_text=,13:15,抖音评论,video,下午会涨停吗？#股票 #股民 #vlgo十亿流量扶持计划,杀菌剂,7644035850305123185,https://www.douyin.com/video/7644035850305123185,,7644064775965983514,13:15,未纳入,中性,自动映射到抖音视频评论池。,,false
2026-05-26,longge,抖音评论 13:15,"下午直接拉起来了[尬笑] 想下手  
没来得及[捂脸]",,,,否,video_id=7644035850305123185; video_url=https://www.douyin.com/video/7644035850305123185; creator=阿龙闯大A📈; like=0; reply=0; source_type=comment; yeren_signal_id=; parent_comment_text=,13:15,抖音评论,video,下午会涨停吗？#股票 #股民 #vlgo十亿流量扶持计划,甜心♥小公举,7644035850305123185,https://www.douyin.com/video/7644035850305123185,,7644064722718819122,13:15,未纳入,中性,自动映射到抖音视频评论池。,,false
2026-05-26,longge,抖音评论 13:14,山东大哥还有票吗,,,,否,video_id=7644035850305123185; video_url=https://www.douyin.com/video/7644035850305123185; creator=阿龙闯大A📈; like=0; reply=0; source_type=comment; yeren_signal_id=; parent_comment_text=,13:14,抖音评论,video,下午会涨停吗？#股票 #股民 #vlgo十亿流量扶持计划,渠成水道,7644035850305123185,https://www.douyin.com/video/7644035850305123185,,7644064655060534053,13:14,未纳入,中性,自动映射到抖音视频评论池。,,false
2026-05-26,longge,抖音评论 13:14,大哥人呢,,,,否,video_id=7644035850305123185; video_url=https://www.douyin.com/video/7644035850305123185; creator=阿龙闯大A📈; like=0; reply=0; source_type=comment; yeren_signal_id=; parent_comment_text=,13:14,抖音评论,video,下午会涨停吗？#股票 #股民 #vlgo十亿流量扶持计划,自然醒～（许嵩见过八次版）,7644035850305123185,https://www.douyin.com/video/7644035850305123185,,7644064626569593658,13:14,未纳入,中性,自动映射到抖音视频评论池。,,false
2026-05-26,longge,抖音评论 13:14,大哥，能看到吗，明天还涨停的话我给你寄我家乡特产，有海鲜，还有马上上市的杨梅，全中国最好吃的杨梅[偷笑]，看到给我留个言[偷笑],,,,否,video_id=7644035850305123185; video_url=https://www.douyin.com/video/7644035850305123185; creator=阿龙闯大A📈; like=0; reply=0; source_type=comment; yeren_signal_id=; parent_comment_text=,13:14,抖音评论,video,下午会涨停吗？#股票 #股民 #vlgo十亿流量扶持计划,Jiang.☀️,7644035850305123185,https://www.douyin.com/video/7644035850305123185,,7644064600799773482,13:14,未纳入,中性,自动映射到抖音视频评论池。,,false
2026-05-26,longge,抖音评论 13:14,6，刷到就去追了，坐等,,,,否,video_id=7644035850305123185; video_url=https://www.douyin.com/video/7644035850305123185; creator=阿龙闯大A📈; like=0; reply=0; source_type=comment; yeren_signal_id=; parent_comment_text=,13:14,抖音评论,video,下午会涨停吗？#股票 #股民 #vlgo十亿流量扶持计划,麦麦,7644035850305123185,https://www.douyin.com/video/7644035850305123185,,7644064554523984675,13:14,未纳入,中性,自动映射到抖音视频评论池。,,false
2026-05-26,longge,抖音评论 13:14,大盘不行，下午都去电力避险[捂脸],,,,否,video_id=7644035850305123185; video_url=https://www.douyin.com/video/7644035850305123185; creator=阿龙闯大A📈; like=0; reply=0; source_type=comment; yeren_signal_id=; parent_comment_text=,13:14,抖音评论,video,下午会涨停吗？#股票 #股民 #vlgo十亿流量扶持计划,转瞬即逝,7644035850305123185,https://www.douyin.com/video/7644035850305123185,,7644064517898912549,13:14,未纳入,中性,自动映射到抖音视频评论池。,,false
2026-05-26,longge,抖音评论 13:14,牛逼,,,,否,video_id=7644035850305123185; video_url=https://www.douyin.com/video/7644035850305123185; creator=阿龙闯大A📈; like=0; reply=0; source_type=comment; yeren_signal_id=; parent_comment_text=,13:14,抖音评论,video,下午会涨停吗？#股票 #股民 #vlgo十亿流量扶持计划,阿帕茶,7644035850305123185,https://www.douyin.com/video/7644035850305123185,,7644064463852077875,13:14,未纳入,中性,自动映射到抖音视频评论池。,,false
2026-05-26,longge,抖音评论 13:13,真大哥,,,,否,video_id=7644035850305123185; video_url=https://www.douyin.com/video/7644035850305123185; creator=阿龙闯大A📈; like=0; reply=0; source_type=comment; yeren_signal_id=; parent_comment_text=,13:13,抖音评论,video,下午会涨停吗？#股票 #股民 #vlgo十亿流量扶持计划,樱桃🍒的小丸子,7644035850305123185,https://www.douyin.com/video/7644035850305123185,,7644064388453860153,13:13,未纳入,中性,自动映射到抖音视频评论池。,,false
2026-05-26,longge,抖音评论 13:13,红板，来不及了,,,,否,video_id=7644035850305123185; video_url=https://www.douyin.com/video/7644035850305123185; creator=阿龙闯大A📈; like=0; reply=0; source_type=comment; yeren_signal_id=; parent_comment_text=,13:13,抖音评论,video,下午会涨停吗？#股票 #股民 #vlgo十亿流量扶持计划,琥珀大人,7644035850305123185,https://www.douyin.com/video/7644035850305123185,,7644064373359887139,13:13,未纳入,中性,自动映射到抖音视频评论池。,,false
2026-05-26,longge,抖音评论 13:13,山东bq能有三个板吗？[呲牙],,,,否,video_id=7644035850305123185; video_url=https://www.douyin.com/video/7644035850305123185; creator=阿龙闯大A📈; like=0; reply=0; source_type=comment; yeren_signal_id=; parent_comment_text=,13:13,抖音评论,video,下午会涨停吗？#股票 #股民 #vlgo十亿流量扶持计划,做人嘛，总要信,7644035850305123185,https://www.douyin.com/video/7644035850305123185,,7644064353587430193,13:13,未纳入,中性,自动映射到抖音视频评论池。,,false
2026-05-26,longge,抖音评论 13:12,没买上,,,,否,video_id=7644035850305123185; video_url=https://www.douyin.com/video/7644035850305123185; creator=阿龙闯大A📈; like=0; reply=0; source_type=comment; yeren_signal_id=; parent_comment_text=,13:12,抖音评论,video,下午会涨停吗？#股票 #股民 #vlgo十亿流量扶持计划,时间@煮水,7644035850305123185,https://www.douyin.com/video/7644035850305123185,,7644064148313867057,13:12,未纳入,中性,自动映射到抖音视频评论池。,,false
2026-05-26,longge,抖音评论 13:12,感谢大哥 半山腰进的,,,,否,video_id=7644035850305123185; video_url=https://www.douyin.com/video/7644035850305123185; creator=阿龙闯大A📈; like=0; reply=0; source_type=comment; yeren_signal_id=; parent_comment_text=,13:12,抖音评论,video,下午会涨停吗？#股票 #股民 #vlgo十亿流量扶持计划,芒果树上有菠萝,7644035850305123185,https://www.douyin.com/video/7644035850305123185,,7644064072955413297,13:12,未纳入,中性,自动映射到抖音视频评论池。,,false
2026-05-26,longge,抖音评论 13:12,上龙上龙。这怕是主力额,,,,否,video_id=7644035850305123185; video_url=https://www.douyin.com/video/7644035850305123185; creator=阿龙闯大A📈; like=0; reply=0; source_type=comment; yeren_signal_id=; parent_comment_text=,13:12,抖音评论,video,下午会涨停吗？#股票 #股民 #vlgo十亿流量扶持计划,金钱豹,7644035850305123185,https://www.douyin.com/video/7644035850305123185,,7644064025429410586,13:12,未纳入,中性,自动映射到抖音视频评论池。,,false
2026-05-26,longge,抖音评论 13:12,没买进去[捂脸],,,,否,video_id=7644035850305123185; video_url=https://www.douyin.com/video/7644035850305123185; creator=阿龙闯大A📈; like=0; reply=0; source_type=comment; yeren_signal_id=; parent_comment_text=,13:12,抖音评论,video,下午会涨停吗？#股票 #股民 #vlgo十亿流量扶持计划,杨紫焱,7644035850305123185,https://www.douyin.com/video/7644035850305123185,,7644063936719766312,13:12,未纳入,中性,自动映射到抖音视频评论池。,,false
2026-05-26,longge,抖音评论 13:12,大哥nb[比心],,,,否,video_id=7644035850305123185; video_url=https://www.douyin.com/video/7644035850305123185; creator=阿龙闯大A📈; like=0; reply=0; source_type=comment; yeren_signal_id=; parent_comment_text=,13:12,抖音评论,video,下午会涨停吗？#股票 #股民 #vlgo十亿流量扶持计划,New Tomorrow,7644035850305123185,https://www.douyin.com/video/7644035850305123185,,7644063930914833201,13:12,未纳入,中性,自动映射到抖音视频评论池。,,false
2026-05-26,longge,抖音评论 13:11,涨停了,,,,否,video_id=7644035850305123185; video_url=https://www.douyin.com/video/7644035850305123185; creator=阿龙闯大A📈; like=0; reply=0; source_type=comment; yeren_signal_id=; parent_comment_text=,13:11,抖音评论,video,下午会涨停吗？#股票 #股民 #vlgo十亿流量扶持计划,王小米,7644035850305123185,https://www.douyin.com/video/7644035850305123185,,7644063896601871147,13:11,未纳入,中性,自动映射到抖音视频评论池。,,false
2026-05-26,longge,抖音评论 13:11,看一下，直接拉涨停，666,,,,否,video_id=7644035850305123185; video_url=https://www.douyin.com/video/7644035850305123185; creator=阿龙闯大A📈; like=0; reply=2; source_type=comment; yeren_signal_id=; parent_comment_text=,13:11,抖音评论,video,下午会涨停吗？#股票 #股民 #vlgo十亿流量扶持计划,蕤人娜楠,7644035850305123185,https://www.douyin.com/video/7644035850305123185,,7644063882839540539,13:11,未纳入,中性,自动映射到抖音视频评论池。,,false
2026-05-26,longge,抖音评论 13:11,真神了,,,,否,video_id=7644035850305123185; video_url=https://www.douyin.com/video/7644035850305123185; creator=阿龙闯大A📈; like=0; reply=0; source_type=comment; yeren_signal_id=; parent_comment_text=,13:11,抖音评论,video,下午会涨停吗？#股票 #股民 #vlgo十亿流量扶持计划,陈海军,7644035850305123185,https://www.douyin.com/video/7644035850305123185,,7644063867296138038,13:11,未纳入,中性,自动映射到抖音视频评论池。,,false
2026-05-26,longge,抖音评论 13:11,就是中午看了你的视频，我正好买进去了，不过有点高17.71,,,,否,video_id=7644035850305123185; video_url=https://www.douyin.com/video/7644035850305123185; creator=阿龙闯大A📈; like=0; reply=0; source_type=comment; yeren_signal_id=; parent_comment_text=,13:11,抖音评论,video,下午会涨停吗？#股票 #股民 #vlgo十亿流量扶持计划,温暖的太阳,7644035850305123185,https://www.douyin.com/video/7644035850305123185,,7644063831102997282,13:11,未纳入,中性,自动映射到抖音视频评论池。,,false
2026-05-26,longge,抖音评论 13:11,涨停了！ 绝了！ 大哥太牛了👍,,,,否,video_id=7644035850305123185; video_url=https://www.douyin.com/video/7644035850305123185; creator=阿龙闯大A📈; like=0; reply=0; source_type=comment; yeren_signal_id=; parent_comment_text=,13:11,抖音评论,video,下午会涨停吗？#股票 #股民 #vlgo十亿流量扶持计划,玲子,7644035850305123185,https://www.douyin.com/video/7644035850305123185,,7644063827625280293,13:11,未纳入,中性,自动映射到抖音视频评论池。,,false
2026-05-26,longge,抖音评论 13:11,真大哥 膜拜一哈 这个月亏4万了[流泪],,,,否,video_id=7644035850305123185; video_url=https://www.douyin.com/video/7644035850305123185; creator=阿龙闯大A📈; like=0; reply=0; source_type=comment; yeren_signal_id=; parent_comment_text=,13:11,抖音评论,video,下午会涨停吗？#股票 #股民 #vlgo十亿流量扶持计划,xiao'yi,7644035850305123185,https://www.douyin.com/video/7644035850305123185,,7644063793060135734,13:11,未纳入,中性,自动映射到抖音视频评论池。,,false
2026-05-26,longge,抖音评论 13:11,哎呦我去！我中午刚刷到,,,,否,video_id=7644035850305123185; video_url=https://www.douyin.com/video/7644035850305123185; creator=阿龙闯大A📈; like=0; reply=0; source_type=comment; yeren_signal_id=; parent_comment_text=,13:11,抖音评论,video,下午会涨停吗？#股票 #股民 #vlgo十亿流量扶持计划,伍小胖,7644035850305123185,https://www.douyin.com/video/7644035850305123185,,7644063790095205157,13:11,未纳入,中性,自动映射到抖音视频评论池。,,false
2026-05-26,longge,抖音评论 13:11,你把大神都拉进腾龙阁里，管不管我们[泪奔][泪奔][泪奔],,,,否,video_id=7644035850305123185; video_url=https://www.douyin.com/video/7644035850305123185; creator=阿龙闯大A📈; like=0; reply=0; source_type=comment; yeren_signal_id=; parent_comment_text=,13:11,抖音评论,video,下午会涨停吗？#股票 #股民 #vlgo十亿流量扶持计划,艾丽娅  ࿆ ॐ,7644035850305123185,https://www.douyin.com/video/7644035850305123185,,7644063751956349755,13:11,未纳入,中性,自动映射到抖音视频评论池。,,false
2026-05-26,longge,抖音评论 13:11,果然涨停了,,,,否,video_id=7644035850305123185; video_url=https://www.douyin.com/video/7644035850305123185; creator=阿龙闯大A📈; like=0; reply=0; source_type=comment; yeren_signal_id=; parent_comment_text=,13:11,抖音评论,video,下午会涨停吗？#股票 #股民 #vlgo十亿流量扶持计划,Guo,7644035850305123185,https://www.douyin.com/video/7644035850305123185,,7644063745236878117,13:11,未纳入,中性,自动映射到抖音视频评论池。,,false
2026-05-26,longge,抖音评论 13:10,涨停了～,,,,否,video_id=7644035850305123185; video_url=https://www.douyin.com/video/7644035850305123185; creator=阿龙闯大A📈; like=0; reply=0; source_type=comment; yeren_signal_id=; parent_comment_text=,13:10,抖音评论,video,下午会涨停吗？#股票 #股民 #vlgo十亿流量扶持计划,半成熟。,7644035850305123185,https://www.douyin.com/video/7644035850305123185,,7644063630547845897,13:10,未纳入,中性,自动映射到抖音视频评论池。,,false
2026-05-26,longge,抖音评论 13:10,确实停了,,,,否,video_id=7644035850305123185; video_url=https://www.douyin.com/video/7644035850305123185; creator=阿龙闯大A📈; like=0; reply=0; source_type=comment; yeren_signal_id=; parent_comment_text=,13:10,抖音评论,video,下午会涨停吗？#股票 #股民 #vlgo十亿流量扶持计划,小新没有蜡笔,7644035850305123185,https://www.douyin.com/video/7644035850305123185,,7644063617798128442,13:10,未纳入,中性,自动映射到抖音视频评论池。,,false
2026-05-26,longge,抖音评论 13:10,这真是大哥,,,,否,video_id=7644035850305123185; video_url=https://www.douyin.com/video/7644035850305123185; creator=阿龙闯大A📈; like=0; reply=1; source_type=comment; yeren_signal_id=; parent_comment_text=,13:10,抖音评论,video,下午会涨停吗？#股票 #股民 #vlgo十亿流量扶持计划,听.,7644035850305123185,https://www.douyin.com/video/7644035850305123185,,7644063615880495921,13:10,未纳入,中性,自动映射到抖音视频评论池。,,false
2026-05-26,longge,抖音评论 13:10,有没有大哥说下下午买啥[尬笑],,,,否,video_id=7644035850305123185; video_url=https://www.douyin.com/video/7644035850305123185; creator=阿龙闯大A📈; like=0; reply=0; source_type=comment; yeren_signal_id=; parent_comment_text=,13:10,抖音评论,video,下午会涨停吗？#股票 #股民 #vlgo十亿流量扶持计划,沫之夏探无锡🌸,7644035850305123185,https://www.douyin.com/video/7644035850305123185,,7644063584397493018,13:10,未纳入,中性,自动映射到抖音视频评论池。,,false
2026-05-26,longge,抖音评论 13:10,大哥[赞],,,,否,video_id=7644035850305123185; video_url=https://www.douyin.com/video/7644035850305123185; creator=阿龙闯大A📈; like=0; reply=0; source_type=comment; yeren_signal_id=; parent_comment_text=,13:10,抖音评论,video,下午会涨停吗？#股票 #股民 #vlgo十亿流量扶持计划,偷用了妈妈的玉兰油,7644035850305123185,https://www.douyin.com/video/7644035850305123185,,7644063576937022234,13:10,未纳入,中性,自动映射到抖音视频评论池。,,false
2026-05-26,longge,抖音评论 13:10,真牛逼我靠,,,,否,video_id=7644035850305123185; video_url=https://www.douyin.com/video/7644035850305123185; creator=阿龙闯大A📈; like=0; reply=0; source_type=comment; yeren_signal_id=; parent_comment_text=,13:10,抖音评论,video,下午会涨停吗？#股票 #股民 #vlgo十亿流量扶持计划,听.,7644035850305123185,https://www.douyin.com/video/7644035850305123185,,7644063571907887929,13:10,未纳入,中性,自动映射到抖音视频评论池。,,false
2026-05-26,longge,抖音评论 13:10,明天买啥[泪奔],,,,否,video_id=7644035850305123185; video_url=https://www.douyin.com/video/7644035850305123185; creator=阿龙闯大A📈; like=0; reply=0; source_type=comment; yeren_signal_id=; parent_comment_text=,13:10,抖音评论,video,下午会涨停吗？#股票 #股民 #vlgo十亿流量扶持计划,𓆩李李o𓆪📈,7644035850305123185,https://www.douyin.com/video/7644035850305123185,,7644063567529034545,13:10,未纳入,中性,自动映射到抖音视频评论池。,,false
2026-05-26,longge,抖音评论 13:10,太快了，8点多才买进,,,,否,video_id=7644035850305123185; video_url=https://www.douyin.com/video/7644035850305123185; creator=阿龙闯大A📈; like=0; reply=0; source_type=comment; yeren_signal_id=; parent_comment_text=,13:10,抖音评论,video,下午会涨停吗？#股票 #股民 #vlgo十亿流量扶持计划,幸运欣☀️,7644035850305123185,https://www.douyin.com/video/7644035850305123185,,7644063566291698472,13:10,未纳入,中性,自动映射到抖音视频评论池。,,false
2026-05-26,longge,抖音评论 13:10,涨停了,,,,否,video_id=7644035850305123185; video_url=https://www.douyin.com/video/7644035850305123185; creator=阿龙闯大A📈; like=0; reply=0; source_type=comment; yeren_signal_id=; parent_comment_text=,13:10,抖音评论,video,下午会涨停吗？#股票 #股民 #vlgo十亿流量扶持计划,云飞扬,7644035850305123185,https://www.douyin.com/video/7644035850305123185,,7644063560976925492,13:10,未纳入,中性,自动映射到抖音视频评论池。,,false
2026-05-26,longge,抖音评论 13:10,涨停了,,,,否,video_id=7644035850305123185; video_url=https://www.douyin.com/video/7644035850305123185; creator=阿龙闯大A📈; like=0; reply=0; source_type=comment; yeren_signal_id=; parent_comment_text=,13:10,抖音评论,video,下午会涨停吗？#股票 #股民 #vlgo十亿流量扶持计划,转身、沉默,7644035850305123185,https://www.douyin.com/video/7644035850305123185,,7644063555344384825,13:10,未纳入,中性,自动映射到抖音视频评论池。,,false
2026-05-26,longge,抖音评论 13:10,给大哥上龙,,,,否,video_id=7644035850305123185; video_url=https://www.douyin.com/video/7644035850305123185; creator=阿龙闯大A📈; like=0; reply=0; source_type=comment; yeren_signal_id=; parent_comment_text=,13:10,抖音评论,video,下午会涨停吗？#股票 #股民 #vlgo十亿流量扶持计划,十六七,7644035850305123185,https://www.douyin.com/video/7644035850305123185,,7644063535774679857,13:10,未纳入,中性,自动映射到抖音视频评论池。,,false
2026-05-26,longge,抖音评论 13:10,买不到妈的真的板了,,,,否,video_id=7644035850305123185; video_url=https://www.douyin.com/video/7644035850305123185; creator=阿龙闯大A📈; like=0; reply=0; source_type=comment; yeren_signal_id=; parent_comment_text=,13:10,抖音评论,video,下午会涨停吗？#股票 #股民 #vlgo十亿流量扶持计划,二手机大王@磊,7644035850305123185,https://www.douyin.com/video/7644035850305123185,,7644063531305861946,13:10,未纳入,中性,自动映射到抖音视频评论池。,,false
2026-05-26,longge,抖音评论 13:10,多多昨天进的[黑脸],,,,否,video_id=7644035850305123185; video_url=https://www.douyin.com/video/7644035850305123185; creator=阿龙闯大A📈; like=0; reply=0; source_type=comment; yeren_signal_id=; parent_comment_text=,13:10,抖音评论,video,下午会涨停吗？#股票 #股民 #vlgo十亿流量扶持计划,77侠,7644035850305123185,https://www.douyin.com/video/7644035850305123185,,7644063528547517210,13:10,未纳入,中性,自动映射到抖音视频评论池。,,false
2026-05-26,longge,抖音评论 13:10,大哥封神[赞]给大哥上🐉上🐉,,,,否,video_id=7644035850305123185; video_url=https://www.douyin.com/video/7644035850305123185; creator=阿龙闯大A📈; like=0; reply=2; source_type=comment; yeren_signal_id=; parent_comment_text=,13:10,抖音评论,video,下午会涨停吗？#股票 #股民 #vlgo十亿流量扶持计划,☾⋆Mmོོღ,7644035850305123185,https://www.douyin.com/video/7644035850305123185,,7644063515872215843,13:10,未纳入,中性,自动映射到抖音视频评论池。,,false
2026-05-26,longge,抖音评论 13:10,着急忙慌买进去了[捂脸],,,,否,video_id=7644035850305123185; video_url=https://www.douyin.com/video/7644035850305123185; creator=阿龙闯大A📈; like=0; reply=0; source_type=comment; yeren_signal_id=; parent_comment_text=,13:10,抖音评论,video,下午会涨停吗？#股票 #股民 #vlgo十亿流量扶持计划,山谷,7644035850305123185,https://www.douyin.com/video/7644035850305123185,,7644063510679438139,13:10,未纳入,中性,自动映射到抖音视频评论池。,,false
2026-05-26,longge,抖音评论 13:10,过分了，才看到,,,,否,video_id=7644035850305123185; video_url=https://www.douyin.com/video/7644035850305123185; creator=阿龙闯大A📈; like=0; reply=0; source_type=comment; yeren_signal_id=; parent_comment_text=,13:10,抖音评论,video,下午会涨停吗？#股票 #股民 #vlgo十亿流量扶持计划,小圆子,7644035850305123185,https://www.douyin.com/video/7644035850305123185,,7644063514344686394,13:10,未纳入,中性,自动映射到抖音视频评论池。,,false
2026-05-26,longge,抖音评论 13:10,咋个拉大直线，追都追不上[晕],,,,否,video_id=7644035850305123185; video_url=https://www.douyin.com/video/7644035850305123185; creator=阿龙闯大A📈; like=0; reply=0; source_type=comment; yeren_signal_id=; parent_comment_text=,13:10,抖音评论,video,下午会涨停吗？#股票 #股民 #vlgo十亿流量扶持计划,夏了夏天.,7644035850305123185,https://www.douyin.com/video/7644035850305123185,,7644063497890792255,13:10,未纳入,中性,自动映射到抖音视频评论池。,,false
2026-05-26,longge,抖音评论 13:10,涨停了[捂脸],,,,否,video_id=7644035850305123185; video_url=https://www.douyin.com/video/7644035850305123185; creator=阿龙闯大A📈; like=0; reply=0; source_type=comment; yeren_signal_id=; parent_comment_text=,13:10,抖音评论,video,下午会涨停吗？#股票 #股民 #vlgo十亿流量扶持计划,木盒,7644035850305123185,https://www.douyin.com/video/7644035850305123185,,7644063501791200041,13:10,未纳入,中性,自动映射到抖音视频评论池。,,false
2026-05-26,longge,抖音评论 13:10,涨停了,,,,否,video_id=7644035850305123185; video_url=https://www.douyin.com/video/7644035850305123185; creator=阿龙闯大A📈; like=0; reply=0; source_type=comment; yeren_signal_id=; parent_comment_text=,13:10,抖音评论,video,下午会涨停吗？#股票 #股民 #vlgo十亿流量扶持计划,徐SS,7644035850305123185,https://www.douyin.com/video/7644035850305123185,,7644063500977079081,13:10,未纳入,中性,自动映射到抖音视频评论池。,,false
2026-05-26,longge,抖音评论 13:10,牛逼,,,,否,video_id=7644035850305123185; video_url=https://www.douyin.com/video/7644035850305123185; creator=阿龙闯大A📈; like=0; reply=0; source_type=comment; yeren_signal_id=; parent_comment_text=,13:10,抖音评论,video,下午会涨停吗？#股票 #股民 #vlgo十亿流量扶持计划,鲨鱼辣椒🌶️🌶️🌶️,7644035850305123185,https://www.douyin.com/video/7644035850305123185,,7644063494778487587,13:10,未纳入,中性,自动映射到抖音视频评论池。,,false
2026-05-26,longge,抖音评论 13:10,给山东波哥上龙,,,,否,video_id=7644035850305123185; video_url=https://www.douyin.com/video/7644035850305123185; creator=阿龙闯大A📈; like=0; reply=0; source_type=comment; yeren_signal_id=; parent_comment_text=,13:10,抖音评论,video,下午会涨停吗？#股票 #股民 #vlgo十亿流量扶持计划,金钧泽,7644035850305123185,https://www.douyin.com/video/7644035850305123185,,7644063473152148273,13:10,未纳入,中性,自动映射到抖音视频评论池。,,false
2026-05-26,longge,抖音评论 13:10,握草十四个点,,,,否,video_id=7644035850305123185; video_url=https://www.douyin.com/video/7644035850305123185; creator=阿龙闯大A📈; like=0; reply=0; source_type=comment; yeren_signal_id=; parent_comment_text=,13:10,抖音评论,video,下午会涨停吗？#股票 #股民 #vlgo十亿流量扶持计划,魔法披风,7644035850305123185,https://www.douyin.com/video/7644035850305123185,,7644063469058196262,13:10,未纳入,中性,自动映射到抖音视频评论池。,,false
2026-05-26,longge,抖音评论 13:10,牛啊,,,,否,video_id=7644035850305123185; video_url=https://www.douyin.com/video/7644035850305123185; creator=阿龙闯大A📈; like=0; reply=0; source_type=comment; yeren_signal_id=; parent_comment_text=,13:10,抖音评论,video,下午会涨停吗？#股票 #股民 #vlgo十亿流量扶持计划,秋,7644035850305123185,https://www.douyin.com/video/7644035850305123185,,7644063455616467748,13:10,未纳入,中性,自动映射到抖音视频评论池。,,false
2026-05-26,longge,抖音评论 13:10,强啊，中午没挂进去,,,,否,video_id=7644035850305123185; video_url=https://www.douyin.com/video/7644035850305123185; creator=阿龙闯大A📈; like=0; reply=0; source_type=comment; yeren_signal_id=; parent_comment_text=,13:10,抖音评论,video,下午会涨停吗？#股票 #股民 #vlgo十亿流量扶持计划,初九,7644035850305123185,https://www.douyin.com/video/7644035850305123185,,7644063444644250425,13:10,未纳入,中性,自动映射到抖音视频评论池。,,false
2026-05-26,longge,抖音评论 13:10,涨停了,,,,否,video_id=7644035850305123185; video_url=https://www.douyin.com/video/7644035850305123185; creator=阿龙闯大A📈; like=0; reply=0; source_type=comment; yeren_signal_id=; parent_comment_text=,13:10,抖音评论,video,下午会涨停吗？#股票 #股民 #vlgo十亿流量扶持计划,一程山水渺渺,7644035850305123185,https://www.douyin.com/video/7644035850305123185,,7644063404639060790,13:10,未纳入,中性,自动映射到抖音视频评论池。,,false
2026-05-26,longge,抖音评论 13:09,真涨停了 来不及买[笑哭][笑哭],,,,否,video_id=7644035850305123185; video_url=https://www.douyin.com/video/7644035850305123185; creator=阿龙闯大A📈; like=0; reply=0; source_type=comment; yeren_signal_id=; parent_comment_text=,13:09,抖音评论,video,下午会涨停吗？#股票 #股民 #vlgo十亿流量扶持计划,人间🍻清风 ࿐,7644035850305123185,https://www.douyin.com/video/7644035850305123185,,7644063374431748901,13:09,未纳入,中性,自动映射到抖音视频评论池。,,false
2026-05-26,longge,抖音评论 13:09,板了[赞],,,,否,video_id=7644035850305123185; video_url=https://www.douyin.com/video/7644035850305123185; creator=阿龙闯大A📈; like=0; reply=0; source_type=comment; yeren_signal_id=; parent_comment_text=,13:09,抖音评论,video,下午会涨停吗？#股票 #股民 #vlgo十亿流量扶持计划,唯美听春雨,7644035850305123185,https://www.douyin.com/video/7644035850305123185,,7644063361156891450,13:09,未纳入,中性,自动映射到抖音视频评论池。,,false
2026-05-26,longge,抖音评论 13:09,冲进去了,,,,否,video_id=7644035850305123185; video_url=https://www.douyin.com/video/7644035850305123185; creator=阿龙闯大A📈; like=0; reply=0; source_type=comment; yeren_signal_id=; parent_comment_text=,13:09,抖音评论,video,下午会涨停吗？#股票 #股民 #vlgo十亿流量扶持计划,错别字大王,7644035850305123185,https://www.douyin.com/video/7644035850305123185,,7644063361458619195,13:09,未纳入,中性,自动映射到抖音视频评论池。,,false
2026-05-26,longge,抖音评论 13:09,你又吃独食了。,,,,否,video_id=7644035850305123185; video_url=https://www.douyin.com/video/7644035850305123185; creator=阿龙闯大A📈; like=0; reply=0; source_type=comment; yeren_signal_id=; parent_comment_text=,13:09,抖音评论,video,下午会涨停吗？#股票 #股民 #vlgo十亿流量扶持计划,↑-⑤的阳光🇨🇳,7644035850305123185,https://www.douyin.com/video/7644035850305123185,,7644063331851436846,13:09,未纳入,中性,自动映射到抖音视频评论池。,,false
2026-05-26,longge,抖音评论 13:09,牛逼！,,,,否,video_id=7644035850305123185; video_url=https://www.douyin.com/video/7644035850305123185; creator=阿龙闯大A📈; like=0; reply=0; source_type=comment; yeren_signal_id=; parent_comment_text=,13:09,抖音评论,video,下午会涨停吗？#股票 #股民 #vlgo十亿流量扶持计划,小峻宝,7644035850305123185,https://www.douyin.com/video/7644035850305123185,,7644063328466453297,13:09,未纳入,中性,自动映射到抖音视频评论池。,,false
2026-05-26,longge,抖音评论 13:09,丽[暗中观察]岛拉一手呢[暗中观察],,,,否,video_id=7644035850305123185; video_url=https://www.douyin.com/video/7644035850305123185; creator=阿龙闯大A📈; like=0; reply=0; source_type=comment; yeren_signal_id=; parent_comment_text=,13:09,抖音评论,video,下午会涨停吗？#股票 #股民 #vlgo十亿流量扶持计划,迷鹿,7644035850305123185,https://www.douyin.com/video/7644035850305123185,,7644063314167202597,13:09,未纳入,中性,自动映射到抖音视频评论池。,,false
2026-05-26,longge,抖音评论 13:09,中午开盘赶紧买还是涨停了[捂脸],,,,否,video_id=7644035850305123185; video_url=https://www.douyin.com/video/7644035850305123185; creator=阿龙闯大A📈; like=0; reply=0; source_type=comment; yeren_signal_id=; parent_comment_text=,13:09,抖音评论,video,下午会涨停吗？#股票 #股民 #vlgo十亿流量扶持计划,余温暖✨,7644035850305123185,https://www.douyin.com/video/7644035850305123185,,7644063300331078458,13:09,未纳入,中性,自动映射到抖音视频评论池。,,false
2026-05-26,longge,抖音评论 13:09,上一秒刷的视频，下一秒涨停，牛,,,,否,video_id=7644035850305123185; video_url=https://www.douyin.com/video/7644035850305123185; creator=阿龙闯大A📈; like=0; reply=0; source_type=comment; yeren_signal_id=; parent_comment_text=,13:09,抖音评论,video,下午会涨停吗？#股票 #股民 #vlgo十亿流量扶持计划,湖北鑫康盛,7644035850305123185,https://www.douyin.com/video/7644035850305123185,,7644063293753885483,13:09,未纳入,中性,自动映射到抖音视频评论池。,,false
2026-05-26,longge,抖音评论 13:09,牛啊，板了哎,,,,否,video_id=7644035850305123185; video_url=https://www.douyin.com/video/7644035850305123185; creator=阿龙闯大A📈; like=0; reply=0; source_type=comment; yeren_signal_id=; parent_comment_text=,13:09,抖音评论,video,下午会涨停吗？#股票 #股民 #vlgo十亿流量扶持计划,乐颜,7644035850305123185,https://www.douyin.com/video/7644035850305123185,,7644063250828509989,13:09,未纳入,中性,自动映射到抖音视频评论池。,,false
2026-05-26,longge,抖音评论 13:09,16.84直接冲涨停的,,,,否,video_id=7644035850305123185; video_url=https://www.douyin.com/video/7644035850305123185; creator=阿龙闯大A📈; like=0; reply=0; source_type=comment; yeren_signal_id=; parent_comment_text=,13:09,抖音评论,video,下午会涨停吗？#股票 #股民 #vlgo十亿流量扶持计划,Lan,7644035850305123185,https://www.douyin.com/video/7644035850305123185,,7644063199533663026,13:09,未纳入,中性,自动映射到抖音视频评论池。,,false
2026-05-26,longge,抖音评论 13:09,7点多点杀进去了，稳哦,,,,否,video_id=7644035850305123185; video_url=https://www.douyin.com/video/7644035850305123185; creator=阿龙闯大A📈; like=0; reply=0; source_type=comment; yeren_signal_id=; parent_comment_text=,13:09,抖音评论,video,下午会涨停吗？#股票 #股民 #vlgo十亿流量扶持计划,老树,7644035850305123185,https://www.douyin.com/video/7644035850305123185,,7644063198400840507,13:09,未纳入,中性,自动映射到抖音视频评论池。,,false
2026-05-26,longge,抖音评论 13:09,我操，真板了,,,,否,video_id=7644035850305123185; video_url=https://www.douyin.com/video/7644035850305123185; creator=阿龙闯大A📈; like=0; reply=0; source_type=comment; yeren_signal_id=; parent_comment_text=,13:09,抖音评论,video,下午会涨停吗？#股票 #股民 #vlgo十亿流量扶持计划,煌,7644035850305123185,https://www.douyin.com/video/7644035850305123185,,7644063197078930182,13:09,未纳入,中性,自动映射到抖音视频评论池。,,false
2026-05-26,longge,抖音评论 13:09,上午骂明阳智能的呢,,,,否,video_id=7644035850305123185; video_url=https://www.douyin.com/video/7644035850305123185; creator=阿龙闯大A📈; like=0; reply=5; source_type=comment; yeren_signal_id=; parent_comment_text=,13:09,抖音评论,video,下午会涨停吗？#股票 #股民 #vlgo十亿流量扶持计划,吴可爱,7644035850305123185,https://www.douyin.com/video/7644035850305123185,,7644063172714201905,13:09,未纳入,中性,自动映射到抖音视频评论池。,,false
2026-05-26,longge,抖音评论 13:09,跟晚了，感谢大哥[感谢][感谢],,,,否,video_id=7644035850305123185; video_url=https://www.douyin.com/video/7644035850305123185; creator=阿龙闯大A📈; like=0; reply=0; source_type=comment; yeren_signal_id=; parent_comment_text=,13:09,抖音评论,video,下午会涨停吗？#股票 #股民 #vlgo十亿流量扶持计划,灵罗娃娃,7644035850305123185,https://www.douyin.com/video/7644035850305123185,,7644063161466061605,13:09,未纳入,中性,自动映射到抖音视频评论池。,,false
2026-05-26,longge,抖音评论 13:08,等到了,,,,否,video_id=7644035850305123185; video_url=https://www.douyin.com/video/7644035850305123185; creator=阿龙闯大A📈; like=0; reply=0; source_type=comment; yeren_signal_id=; parent_comment_text=,13:08,抖音评论,video,下午会涨停吗？#股票 #股民 #vlgo十亿流量扶持计划,孫葉児,7644035850305123185,https://www.douyin.com/video/7644035850305123185,,7644063127202530085,13:08,未纳入,中性,自动映射到抖音视频评论池。,,false
2026-05-26,longge,抖音评论 13:08,在哪里发的啊 都亏麻了,,,,否,video_id=7644035850305123185; video_url=https://www.douyin.com/video/7644035850305123185; creator=阿龙闯大A📈; like=0; reply=0; source_type=comment; yeren_signal_id=; parent_comment_text=,13:08,抖音评论,video,下午会涨停吗？#股票 #股民 #vlgo十亿流量扶持计划,🌈Zz,7644035850305123185,https://www.douyin.com/video/7644035850305123185,,7644063120768303921,13:08,未纳入,中性,自动映射到抖音视频评论池。,,false
2026-05-26,longge,抖音评论 13:08,真的涨停了,,,,否,video_id=7644035850305123185; video_url=https://www.douyin.com/video/7644035850305123185; creator=阿龙闯大A📈; like=0; reply=0; source_type=comment; yeren_signal_id=; parent_comment_text=,13:08,抖音评论,video,下午会涨停吗？#股票 #股民 #vlgo十亿流量扶持计划,🌷冰糖小葫卢,7644035850305123185,https://www.douyin.com/video/7644035850305123185,,7644063114916594490,13:08,未纳入,中性,自动映射到抖音视频评论池。,,false
2026-05-26,longge,抖音评论 13:08,你们怎么看到大哥尼，就不能跟我们说说啊,,,,否,video_id=7644035850305123185; video_url=https://www.douyin.com/video/7644035850305123185; creator=阿龙闯大A📈; like=0; reply=0; source_type=comment; yeren_signal_id=; parent_comment_text=,13:08,抖音评论,video,下午会涨停吗？#股票 #股民 #vlgo十亿流量扶持计划,🌈杭漂宝宝🌈,7644035850305123185,https://www.douyin.com/video/7644035850305123185,,7644063097489294131,13:08,未纳入,中性,自动映射到抖音视频评论池。,,false
2026-05-26,longge,抖音评论 13:08,太牛了，下午没买进去，中午才看到，气死了[泣不成声][泣不成声],,,,否,video_id=7644035850305123185; video_url=https://www.douyin.com/video/7644035850305123185; creator=阿龙闯大A📈; like=0; reply=0; source_type=comment; yeren_signal_id=; parent_comment_text=,13:08,抖音评论,video,下午会涨停吗？#股票 #股民 #vlgo十亿流量扶持计划,齐齐小公主👸🏻,7644035850305123185,https://www.douyin.com/video/7644035850305123185,,7644063094632923941,13:08,未纳入,中性,自动映射到抖音视频评论池。,,false
2026-05-26,longge,抖音评论 13:08,卧槽，神了,,,,否,video_id=7644035850305123185; video_url=https://www.douyin.com/video/7644035850305123185; creator=阿龙闯大A📈; like=0; reply=0; source_type=comment; yeren_signal_id=; parent_comment_text=,13:08,抖音评论,video,下午会涨停吗？#股票 #股民 #vlgo十亿流量扶持计划,Mr.史努比,7644035850305123185,https://www.douyin.com/video/7644035850305123185,,7644063082406527771,13:08,未纳入,中性,自动映射到抖音视频评论池。,,false
2026-05-26,longge,抖音评论 13:08,涨停了，牛,,,,否,video_id=7644035850305123185; video_url=https://www.douyin.com/video/7644035850305123185; creator=阿龙闯大A📈; like=0; reply=0; source_type=comment; yeren_signal_id=; parent_comment_text=,13:08,抖音评论,video,下午会涨停吗？#股票 #股民 #vlgo十亿流量扶持计划,君子慎独，不欺暗室,7644035850305123185,https://www.douyin.com/video/7644035850305123185,,7644063078912492315,13:08,未纳入,中性,自动映射到抖音视频评论池。,,false
2026-05-26,longge,抖音评论 13:08,正涨停了。我靠。大哥牛,,,,否,video_id=7644035850305123185; video_url=https://www.douyin.com/video/7644035850305123185; creator=阿龙闯大A📈; like=0; reply=0; source_type=comment; yeren_signal_id=; parent_comment_text=,13:08,抖音评论,video,下午会涨停吗？#股票 #股民 #vlgo十亿流量扶持计划,海龙科技—百威软件,7644035850305123185,https://www.douyin.com/video/7644035850305123185,,7644063055559115557,13:08,未纳入,中性,自动映射到抖音视频评论池。,,false
2026-05-26,longge,抖音评论 13:08,吊了！涨停了,,,,否,video_id=7644035850305123185; video_url=https://www.douyin.com/video/7644035850305123185; creator=阿龙闯大A📈; like=0; reply=0; source_type=comment; yeren_signal_id=; parent_comment_text=,13:08,抖音评论,video,下午会涨停吗？#股票 #股民 #vlgo十亿流量扶持计划,雨中尘埃,7644035850305123185,https://www.douyin.com/video/7644035850305123185,,7644063017622045486,13:08,未纳入,中性,自动映射到抖音视频评论池。,,false
2026-05-26,longge,抖音评论 13:08,有没有可以上龙的，现在去买来得及的票[耶],,,,否,video_id=7644035850305123185; video_url=https://www.douyin.com/video/7644035850305123185; creator=阿龙闯大A📈; like=0; reply=0; source_type=comment; yeren_signal_id=; parent_comment_text=,13:08,抖音评论,video,下午会涨停吗？#股票 #股民 #vlgo十亿流量扶持计划,玉香小林,7644035850305123185,https://www.douyin.com/video/7644035850305123185,,7644063007311495995,13:08,未纳入,中性,自动映射到抖音视频评论池。,,false
2026-05-26,longge,抖音评论 13:08,涨停了，下午追进了,,,,否,video_id=7644035850305123185; video_url=https://www.douyin.com/video/7644035850305123185; creator=阿龙闯大A📈; like=0; reply=0; source_type=comment; yeren_signal_id=; parent_comment_text=,13:08,抖音评论,video,下午会涨停吗？#股票 #股民 #vlgo十亿流量扶持计划,心悦,7644035850305123185,https://www.douyin.com/video/7644035850305123185,,7644063004858237746,13:08,未纳入,中性,自动映射到抖音视频评论池。,,false
2026-05-26,longge,抖音评论 13:08,挂了两手 想着稍微下一下再进  就撤了！然后就没机会了！！啊啊啊,,,,否,video_id=7644035850305123185; video_url=https://www.douyin.com/video/7644035850305123185; creator=阿龙闯大A📈; like=0; reply=0; source_type=comment; yeren_signal_id=; parent_comment_text=,13:08,抖音评论,video,下午会涨停吗？#股票 #股民 #vlgo十亿流量扶持计划,锅大拿,7644035850305123185,https://www.douyin.com/video/7644035850305123185,,7644062975573476145,13:08,未纳入,中性,自动映射到抖音视频评论池。,,false
2026-05-26,longge,抖音评论 13:08,我昨天也看了，关注了，早上开会，没买[笑哭],,,,否,video_id=7644035850305123185; video_url=https://www.douyin.com/video/7644035850305123185; creator=阿龙闯大A📈; like=0; reply=0; source_type=comment; yeren_signal_id=; parent_comment_text=,13:08,抖音评论,video,下午会涨停吗？#股票 #股民 #vlgo十亿流量扶持计划,请叫我落幕,7644035850305123185,https://www.douyin.com/video/7644035850305123185,,7644062968842011426,13:08,未纳入,中性,自动映射到抖音视频评论池。,,false
2026-05-26,longge,抖音评论 13:08,说明阳的大哥显灵了[尬笑][尬笑][尬笑],,,,否,video_id=7644035850305123185; video_url=https://www.douyin.com/video/7644035850305123185; creator=阿龙闯大A📈; like=0; reply=1; source_type=comment; yeren_signal_id=; parent_comment_text=,13:08,抖音评论,video,下午会涨停吗？#股票 #股民 #vlgo十亿流量扶持计划,妮妮n,7644035850305123185,https://www.douyin.com/video/7644035850305123185,,7644062963029459747,13:08,未纳入,中性,自动映射到抖音视频评论池。,,false
2026-05-26,longge,抖音评论 13:08,大哥厉害啊！山东下午开盘就涨停了[捂脸][捂脸],,,,否,video_id=7644035850305123185; video_url=https://www.douyin.com/video/7644035850305123185; creator=阿龙闯大A📈; like=0; reply=0; source_type=comment; yeren_signal_id=; parent_comment_text=,13:08,抖音评论,video,下午会涨停吗？#股票 #股民 #vlgo十亿流量扶持计划,相濡以墨,7644035850305123185,https://www.douyin.com/video/7644035850305123185,,7644062955595727651,13:08,未纳入,中性,自动映射到抖音视频评论池。,,false
2026-05-26,longge,抖音评论 13:08,真TM涨停了[捂脸],,,,否,video_id=7644035850305123185; video_url=https://www.douyin.com/video/7644035850305123185; creator=阿龙闯大A📈; like=0; reply=0; source_type=comment; yeren_signal_id=; parent_comment_text=,13:08,抖音评论,video,下午会涨停吗？#股票 #股民 #vlgo十亿流量扶持计划,李勇敢,7644035850305123185,https://www.douyin.com/video/7644035850305123185,,7644062942421533440,13:08,未纳入,中性,自动映射到抖音视频评论池。,,false
2026-05-26,longge,抖音评论 13:08,上龙,,,,否,video_id=7644035850305123185; video_url=https://www.douyin.com/video/7644035850305123185; creator=阿龙闯大A📈; like=0; reply=0; source_type=comment; yeren_signal_id=; parent_comment_text=,13:08,抖音评论,video,下午会涨停吗？#股票 #股民 #vlgo十亿流量扶持计划,🌈你,7644035850305123185,https://www.douyin.com/video/7644035850305123185,,7644062938578043697,13:08,未纳入,中性,自动映射到抖音视频评论池。,,false
2026-05-26,longge,抖音评论 13:08,亨通光电上午进的[躺平]是不是抄到半山腰了[流泪],亨通光电(600487),通信设备;光通信,亨通光电(600487) 被提及 2 次，有效评论 2 条，来源 2 个，跨来源共振，情绪 看多，当前判断：保留观察。,待确认,video_id=7644035850305123185; video_url=https://www.douyin.com/video/7644035850305123185; creator=阿龙闯大A📈; like=0; reply=2; source_type=comment; yeren_signal_id=; parent_comment_text=,13:08,抖音评论,video,下午会涨停吗？#股票 #股民 #vlgo十亿流量扶持计划,小子妮子 🌈,7644035850305123185,https://www.douyin.com/video/7644035850305123185,,7644062931152601893,13:08,待确认,看多,自动映射到抖音视频评论池。,7.6,false
2026-05-26,longge,抖音评论 13:08,都准备好下午开盘买山东了 结果一看评论区忘了开盘点了 不该我发的财啊,,,,否,video_id=7644035850305123185; video_url=https://www.douyin.com/video/7644035850305123185; creator=阿龙闯大A📈; like=0; reply=0; source_type=comment; yeren_signal_id=; parent_comment_text=,13:08,抖音评论,video,下午会涨停吗？#股票 #股民 #vlgo十亿流量扶持计划,嘟嘟嘟程,7644035850305123185,https://www.douyin.com/video/7644035850305123185,,7644062910964646696,13:08,未纳入,中性,自动映射到抖音视频评论池。,,false
2026-05-26,longge,抖音评论 13:08,[泪奔]我冲慢了，第一下没成交,,,,否,video_id=7644035850305123185; video_url=https://www.douyin.com/video/7644035850305123185; creator=阿龙闯大A📈; like=0; reply=4; source_type=comment; yeren_signal_id=; parent_comment_text=,13:08,抖音评论,video,下午会涨停吗？#股票 #股民 #vlgo十亿流量扶持计划,喷漆模版专业户,7644035850305123185,https://www.douyin.com/video/7644035850305123185,,7644062904183046952,13:08,未纳入,中性,自动映射到抖音视频评论池。,,false
2026-05-26,longge,抖音评论 13:07,这不炸了么，牛逼啊,,,,否,video_id=7644035850305123185; video_url=https://www.douyin.com/video/7644035850305123185; creator=阿龙闯大A📈; like=0; reply=0; source_type=comment; yeren_signal_id=; parent_comment_text=,13:07,抖音评论,video,下午会涨停吗？#股票 #股民 #vlgo十亿流量扶持计划,无足鸟,7644035850305123185,https://www.douyin.com/video/7644035850305123185,,7644062866806768433,13:07,未纳入,中性,自动映射到抖音视频评论池。,,false
2026-05-26,longge,抖音评论 13:07,要上龙了  哥,,,,否,video_id=7644035850305123185; video_url=https://www.douyin.com/video/7644035850305123185; creator=阿龙闯大A📈; like=0; reply=0; source_type=comment; yeren_signal_id=; parent_comment_text=,13:07,抖音评论,video,下午会涨停吗？#股票 #股民 #vlgo十亿流量扶持计划,惊天小牛仔,7644035850305123185,https://www.douyin.com/video/7644035850305123185,,7644062859912315674,13:07,未纳入,中性,自动映射到抖音视频评论池。,,false
2026-05-26,longge,抖音评论 13:07,中体 还有机会,,,,否,video_id=7644035850305123185; video_url=https://www.douyin.com/video/7644035850305123185; creator=阿龙闯大A📈; like=0; reply=0; source_type=comment; yeren_signal_id=; parent_comment_text=,13:07,抖音评论,video,下午会涨停吗？#股票 #股民 #vlgo十亿流量扶持计划,初见丶周周,7644035850305123185,https://www.douyin.com/video/7644035850305123185,,7644062849895564059,13:07,未纳入,中性,自动映射到抖音视频评论池。,,false
2026-05-26,longge,抖音评论 13:07,早上看了，以为没戏，下午就来了，真牛,,,,否,video_id=7644035850305123185; video_url=https://www.douyin.com/video/7644035850305123185; creator=阿龙闯大A📈; like=0; reply=0; source_type=comment; yeren_signal_id=; parent_comment_text=,13:07,抖音评论,video,下午会涨停吗？#股票 #股民 #vlgo十亿流量扶持计划,笑口常开，好运来,7644035850305123185,https://www.douyin.com/video/7644035850305123185,,7644062849480999695,13:07,未纳入,中性,自动映射到抖音视频评论池。,,false
2026-05-26,longge,抖音评论 13:07,牛批啊，开盘观察了一两分钟立马买入，板了竟然[赞][赞][赞][赞][赞][赞],,,,否,video_id=7644035850305123185; video_url=https://www.douyin.com/video/7644035850305123185; creator=阿龙闯大A📈; like=0; reply=4; source_type=comment; yeren_signal_id=; parent_comment_text=,13:07,抖音评论,video,下午会涨停吗？#股票 #股民 #vlgo十亿流量扶持计划,无名的荣耀💯,7644035850305123185,https://www.douyin.com/video/7644035850305123185,,7644062851212509989,13:07,未纳入,中性,自动映射到抖音视频评论池。,,false
2026-05-26,longge,抖音评论 13:07,厉害👍,,,,否,video_id=7644035850305123185; video_url=https://www.douyin.com/video/7644035850305123185; creator=阿龙闯大A📈; like=0; reply=0; source_type=comment; yeren_signal_id=; parent_comment_text=,13:07,抖音评论,video,下午会涨停吗？#股票 #股民 #vlgo十亿流量扶持计划,&氷封暧@,7644035850305123185,https://www.douyin.com/video/7644035850305123185,,7644062846594876212,13:07,未纳入,中性,自动映射到抖音视频评论池。,,false
2026-05-26,longge,抖音评论 13:07,上龙🐉,,,,否,video_id=7644035850305123185; video_url=https://www.douyin.com/video/7644035850305123185; creator=阿龙闯大A📈; like=0; reply=0; source_type=comment; yeren_signal_id=; parent_comment_text=,13:07,抖音评论,video,下午会涨停吗？#股票 #股民 #vlgo十亿流量扶持计划,zoom,7644035850305123185,https://www.douyin.com/video/7644035850305123185,,7644062837330133779,13:07,未纳入,中性,自动映射到抖音视频评论池。,,false
2026-05-26,longge,抖音评论 13:07,牛逼，是真牛逼,,,,否,video_id=7644035850305123185; video_url=https://www.douyin.com/video/7644035850305123185; creator=阿龙闯大A📈; like=0; reply=0; source_type=comment; yeren_signal_id=; parent_comment_text=,13:07,抖音评论,video,下午会涨停吗？#股票 #股民 #vlgo十亿流量扶持计划,@Z🙂,7644035850305123185,https://www.douyin.com/video/7644035850305123185,,7644062832669279003,13:07,未纳入,中性,自动映射到抖音视频评论池。,,false
2026-05-26,longge,抖音评论 13:07,我上午买了一点点[捂脸],,,,否,video_id=7644035850305123185; video_url=https://www.douyin.com/video/7644035850305123185; creator=阿龙闯大A📈; like=0; reply=0; source_type=comment; yeren_signal_id=; parent_comment_text=,13:07,抖音评论,video,下午会涨停吗？#股票 #股民 #vlgo十亿流量扶持计划,桃🍑,7644035850305123185,https://www.douyin.com/video/7644035850305123185,,7644062831151498030,13:07,未纳入,中性,自动映射到抖音视频评论池。,,false
2026-05-26,longge,抖音评论 13:07,明天还有机会吗,,,,否,video_id=7644035850305123185; video_url=https://www.douyin.com/video/7644035850305123185; creator=阿龙闯大A📈; like=0; reply=0; source_type=comment; yeren_signal_id=; parent_comment_text=,13:07,抖音评论,video,下午会涨停吗？#股票 #股民 #vlgo十亿流量扶持计划,z z o o.,7644035850305123185,https://www.douyin.com/video/7644035850305123185,,7644062829159072527,13:07,未纳入,中性,自动映射到抖音视频评论池。,,false
2026-05-26,longge,抖音评论 13:07,哈哈哈，我信了，买了四万，涨停了[泣不成声]那个大哥还在吗，最近亏死了,,,,否,video_id=7644035850305123185; video_url=https://www.douyin.com/video/7644035850305123185; creator=阿龙闯大A📈; like=0; reply=0; source_type=comment; yeren_signal_id=; parent_comment_text=,13:07,抖音评论,video,下午会涨停吗？#股票 #股民 #vlgo十亿流量扶持计划,宁宁宁～,7644035850305123185,https://www.douyin.com/video/7644035850305123185,,7644062825334473498,13:07,未纳入,中性,自动映射到抖音视频评论池。,,false
2026-05-26,longge,抖音评论 13:07,🌿  牛,,,,否,video_id=7644035850305123185; video_url=https://www.douyin.com/video/7644035850305123185; creator=阿龙闯大A📈; like=0; reply=0; source_type=comment; yeren_signal_id=; parent_comment_text=,13:07,抖音评论,video,下午会涨停吗？#股票 #股民 #vlgo十亿流量扶持计划,story,7644035850305123185,https://www.douyin.com/video/7644035850305123185,,7644062828572771109,13:07,未纳入,中性,自动映射到抖音视频评论池。,,false
2026-05-26,longge,抖音评论 13:07,我开盘买不进，17.5买进去了200，然后涨停了！！牛啊！！,,,,否,video_id=7644035850305123185; video_url=https://www.douyin.com/video/7644035850305123185; creator=阿龙闯大A📈; like=0; reply=0; source_type=comment; yeren_signal_id=; parent_comment_text=,13:07,抖音评论,video,下午会涨停吗？#股票 #股民 #vlgo十亿流量扶持计划,🌈🌈🌈ZJ小姐的猫,7644035850305123185,https://www.douyin.com/video/7644035850305123185,,7644062828277875514,13:07,未纳入,中性,自动映射到抖音视频评论池。,,false
2026-05-26,longge,抖音评论 13:07,牛逼，下午开盘就涨停啊,,,,否,video_id=7644035850305123185; video_url=https://www.douyin.com/video/7644035850305123185; creator=阿龙闯大A📈; like=0; reply=1; source_type=comment; yeren_signal_id=; parent_comment_text=,13:07,抖音评论,video,下午会涨停吗？#股票 #股民 #vlgo十亿流量扶持计划,平安喜乐呦,7644035850305123185,https://www.douyin.com/video/7644035850305123185,,7644062822288655142,13:07,未纳入,中性,自动映射到抖音视频评论池。,,false
2026-05-26,longge,抖音评论 13:07,恭喜,,,,否,video_id=7644035850305123185; video_url=https://www.douyin.com/video/7644035850305123185; creator=阿龙闯大A📈; like=0; reply=0; source_type=comment; yeren_signal_id=; parent_comment_text=,13:07,抖音评论,video,下午会涨停吗？#股票 #股民 #vlgo十亿流量扶持计划,恭喜,7644035850305123185,https://www.douyin.com/video/7644035850305123185,,7644062818052670257,13:07,未纳入,中性,自动映射到抖音视频评论池。,,false
2026-05-26,longge,抖音评论 13:07,[流泪][流泪][流泪]买都买不进,,,,否,video_id=7644035850305123185; video_url=https://www.douyin.com/video/7644035850305123185; creator=阿龙闯大A📈; like=0; reply=0; source_type=comment; yeren_signal_id=; parent_comment_text=,13:07,抖音评论,video,下午会涨停吗？#股票 #股民 #vlgo十亿流量扶持计划,喵了个咪,7644035850305123185,https://www.douyin.com/video/7644035850305123185,,7644062816517554986,13:07,未纳入,中性,自动映射到抖音视频评论池。,,false
2026-05-26,longge,抖音评论 13:07,没买上，太牛了,,,,否,video_id=7644035850305123185; video_url=https://www.douyin.com/video/7644035850305123185; creator=阿龙闯大A📈; like=0; reply=0; source_type=comment; yeren_signal_id=; parent_comment_text=,13:07,抖音评论,video,下午会涨停吗？#股票 #股民 #vlgo十亿流量扶持计划,春序初四·熙明,7644035850305123185,https://www.douyin.com/video/7644035850305123185,,7644062790333006650,13:07,未纳入,中性,自动映射到抖音视频评论池。,,false
2026-05-26,longge,抖音评论 13:07,厉害，下午开盘直接拉升封板[赞][赞],,,,否,video_id=7644035850305123185; video_url=https://www.douyin.com/video/7644035850305123185; creator=阿龙闯大A📈; like=0; reply=0; source_type=comment; yeren_signal_id=; parent_comment_text=,13:07,抖音评论,video,下午会涨停吗？#股票 #股民 #vlgo十亿流量扶持计划,小团团,7644035850305123185,https://www.douyin.com/video/7644035850305123185,,7644062778266010425,13:07,未纳入,中性,自动映射到抖音视频评论池。,,false
2026-05-26,longge,抖音评论 13:07,真大哥，没买上[捂脸],,,,否,video_id=7644035850305123185; video_url=https://www.douyin.com/video/7644035850305123185; creator=阿龙闯大A📈; like=0; reply=0; source_type=comment; yeren_signal_id=; parent_comment_text=,13:07,抖音评论,video,下午会涨停吗？#股票 #股民 #vlgo十亿流量扶持计划,尕坤坤khun,7644035850305123185,https://www.douyin.com/video/7644035850305123185,,7644062773777597224,13:07,未纳入,中性,自动映射到抖音视频评论池。,,false
2026-05-26,longge,抖音评论 13:07,这大哥牛啊，连时间都说得那么准，可惜没仓位了，这得上一条龙[黄脸干杯][黄脸干杯],,,,否,video_id=7644035850305123185; video_url=https://www.douyin.com/video/7644035850305123185; creator=阿龙闯大A📈; like=0; reply=1; source_type=comment; yeren_signal_id=; parent_comment_text=,13:07,抖音评论,video,下午会涨停吗？#股票 #股民 #vlgo十亿流量扶持计划,鼠儿吖,7644035850305123185,https://www.douyin.com/video/7644035850305123185,,7644062766916027136,13:07,未纳入,中性,自动映射到抖音视频评论池。,,false
2026-05-26,longge,抖音评论 13:07,玻纤已经涨停了[呲牙],,,,否,video_id=7644035850305123185; video_url=https://www.douyin.com/video/7644035850305123185; creator=阿龙闯大A📈; like=0; reply=0; source_type=comment; yeren_signal_id=; parent_comment_text=,13:07,抖音评论,video,下午会涨停吗？#股票 #股民 #vlgo十亿流量扶持计划,葉 嘉,7644035850305123185,https://www.douyin.com/video/7644035850305123185,,7644062759173178149,13:07,未纳入,中性,自动映射到抖音视频评论池。,,false
2026-05-26,longge,抖音评论 13:07,啊😧,,,,否,video_id=7644035850305123185; video_url=https://www.douyin.com/video/7644035850305123185; creator=阿龙闯大A📈; like=0; reply=0; source_type=comment; yeren_signal_id=; parent_comment_text=,13:07,抖音评论,video,下午会涨停吗？#股票 #股民 #vlgo十亿流量扶持计划,5eleven,7644035850305123185,https://www.douyin.com/video/7644035850305123185,,7644062755100427071,13:07,未纳入,中性,自动映射到抖音视频评论池。,,false
2026-05-26,longge,抖音评论 13:07,我就慢了一手,,,,否,video_id=7644035850305123185; video_url=https://www.douyin.com/video/7644035850305123185; creator=阿龙闯大A📈; like=0; reply=0; source_type=comment; yeren_signal_id=; parent_comment_text=,13:07,抖音评论,video,下午会涨停吗？#股票 #股民 #vlgo十亿流量扶持计划,印第安老斑鸠,7644035850305123185,https://www.douyin.com/video/7644035850305123185,,7644062749161751350,13:07,未纳入,中性,自动映射到抖音视频评论池。,,false
2026-05-26,longge,抖音评论 13:07,涨停啦,,,,否,video_id=7644035850305123185; video_url=https://www.douyin.com/video/7644035850305123185; creator=阿龙闯大A📈; like=0; reply=0; source_type=comment; yeren_signal_id=; parent_comment_text=,13:07,抖音评论,video,下午会涨停吗？#股票 #股民 #vlgo十亿流量扶持计划,王者荣耀小帅,7644035850305123185,https://www.douyin.com/video/7644035850305123185,,7644062749949756175,13:07,未纳入,中性,自动映射到抖音视频评论池。,,false
2026-05-26,longge,抖音评论 13:07,牛逼了,,,,否,video_id=7644035850305123185; video_url=https://www.douyin.com/video/7644035850305123185; creator=阿龙闯大A📈; like=0; reply=0; source_type=comment; yeren_signal_id=; parent_comment_text=,13:07,抖音评论,video,下午会涨停吗？#股票 #股民 #vlgo十亿流量扶持计划,小黄鸭冒险记童鞋,7644035850305123185,https://www.douyin.com/video/7644035850305123185,,7644062724384670513,13:07,未纳入,中性,自动映射到抖音视频评论池。,,false
2026-05-26,longge,抖音评论 13:07,龙 牛啊[赞][赞][赞],,,,否,video_id=7644035850305123185; video_url=https://www.douyin.com/video/7644035850305123185; creator=阿龙闯大A📈; like=0; reply=0; source_type=comment; yeren_signal_id=; parent_comment_text=,13:07,抖音评论,video,下午会涨停吗？#股票 #股民 #vlgo十亿流量扶持计划,鑫来,7644035850305123185,https://www.douyin.com/video/7644035850305123185,,7644062699437982464,13:07,未纳入,中性,自动映射到抖音视频评论池。,,false
2026-05-26,longge,抖音评论 13:07,是真大哥,,,,否,video_id=7644035850305123185; video_url=https://www.douyin.com/video/7644035850305123185; creator=阿龙闯大A📈; like=0; reply=0; source_type=comment; yeren_signal_id=; parent_comment_text=,13:07,抖音评论,video,下午会涨停吗？#股票 #股民 #vlgo十亿流量扶持计划,条纹控baby,7644035850305123185,https://www.douyin.com/video/7644035850305123185,,7644062701471236879,13:07,未纳入,中性,自动映射到抖音视频评论池。,,false
2026-05-26,longge,抖音评论 13:07,上🐲！上🐲！,,,,否,video_id=7644035850305123185; video_url=https://www.douyin.com/video/7644035850305123185; creator=阿龙闯大A📈; like=0; reply=0; source_type=comment; yeren_signal_id=; parent_comment_text=,13:07,抖音评论,video,下午会涨停吗？#股票 #股民 #vlgo十亿流量扶持计划,帅哥在熬夜,7644035850305123185,https://www.douyin.com/video/7644035850305123185,,7644062695508312838,13:07,未纳入,中性,自动映射到抖音视频评论池。,,false
2026-05-26,longge,抖音评论 13:07,上龙[色]给大哥,,,,否,video_id=7644035850305123185; video_url=https://www.douyin.com/video/7644035850305123185; creator=阿龙闯大A📈; like=0; reply=0; source_type=comment; yeren_signal_id=; parent_comment_text=,13:07,抖音评论,video,下午会涨停吗？#股票 #股民 #vlgo十亿流量扶持计划,Damnnn,7644035850305123185,https://www.douyin.com/video/7644035850305123185,,7644062688541000506,13:07,未纳入,中性,自动映射到抖音视频评论池。,,false
2026-05-26,longge,抖音评论 13:07,真大哥啊,,,,否,video_id=7644035850305123185; video_url=https://www.douyin.com/video/7644035850305123185; creator=阿龙闯大A📈; like=0; reply=0; source_type=comment; yeren_signal_id=; parent_comment_text=,13:07,抖音评论,video,下午会涨停吗？#股票 #股民 #vlgo十亿流量扶持计划,戴戴呀,7644035850305123185,https://www.douyin.com/video/7644035850305123185,,7644062685281338161,13:07,未纳入,中性,自动映射到抖音视频评论池。,,false
2026-05-26,longge,抖音评论 13:07,牛逼,,,,否,video_id=7644035850305123185; video_url=https://www.douyin.com/video/7644035850305123185; creator=阿龙闯大A📈; like=0; reply=0; source_type=comment; yeren_signal_id=; parent_comment_text=,13:07,抖音评论,video,下午会涨停吗？#股票 #股民 #vlgo十亿流量扶持计划,24.,7644035850305123185,https://www.douyin.com/video/7644035850305123185,,7644062686271357734,13:07,未纳入,中性,自动映射到抖音视频评论池。,,false
2026-05-26,longge,抖音评论 13:07,牛逼[看][看][看],,,,否,video_id=7644035850305123185; video_url=https://www.douyin.com/video/7644035850305123185; creator=阿龙闯大A📈; like=0; reply=0; source_type=comment; yeren_signal_id=; parent_comment_text=,13:07,抖音评论,video,下午会涨停吗？#股票 #股民 #vlgo十亿流量扶持计划,也许,7644035850305123185,https://www.douyin.com/video/7644035850305123185,,7644062672587866929,13:07,未纳入,中性,自动映射到抖音视频评论池。,,false
2026-05-26,longge,抖音评论 13:07,真大哥，刚打开看就板上了[赞],,,,否,video_id=7644035850305123185; video_url=https://www.douyin.com/video/7644035850305123185; creator=阿龙闯大A📈; like=0; reply=0; source_type=comment; yeren_signal_id=; parent_comment_text=,13:07,抖音评论,video,下午会涨停吗？#股票 #股民 #vlgo十亿流量扶持计划,飞猪吖,7644035850305123185,https://www.douyin.com/video/7644035850305123185,,7644062678301934393,13:07,未纳入,中性,自动映射到抖音视频评论池。,,false
2026-05-26,longge,抖音评论 13:07,真牛逼啊，下午冲都冲不进去,,,,否,video_id=7644035850305123185; video_url=https://www.douyin.com/video/7644035850305123185; creator=阿龙闯大A📈; like=0; reply=0; source_type=comment; yeren_signal_id=; parent_comment_text=,13:07,抖音评论,video,下午会涨停吗？#股票 #股民 #vlgo十亿流量扶持计划,Zzzz^_^,7644035850305123185,https://www.douyin.com/video/7644035850305123185,,7644062674435523354,13:07,未纳入,中性,自动映射到抖音视频评论池。,,false
2026-05-26,longge,抖音评论 13:07,[赞][赞],,,,否,video_id=7644035850305123185; video_url=https://www.douyin.com/video/7644035850305123185; creator=阿龙闯大A📈; like=0; reply=2; source_type=comment; yeren_signal_id=; parent_comment_text=,13:07,抖音评论,video,下午会涨停吗？#股票 #股民 #vlgo十亿流量扶持计划,💕不懂💕,7644035850305123185,https://www.douyin.com/video/7644035850305123185,,7644062673576117032,13:07,未纳入,中性,自动映射到抖音视频评论池。,,false
2026-05-26,longge,抖音评论 13:07,涨停了。,,,,否,video_id=7644035850305123185; video_url=https://www.douyin.com/video/7644035850305123185; creator=阿龙闯大A📈; like=0; reply=0; source_type=comment; yeren_signal_id=; parent_comment_text=,13:07,抖音评论,video,下午会涨停吗？#股票 #股民 #vlgo十亿流量扶持计划,宿醉,7644035850305123185,https://www.douyin.com/video/7644035850305123185,,7644062667029119753,13:07,未纳入,中性,自动映射到抖音视频评论池。,,false
2026-05-26,longge,抖音评论 13:07,这是真大哥,,,,否,video_id=7644035850305123185; video_url=https://www.douyin.com/video/7644035850305123185; creator=阿龙闯大A📈; like=0; reply=0; source_type=comment; yeren_signal_id=; parent_comment_text=,13:07,抖音评论,video,下午会涨停吗？#股票 #股民 #vlgo十亿流量扶持计划,超级好运💛,7644035850305123185,https://www.douyin.com/video/7644035850305123185,,7644062662501942065,13:07,未纳入,中性,自动映射到抖音视频评论池。,,false
2026-05-26,longge,抖音评论 13:07,牛逼,,,,否,video_id=7644035850305123185; video_url=https://www.douyin.com/video/7644035850305123185; creator=阿龙闯大A📈; like=0; reply=0; source_type=comment; yeren_signal_id=; parent_comment_text=,13:07,抖音评论,video,下午会涨停吗？#股票 #股民 #vlgo十亿流量扶持计划,🌈璀璨🌈,7644035850305123185,https://www.douyin.com/video/7644035850305123185,,7644062656009487141,13:07,未纳入,中性,自动映射到抖音视频评论池。,,false
2026-05-26,longge,抖音评论 13:07,这么牛吗,,,,否,video_id=7644035850305123185; video_url=https://www.douyin.com/video/7644035850305123185; creator=阿龙闯大A📈; like=0; reply=0; source_type=comment; yeren_signal_id=; parent_comment_text=,13:07,抖音评论,video,下午会涨停吗？#股票 #股民 #vlgo十亿流量扶持计划,郑州城铁交通学校,7644035850305123185,https://www.douyin.com/video/7644035850305123185,,7644062634375086897,13:07,未纳入,中性,自动映射到抖音视频评论池。,,false
2026-05-26,longge,抖音评论 13:07,低头看个手机的功夫，差点没买上,,,,否,video_id=7644035850305123185; video_url=https://www.douyin.com/video/7644035850305123185; creator=阿龙闯大A📈; like=0; reply=0; source_type=comment; yeren_signal_id=; parent_comment_text=,13:07,抖音评论,video,下午会涨停吗？#股票 #股民 #vlgo十亿流量扶持计划,米斯特豪斯,7644035850305123185,https://www.douyin.com/video/7644035850305123185,,7644062628394976059,13:07,未纳入,中性,自动映射到抖音视频评论池。,,false
2026-05-26,longge,抖音评论 13:07,真涨停了,,,,否,video_id=7644035850305123185; video_url=https://www.douyin.com/video/7644035850305123185; creator=阿龙闯大A📈; like=0; reply=0; source_type=comment; yeren_signal_id=; parent_comment_text=,13:07,抖音评论,video,下午会涨停吗？#股票 #股民 #vlgo十亿流量扶持计划,虹猫,7644035850305123185,https://www.douyin.com/video/7644035850305123185,,7644062631837811515,13:07,未纳入,中性,自动映射到抖音视频评论池。,,false
2026-05-26,longge,抖音评论 13:06,太牛了[比心],,,,否,video_id=7644035850305123185; video_url=https://www.douyin.com/video/7644035850305123185; creator=阿龙闯大A📈; like=0; reply=0; source_type=comment; yeren_signal_id=; parent_comment_text=,13:06,抖音评论,video,下午会涨停吗？#股票 #股民 #vlgo十亿流量扶持计划,徐 y,7644035850305123185,https://www.douyin.com/video/7644035850305123185,,7644062607854486335,13:06,未纳入,中性,自动映射到抖音视频评论池。,,false
2026-05-26,longge,抖音评论 13:06,牛逼,,,,否,video_id=7644035850305123185; video_url=https://www.douyin.com/video/7644035850305123185; creator=阿龙闯大A📈; like=0; reply=0; source_type=comment; yeren_signal_id=; parent_comment_text=,13:06,抖音评论,video,下午会涨停吗？#股票 #股民 #vlgo十亿流量扶持计划,还可……,7644035850305123185,https://www.douyin.com/video/7644035850305123185,,7644062606937309979,13:06,未纳入,中性,自动映射到抖音视频评论池。,,false
2026-05-26,longge,抖音评论 13:06,有点东西啊这个大哥,,,,否,video_id=7644035850305123185; video_url=https://www.douyin.com/video/7644035850305123185; creator=阿龙闯大A📈; like=0; reply=0; source_type=comment; yeren_signal_id=; parent_comment_text=,13:06,抖音评论,video,下午会涨停吗？#股票 #股民 #vlgo十亿流量扶持计划,宛禾酱,7644035850305123185,https://www.douyin.com/video/7644035850305123185,,7644062601001632550,13:06,未纳入,中性,自动映射到抖音视频评论池。,,false
2026-05-26,longge,抖音评论 13:06,牛B[赞] 给大哥上龙,,,,否,video_id=7644035850305123185; video_url=https://www.douyin.com/video/7644035850305123185; creator=阿龙闯大A📈; like=0; reply=0; source_type=comment; yeren_signal_id=; parent_comment_text=,13:06,抖音评论,video,下午会涨停吗？#股票 #股民 #vlgo十亿流量扶持计划,你欺骗了谁、,7644035850305123185,https://www.douyin.com/video/7644035850305123185,,7644062582009103141,13:06,未纳入,中性,自动映射到抖音视频评论池。,,false
2026-05-26,longge,抖音评论 13:06,下午买不进去啊,,,,否,video_id=7644035850305123185; video_url=https://www.douyin.com/video/7644035850305123185; creator=阿龙闯大A📈; like=0; reply=0; source_type=comment; yeren_signal_id=; parent_comment_text=,13:06,抖音评论,video,下午会涨停吗？#股票 #股民 #vlgo十亿流量扶持计划,得得得得得得得得得嗯的,7644035850305123185,https://www.douyin.com/video/7644035850305123185,,7644062577110729523,13:06,未纳入,中性,自动映射到抖音视频评论池。,,false
2026-05-26,longge,抖音评论 13:06,大哥真牛，[赞][赞],,,,否,video_id=7644035850305123185; video_url=https://www.douyin.com/video/7644035850305123185; creator=阿龙闯大A📈; like=0; reply=0; source_type=comment; yeren_signal_id=; parent_comment_text=,13:06,抖音评论,video,下午会涨停吗？#股票 #股民 #vlgo十亿流量扶持计划,周海峰,7644035850305123185,https://www.douyin.com/video/7644035850305123185,,7644062576477537066,13:06,未纳入,中性,自动映射到抖音视频评论池。,,false
2026-05-26,longge,抖音评论 13:06,我买了一手[尬笑],,,,否,video_id=7644035850305123185; video_url=https://www.douyin.com/video/7644035850305123185; creator=阿龙闯大A📈; like=0; reply=0; source_type=comment; yeren_signal_id=; parent_comment_text=,13:06,抖音评论,video,下午会涨停吗？#股票 #股民 #vlgo十亿流量扶持计划,初颜头疗·美容美发官方号,7644035850305123185,https://www.douyin.com/video/7644035850305123185,,7644062569187787569,13:06,未纳入,中性,自动映射到抖音视频评论池。,,false
2026-05-26,longge,抖音评论 13:06,这个哥真🐂,,,,否,video_id=7644035850305123185; video_url=https://www.douyin.com/video/7644035850305123185; creator=阿龙闯大A📈; like=0; reply=0; source_type=comment; yeren_signal_id=; parent_comment_text=,13:06,抖音评论,video,下午会涨停吗？#股票 #股民 #vlgo十亿流量扶持计划,🌼᭄伊你而美-慧Չᐝ࿐ᩚ,7644035850305123185,https://www.douyin.com/video/7644035850305123185,,7644062547335496474,13:06,未纳入,中性,自动映射到抖音视频评论池。,,false
2026-05-26,longge,抖音评论 13:06,华之杰的哥出来给点信心[尬笑],华之杰(603400),,华之杰(603400) 被提及 3 次，有效评论 3 条，来源 2 个，跨来源共振，情绪 中性，当前判断：保留观察。,待确认,video_id=7644035850305123185; video_url=https://www.douyin.com/video/7644035850305123185; creator=阿龙闯大A📈; like=0; reply=0; source_type=comment; yeren_signal_id=; parent_comment_text=,13:06,抖音评论,video,下午会涨停吗？#股票 #股民 #vlgo十亿流量扶持计划,东阳森文潮牌鞋服,7644035850305123185,https://www.douyin.com/video/7644035850305123185,,7644062550409544485,13:06,待确认,中性,自动映射到抖音视频评论池。,8.0,false
2026-05-26,longge,抖音评论 13:06,涨停了，牛[比心],,,,否,video_id=7644035850305123185; video_url=https://www.douyin.com/video/7644035850305123185; creator=阿龙闯大A📈; like=0; reply=0; source_type=comment; yeren_signal_id=; parent_comment_text=,13:06,抖音评论,video,下午会涨停吗？#股票 #股民 #vlgo十亿流量扶持计划,前程似锦…,7644035850305123185,https://www.douyin.com/video/7644035850305123185,,7644062542205715226,13:06,未纳入,中性,自动映射到抖音视频评论池。,,false
2026-05-26,longge,抖音评论 13:06,下午可以买哪个,,,,否,video_id=7644035850305123185; video_url=https://www.douyin.com/video/7644035850305123185; creator=阿龙闯大A📈; like=0; reply=0; source_type=comment; yeren_signal_id=; parent_comment_text=,13:06,抖音评论,video,下午会涨停吗？#股票 #股民 #vlgo十亿流量扶持计划,🫵淡然👌,7644035850305123185,https://www.douyin.com/video/7644035850305123185,,7644062537574925093,13:06,未纳入,中性,自动映射到抖音视频评论池。,,false
2026-05-26,longge,抖音评论 13:06,大哥好牛，买进一点,,,,否,video_id=7644035850305123185; video_url=https://www.douyin.com/video/7644035850305123185; creator=阿龙闯大A📈; like=0; reply=0; source_type=comment; yeren_signal_id=; parent_comment_text=,13:06,抖音评论,video,下午会涨停吗？#股票 #股民 #vlgo十亿流量扶持计划,爱睡觉的武则天,7644035850305123185,https://www.douyin.com/video/7644035850305123185,,7644062532466524964,13:06,未纳入,中性,自动映射到抖音视频评论池。,,false
2026-05-26,longge,抖音评论 13:06,真的涨停了，牛喔,,,,否,video_id=7644035850305123185; video_url=https://www.douyin.com/video/7644035850305123185; creator=阿龙闯大A📈; like=0; reply=0; source_type=comment; yeren_signal_id=; parent_comment_text=,13:06,抖音评论,video,下午会涨停吗？#股票 #股民 #vlgo十亿流量扶持计划,予你读书,7644035850305123185,https://www.douyin.com/video/7644035850305123185,,7644062519586226944,13:06,未纳入,中性,自动映射到抖音视频评论池。,,false
2026-05-26,longge,抖音评论 13:06,牛逼,,,,否,video_id=7644035850305123185; video_url=https://www.douyin.com/video/7644035850305123185; creator=阿龙闯大A📈; like=0; reply=0; source_type=comment; yeren_signal_id=; parent_comment_text=,13:06,抖音评论,video,下午会涨停吗？#股票 #股民 #vlgo十亿流量扶持计划,171 等等等,7644035850305123185,https://www.douyin.com/video/7644035850305123185,,7644062517546779411,13:06,未纳入,中性,自动映射到抖音视频评论池。,,false
2026-05-26,longge,抖音评论 13:06,真的顶，要不是没仓位就上了[流泪],,,,否,video_id=7644035850305123185; video_url=https://www.douyin.com/video/7644035850305123185; creator=阿龙闯大A📈; like=0; reply=0; source_type=comment; yeren_signal_id=; parent_comment_text=,13:06,抖音评论,video,下午会涨停吗？#股票 #股民 #vlgo十亿流量扶持计划,饭泥凯克,7644035850305123185,https://www.douyin.com/video/7644035850305123185,,7644062516607402789,13:06,未纳入,中性,自动映射到抖音视频评论池。,,false
2026-05-26,longge,抖音评论 13:06,牛逼 一点准时板,,,,否,video_id=7644035850305123185; video_url=https://www.douyin.com/video/7644035850305123185; creator=阿龙闯大A📈; like=0; reply=0; source_type=comment; yeren_signal_id=; parent_comment_text=,13:06,抖音评论,video,下午会涨停吗？#股票 #股民 #vlgo十亿流量扶持计划,揽胜至📈,7644035850305123185,https://www.douyin.com/video/7644035850305123185,,7644062506860053297,13:06,未纳入,中性,自动映射到抖音视频评论池。,,false
2026-05-26,longge,抖音评论 13:06,真涨停了[黄脸干杯],,,,否,video_id=7644035850305123185; video_url=https://www.douyin.com/video/7644035850305123185; creator=阿龙闯大A📈; like=0; reply=0; source_type=comment; yeren_signal_id=; parent_comment_text=,13:06,抖音评论,video,下午会涨停吗？#股票 #股民 #vlgo十亿流量扶持计划,一直红,7644035850305123185,https://www.douyin.com/video/7644035850305123185,,7644062506293642033,13:06,未纳入,中性,自动映射到抖音视频评论池。,,false
2026-05-26,longge,抖音评论 13:06,涨停了,,,,否,video_id=7644035850305123185; video_url=https://www.douyin.com/video/7644035850305123185; creator=阿龙闯大A📈; like=0; reply=0; source_type=comment; yeren_signal_id=; parent_comment_text=,13:06,抖音评论,video,下午会涨停吗？#股票 #股民 #vlgo十亿流量扶持计划,做人嘛，总要信,7644035850305123185,https://www.douyin.com/video/7644035850305123185,,7644062502871941937,13:06,未纳入,中性,自动映射到抖音视频评论池。,,false
2026-05-26,longge,抖音评论 13:06,真的猛 买都买不进,,,,否,video_id=7644035850305123185; video_url=https://www.douyin.com/video/7644035850305123185; creator=阿龙闯大A📈; like=0; reply=0; source_type=comment; yeren_signal_id=; parent_comment_text=,13:06,抖音评论,video,下午会涨停吗？#股票 #股民 #vlgo十亿流量扶持计划,随风。,7644035850305123185,https://www.douyin.com/video/7644035850305123185,,7644062501453923121,13:06,未纳入,中性,自动映射到抖音视频评论池。,,false
2026-05-26,longge,抖音评论 13:06,牛逼 涨停,,,,否,video_id=7644035850305123185; video_url=https://www.douyin.com/video/7644035850305123185; creator=阿龙闯大A📈; like=0; reply=0; source_type=comment; yeren_signal_id=; parent_comment_text=,13:06,抖音评论,video,下午会涨停吗？#股票 #股民 #vlgo十亿流量扶持计划,A🍔,7644035850305123185,https://www.douyin.com/video/7644035850305123185,,7644062483162399498,13:06,未纳入,中性,自动映射到抖音视频评论池。,,false
2026-05-26,longge,抖音评论 13:06,板了,,,,否,video_id=7644035850305123185; video_url=https://www.douyin.com/video/7644035850305123185; creator=阿龙闯大A📈; like=0; reply=0; source_type=comment; yeren_signal_id=; parent_comment_text=,13:06,抖音评论,video,下午会涨停吗？#股票 #股民 #vlgo十亿流量扶持计划,💋敏,7644035850305123185,https://www.douyin.com/video/7644035850305123185,,7644062484093289253,13:06,未纳入,中性,自动映射到抖音视频评论池。,,false
2026-05-26,longge,抖音评论 13:06,牛逼啊,,,,否,video_id=7644035850305123185; video_url=https://www.douyin.com/video/7644035850305123185; creator=阿龙闯大A📈; like=0; reply=0; source_type=comment; yeren_signal_id=; parent_comment_text=,13:06,抖音评论,video,下午会涨停吗？#股票 #股民 #vlgo十亿流量扶持计划,人間縂有一两風 填我十萬八千夢,7644035850305123185,https://www.douyin.com/video/7644035850305123185,,7644062475889541924,13:06,未纳入,中性,自动映射到抖音视频评论池。,,false
2026-05-26,longge,抖音评论 13:06,匆匆忙忙涨到快8%的时候才买进[偷笑],,,,否,video_id=7644035850305123185; video_url=https://www.douyin.com/video/7644035850305123185; creator=阿龙闯大A📈; like=0; reply=0; source_type=comment; yeren_signal_id=; parent_comment_text=,13:06,抖音评论,video,下午会涨停吗？#股票 #股民 #vlgo十亿流量扶持计划,Jiang.☀️,7644035850305123185,https://www.douyin.com/video/7644035850305123185,,7644062479131722532,13:06,未纳入,中性,自动映射到抖音视频评论池。,,false
2026-05-26,longge,抖音评论 13:06,这大哥牛逼，抓紧上龙,,,,否,video_id=7644035850305123185; video_url=https://www.douyin.com/video/7644035850305123185; creator=阿龙闯大A📈; like=0; reply=0; source_type=comment; yeren_signal_id=; parent_comment_text=,13:06,抖音评论,video,下午会涨停吗？#股票 #股民 #vlgo十亿流量扶持计划,摩羯1204,7644035850305123185,https://www.douyin.com/video/7644035850305123185,,7644062470810829578,13:06,未纳入,中性,自动映射到抖音视频评论池。,,false
2026-05-26,longge,抖音评论 13:06,大哥牛啊,,,,否,video_id=7644035850305123185; video_url=https://www.douyin.com/video/7644035850305123185; creator=阿龙闯大A📈; like=0; reply=0; source_type=comment; yeren_signal_id=; parent_comment_text=,13:06,抖音评论,video,下午会涨停吗？#股票 #股民 #vlgo十亿流量扶持计划,佳哥还是哥,7644035850305123185,https://www.douyin.com/video/7644035850305123185,,7644062467286549306,13:06,未纳入,中性,自动映射到抖音视频评论池。,,false
2026-05-26,longge,抖音评论 13:06,巨石[666][666],,,,否,video_id=7644035850305123185; video_url=https://www.douyin.com/video/7644035850305123185; creator=阿龙闯大A📈; like=0; reply=0; source_type=comment; yeren_signal_id=; parent_comment_text=,13:06,抖音评论,video,下午会涨停吗？#股票 #股民 #vlgo十亿流量扶持计划,奶油东施,7644035850305123185,https://www.douyin.com/video/7644035850305123185,,7644062463017485105,13:06,未纳入,中性,自动映射到抖音视频评论池。,,false
2026-05-26,longge,抖音评论 13:06,给我大哥上龙[流泪],,,,否,video_id=7644035850305123185; video_url=https://www.douyin.com/video/7644035850305123185; creator=阿龙闯大A📈; like=0; reply=0; source_type=comment; yeren_signal_id=; parent_comment_text=,13:06,抖音评论,video,下午会涨停吗？#股票 #股民 #vlgo十亿流量扶持计划,抖音新用户🌸,7644035850305123185,https://www.douyin.com/video/7644035850305123185,,7644062460140831537,13:06,未纳入,中性,自动映射到抖音视频评论池。,,false
2026-05-26,longge,抖音评论 13:06,真大哥[赞][赞][赞],,,,否,video_id=7644035850305123185; video_url=https://www.douyin.com/video/7644035850305123185; creator=阿龙闯大A📈; like=0; reply=0; source_type=comment; yeren_signal_id=; parent_comment_text=,13:06,抖音评论,video,下午会涨停吗？#股票 #股民 #vlgo十亿流量扶持计划,酱香酒  贵州金窖,7644035850305123185,https://www.douyin.com/video/7644035850305123185,,7644062459963540273,13:06,未纳入,中性,自动映射到抖音视频评论池。,,false
2026-05-26,longge,抖音评论 13:06,涨停了,,,,否,video_id=7644035850305123185; video_url=https://www.douyin.com/video/7644035850305123185; creator=阿龙闯大A📈; like=0; reply=0; source_type=comment; yeren_signal_id=; parent_comment_text=,13:06,抖音评论,video,下午会涨停吗？#股票 #股民 #vlgo十亿流量扶持计划,猫丫头🐱,7644035850305123185,https://www.douyin.com/video/7644035850305123185,,7644062442586768177,13:06,未纳入,中性,自动映射到抖音视频评论池。,,false
2026-05-26,longge,抖音评论 13:06,涨停了,,,,否,video_id=7644035850305123185; video_url=https://www.douyin.com/video/7644035850305123185; creator=阿龙闯大A📈; like=0; reply=0; source_type=comment; yeren_signal_id=; parent_comment_text=,13:06,抖音评论,video,下午会涨停吗？#股票 #股民 #vlgo十亿流量扶持计划,"苹果,",7644035850305123185,https://www.douyin.com/video/7644035850305123185,,7644062429445702459,13:06,未纳入,中性,自动映射到抖音视频评论池。,,false
2026-05-26,longge,抖音评论 13:06,涨停了 上午 11:28 分买进去的 就买了一手 后悔啊,,,,否,video_id=7644035850305123185; video_url=https://www.douyin.com/video/7644035850305123185; creator=阿龙闯大A📈; like=0; reply=0; source_type=comment; yeren_signal_id=; parent_comment_text=,13:06,抖音评论,video,下午会涨停吗？#股票 #股民 #vlgo十亿流量扶持计划,月亮🌙,7644035850305123185,https://www.douyin.com/video/7644035850305123185,,7644062427088700195,13:06,未纳入,中性,自动映射到抖音视频评论池。,,false
2026-05-26,longge,抖音评论 13:06,真涨停了,,,,否,video_id=7644035850305123185; video_url=https://www.douyin.com/video/7644035850305123185; creator=阿龙闯大A📈; like=0; reply=0; source_type=comment; yeren_signal_id=; parent_comment_text=,13:06,抖音评论,video,下午会涨停吗？#股票 #股民 #vlgo十亿流量扶持计划,壳里听雷,7644035850305123185,https://www.douyin.com/video/7644035850305123185,,7644062421305819930,13:06,未纳入,中性,自动映射到抖音视频评论池。,,false
2026-05-26,longge,抖音评论 13:06,大哥牛逼,,,,否,video_id=7644035850305123185; video_url=https://www.douyin.com/video/7644035850305123185; creator=阿龙闯大A📈; like=0; reply=0; source_type=comment; yeren_signal_id=; parent_comment_text=,13:06,抖音评论,video,下午会涨停吗？#股票 #股民 #vlgo十亿流量扶持计划,董大仙人,7644035850305123185,https://www.douyin.com/video/7644035850305123185,,7644062419824050944,13:06,未纳入,中性,自动映射到抖音视频评论池。,,false
2026-05-26,longge,抖音评论 13:06,我去,,,,否,video_id=7644035850305123185; video_url=https://www.douyin.com/video/7644035850305123185; creator=阿龙闯大A📈; like=0; reply=0; source_type=comment; yeren_signal_id=; parent_comment_text=,13:06,抖音评论,video,下午会涨停吗？#股票 #股民 #vlgo十亿流量扶持计划,小小耶_,7644035850305123185,https://www.douyin.com/video/7644035850305123185,,7644062415348384561,13:06,未纳入,中性,自动映射到抖音视频评论池。,,false
2026-05-26,longge,抖音评论 13:06,赣锋锂业怎么办[泣不成声],赣锋锂业(002460),,赣锋锂业(002460) 被提及 2 次，有效评论 2 条，来源 1 个，单视频线索，情绪 中性，当前判断：保留观察。,待确认,video_id=7644035850305123185; video_url=https://www.douyin.com/video/7644035850305123185; creator=阿龙闯大A📈; like=0; reply=6; source_type=comment; yeren_signal_id=; parent_comment_text=,13:06,抖音评论,video,下午会涨停吗？#股票 #股民 #vlgo十亿流量扶持计划,鹿鹿子,7644035850305123185,https://www.douyin.com/video/7644035850305123185,,7644062403806855993,13:06,待确认,中性,自动映射到抖音视频评论池。,6.9,false
2026-05-26,longge,抖音评论 13:06,牛逼[比心],,,,否,video_id=7644035850305123185; video_url=https://www.douyin.com/video/7644035850305123185; creator=阿龙闯大A📈; like=0; reply=0; source_type=comment; yeren_signal_id=; parent_comment_text=,13:06,抖音评论,video,下午会涨停吗？#股票 #股民 #vlgo十亿流量扶持计划,嘉成大叔,7644035850305123185,https://www.douyin.com/video/7644035850305123185,,7644062388526433082,13:06,未纳入,中性,自动映射到抖音视频评论池。,,false
2026-05-26,longge,抖音评论 13:06,牛[赞],,,,否,video_id=7644035850305123185; video_url=https://www.douyin.com/video/7644035850305123185; creator=阿龙闯大A📈; like=0; reply=0; source_type=comment; yeren_signal_id=; parent_comment_text=,13:06,抖音评论,video,下午会涨停吗？#股票 #股民 #vlgo十亿流量扶持计划,熊二姑娘,7644035850305123185,https://www.douyin.com/video/7644035850305123185,,7644062385465410323,13:06,未纳入,中性,自动映射到抖音视频评论池。,,false
2026-05-26,longge,抖音评论 13:06,真牛逼大哥你是主力吧,,,,否,video_id=7644035850305123185; video_url=https://www.douyin.com/video/7644035850305123185; creator=阿龙闯大A📈; like=0; reply=0; source_type=comment; yeren_signal_id=; parent_comment_text=,13:06,抖音评论,video,下午会涨停吗？#股票 #股民 #vlgo十亿流量扶持计划,听风,7644035850305123185,https://www.douyin.com/video/7644035850305123185,,7644062384433120027,13:06,未纳入,中性,自动映射到抖音视频评论池。,,false
2026-05-26,longge,抖音评论 13:06,一点四分[泪奔]涨停,,,,否,video_id=7644035850305123185; video_url=https://www.douyin.com/video/7644035850305123185; creator=阿龙闯大A📈; like=0; reply=0; source_type=comment; yeren_signal_id=; parent_comment_text=,13:06,抖音评论,video,下午会涨停吗？#股票 #股民 #vlgo十亿流量扶持计划,swt,7644035850305123185,https://www.douyin.com/video/7644035850305123185,,7644062378846470971,13:06,未纳入,中性,自动映射到抖音视频评论池。,,false
2026-05-26,longge,抖音评论 13:06,真涨停了,,,,否,video_id=7644035850305123185; video_url=https://www.douyin.com/video/7644035850305123185; creator=阿龙闯大A📈; like=0; reply=0; source_type=comment; yeren_signal_id=; parent_comment_text=,13:06,抖音评论,video,下午会涨停吗？#股票 #股民 #vlgo十亿流量扶持计划,叽里哇啦,7644035850305123185,https://www.douyin.com/video/7644035850305123185,,7644062369518207801,13:06,未纳入,中性,自动映射到抖音视频评论池。,,false
2026-05-26,longge,抖音评论 13:06,涨停了,,,,否,video_id=7644035850305123185; video_url=https://www.douyin.com/video/7644035850305123185; creator=阿龙闯大A📈; like=0; reply=0; source_type=comment; yeren_signal_id=; parent_comment_text=,13:06,抖音评论,video,下午会涨停吗？#股票 #股民 #vlgo十亿流量扶持计划,李小劲🌈,7644035850305123185,https://www.douyin.com/video/7644035850305123185,,7644062373157831481,13:06,未纳入,中性,自动映射到抖音视频评论池。,,false
2026-05-26,longge,抖音评论 13:06,牛逼，我挂单开盘秒拉，没进去,,,,否,video_id=7644035850305123185; video_url=https://www.douyin.com/video/7644035850305123185; creator=阿龙闯大A📈; like=0; reply=0; source_type=comment; yeren_signal_id=; parent_comment_text=,13:06,抖音评论,video,下午会涨停吗？#股票 #股民 #vlgo十亿流量扶持计划,🫵淡然👌,7644035850305123185,https://www.douyin.com/video/7644035850305123185,,7644062366695801649,13:06,未纳入,中性,自动映射到抖音视频评论池。,,false
2026-05-26,longge,抖音评论 13:06,真大哥,,,,否,video_id=7644035850305123185; video_url=https://www.douyin.com/video/7644035850305123185; creator=阿龙闯大A📈; like=0; reply=0; source_type=comment; yeren_signal_id=; parent_comment_text=,13:06,抖音评论,video,下午会涨停吗？#股票 #股民 #vlgo十亿流量扶持计划,用户12507335566,7644035850305123185,https://www.douyin.com/video/7644035850305123185,,7644062359644160817,13:06,未纳入,中性,自动映射到抖音视频评论池。,,false
2026-05-26,longge,抖音评论 13:06,山东玻纤 涨停了，草，就买了1万,,,,否,video_id=7644035850305123185; video_url=https://www.douyin.com/video/7644035850305123185; creator=阿龙闯大A📈; like=0; reply=0; source_type=comment; yeren_signal_id=; parent_comment_text=,13:06,抖音评论,video,下午会涨停吗？#股票 #股民 #vlgo十亿流量扶持计划,满山的猴子，我腚最红,7644035850305123185,https://www.douyin.com/video/7644035850305123185,,7644062359645078321,13:06,未纳入,中性,自动映射到抖音视频评论池。,,false
2026-05-26,longge,抖音评论 13:05,涨停了,,,,否,video_id=7644035850305123185; video_url=https://www.douyin.com/video/7644035850305123185; creator=阿龙闯大A📈; like=0; reply=0; source_type=comment; yeren_signal_id=; parent_comment_text=,13:05,抖音评论,video,下午会涨停吗？#股票 #股民 #vlgo十亿流量扶持计划,小李大王,7644035850305123185,https://www.douyin.com/video/7644035850305123185,,7644062352837886746,13:05,未纳入,中性,自动映射到抖音视频评论池。,,false
2026-05-26,longge,抖音评论 13:05,涨停了[捂脸]可惜没去,,,,否,video_id=7644035850305123185; video_url=https://www.douyin.com/video/7644035850305123185; creator=阿龙闯大A📈; like=0; reply=0; source_type=comment; yeren_signal_id=; parent_comment_text=,13:05,抖音评论,video,下午会涨停吗？#股票 #股民 #vlgo十亿流量扶持计划,啊肥敏,7644035850305123185,https://www.douyin.com/video/7644035850305123185,,7644062356377256713,13:05,未纳入,中性,自动映射到抖音视频评论池。,,false
2026-05-26,longge,抖音评论 13:05,真板了,,,,否,video_id=7644035850305123185; video_url=https://www.douyin.com/video/7644035850305123185; creator=阿龙闯大A📈; like=0; reply=0; source_type=comment; yeren_signal_id=; parent_comment_text=,13:05,抖音评论,video,下午会涨停吗？#股票 #股民 #vlgo十亿流量扶持计划,杨静,7644035850305123185,https://www.douyin.com/video/7644035850305123185,,7644062348210996025,13:05,未纳入,中性,自动映射到抖音视频评论池。,,false
2026-05-26,longge,抖音评论 13:05,挂了进不去,,,,否,video_id=7644035850305123185; video_url=https://www.douyin.com/video/7644035850305123185; creator=阿龙闯大A📈; like=0; reply=0; source_type=comment; yeren_signal_id=; parent_comment_text=,13:05,抖音评论,video,下午会涨停吗？#股票 #股民 #vlgo十亿流量扶持计划,颂,7644035850305123185,https://www.douyin.com/video/7644035850305123185,,7644062344814052133,13:05,未纳入,中性,自动映射到抖音视频评论池。,,false
2026-05-26,longge,抖音评论 13:05,刚看到就停了,,,,否,video_id=7644035850305123185; video_url=https://www.douyin.com/video/7644035850305123185; creator=阿龙闯大A📈; like=0; reply=0; source_type=comment; yeren_signal_id=; parent_comment_text=,13:05,抖音评论,video,下午会涨停吗？#股票 #股民 #vlgo十亿流量扶持计划,@☞随心～所欲☜：,7644035850305123185,https://www.douyin.com/video/7644035850305123185,,7644062337952416547,13:05,未纳入,中性,自动映射到抖音视频评论池。,,false
2026-05-26,longge,抖音评论 13:05,给玻纤大哥上龙,,,,否,video_id=7644035850305123185; video_url=https://www.douyin.com/video/7644035850305123185; creator=阿龙闯大A📈; like=0; reply=0; source_type=comment; yeren_signal_id=; parent_comment_text=,13:05,抖音评论,video,下午会涨停吗？#股票 #股民 #vlgo十亿流量扶持计划,鳞,7644035850305123185,https://www.douyin.com/video/7644035850305123185,,7644062341470356262,13:05,未纳入,中性,自动映射到抖音视频评论池。,,false
2026-05-26,longge,抖音评论 13:05,涨停了,,,,否,video_id=7644035850305123185; video_url=https://www.douyin.com/video/7644035850305123185; creator=阿龙闯大A📈; like=0; reply=0; source_type=comment; yeren_signal_id=; parent_comment_text=,13:05,抖音评论,video,下午会涨停吗？#股票 #股民 #vlgo十亿流量扶持计划,仁者无敌～,7644035850305123185,https://www.douyin.com/video/7644035850305123185,,7644062330565362489,13:05,未纳入,中性,自动映射到抖音视频评论池。,,false
2026-05-26,longge,抖音评论 13:05,牛逼[赞],,,,否,video_id=7644035850305123185; video_url=https://www.douyin.com/video/7644035850305123185; creator=阿龙闯大A📈; like=0; reply=0; source_type=comment; yeren_signal_id=; parent_comment_text=,13:05,抖音评论,video,下午会涨停吗？#股票 #股民 #vlgo十亿流量扶持计划,干个亼皃,7644035850305123185,https://www.douyin.com/video/7644035850305123185,,7644062328417878821,13:05,未纳入,中性,自动映射到抖音视频评论池。,,false
2026-05-26,longge,抖音评论 13:05,真神了[赞],,,,否,video_id=7644035850305123185; video_url=https://www.douyin.com/video/7644035850305123185; creator=阿龙闯大A📈; like=0; reply=0; source_type=comment; yeren_signal_id=; parent_comment_text=,13:05,抖音评论,video,下午会涨停吗？#股票 #股民 #vlgo十亿流量扶持计划,章鱼哥！,7644035850305123185,https://www.douyin.com/video/7644035850305123185,,7644062317693436721,13:05,未纳入,中性,自动映射到抖音视频评论池。,,false
2026-05-26,longge,抖音评论 13:05,真牛b,,,,否,video_id=7644035850305123185; video_url=https://www.douyin.com/video/7644035850305123185; creator=阿龙闯大A📈; like=0; reply=0; source_type=comment; yeren_signal_id=; parent_comment_text=,13:05,抖音评论,video,下午会涨停吗？#股票 #股民 #vlgo十亿流量扶持计划,66667,7644035850305123185,https://www.douyin.com/video/7644035850305123185,,7644062312035664689,13:05,未纳入,中性,自动映射到抖音视频评论池。,,false
2026-05-26,longge,抖音评论 13:05,山东波纤这个大哥牛,,,,否,video_id=7644035850305123185; video_url=https://www.douyin.com/video/7644035850305123185; creator=阿龙闯大A📈; like=0; reply=0; source_type=comment; yeren_signal_id=; parent_comment_text=,13:05,抖音评论,video,下午会涨停吗？#股票 #股民 #vlgo十亿流量扶持计划,【藏传奇厂家】张先生,7644035850305123185,https://www.douyin.com/video/7644035850305123185,,7644062315893785403,13:05,未纳入,中性,自动映射到抖音视频评论池。,,false
2026-05-26,longge,抖音评论 13:05,牛批,,,,否,video_id=7644035850305123185; video_url=https://www.douyin.com/video/7644035850305123185; creator=阿龙闯大A📈; like=0; reply=0; source_type=comment; yeren_signal_id=; parent_comment_text=,13:05,抖音评论,video,下午会涨停吗？#股票 #股民 #vlgo十亿流量扶持计划,哎哟喂,7644035850305123185,https://www.douyin.com/video/7644035850305123185,,7644062314648322854,13:05,未纳入,中性,自动映射到抖音视频评论池。,,false
2026-05-26,longge,抖音评论 13:05,牛逼,,,,否,video_id=7644035850305123185; video_url=https://www.douyin.com/video/7644035850305123185; creator=阿龙闯大A📈; like=0; reply=0; source_type=comment; yeren_signal_id=; parent_comment_text=,13:05,抖音评论,video,下午会涨停吗？#股票 #股民 #vlgo十亿流量扶持计划,魂淡！,7644035850305123185,https://www.douyin.com/video/7644035850305123185,,7644062307924099874,13:05,未纳入,中性,自动映射到抖音视频评论池。,,false
2026-05-26,longge,抖音评论 13:05,涨停了,,,,否,video_id=7644035850305123185; video_url=https://www.douyin.com/video/7644035850305123185; creator=阿龙闯大A📈; like=0; reply=0; source_type=comment; yeren_signal_id=; parent_comment_text=,13:05,抖音评论,video,下午会涨停吗？#股票 #股民 #vlgo十亿流量扶持计划,鹿鹿子,7644035850305123185,https://www.douyin.com/video/7644035850305123185,,7644062277628527397,13:05,未纳入,中性,自动映射到抖音视频评论池。,,false
2026-05-26,longge,抖音评论 13:05,真大哥[呲牙]牛逼,,,,否,video_id=7644035850305123185; video_url=https://www.douyin.com/video/7644035850305123185; creator=阿龙闯大A📈; like=0; reply=0; source_type=comment; yeren_signal_id=; parent_comment_text=,13:05,抖音评论,video,下午会涨停吗？#股票 #股民 #vlgo十亿流量扶持计划,、一帆风顺,7644035850305123185,https://www.douyin.com/video/7644035850305123185,,7644062274688697098,13:05,未纳入,中性,自动映射到抖音视频评论池。,,false
2026-05-26,longge,抖音评论 13:05,涨停了，山东bx,,,,否,video_id=7644035850305123185; video_url=https://www.douyin.com/video/7644035850305123185; creator=阿龙闯大A📈; like=0; reply=0; source_type=comment; yeren_signal_id=; parent_comment_text=,13:05,抖音评论,video,下午会涨停吗？#股票 #股民 #vlgo十亿流量扶持计划,事缓则圆,7644035850305123185,https://www.douyin.com/video/7644035850305123185,,7644062275288351551,13:05,未纳入,中性,自动映射到抖音视频评论池。,,false
2026-05-26,longge,抖音评论 13:05,牛逼啊[杀马特],,,,否,video_id=7644035850305123185; video_url=https://www.douyin.com/video/7644035850305123185; creator=阿龙闯大A📈; like=0; reply=0; source_type=comment; yeren_signal_id=; parent_comment_text=,13:05,抖音评论,video,下午会涨停吗？#股票 #股民 #vlgo十亿流量扶持计划,已重置,7644035850305123185,https://www.douyin.com/video/7644035850305123185,,7644062272436667185,13:05,未纳入,中性,自动映射到抖音视频评论池。,,false
2026-05-26,longge,抖音评论 13:05,牛逼牛逼 买进去了爽吃,,,,否,video_id=7644035850305123185; video_url=https://www.douyin.com/video/7644035850305123185; creator=阿龙闯大A📈; like=0; reply=0; source_type=comment; yeren_signal_id=; parent_comment_text=,13:05,抖音评论,video,下午会涨停吗？#股票 #股民 #vlgo十亿流量扶持计划,你今天努力了嘛,7644035850305123185,https://www.douyin.com/video/7644035850305123185,,7644062264182211377,13:05,未纳入,中性,自动映射到抖音视频评论池。,,false
2026-05-26,longge,抖音评论 13:05,刚看到，买不进去了[捂脸],,,,否,video_id=7644035850305123185; video_url=https://www.douyin.com/video/7644035850305123185; creator=阿龙闯大A📈; like=0; reply=0; source_type=comment; yeren_signal_id=; parent_comment_text=,13:05,抖音评论,video,下午会涨停吗？#股票 #股民 #vlgo十亿流量扶持计划,闵呵呵,7644035850305123185,https://www.douyin.com/video/7644035850305123185,,7644062261786805032,13:05,未纳入,中性,自动映射到抖音视频评论池。,,false
2026-05-26,longge,抖音评论 13:05,板了,,,,否,video_id=7644035850305123185; video_url=https://www.douyin.com/video/7644035850305123185; creator=阿龙闯大A📈; like=0; reply=0; source_type=comment; yeren_signal_id=; parent_comment_text=,13:05,抖音评论,video,下午会涨停吗？#股票 #股民 #vlgo十亿流量扶持计划,Jinki.Z,7644035850305123185,https://www.douyin.com/video/7644035850305123185,,7644062250727260968,13:05,未纳入,中性,自动映射到抖音视频评论池。,,false
2026-05-26,longge,抖音评论 13:05,大哥牛逼,,,,否,video_id=7644035850305123185; video_url=https://www.douyin.com/video/7644035850305123185; creator=阿龙闯大A📈; like=0; reply=0; source_type=comment; yeren_signal_id=; parent_comment_text=,13:05,抖音评论,video,下午会涨停吗？#股票 #股民 #vlgo十亿流量扶持计划,@专业LED显示屏,7644035850305123185,https://www.douyin.com/video/7644035850305123185,,7644062245558813499,13:05,未纳入,中性,自动映射到抖音视频评论池。,,false
2026-05-26,longge,抖音评论 13:05,真涨停了,,,,否,video_id=7644035850305123185; video_url=https://www.douyin.com/video/7644035850305123185; creator=阿龙闯大A📈; like=0; reply=0; source_type=comment; yeren_signal_id=; parent_comment_text=,13:05,抖音评论,video,下午会涨停吗？#股票 #股民 #vlgo十亿流量扶持计划,桃桃77,7644035850305123185,https://www.douyin.com/video/7644035850305123185,,7644062236235039537,13:05,未纳入,中性,自动映射到抖音视频评论池。,,false
2026-05-26,longge,抖音评论 13:05,我去都没买进去就封了[捂脸],,,,否,video_id=7644035850305123185; video_url=https://www.douyin.com/video/7644035850305123185; creator=阿龙闯大A📈; like=0; reply=0; source_type=comment; yeren_signal_id=; parent_comment_text=,13:05,抖音评论,video,下午会涨停吗？#股票 #股民 #vlgo十亿流量扶持计划,阿芷,7644035850305123185,https://www.douyin.com/video/7644035850305123185,,7644062230439265059,13:05,未纳入,中性,自动映射到抖音视频评论池。,,false
2026-05-26,longge,抖音评论 13:05,大哥牛逼,,,,否,video_id=7644035850305123185; video_url=https://www.douyin.com/video/7644035850305123185; creator=阿龙闯大A📈; like=0; reply=0; source_type=comment; yeren_signal_id=; parent_comment_text=,13:05,抖音评论,video,下午会涨停吗？#股票 #股民 #vlgo十亿流量扶持计划,花垣,7644035850305123185,https://www.douyin.com/video/7644035850305123185,,7644062227712721700,13:05,未纳入,中性,自动映射到抖音视频评论池。,,false
2026-05-26,longge,抖音评论 13:05,太牛逼了直接涨停,,,,否,video_id=7644035850305123185; video_url=https://www.douyin.com/video/7644035850305123185; creator=阿龙闯大A📈; like=0; reply=0; source_type=comment; yeren_signal_id=; parent_comment_text=,13:05,抖音评论,video,下午会涨停吗？#股票 #股民 #vlgo十亿流量扶持计划,老北京火锅,7644035850305123185,https://www.douyin.com/video/7644035850305123185,,7644062228703281969,13:05,未纳入,中性,自动映射到抖音视频评论池。,,false
2026-05-26,longge,抖音评论 13:05,牛B,,,,否,video_id=7644035850305123185; video_url=https://www.douyin.com/video/7644035850305123185; creator=阿龙闯大A📈; like=0; reply=0; source_type=comment; yeren_signal_id=; parent_comment_text=,13:05,抖音评论,video,下午会涨停吗？#股票 #股民 #vlgo十亿流量扶持计划,123,7644035850305123185,https://www.douyin.com/video/7644035850305123185,,7644062222399079168,13:05,未纳入,中性,自动映射到抖音视频评论池。,,false
2026-05-26,longge,抖音评论 13:05,大哥牛逼,,,,否,video_id=7644035850305123185; video_url=https://www.douyin.com/video/7644035850305123185; creator=阿龙闯大A📈; like=0; reply=0; source_type=comment; yeren_signal_id=; parent_comment_text=,13:05,抖音评论,video,下午会涨停吗？#股票 #股民 #vlgo十亿流量扶持计划,三蛋啊,7644035850305123185,https://www.douyin.com/video/7644035850305123185,,7644062223082144549,13:05,未纳入,中性,自动映射到抖音视频评论池。,,false
2026-05-26,longge,抖音评论 13:05,牛逼,,,,否,video_id=7644035850305123185; video_url=https://www.douyin.com/video/7644035850305123185; creator=阿龙闯大A📈; like=0; reply=0; source_type=comment; yeren_signal_id=; parent_comment_text=,13:05,抖音评论,video,下午会涨停吗？#股票 #股民 #vlgo十亿流量扶持计划,无事无非（天才交易员）,7644035850305123185,https://www.douyin.com/video/7644035850305123185,,7644062218870784814,13:05,未纳入,中性,自动映射到抖音视频评论池。,,false
2026-05-26,longge,抖音评论 13:05,真板啊？,,,,否,video_id=7644035850305123185; video_url=https://www.douyin.com/video/7644035850305123185; creator=阿龙闯大A📈; like=0; reply=0; source_type=comment; yeren_signal_id=; parent_comment_text=,13:05,抖音评论,video,下午会涨停吗？#股票 #股民 #vlgo十亿流量扶持计划,加克盐丶,7644035850305123185,https://www.douyin.com/video/7644035850305123185,,7644062211179528966,13:05,未纳入,中性,自动映射到抖音视频评论池。,,false
2026-05-26,longge,抖音评论 13:05,牛逼了,,,,否,video_id=7644035850305123185; video_url=https://www.douyin.com/video/7644035850305123185; creator=阿龙闯大A📈; like=0; reply=0; source_type=comment; yeren_signal_id=; parent_comment_text=,13:05,抖音评论,video,下午会涨停吗？#股票 #股民 #vlgo十亿流量扶持计划,一路长虹天天红,7644035850305123185,https://www.douyin.com/video/7644035850305123185,,7644062207115019071,13:05,未纳入,中性,自动映射到抖音视频评论池。,,false
2026-05-26,longge,抖音评论 13:05,涨停了,,,,否,video_id=7644035850305123185; video_url=https://www.douyin.com/video/7644035850305123185; creator=阿龙闯大A📈; like=0; reply=0; source_type=comment; yeren_signal_id=; parent_comment_text=,13:05,抖音评论,video,下午会涨停吗？#股票 #股民 #vlgo十亿流量扶持计划,七七,7644035850305123185,https://www.douyin.com/video/7644035850305123185,,7644062198600090394,13:05,未纳入,中性,自动映射到抖音视频评论池。,,false
2026-05-26,longge,抖音评论 13:05,等明天连板,,,,否,video_id=7644035850305123185; video_url=https://www.douyin.com/video/7644035850305123185; creator=阿龙闯大A📈; like=0; reply=0; source_type=comment; yeren_signal_id=; parent_comment_text=,13:05,抖音评论,video,下午会涨停吗？#股票 #股民 #vlgo十亿流量扶持计划,那只老鼠的Jerry～,7644035850305123185,https://www.douyin.com/video/7644035850305123185,,7644062197774402341,13:05,未纳入,中性,自动映射到抖音视频评论池。,,false
2026-05-26,longge,抖音评论 13:05,我天，这实力！！！！！,,,,否,video_id=7644035850305123185; video_url=https://www.douyin.com/video/7644035850305123185; creator=阿龙闯大A📈; like=0; reply=0; source_type=comment; yeren_signal_id=; parent_comment_text=,13:05,抖音评论,video,下午会涨停吗？#股票 #股民 #vlgo十亿流量扶持计划,SoHo,7644035850305123185,https://www.douyin.com/video/7644035850305123185,,7644062195051922218,13:05,未纳入,中性,自动映射到抖音视频评论池。,,false
2026-05-26,longge,抖音评论 13:05,涨停了,,,,否,video_id=7644035850305123185; video_url=https://www.douyin.com/video/7644035850305123185; creator=阿龙闯大A📈; like=0; reply=0; source_type=comment; yeren_signal_id=; parent_comment_text=,13:05,抖音评论,video,下午会涨停吗？#股票 #股民 #vlgo十亿流量扶持计划,装满阳光的桔子,7644035850305123185,https://www.douyin.com/video/7644035850305123185,,7644062187887133498,13:05,未纳入,中性,自动映射到抖音视频评论池。,,false
2026-05-26,longge,抖音评论 13:05,大哥牛逼,,,,否,video_id=7644035850305123185; video_url=https://www.douyin.com/video/7644035850305123185; creator=阿龙闯大A📈; like=0; reply=0; source_type=comment; yeren_signal_id=; parent_comment_text=,13:05,抖音评论,video,下午会涨停吗？#股票 #股民 #vlgo十亿流量扶持计划,嘎嘎不嘎嘎,7644035850305123185,https://www.douyin.com/video/7644035850305123185,,7644062179474490153,13:05,未纳入,中性,自动映射到抖音视频评论池。,,false
2026-05-26,longge,抖音评论 13:05,我没敢进[捂脸],,,,否,video_id=7644035850305123185; video_url=https://www.douyin.com/video/7644035850305123185; creator=阿龙闯大A📈; like=0; reply=0; source_type=comment; yeren_signal_id=; parent_comment_text=,13:05,抖音评论,video,下午会涨停吗？#股票 #股民 #vlgo十亿流量扶持计划,小奇标准件,7644035850305123185,https://www.douyin.com/video/7644035850305123185,,7644062174263952177,13:05,未纳入,中性,自动映射到抖音视频评论池。,,false
2026-05-26,longge,抖音评论 13:05,涨停牛逼啊,,,,否,video_id=7644035850305123185; video_url=https://www.douyin.com/video/7644035850305123185; creator=阿龙闯大A📈; like=0; reply=0; source_type=comment; yeren_signal_id=; parent_comment_text=,13:05,抖音评论,video,下午会涨停吗？#股票 #股民 #vlgo十亿流量扶持计划,我心飞扬,7644035850305123185,https://www.douyin.com/video/7644035850305123185,,7644062167289725736,13:05,未纳入,中性,自动映射到抖音视频评论池。,,false
2026-05-26,longge,抖音评论 13:05,牛逼,,,,否,video_id=7644035850305123185; video_url=https://www.douyin.com/video/7644035850305123185; creator=阿龙闯大A📈; like=0; reply=0; source_type=comment; yeren_signal_id=; parent_comment_text=,13:05,抖音评论,video,下午会涨停吗？#股票 #股民 #vlgo十亿流量扶持计划,早睡早起身体好,7644035850305123185,https://www.douyin.com/video/7644035850305123185,,7644062169144247078,13:05,未纳入,中性,自动映射到抖音视频评论池。,,false
2026-05-26,longge,抖音评论 13:05,牛批,,,,否,video_id=7644035850305123185; video_url=https://www.douyin.com/video/7644035850305123185; creator=阿龙闯大A📈; like=0; reply=0; source_type=comment; yeren_signal_id=; parent_comment_text=,13:05,抖音评论,video,下午会涨停吗？#股票 #股民 #vlgo十亿流量扶持计划,修车犟,7644035850305123185,https://www.douyin.com/video/7644035850305123185,,7644062164282622770,13:05,未纳入,中性,自动映射到抖音视频评论池。,,false
2026-05-26,longge,抖音评论 13:05,上午没进下午没机会了,,,,否,video_id=7644035850305123185; video_url=https://www.douyin.com/video/7644035850305123185; creator=阿龙闯大A📈; like=0; reply=0; source_type=comment; yeren_signal_id=; parent_comment_text=,13:05,抖音评论,video,下午会涨停吗？#股票 #股民 #vlgo十亿流量扶持计划,●﹏● Domo.,7644035850305123185,https://www.douyin.com/video/7644035850305123185,,7644062164815364901,13:05,未纳入,中性,自动映射到抖音视频评论池。,,false
2026-05-26,longge,抖音评论 13:05,Sdbq涨停了,,,,否,video_id=7644035850305123185; video_url=https://www.douyin.com/video/7644035850305123185; creator=阿龙闯大A📈; like=0; reply=0; source_type=comment; yeren_signal_id=; parent_comment_text=,13:05,抖音评论,video,下午会涨停吗？#股票 #股民 #vlgo十亿流量扶持计划,是你的蓝盆友呀,7644035850305123185,https://www.douyin.com/video/7644035850305123185,,7644062162083971898,13:05,未纳入,中性,自动映射到抖音视频评论池。,,false
2026-05-26,longge,抖音评论 13:05,牛,,,,否,video_id=7644035850305123185; video_url=https://www.douyin.com/video/7644035850305123185; creator=阿龙闯大A📈; like=0; reply=0; source_type=comment; yeren_signal_id=; parent_comment_text=,13:05,抖音评论,video,下午会涨停吗？#股票 #股民 #vlgo十亿流量扶持计划,想喝橙色佳得le,7644035850305123185,https://www.douyin.com/video/7644035850305123185,,7644062159269593913,13:05,未纳入,中性,自动映射到抖音视频评论池。,,false
2026-05-26,longge,抖音评论 13:05,牛逼,,,,否,video_id=7644035850305123185; video_url=https://www.douyin.com/video/7644035850305123185; creator=阿龙闯大A📈; like=0; reply=0; source_type=comment; yeren_signal_id=; parent_comment_text=,13:05,抖音评论,video,下午会涨停吗？#股票 #股民 #vlgo十亿流量扶持计划,笨,7644035850305123185,https://www.douyin.com/video/7644035850305123185,,7644062158221542171,13:05,未纳入,中性,自动映射到抖音视频评论池。,,false
2026-05-26,longge,抖音评论 13:05,刚刷到 抖音提示山东波 打开已经8个点了，追了一点确实板了,,,,否,video_id=7644035850305123185; video_url=https://www.douyin.com/video/7644035850305123185; creator=阿龙闯大A📈; like=0; reply=0; source_type=comment; yeren_signal_id=; parent_comment_text=,13:05,抖音评论,video,下午会涨停吗？#股票 #股民 #vlgo十亿流量扶持计划,爱与诚、,7644035850305123185,https://www.douyin.com/video/7644035850305123185,,7644062151821296433,13:05,未纳入,中性,自动映射到抖音视频评论池。,,false
2026-05-26,longge,抖音评论 13:05,厉害厉害，真涨停了,,,,否,video_id=7644035850305123185; video_url=https://www.douyin.com/video/7644035850305123185; creator=阿龙闯大A📈; like=0; reply=0; source_type=comment; yeren_signal_id=; parent_comment_text=,13:05,抖音评论,video,下午会涨停吗？#股票 #股民 #vlgo十亿流量扶持计划,🌈*小沫沫*,7644035850305123185,https://www.douyin.com/video/7644035850305123185,,7644062155314070272,13:05,未纳入,中性,自动映射到抖音视频评论池。,,false
2026-05-26,longge,抖音评论 13:05,这是真大哥，我就差了一分钟。,,,,否,video_id=7644035850305123185; video_url=https://www.douyin.com/video/7644035850305123185; creator=阿龙闯大A📈; like=0; reply=0; source_type=comment; yeren_signal_id=; parent_comment_text=,13:05,抖音评论,video,下午会涨停吗？#股票 #股民 #vlgo十亿流量扶持计划,保护我方胖虎,7644035850305123185,https://www.douyin.com/video/7644035850305123185,,7644062140773483313,13:05,未纳入,中性,自动映射到抖音视频评论池。,,false
2026-05-26,longge,抖音评论 13:05,涨停了...,,,,否,video_id=7644035850305123185; video_url=https://www.douyin.com/video/7644035850305123185; creator=阿龙闯大A📈; like=0; reply=0; source_type=comment; yeren_signal_id=; parent_comment_text=,13:05,抖音评论,video,下午会涨停吗？#股票 #股民 #vlgo十亿流量扶持计划,日出迟暮,7644035850305123185,https://www.douyin.com/video/7644035850305123185,,7644062134914204456,13:05,未纳入,中性,自动映射到抖音视频评论池。,,false
2026-05-26,longge,抖音评论 13:05,太神了 三分钟涨停了,,,,否,video_id=7644035850305123185; video_url=https://www.douyin.com/video/7644035850305123185; creator=阿龙闯大A📈; like=0; reply=0; source_type=comment; yeren_signal_id=; parent_comment_text=,13:05,抖音评论,video,下午会涨停吗？#股票 #股民 #vlgo十亿流量扶持计划,·且徐行🤞,7644035850305123185,https://www.douyin.com/video/7644035850305123185,,7644062131974013745,13:05,未纳入,中性,自动映射到抖音视频评论池。,,false
2026-05-26,longge,抖音评论 13:05,大哥真牛逼，中午看到，下午直接涨停[赞][赞],,,,否,video_id=7644035850305123185; video_url=https://www.douyin.com/video/7644035850305123185; creator=阿龙闯大A📈; like=0; reply=0; source_type=comment; yeren_signal_id=; parent_comment_text=,13:05,抖音评论,video,下午会涨停吗？#股票 #股民 #vlgo十亿流量扶持计划,杰哥,7644035850305123185,https://www.douyin.com/video/7644035850305123185,,7644062114495120186,13:05,未纳入,中性,自动映射到抖音视频评论池。,,false
2026-05-26,longge,抖音评论 13:05,中午挂单没买上,,,,否,video_id=7644035850305123185; video_url=https://www.douyin.com/video/7644035850305123185; creator=阿龙闯大A📈; like=0; reply=0; source_type=comment; yeren_signal_id=; parent_comment_text=,13:05,抖音评论,video,下午会涨停吗？#股票 #股民 #vlgo十亿流量扶持计划,虚空幻,7644035850305123185,https://www.douyin.com/video/7644035850305123185,,7644062105402376979,13:05,未纳入,中性,自动映射到抖音视频评论池。,,false
2026-05-26,longge,抖音评论 13:04,我操了 大哥，下次吃肉带带苦逼的我们 喝点汤就行,,,,否,video_id=7644035850305123185; video_url=https://www.douyin.com/video/7644035850305123185; creator=阿龙闯大A📈; like=0; reply=0; source_type=comment; yeren_signal_id=; parent_comment_text=,13:04,抖音评论,video,下午会涨停吗？#股票 #股民 #vlgo十亿流量扶持计划,淡淡信仰,7644035850305123185,https://www.douyin.com/video/7644035850305123185,,7644062099266241326,13:04,未纳入,中性,自动映射到抖音视频评论池。,,false
2026-05-26,longge,抖音评论 13:04,涨停了,,,,否,video_id=7644035850305123185; video_url=https://www.douyin.com/video/7644035850305123185; creator=阿龙闯大A📈; like=0; reply=0; source_type=comment; yeren_signal_id=; parent_comment_text=,13:04,抖音评论,video,下午会涨停吗？#股票 #股民 #vlgo十亿流量扶持计划,y…🐟,7644035850305123185,https://www.douyin.com/video/7644035850305123185,,7644062098724569907,13:04,未纳入,中性,自动映射到抖音视频评论池。,,false
2026-05-26,longge,抖音评论 13:04,好哥哥们，帮我看下天汽模咋样，上周五听评论区那大哥的被套了8个点了,天汽模(002510),,天汽模(002510) 被提及 1 次，有效评论 1 条，来源 1 个，单视频线索，情绪 谨慎，当前判断：偏风险观察。,否,video_id=7644035850305123185; video_url=https://www.douyin.com/video/7644035850305123185; creator=阿龙闯大A📈; like=0; reply=0; source_type=comment; yeren_signal_id=; parent_comment_text=,13:04,抖音评论,video,下午会涨停吗？#股票 #股民 #vlgo十亿流量扶持计划,米饭依旧一小碗,7644035850305123185,https://www.douyin.com/video/7644035850305123185,,7644062086947111729,13:04,未纳入,谨慎,自动映射到抖音视频评论池。,5.9,false
2026-05-26,longge,抖音评论 13:04,板了,,,,否,video_id=7644035850305123185; video_url=https://www.douyin.com/video/7644035850305123185; creator=阿龙闯大A📈; like=0; reply=0; source_type=comment; yeren_signal_id=; parent_comment_text=,13:04,抖音评论,video,下午会涨停吗？#股票 #股民 #vlgo十亿流量扶持计划,YOLO-🌈,7644035850305123185,https://www.douyin.com/video/7644035850305123185,,7644062082484994831,13:04,未纳入,中性,自动映射到抖音视频评论池。,,false
2026-05-26,longge,抖音评论 13:04,进去就涨停,,,,否,video_id=7644035850305123185; video_url=https://www.douyin.com/video/7644035850305123185; creator=阿龙闯大A📈; like=0; reply=0; source_type=comment; yeren_signal_id=; parent_comment_text=,13:04,抖音评论,video,下午会涨停吗？#股票 #股民 #vlgo十亿流量扶持计划,歌还是那么拽,7644035850305123185,https://www.douyin.com/video/7644035850305123185,,7644062087157138234,13:04,未纳入,中性,自动映射到抖音视频评论池。,,false
2026-05-26,longge,抖音评论 13:04,我操，这大哥好猛呀，直接涨停了,,,,否,video_id=7644035850305123185; video_url=https://www.douyin.com/video/7644035850305123185; creator=阿龙闯大A📈; like=0; reply=0; source_type=comment; yeren_signal_id=; parent_comment_text=,13:04,抖音评论,video,下午会涨停吗？#股票 #股民 #vlgo十亿流量扶持计划,诗酒趁年华,7644035850305123185,https://www.douyin.com/video/7644035850305123185,,7644062080081036082,13:04,未纳入,中性,自动映射到抖音视频评论池。,,false
2026-05-26,longge,抖音评论 13:04,牛逼,,,,否,video_id=7644035850305123185; video_url=https://www.douyin.com/video/7644035850305123185; creator=阿龙闯大A📈; like=0; reply=0; source_type=comment; yeren_signal_id=; parent_comment_text=,13:04,抖音评论,video,下午会涨停吗？#股票 #股民 #vlgo十亿流量扶持计划,匆匆那年.,7644035850305123185,https://www.douyin.com/video/7644035850305123185,,7644062077384098587,13:04,未纳入,中性,自动映射到抖音视频评论池。,,false
2026-05-26,longge,抖音评论 13:04,下次早点发,,,,否,video_id=7644035850305123185; video_url=https://www.douyin.com/video/7644035850305123185; creator=阿龙闯大A📈; like=0; reply=0; source_type=comment; yeren_signal_id=; parent_comment_text=,13:04,抖音评论,video,下午会涨停吗？#股票 #股民 #vlgo十亿流量扶持计划,Fish,7644035850305123185,https://www.douyin.com/video/7644035850305123185,,7644062072464999227,13:04,未纳入,中性,自动映射到抖音视频评论池。,,false
2026-05-26,longge,抖音评论 13:04,板了我草还没进去,,,,否,video_id=7644035850305123185; video_url=https://www.douyin.com/video/7644035850305123185; creator=阿龙闯大A📈; like=0; reply=0; source_type=comment; yeren_signal_id=; parent_comment_text=,13:04,抖音评论,video,下午会涨停吗？#股票 #股民 #vlgo十亿流量扶持计划,我就皮一下,7644035850305123185,https://www.douyin.com/video/7644035850305123185,,7644062068722828069,13:04,未纳入,中性,自动映射到抖音视频评论池。,,false
2026-05-26,longge,抖音评论 13:04,没进去,,,,否,video_id=7644035850305123185; video_url=https://www.douyin.com/video/7644035850305123185; creator=阿龙闯大A📈; like=0; reply=0; source_type=comment; yeren_signal_id=; parent_comment_text=,13:04,抖音评论,video,下午会涨停吗？#股票 #股民 #vlgo十亿流量扶持计划,田,7644035850305123185,https://www.douyin.com/video/7644035850305123185,,7644062065519690553,13:04,未纳入,中性,自动映射到抖音视频评论池。,,false
2026-05-26,longge,抖音评论 13:04,涨停了，,,,,否,video_id=7644035850305123185; video_url=https://www.douyin.com/video/7644035850305123185; creator=阿龙闯大A📈; like=0; reply=0; source_type=comment; yeren_signal_id=; parent_comment_text=,13:04,抖音评论,video,下午会涨停吗？#股票 #股民 #vlgo十亿流量扶持计划,飞,7644035850305123185,https://www.douyin.com/video/7644035850305123185,,7644062065460445989,13:04,未纳入,中性,自动映射到抖音视频评论池。,,false
2026-05-26,longge,抖音评论 13:04,牛逼,,,,否,video_id=7644035850305123185; video_url=https://www.douyin.com/video/7644035850305123185; creator=阿龙闯大A📈; like=0; reply=0; source_type=comment; yeren_signal_id=; parent_comment_text=,13:04,抖音评论,video,下午会涨停吗？#股票 #股民 #vlgo十亿流量扶持计划,宏兴断桥铝门窗,7644035850305123185,https://www.douyin.com/video/7644035850305123185,,7644062062902379304,13:04,未纳入,中性,自动映射到抖音视频评论池。,,false
2026-05-26,longge,抖音评论 13:04,涨停了,,,,否,video_id=7644035850305123185; video_url=https://www.douyin.com/video/7644035850305123185; creator=阿龙闯大A📈; like=0; reply=0; source_type=comment; yeren_signal_id=; parent_comment_text=,13:04,抖音评论,video,下午会涨停吗？#股票 #股民 #vlgo十亿流量扶持计划,曹腾,7644035850305123185,https://www.douyin.com/video/7644035850305123185,,7644062064529441585,13:04,未纳入,中性,自动映射到抖音视频评论池。,,false
2026-05-26,longge,抖音评论 13:04,牛逼 涨停了 我在里面[呲牙],,,,否,video_id=7644035850305123185; video_url=https://www.douyin.com/video/7644035850305123185; creator=阿龙闯大A📈; like=0; reply=0; source_type=comment; yeren_signal_id=; parent_comment_text=,13:04,抖音评论,video,下午会涨停吗？#股票 #股民 #vlgo十亿流量扶持计划,半醒~,7644035850305123185,https://www.douyin.com/video/7644035850305123185,,7644062057428206371,13:04,未纳入,中性,自动映射到抖音视频评论池。,,false
2026-05-26,longge,抖音评论 13:04,收盘前跟了 这会儿直接拉升,,,,否,video_id=7644035850305123185; video_url=https://www.douyin.com/video/7644035850305123185; creator=阿龙闯大A📈; like=0; reply=0; source_type=comment; yeren_signal_id=; parent_comment_text=,13:04,抖音评论,video,下午会涨停吗？#股票 #股民 #vlgo十亿流量扶持计划,长相思里,7644035850305123185,https://www.douyin.com/video/7644035850305123185,,7644062051841475354,13:04,未纳入,中性,自动映射到抖音视频评论池。,,false
2026-05-26,longge,抖音评论 13:04,nb,,,,否,video_id=7644035850305123185; video_url=https://www.douyin.com/video/7644035850305123185; creator=阿龙闯大A📈; like=0; reply=0; source_type=comment; yeren_signal_id=; parent_comment_text=,13:04,抖音评论,video,下午会涨停吗？#股票 #股民 #vlgo十亿流量扶持计划,胡来,7644035850305123185,https://www.douyin.com/video/7644035850305123185,,7644062054596395828,13:04,未纳入,中性,自动映射到抖音视频评论池。,,false
2026-05-26,longge,抖音评论 13:04,nb,,,,否,video_id=7644035850305123185; video_url=https://www.douyin.com/video/7644035850305123185; creator=阿龙闯大A📈; like=0; reply=0; source_type=comment; yeren_signal_id=; parent_comment_text=,13:04,抖音评论,video,下午会涨停吗？#股票 #股民 #vlgo十亿流量扶持计划,日落相逢,7644035850305123185,https://www.douyin.com/video/7644035850305123185,,7644062054312084275,13:04,未纳入,中性,自动映射到抖音视频评论池。,,false
2026-05-26,longge,抖音评论 13:04,牛的,,,,否,video_id=7644035850305123185; video_url=https://www.douyin.com/video/7644035850305123185; creator=阿龙闯大A📈; like=0; reply=0; source_type=comment; yeren_signal_id=; parent_comment_text=,13:04,抖音评论,video,下午会涨停吗？#股票 #股民 #vlgo十亿流量扶持计划,画地为牢。,7644035850305123185,https://www.douyin.com/video/7644035850305123185,,7644062046825431857,13:04,未纳入,中性,自动映射到抖音视频评论池。,,false
2026-05-26,longge,抖音评论 13:04,大哥牛逼，涨停了。,,,,否,video_id=7644035850305123185; video_url=https://www.douyin.com/video/7644035850305123185; creator=阿龙闯大A📈; like=0; reply=0; source_type=comment; yeren_signal_id=; parent_comment_text=,13:04,抖音评论,video,下午会涨停吗？#股票 #股民 #vlgo十亿流量扶持计划,宇宙无敌超级酷炫狂拽屌炸天的一个普通人,7644035850305123185,https://www.douyin.com/video/7644035850305123185,,7644062045252387643,13:04,未纳入,中性,自动映射到抖音视频评论池。,,false
2026-05-26,longge,抖音评论 13:04,666 看见了没买 涨停了,,,,否,video_id=7644035850305123185; video_url=https://www.douyin.com/video/7644035850305123185; creator=阿龙闯大A📈; like=0; reply=0; source_type=comment; yeren_signal_id=; parent_comment_text=,13:04,抖音评论,video,下午会涨停吗？#股票 #股民 #vlgo十亿流量扶持计划,999🤷🏻‍♂️,7644035850305123185,https://www.douyin.com/video/7644035850305123185,,7644062042106790665,13:04,未纳入,中性,自动映射到抖音视频评论池。,,false
2026-05-26,longge,抖音评论 13:04,真的涨停了[泪奔],,,,否,video_id=7644035850305123185; video_url=https://www.douyin.com/video/7644035850305123185; creator=阿龙闯大A📈; like=0; reply=0; source_type=comment; yeren_signal_id=; parent_comment_text=,13:04,抖音评论,video,下午会涨停吗？#股票 #股民 #vlgo十亿流量扶持计划,是我啊,7644035850305123185,https://www.douyin.com/video/7644035850305123185,,7644062041762661169,13:04,未纳入,中性,自动映射到抖音视频评论池。,,false
2026-05-26,longge,抖音评论 13:04,大哥牛逼，下午直接版了，就买了3手[流泪],,,,否,video_id=7644035850305123185; video_url=https://www.douyin.com/video/7644035850305123185; creator=阿龙闯大A📈; like=0; reply=4; source_type=comment; yeren_signal_id=; parent_comment_text=,13:04,抖音评论,video,下午会涨停吗？#股票 #股民 #vlgo十亿流量扶持计划,沐雨~,7644035850305123185,https://www.douyin.com/video/7644035850305123185,,7644062038612345649,13:04,未纳入,中性,自动映射到抖音视频评论池。,,false
2026-05-26,longge,抖音评论 13:04,六六哥牛福！[喜羊羊],,,,否,video_id=7644035850305123185; video_url=https://www.douyin.com/video/7644035850305123185; creator=阿龙闯大A📈; like=0; reply=3; source_type=comment; yeren_signal_id=; parent_comment_text=,13:04,抖音评论,video,下午会涨停吗？#股票 #股民 #vlgo十亿流量扶持计划,凌憬,7644035850305123185,https://www.douyin.com/video/7644035850305123185,,7644062035995050788,13:04,未纳入,中性,自动映射到抖音视频评论池。,,false
2026-05-26,longge,抖音评论 13:04,这含金量太高了，,,,,否,video_id=7644035850305123185; video_url=https://www.douyin.com/video/7644035850305123185; creator=阿龙闯大A📈; like=0; reply=0; source_type=comment; yeren_signal_id=; parent_comment_text=,13:04,抖音评论,video,下午会涨停吗？#股票 #股民 #vlgo十亿流量扶持计划,多一事不如少一事,7644035850305123185,https://www.douyin.com/video/7644035850305123185,,7644062034103747386,13:04,未纳入,中性,自动映射到抖音视频评论池。,,false
2026-05-26,longge,抖音评论 13:04,山东涨停了  看到晚了[捂脸],,,,否,video_id=7644035850305123185; video_url=https://www.douyin.com/video/7644035850305123185; creator=阿龙闯大A📈; like=0; reply=0; source_type=comment; yeren_signal_id=; parent_comment_text=,13:04,抖音评论,video,下午会涨停吗？#股票 #股民 #vlgo十亿流量扶持计划,李MM,7644035850305123185,https://www.douyin.com/video/7644035850305123185,,7644062029855015729,13:04,未纳入,中性,自动映射到抖音视频评论池。,,false
2026-05-26,longge,抖音评论 13:04,真的，上午收盘冲进去了，给大哥上龙，,,,,否,video_id=7644035850305123185; video_url=https://www.douyin.com/video/7644035850305123185; creator=阿龙闯大A📈; like=0; reply=0; source_type=comment; yeren_signal_id=; parent_comment_text=,13:04,抖音评论,video,下午会涨停吗？#股票 #股民 #vlgo十亿流量扶持计划,俏小姐🎂🍪🥐,7644035850305123185,https://www.douyin.com/video/7644035850305123185,,7644062033366106939,13:04,未纳入,中性,自动映射到抖音视频评论池。,,false
2026-05-26,longge,抖音评论 13:04,[赞][赞][赞][赞][赞],,,,否,video_id=7644035850305123185; video_url=https://www.douyin.com/video/7644035850305123185; creator=阿龙闯大A📈; like=0; reply=0; source_type=comment; yeren_signal_id=; parent_comment_text=,13:04,抖音评论,video,下午会涨停吗？#股票 #股民 #vlgo十亿流量扶持计划,开心就郝,7644035850305123185,https://www.douyin.com/video/7644035850305123185,,7644062031141896996,13:04,未纳入,中性,自动映射到抖音视频评论池。,,false
2026-05-26,longge,抖音评论 13:04,牛逼,,,,否,video_id=7644035850305123185; video_url=https://www.douyin.com/video/7644035850305123185; creator=阿龙闯大A📈; like=0; reply=0; source_type=comment; yeren_signal_id=; parent_comment_text=,13:04,抖音评论,video,下午会涨停吗？#股票 #股民 #vlgo十亿流量扶持计划,"Freedom,",7644035850305123185,https://www.douyin.com/video/7644035850305123185,,7644062031024423737,13:04,未纳入,中性,自动映射到抖音视频评论池。,,false
2026-05-26,longge,抖音评论 13:04,真牛逼,,,,否,video_id=7644035850305123185; video_url=https://www.douyin.com/video/7644035850305123185; creator=阿龙闯大A📈; like=0; reply=0; source_type=comment; yeren_signal_id=; parent_comment_text=,13:04,抖音评论,video,下午会涨停吗？#股票 #股民 #vlgo十亿流量扶持计划,南小南南,7644035850305123185,https://www.douyin.com/video/7644035850305123185,,7644062029888193329,13:04,未纳入,中性,自动映射到抖音视频评论池。,,false
2026-05-26,longge,抖音评论 13:04,牛逼,,,,否,video_id=7644035850305123185; video_url=https://www.douyin.com/video/7644035850305123185; creator=阿龙闯大A📈; like=0; reply=0; source_type=comment; yeren_signal_id=; parent_comment_text=,13:04,抖音评论,video,下午会涨停吗？#股票 #股民 #vlgo十亿流量扶持计划,兜里有火儿,7644035850305123185,https://www.douyin.com/video/7644035850305123185,,7644062024934425393,13:04,未纳入,中性,自动映射到抖音视频评论池。,,false
2026-05-26,longge,抖音评论 13:04,直接板了,,,,否,video_id=7644035850305123185; video_url=https://www.douyin.com/video/7644035850305123185; creator=阿龙闯大A📈; like=0; reply=0; source_type=comment; yeren_signal_id=; parent_comment_text=,13:04,抖音评论,video,下午会涨停吗？#股票 #股民 #vlgo十亿流量扶持计划,🍋岳麓ᵈᙆ💫,7644035850305123185,https://www.douyin.com/video/7644035850305123185,,7644062020661429029,13:04,未纳入,中性,自动映射到抖音视频评论池。,,false
2026-05-26,longge,抖音评论 13:04,尼玛，开盘忘记冲进去了[吐血],,,,否,video_id=7644035850305123185; video_url=https://www.douyin.com/video/7644035850305123185; creator=阿龙闯大A📈; like=0; reply=0; source_type=comment; yeren_signal_id=; parent_comment_text=,13:04,抖音评论,video,下午会涨停吗？#股票 #股民 #vlgo十亿流量扶持计划,"🌈吹泡泡oO""",7644035850305123185,https://www.douyin.com/video/7644035850305123185,,7644062016354059065,13:04,未纳入,中性,自动映射到抖音视频评论池。,,false
2026-05-26,longge,抖音评论 13:04,涨停了,,,,否,video_id=7644035850305123185; video_url=https://www.douyin.com/video/7644035850305123185; creator=阿龙闯大A📈; like=0; reply=0; source_type=comment; yeren_signal_id=; parent_comment_text=,13:04,抖音评论,video,下午会涨停吗？#股票 #股民 #vlgo十亿流量扶持计划,俏皮鬼,7644035850305123185,https://www.douyin.com/video/7644035850305123185,,7644062001589371705,13:04,未纳入,中性,自动映射到抖音视频评论池。,,false
2026-05-26,longge,抖音评论 13:04,真涨停了,,,,否,video_id=7644035850305123185; video_url=https://www.douyin.com/video/7644035850305123185; creator=阿龙闯大A📈; like=0; reply=0; source_type=comment; yeren_signal_id=; parent_comment_text=,13:04,抖音评论,video,下午会涨停吗？#股票 #股民 #vlgo十亿流量扶持计划,空心。,7644035850305123185,https://www.douyin.com/video/7644035850305123185,,7644062005086651173,13:04,未纳入,中性,自动映射到抖音视频评论池。,,false
2026-05-26,longge,抖音评论 13:04,真牛逼，真涨停了[感谢][感谢][感谢],,,,否,video_id=7644035850305123185; video_url=https://www.douyin.com/video/7644035850305123185; creator=阿龙闯大A📈; like=0; reply=0; source_type=comment; yeren_signal_id=; parent_comment_text=,13:04,抖音评论,video,下午会涨停吗？#股票 #股民 #vlgo十亿流量扶持计划,踏踏实实,7644035850305123185,https://www.douyin.com/video/7644035850305123185,,7644061999474901798,13:04,未纳入,中性,自动映射到抖音视频评论池。,,false
2026-05-26,longge,抖音评论 13:04,真的涨停了,,,,否,video_id=7644035850305123185; video_url=https://www.douyin.com/video/7644035850305123185; creator=阿龙闯大A📈; like=0; reply=0; source_type=comment; yeren_signal_id=; parent_comment_text=,13:04,抖音评论,video,下午会涨停吗？#股票 #股民 #vlgo十亿流量扶持计划,北湖第一深情,7644035850305123185,https://www.douyin.com/video/7644035850305123185,,7644061996194726706,13:04,未纳入,中性,自动映射到抖音视频评论池。,,false
2026-05-26,longge,抖音评论 13:04,牛皮哦,,,,否,video_id=7644035850305123185; video_url=https://www.douyin.com/video/7644035850305123185; creator=阿龙闯大A📈; like=0; reply=0; source_type=comment; yeren_signal_id=; parent_comment_text=,13:04,抖音评论,video,下午会涨停吗？#股票 #股民 #vlgo十亿流量扶持计划,晚星★,7644035850305123185,https://www.douyin.com/video/7644035850305123185,,7644061988763206457,13:04,未纳入,中性,自动映射到抖音视频评论池。,,false
2026-05-26,longge,抖音评论 13:04,牛，涨停了,,,,否,video_id=7644035850305123185; video_url=https://www.douyin.com/video/7644035850305123185; creator=阿龙闯大A📈; like=0; reply=0; source_type=comment; yeren_signal_id=; parent_comment_text=,13:04,抖音评论,video,下午会涨停吗？#股票 #股民 #vlgo十亿流量扶持计划,一切安好、,7644035850305123185,https://www.douyin.com/video/7644035850305123185,,7644061987651240739,13:04,未纳入,中性,自动映射到抖音视频评论池。,,false
2026-05-26,longge,抖音评论 13:04,牛逼啊，,,,,否,video_id=7644035850305123185; video_url=https://www.douyin.com/video/7644035850305123185; creator=阿龙闯大A📈; like=0; reply=0; source_type=comment; yeren_signal_id=; parent_comment_text=,13:04,抖音评论,video,下午会涨停吗？#股票 #股民 #vlgo十亿流量扶持计划,夲色_,7644035850305123185,https://www.douyin.com/video/7644035850305123185,,7644061984677364529,13:04,未纳入,中性,自动映射到抖音视频评论池。,,false
2026-05-26,longge,抖音评论 13:04,拉板了山东BQ,,,,否,video_id=7644035850305123185; video_url=https://www.douyin.com/video/7644035850305123185; creator=阿龙闯大A📈; like=0; reply=0; source_type=comment; yeren_signal_id=; parent_comment_text=,13:04,抖音评论,video,下午会涨停吗？#股票 #股民 #vlgo十亿流量扶持计划,理财之道,7644035850305123185,https://www.douyin.com/video/7644035850305123185,,7644061985411908388,13:04,未纳入,中性,自动映射到抖音视频评论池。,,false
2026-05-26,longge,抖音评论 13:04,大哥牛批[鼓掌],,,,否,video_id=7644035850305123185; video_url=https://www.douyin.com/video/7644035850305123185; creator=阿龙闯大A📈; like=0; reply=0; source_type=comment; yeren_signal_id=; parent_comment_text=,13:04,抖音评论,video,下午会涨停吗？#股票 #股民 #vlgo十亿流量扶持计划,小周 同学,7644035850305123185,https://www.douyin.com/video/7644035850305123185,,7644061981130294075,13:04,未纳入,中性,自动映射到抖音视频评论池。,,false
2026-05-26,longge,抖音评论 13:04,真牛啊他,,,,否,video_id=7644035850305123185; video_url=https://www.douyin.com/video/7644035850305123185; creator=阿龙闯大A📈; like=0; reply=0; source_type=comment; yeren_signal_id=; parent_comment_text=,13:04,抖音评论,video,下午会涨停吗？#股票 #股民 #vlgo十亿流量扶持计划,长相思里,7644035850305123185,https://www.douyin.com/video/7644035850305123185,,7644061978692993802,13:04,未纳入,中性,自动映射到抖音视频评论池。,,false
2026-05-26,longge,抖音评论 13:04,涨停了,,,,否,video_id=7644035850305123185; video_url=https://www.douyin.com/video/7644035850305123185; creator=阿龙闯大A📈; like=0; reply=0; source_type=comment; yeren_signal_id=; parent_comment_text=,13:04,抖音评论,video,下午会涨停吗？#股票 #股民 #vlgo十亿流量扶持计划,美丽心情,7644035850305123185,https://www.douyin.com/video/7644035850305123185,,7644061981809410870,13:04,未纳入,中性,自动映射到抖音视频评论池。,,false
2026-05-26,longge,抖音评论 13:04,牛逼，真涨停了,,,,否,video_id=7644035850305123185; video_url=https://www.douyin.com/video/7644035850305123185; creator=阿龙闯大A📈; like=0; reply=0; source_type=comment; yeren_signal_id=; parent_comment_text=,13:04,抖音评论,video,下午会涨停吗？#股票 #股民 #vlgo十亿流量扶持计划,惊喜,7644035850305123185,https://www.douyin.com/video/7644035850305123185,,7644061970724340517,13:04,未纳入,中性,自动映射到抖音视频评论池。,,false
2026-05-26,longge,抖音评论 13:04,涨停了,,,,否,video_id=7644035850305123185; video_url=https://www.douyin.com/video/7644035850305123185; creator=阿龙闯大A📈; like=0; reply=0; source_type=comment; yeren_signal_id=; parent_comment_text=,13:04,抖音评论,video,下午会涨停吗？#股票 #股民 #vlgo十亿流量扶持计划,怎么不算有趣的灵魂嘞,7644035850305123185,https://www.douyin.com/video/7644035850305123185,,7644061977602982682,13:04,未纳入,中性,自动映射到抖音视频评论池。,,false
2026-05-26,longge,抖音评论 13:04,涨停了。。。,,,,否,video_id=7644035850305123185; video_url=https://www.douyin.com/video/7644035850305123185; creator=阿龙闯大A📈; like=0; reply=0; source_type=comment; yeren_signal_id=; parent_comment_text=,13:04,抖音评论,video,下午会涨停吗？#股票 #股民 #vlgo十亿流量扶持计划,Asahi,7644035850305123185,https://www.douyin.com/video/7644035850305123185,,7644061971142394624,13:04,未纳入,中性,自动映射到抖音视频评论池。,,false
2026-05-26,longge,抖音评论 13:04,感谢大哥[流泪][流泪]，终于跟对一回,,,评论热度较高，但暂未自动识别到明确股票线索，保留人工复核。,待确认,video_id=7644035850305123185; video_url=https://www.douyin.com/video/7644035850305123185; creator=阿龙闯大A📈; like=0; reply=7; source_type=comment; yeren_signal_id=; parent_comment_text=,13:04,抖音评论,video,下午会涨停吗？#股票 #股民 #vlgo十亿流量扶持计划,A-广东物流-,7644035850305123185,https://www.douyin.com/video/7644035850305123185,,7644061973089289011,13:04,待确认,中性,自动映射到抖音视频评论池。,6.2,false
2026-05-26,longge,抖音评论 13:04,已经板了,,,,否,video_id=7644035850305123185; video_url=https://www.douyin.com/video/7644035850305123185; creator=阿龙闯大A📈; like=0; reply=0; source_type=comment; yeren_signal_id=; parent_comment_text=,13:04,抖音评论,video,下午会涨停吗？#股票 #股民 #vlgo十亿流量扶持计划,shining,7644035850305123185,https://www.douyin.com/video/7644035850305123185,,7644061971419038473,13:04,未纳入,中性,自动映射到抖音视频评论池。,,false
2026-05-26,longge,抖音评论 13:04,涨停了,,,,否,video_id=7644035850305123185; video_url=https://www.douyin.com/video/7644035850305123185; creator=阿龙闯大A📈; like=0; reply=0; source_type=comment; yeren_signal_id=; parent_comment_text=,13:04,抖音评论,video,下午会涨停吗？#股票 #股民 #vlgo十亿流量扶持计划,期待,7644035850305123185,https://www.douyin.com/video/7644035850305123185,,7644061970429592369,13:04,未纳入,中性,自动映射到抖音视频评论池。,,false
2026-05-26,longge,抖音评论 13:04,牛,,,,否,video_id=7644035850305123185; video_url=https://www.douyin.com/video/7644035850305123185; creator=阿龙闯大A📈; like=0; reply=0; source_type=comment; yeren_signal_id=; parent_comment_text=,13:04,抖音评论,video,下午会涨停吗？#股票 #股民 #vlgo十亿流量扶持计划,断舍离惜,7644035850305123185,https://www.douyin.com/video/7644035850305123185,,7644061965815415603,13:04,未纳入,中性,自动映射到抖音视频评论池。,,false
2026-05-26,longge,抖音评论 13:04,牛啊 板了,,,,否,video_id=7644035850305123185; video_url=https://www.douyin.com/video/7644035850305123185; creator=阿龙闯大A📈; like=0; reply=0; source_type=comment; yeren_signal_id=; parent_comment_text=,13:04,抖音评论,video,下午会涨停吗？#股票 #股民 #vlgo十亿流量扶持计划,圆圆圆滚滚,7644035850305123185,https://www.douyin.com/video/7644035850305123185,,7644061966914372389,13:04,未纳入,中性,自动映射到抖音视频评论池。,,false
2026-05-26,longge,抖音评论 13:04,涨停了,,,,否,video_id=7644035850305123185; video_url=https://www.douyin.com/video/7644035850305123185; creator=阿龙闯大A📈; like=0; reply=0; source_type=comment; yeren_signal_id=; parent_comment_text=,13:04,抖音评论,video,下午会涨停吗？#股票 #股民 #vlgo十亿流量扶持计划,洒脱的小伙,7644035850305123185,https://www.douyin.com/video/7644035850305123185,,7644061960300806963,13:04,未纳入,中性,自动映射到抖音视频评论池。,,false
2026-05-26,longge,抖音评论 13:04,真涨停了,,,,否,video_id=7644035850305123185; video_url=https://www.douyin.com/video/7644035850305123185; creator=阿龙闯大A📈; like=0; reply=0; source_type=comment; yeren_signal_id=; parent_comment_text=,13:04,抖音评论,video,下午会涨停吗？#股票 #股民 #vlgo十亿流量扶持计划,🌈彩虹,7644035850305123185,https://www.douyin.com/video/7644035850305123185,,7644061953397588746,13:04,未纳入,中性,自动映射到抖音视频评论池。,,false
2026-05-26,longge,抖音评论 13:04,涨停了已经,,,,否,video_id=7644035850305123185; video_url=https://www.douyin.com/video/7644035850305123185; creator=阿龙闯大A📈; like=0; reply=0; source_type=comment; yeren_signal_id=; parent_comment_text=,13:04,抖音评论,video,下午会涨停吗？#股票 #股民 #vlgo十亿流量扶持计划,喵大白吖,7644035850305123185,https://www.douyin.com/video/7644035850305123185,,7644061957645337387,13:04,未纳入,中性,自动映射到抖音视频评论池。,,false
2026-05-26,longge,抖音评论 13:04,开盘就直线,,,,否,video_id=7644035850305123185; video_url=https://www.douyin.com/video/7644035850305123185; creator=阿龙闯大A📈; like=0; reply=0; source_type=comment; yeren_signal_id=; parent_comment_text=,13:04,抖音评论,video,下午会涨停吗？#股票 #股民 #vlgo十亿流量扶持计划,毛笔,7644035850305123185,https://www.douyin.com/video/7644035850305123185,,7644061948095431487,13:04,未纳入,中性,自动映射到抖音视频评论池。,,false
2026-05-26,longge,抖音评论 13:04,sd涨停了,,,,否,video_id=7644035850305123185; video_url=https://www.douyin.com/video/7644035850305123185; creator=阿龙闯大A📈; like=0; reply=0; source_type=comment; yeren_signal_id=; parent_comment_text=,13:04,抖音评论,video,下午会涨停吗？#股票 #股民 #vlgo十亿流量扶持计划,🌈   秋天的落叶。,7644035850305123185,https://www.douyin.com/video/7644035850305123185,,7644061950787732281,13:04,未纳入,中性,自动映射到抖音视频评论池。,,false
2026-05-26,longge,抖音评论 13:04,封神,,,,否,video_id=7644035850305123185; video_url=https://www.douyin.com/video/7644035850305123185; creator=阿龙闯大A📈; like=0; reply=0; source_type=comment; yeren_signal_id=; parent_comment_text=,13:04,抖音评论,video,下午会涨停吗？#股票 #股民 #vlgo十亿流量扶持计划,Vin,7644035850305123185,https://www.douyin.com/video/7644035850305123185,,7644061948912550698,13:04,未纳入,中性,自动映射到抖音视频评论池。,,false
2026-05-26,longge,抖音评论 13:04,拉停了,,,,否,video_id=7644035850305123185; video_url=https://www.douyin.com/video/7644035850305123185; creator=阿龙闯大A📈; like=0; reply=0; source_type=comment; yeren_signal_id=; parent_comment_text=,13:04,抖音评论,video,下午会涨停吗？#股票 #股民 #vlgo十亿流量扶持计划,🦋囍囍.,7644035850305123185,https://www.douyin.com/video/7644035850305123185,,7644061943229383461,13:04,未纳入,中性,自动映射到抖音视频评论池。,,false
2026-05-26,longge,抖音评论 13:04,牛逼，涨停了,,,,否,video_id=7644035850305123185; video_url=https://www.douyin.com/video/7644035850305123185; creator=阿龙闯大A📈; like=0; reply=0; source_type=comment; yeren_signal_id=; parent_comment_text=,13:04,抖音评论,video,下午会涨停吗？#股票 #股民 #vlgo十亿流量扶持计划,Fish,7644035850305123185,https://www.douyin.com/video/7644035850305123185,,7644061944576410405,13:04,未纳入,中性,自动映射到抖音视频评论池。,,false
2026-05-26,longge,抖音评论 13:04,板了,,,,否,video_id=7644035850305123185; video_url=https://www.douyin.com/video/7644035850305123185; creator=阿龙闯大A📈; like=0; reply=0; source_type=comment; yeren_signal_id=; parent_comment_text=,13:04,抖音评论,video,下午会涨停吗？#股票 #股民 #vlgo十亿流量扶持计划,绿水青山,7644035850305123185,https://www.douyin.com/video/7644035850305123185,,7644061938029183781,13:04,未纳入,中性,自动映射到抖音视频评论池。,,false
2026-05-26,longge,抖音评论 13:04,涨停了,,,,否,video_id=7644035850305123185; video_url=https://www.douyin.com/video/7644035850305123185; creator=阿龙闯大A📈; like=0; reply=0; source_type=comment; yeren_signal_id=; parent_comment_text=,13:04,抖音评论,video,下午会涨停吗？#股票 #股民 #vlgo十亿流量扶持计划,✨💫,7644035850305123185,https://www.douyin.com/video/7644035850305123185,,7644061932006081334,13:04,未纳入,中性,自动映射到抖音视频评论池。,,false
2026-05-26,longge,抖音评论 13:04,怎么我中午才看到[流泪]开盘就拉上去了买不到[泣不成声],,,,否,video_id=7644035850305123185; video_url=https://www.douyin.com/video/7644035850305123185; creator=阿龙闯大A📈; like=0; reply=0; source_type=comment; yeren_signal_id=; parent_comment_text=,13:04,抖音评论,video,下午会涨停吗？#股票 #股民 #vlgo十亿流量扶持计划,姓名已重制,7644035850305123185,https://www.douyin.com/video/7644035850305123185,,7644061932831736633,13:04,未纳入,中性,自动映射到抖音视频评论池。,,false
2026-05-26,longge,抖音评论 13:04,牛,,,,否,video_id=7644035850305123185; video_url=https://www.douyin.com/video/7644035850305123185; creator=阿龙闯大A📈; like=0; reply=0; source_type=comment; yeren_signal_id=; parent_comment_text=,13:04,抖音评论,video,下午会涨停吗？#股票 #股民 #vlgo十亿流量扶持计划,大顺,7644035850305123185,https://www.douyin.com/video/7644035850305123185,,7644061936103146277,13:04,未纳入,中性,自动映射到抖音视频评论池。,,false
2026-05-26,longge,抖音评论 13:04,[赞][赞][赞]牛已经涨停。,,,,否,video_id=7644035850305123185; video_url=https://www.douyin.com/video/7644035850305123185; creator=阿龙闯大A📈; like=0; reply=0; source_type=comment; yeren_signal_id=; parent_comment_text=,13:04,抖音评论,video,下午会涨停吗？#股票 #股民 #vlgo十亿流量扶持计划,谕言,7644035850305123185,https://www.douyin.com/video/7644035850305123185,,7644061934191346481,13:04,未纳入,中性,自动映射到抖音视频评论池。,,false
2026-05-26,longge,抖音评论 13:04,涨停了,,,,否,video_id=7644035850305123185; video_url=https://www.douyin.com/video/7644035850305123185; creator=阿龙闯大A📈; like=0; reply=0; source_type=comment; yeren_signal_id=; parent_comment_text=,13:04,抖音评论,video,下午会涨停吗？#股票 #股民 #vlgo十亿流量扶持计划,ღ南风᭄微凉ོ,7644035850305123185,https://www.douyin.com/video/7644035850305123185,,7644061933805093681,13:04,未纳入,中性,自动映射到抖音视频评论池。,,false
2026-05-26,longge,抖音评论 13:04,真涨停了，大哥牛逼,,,,否,video_id=7644035850305123185; video_url=https://www.douyin.com/video/7644035850305123185; creator=阿龙闯大A📈; like=0; reply=0; source_type=comment; yeren_signal_id=; parent_comment_text=,13:04,抖音评论,video,下午会涨停吗？#股票 #股民 #vlgo十亿流量扶持计划,女神晶,7644035850305123185,https://www.douyin.com/video/7644035850305123185,,7644061923814163238,13:04,未纳入,中性,自动映射到抖音视频评论池。,,false
2026-05-26,longge,抖音评论 13:04,真涨停了,,,,否,video_id=7644035850305123185; video_url=https://www.douyin.com/video/7644035850305123185; creator=阿龙闯大A📈; like=0; reply=0; source_type=comment; yeren_signal_id=; parent_comment_text=,13:04,抖音评论,video,下午会涨停吗？#股票 #股民 #vlgo十亿流量扶持计划,@ 小情绪,7644035850305123185,https://www.douyin.com/video/7644035850305123185,,7644061921297728305,13:04,未纳入,中性,自动映射到抖音视频评论池。,,false
2026-05-26,longge,抖音评论 13:04,涨停了,,,,否,video_id=7644035850305123185; video_url=https://www.douyin.com/video/7644035850305123185; creator=阿龙闯大A📈; like=0; reply=0; source_type=comment; yeren_signal_id=; parent_comment_text=,13:04,抖音评论,video,下午会涨停吗？#股票 #股民 #vlgo十亿流量扶持计划,夜行者0810,7644035850305123185,https://www.douyin.com/video/7644035850305123185,,7644061918902895401,13:04,未纳入,中性,自动映射到抖音视频评论池。,,false
2026-05-26,longge,抖音评论 13:04,牛了,,,,否,video_id=7644035850305123185; video_url=https://www.douyin.com/video/7644035850305123185; creator=阿龙闯大A📈; like=0; reply=0; source_type=comment; yeren_signal_id=; parent_comment_text=,13:04,抖音评论,video,下午会涨停吗？#股票 #股民 #vlgo十亿流量扶持计划,想想      怎么做,7644035850305123185,https://www.douyin.com/video/7644035850305123185,,7644061913694176063,13:04,未纳入,中性,自动映射到抖音视频评论池。,,false
2026-05-26,longge,抖音评论 13:04,涨停了，我没追上,,,,否,video_id=7644035850305123185; video_url=https://www.douyin.com/video/7644035850305123185; creator=阿龙闯大A📈; like=0; reply=0; source_type=comment; yeren_signal_id=; parent_comment_text=,13:04,抖音评论,video,下午会涨停吗？#股票 #股民 #vlgo十亿流量扶持计划,tyty513,7644035850305123185,https://www.douyin.com/video/7644035850305123185,,7644061914733298491,13:04,未纳入,中性,自动映射到抖音视频评论池。,,false
2026-05-26,longge,抖音评论 13:04,牛,,,,否,video_id=7644035850305123185; video_url=https://www.douyin.com/video/7644035850305123185; creator=阿龙闯大A📈; like=0; reply=0; source_type=comment; yeren_signal_id=; parent_comment_text=,13:04,抖音评论,video,下午会涨停吗？#股票 #股民 #vlgo十亿流量扶持计划,隐入凡尘,7644035850305123185,https://www.douyin.com/video/7644035850305123185,,7644061900359107365,13:04,未纳入,中性,自动映射到抖音视频评论池。,,false
2026-05-26,longge,抖音评论 13:04,真的涨停了，卧槽牛逼啊,,,,否,video_id=7644035850305123185; video_url=https://www.douyin.com/video/7644035850305123185; creator=阿龙闯大A📈; like=0; reply=0; source_type=comment; yeren_signal_id=; parent_comment_text=,13:04,抖音评论,video,下午会涨停吗？#股票 #股民 #vlgo十亿流量扶持计划,阳阳的小明明,7644035850305123185,https://www.douyin.com/video/7644035850305123185,,7644061895603946281,13:04,未纳入,中性,自动映射到抖音视频评论池。,,false
2026-05-26,longge,抖音评论 13:03,牛皮啊，直线拉,,,,否,video_id=7644035850305123185; video_url=https://www.douyin.com/video/7644035850305123185; creator=阿龙闯大A📈; like=0; reply=0; source_type=comment; yeren_signal_id=; parent_comment_text=,13:03,抖音评论,video,下午会涨停吗？#股票 #股民 #vlgo十亿流量扶持计划,自有天意,7644035850305123185,https://www.douyin.com/video/7644035850305123185,,7644061837185106751,13:03,未纳入,中性,自动映射到抖音视频评论池。,,false
2026-05-26,longge,抖音评论 13:03,真牛逼，一根大阳线。,,,,否,video_id=7644035850305123185; video_url=https://www.douyin.com/video/7644035850305123185; creator=阿龙闯大A📈; like=0; reply=0; source_type=comment; yeren_signal_id=; parent_comment_text=,13:03,抖音评论,video,下午会涨停吗？#股票 #股民 #vlgo十亿流量扶持计划,多一事不如少一事,7644035850305123185,https://www.douyin.com/video/7644035850305123185,,7644061814301623089,13:03,未纳入,中性,自动映射到抖音视频评论池。,,false
2026-05-26,longge,抖音评论 13:03,Sdbx真厉害,,,,否,video_id=7644035850305123185; video_url=https://www.douyin.com/video/7644035850305123185; creator=阿龙闯大A📈; like=0; reply=0; source_type=comment; yeren_signal_id=; parent_comment_text=,13:03,抖音评论,video,下午会涨停吗？#股票 #股民 #vlgo十亿流量扶持计划,'End,7644035850305123185,https://www.douyin.com/video/7644035850305123185,,7644061817442501419,13:03,未纳入,中性,自动映射到抖音视频评论池。,,false
2026-05-26,longge,抖音评论 13:03,牛[赞],,,,否,video_id=7644035850305123185; video_url=https://www.douyin.com/video/7644035850305123185; creator=阿龙闯大A📈; like=0; reply=0; source_type=comment; yeren_signal_id=; parent_comment_text=,13:03,抖音评论,video,下午会涨停吗？#股票 #股民 #vlgo十亿流量扶持计划,✨💫,7644035850305123185,https://www.douyin.com/video/7644035850305123185,,7644061795360310058,13:03,未纳入,中性,自动映射到抖音视频评论池。,,false
2026-05-26,longge,抖音评论 13:03,刷到就去买，买都买不上,,,,否,video_id=7644035850305123185; video_url=https://www.douyin.com/video/7644035850305123185; creator=阿龙闯大A📈; like=0; reply=3; source_type=comment; yeren_signal_id=; parent_comment_text=,13:03,抖音评论,video,下午会涨停吗？#股票 #股民 #vlgo十亿流量扶持计划,策哥哥哦,7644035850305123185,https://www.douyin.com/video/7644035850305123185,,7644061750383559464,13:03,未纳入,中性,自动映射到抖音视频评论池。,,false
2026-05-26,longge,抖音评论 13:03,真涨停了,,,,否,video_id=7644035850305123185; video_url=https://www.douyin.com/video/7644035850305123185; creator=阿龙闯大A📈; like=0; reply=0; source_type=comment; yeren_signal_id=; parent_comment_text=,13:03,抖音评论,video,下午会涨停吗？#股票 #股民 #vlgo十亿流量扶持计划,ㅤㅤ,7644035850305123185,https://www.douyin.com/video/7644035850305123185,,7644061739383096113,13:03,未纳入,中性,自动映射到抖音视频评论池。,,false
2026-05-26,longge,抖音评论 13:03,那个大哥帮看看柏诚股份哈嘛，我才玩这个3个月，每个月都亏，这3个月亏了6000了，本金就2万，简直郁闷死了，买啥啥跌，头一天都是好好的我一买进第二天都跌，我感觉这股市根本没人，就我一个人一样，进去就宰我，大哥帮分析分析这个柏诚股份嘛，主打一个听劝，今天是丢了，还是继续格局拿着啊，,柏诚股份(601133),,柏诚股份(601133) 被提及 1 次，有效评论 1 条，来源 1 个，单视频线索，情绪 谨慎，当前判断：偏风险观察。,否,video_id=7644035850305123185; video_url=https://www.douyin.com/video/7644035850305123185; creator=阿龙闯大A📈; like=0; reply=0; source_type=comment; yeren_signal_id=; parent_comment_text=,13:03,抖音评论,video,下午会涨停吗？#股票 #股民 #vlgo十亿流量扶持计划,折纸647,7644035850305123185,https://www.douyin.com/video/7644035850305123185,,7644061705676817189,13:03,未纳入,谨慎,自动映射到抖音视频评论池。,5.9,false
2026-05-26,longge,抖音评论 13:03,给大哥上🐉,,,,否,video_id=7644035850305123185; video_url=https://www.douyin.com/video/7644035850305123185; creator=阿龙闯大A📈; like=0; reply=0; source_type=comment; yeren_signal_id=; parent_comment_text=,13:03,抖音评论,video,下午会涨停吗？#股票 #股民 #vlgo十亿流量扶持计划,☾⋆Mmོོღ,7644035850305123185,https://www.douyin.com/video/7644035850305123185,,7644061695337579299,13:03,未纳入,中性,自动映射到抖音视频评论池。,,false
2026-05-26,longge,抖音评论 13:03,涨停了,,,,否,video_id=7644035850305123185; video_url=https://www.douyin.com/video/7644035850305123185; creator=阿龙闯大A📈; like=0; reply=0; source_type=comment; yeren_signal_id=; parent_comment_text=,13:03,抖音评论,video,下午会涨停吗？#股票 #股民 #vlgo十亿流量扶持计划,🌈你,7644035850305123185,https://www.douyin.com/video/7644035850305123185,,7644061661495018297,13:03,未纳入,中性,自动映射到抖音视频评论池。,,false
2026-05-26,longge,抖音评论 13:03,真狠啊,,,,否,video_id=7644035850305123185; video_url=https://www.douyin.com/video/7644035850305123185; creator=阿龙闯大A📈; like=0; reply=0; source_type=comment; yeren_signal_id=; parent_comment_text=,13:03,抖音评论,video,下午会涨停吗？#股票 #股民 #vlgo十亿流量扶持计划,-,7644035850305123185,https://www.douyin.com/video/7644035850305123185,,7644061641370157861,13:03,未纳入,中性,自动映射到抖音视频评论池。,,false
2026-05-26,longge,抖音评论 13:03,[捂脸]拉了。[赞][赞][赞],,,,否,video_id=7644035850305123185; video_url=https://www.douyin.com/video/7644035850305123185; creator=阿龙闯大A📈; like=0; reply=0; source_type=comment; yeren_signal_id=; parent_comment_text=,13:03,抖音评论,video,下午会涨停吗？#股票 #股民 #vlgo十亿流量扶持计划,谕言,7644035850305123185,https://www.douyin.com/video/7644035850305123185,,7644061639109182267,13:03,未纳入,中性,自动映射到抖音视频评论池。,,false
2026-05-26,longge,抖音评论 13:03,牛 涨停了[流泪],,,,否,video_id=7644035850305123185; video_url=https://www.douyin.com/video/7644035850305123185; creator=阿龙闯大A📈; like=0; reply=0; source_type=comment; yeren_signal_id=; parent_comment_text=,13:03,抖音评论,video,下午会涨停吗？#股票 #股民 #vlgo十亿流量扶持计划,Red,7644035850305123185,https://www.douyin.com/video/7644035850305123185,,7644061610147250996,13:03,未纳入,中性,自动映射到抖音视频评论池。,,false
2026-05-26,longge,抖音评论 13:02,牛逼,,,,否,video_id=7644035850305123185; video_url=https://www.douyin.com/video/7644035850305123185; creator=阿龙闯大A📈; like=0; reply=0; source_type=comment; yeren_signal_id=; parent_comment_text=,13:02,抖音评论,video,下午会涨停吗？#股票 #股民 #vlgo十亿流量扶持计划,晚安小羊,7644035850305123185,https://www.douyin.com/video/7644035850305123185,,7644061560331862833,13:02,未纳入,中性,自动映射到抖音视频评论池。,,false
2026-05-26,longge,抖音评论 13:02,要封板了。。,,,,否,video_id=7644035850305123185; video_url=https://www.douyin.com/video/7644035850305123185; creator=阿龙闯大A📈; like=0; reply=3; source_type=comment; yeren_signal_id=; parent_comment_text=,13:02,抖音评论,video,下午会涨停吗？#股票 #股民 #vlgo十亿流量扶持计划,Wendy,7644035850305123185,https://www.douyin.com/video/7644035850305123185,,7644061552806888230,13:02,未纳入,中性,自动映射到抖音视频评论池。,,false
2026-05-26,longge,抖音评论 13:02,大哥niub,,,,否,video_id=7644035850305123185; video_url=https://www.douyin.com/video/7644035850305123185; creator=阿龙闯大A📈; like=0; reply=0; source_type=comment; yeren_signal_id=; parent_comment_text=,13:02,抖音评论,video,下午会涨停吗？#股票 #股民 #vlgo十亿流量扶持计划,你的网友陈,7644035850305123185,https://www.douyin.com/video/7644035850305123185,,7644061531957347109,13:02,未纳入,中性,自动映射到抖音视频评论池。,,false
2026-05-26,longge,抖音评论 13:02,掏上了,,,,否,video_id=7644035850305123185; video_url=https://www.douyin.com/video/7644035850305123185; creator=阿龙闯大A📈; like=0; reply=0; source_type=comment; yeren_signal_id=; parent_comment_text=,13:02,抖音评论,video,下午会涨停吗？#股票 #股民 #vlgo十亿流量扶持计划,来日方长,7644035850305123185,https://www.douyin.com/video/7644035850305123185,,7644061464714543921,13:02,未纳入,中性,自动映射到抖音视频评论池。,,false
2026-05-26,longge,抖音评论 13:02,差点没冲进去，开盘就冲,,,,否,video_id=7644035850305123185; video_url=https://www.douyin.com/video/7644035850305123185; creator=阿龙闯大A📈; like=0; reply=0; source_type=comment; yeren_signal_id=; parent_comment_text=,13:02,抖音评论,video,下午会涨停吗？#股票 #股民 #vlgo十亿流量扶持计划,喷漆模版专业户,7644035850305123185,https://www.douyin.com/video/7644035850305123185,,7644061431189586688,13:02,未纳入,中性,自动映射到抖音视频评论池。,,false
2026-05-26,longge,抖音评论 13:02,山东来了,,,,否,video_id=7644035850305123185; video_url=https://www.douyin.com/video/7644035850305123185; creator=阿龙闯大A📈; like=0; reply=0; source_type=comment; yeren_signal_id=; parent_comment_text=,13:02,抖音评论,video,下午会涨停吗？#股票 #股民 #vlgo十亿流量扶持计划,盛泽修车小王-源鑫汽修（恒新工坊维修店）,7644035850305123185,https://www.douyin.com/video/7644035850305123185,,7644061410926576442,13:02,未纳入,中性,自动映射到抖音视频评论池。,,false
2026-05-26,longge,抖音评论 13:02,涨停了,,,,否,video_id=7644035850305123185; video_url=https://www.douyin.com/video/7644035850305123185; creator=阿龙闯大A📈; like=0; reply=0; source_type=comment; yeren_signal_id=; parent_comment_text=,13:02,抖音评论,video,下午会涨停吗？#股票 #股民 #vlgo十亿流量扶持计划,太阳🌞,7644035850305123185,https://www.douyin.com/video/7644035850305123185,,7644061369139266358,13:02,未纳入,中性,自动映射到抖音视频评论池。,,false
2026-05-26,longge,抖音评论 13:02,太牛了,,,,否,video_id=7644035850305123185; video_url=https://www.douyin.com/video/7644035850305123185; creator=阿龙闯大A📈; like=0; reply=0; source_type=comment; yeren_signal_id=; parent_comment_text=,13:02,抖音评论,video,下午会涨停吗？#股票 #股民 #vlgo十亿流量扶持计划,bang,7644035850305123185,https://www.douyin.com/video/7644035850305123185,,7644061324369249067,13:02,未纳入,中性,自动映射到抖音视频评论池。,,false
2026-05-26,longge,抖音评论 13:01,哪位大佬帮忙看看网宿科技，亏麻了,网宿科技(300017),,网宿科技(300017) 被提及 1 次，有效评论 1 条，来源 1 个，单视频线索，情绪 谨慎，当前判断：偏风险观察。,否,video_id=7644035850305123185; video_url=https://www.douyin.com/video/7644035850305123185; creator=阿龙闯大A📈; like=0; reply=0; source_type=comment; yeren_signal_id=; parent_comment_text=,13:01,抖音评论,video,下午会涨停吗？#股票 #股民 #vlgo十亿流量扶持计划,幕墙工程,7644035850305123185,https://www.douyin.com/video/7644035850305123185,,7644061272628380453,13:01,未纳入,谨慎,自动映射到抖音视频评论池。,5.9,false
2026-05-26,longge,抖音评论 13:01,模塑科技，上午涨停出，下午再接回来。,模塑科技(000700),,模塑科技(000700) 被提及 3 次，有效评论 3 条，来源 2 个，跨来源共振，情绪 中性，当前判断：已进入推荐候选。,是,video_id=7644035850305123185; video_url=https://www.douyin.com/video/7644035850305123185; creator=阿龙闯大A📈; like=0; reply=0; source_type=comment; yeren_signal_id=; parent_comment_text=,13:01,抖音评论,video,下午会涨停吗？#股票 #股民 #vlgo十亿流量扶持计划,开会别带笔,7644035850305123185,https://www.douyin.com/video/7644035850305123185,,7644061219608363825,13:01,已纳入,中性,自动映射到抖音视频评论池。,8.8,true
2026-05-26,longge,抖音评论 13:01,下午直线拉升了,,,,否,video_id=7644035850305123185; video_url=https://www.douyin.com/video/7644035850305123185; creator=阿龙闯大A📈; like=0; reply=0; source_type=comment; yeren_signal_id=; parent_comment_text=,13:01,抖音评论,video,下午会涨停吗？#股票 #股民 #vlgo十亿流量扶持计划,归途有灯,7644035850305123185,https://www.douyin.com/video/7644035850305123185,,7644061202679268106,13:01,未纳入,中性,自动映射到抖音视频评论池。,,false
2026-05-26,longge,抖音评论 13:00,江特的大哥呢,,,,否,video_id=7644035850305123185; video_url=https://www.douyin.com/video/7644035850305123185; creator=阿龙闯大A📈; like=0; reply=0; source_type=comment; yeren_signal_id=; parent_comment_text=,13:00,抖音评论,video,下午会涨停吗？#股票 #股民 #vlgo十亿流量扶持计划,賈昊佑,7644035850305123185,https://www.douyin.com/video/7644035850305123185,,7644060979618235185,13:00,未纳入,中性,自动映射到抖音视频评论池。,,false
2026-05-26,longge,抖音评论 13:00,下午吉视传媒  开仓,吉视传媒(601929),,吉视传媒(601929) 被提及 1 次，有效评论 1 条，来源 1 个，单视频线索，情绪 中性，当前判断：保留观察。,待确认,video_id=7644035850305123185; video_url=https://www.douyin.com/video/7644035850305123185; creator=阿龙闯大A📈; like=0; reply=1; source_type=comment; yeren_signal_id=; parent_comment_text=,13:00,抖音评论,video,下午会涨停吗？#股票 #股民 #vlgo十亿流量扶持计划,南方达子。,7644035850305123185,https://www.douyin.com/video/7644035850305123185,,7644060840677802793,13:00,待确认,中性,自动映射到抖音视频评论池。,6.4,false
2026-05-26,longge,抖音评论 13:00,江特[捂脸],,,,否,video_id=7644035850305123185; video_url=https://www.douyin.com/video/7644035850305123185; creator=阿龙闯大A📈; like=0; reply=0; source_type=comment; yeren_signal_id=; parent_comment_text=,13:00,抖音评论,video,下午会涨停吗？#股票 #股民 #vlgo十亿流量扶持计划,...小雨🌧️,7644035850305123185,https://www.douyin.com/video/7644035850305123185,,7644060815356429115,13:00,未纳入,中性,自动映射到抖音视频评论池。,,false
2026-05-26,longge,抖音评论 12:59,姐，评论又被屏蔽了@Yolo,,,,否,video_id=7644035850305123185; video_url=https://www.douyin.com/video/7644035850305123185; creator=阿龙闯大A📈; like=0; reply=0; source_type=comment; yeren_signal_id=; parent_comment_text=,12:59,抖音评论,video,下午会涨停吗？#股票 #股民 #vlgo十亿流量扶持计划,Yi.家小跑腿,7644035850305123185,https://www.douyin.com/video/7644035850305123185,,7644060605561111354,12:59,未纳入,中性,自动映射到抖音视频评论池。,,false
2026-05-26,longge,抖音评论 12:58,说的哪个啊[泪奔][泪奔],,,,否,video_id=7644035850305123185; video_url=https://www.douyin.com/video/7644035850305123185; creator=阿龙闯大A📈; like=0; reply=4; source_type=comment; yeren_signal_id=; parent_comment_text=,12:58,抖音评论,video,下午会涨停吗？#股票 #股民 #vlgo十亿流量扶持计划,腾宝,7644035850305123185,https://www.douyin.com/video/7644035850305123185,,7644060500720911145,12:58,未纳入,中性,自动映射到抖音视频评论池。,,false
2026-05-26,longge,抖音评论 12:58,前两天刚卖掉,,,,否,video_id=7644035850305123185; video_url=https://www.douyin.com/video/7644035850305123185; creator=阿龙闯大A📈; like=0; reply=0; source_type=comment; yeren_signal_id=; parent_comment_text=,12:58,抖音评论,video,下午会涨停吗？#股票 #股民 #vlgo十亿流量扶持计划,ME乖乖,7644035850305123185,https://www.douyin.com/video/7644035850305123185,,7644060447688262400,12:58,未纳入,中性,自动映射到抖音视频评论池。,,false
2026-05-26,longge,抖音评论 12:57,五洲新春，周四/周五，有小肉吃下,五洲新春(603667),,五洲新春(603667) 被提及 1 次，有效评论 1 条，来源 1 个，单视频线索，情绪 中性，当前判断：保留观察。,待确认,video_id=7644035850305123185; video_url=https://www.douyin.com/video/7644035850305123185; creator=阿龙闯大A📈; like=0; reply=2; source_type=comment; yeren_signal_id=; parent_comment_text=,12:57,抖音评论,video,下午会涨停吗？#股票 #股民 #vlgo十亿流量扶持计划,先森,7644035850305123185,https://www.douyin.com/video/7644035850305123185,,7644060181445755674,12:57,待确认,中性,自动映射到抖音视频评论池。,6.4,false
2026-05-26,longge,抖音评论 12:57,我就服了家美包，还有洛德股份卖了就涨停，什么说法[流泪],,,,否,video_id=7644035850305123185; video_url=https://www.douyin.com/video/7644035850305123185; creator=阿龙闯大A📈; like=0; reply=0; source_type=comment; yeren_signal_id=; parent_comment_text=,12:57,抖音评论,video,下午会涨停吗？#股票 #股民 #vlgo十亿流量扶持计划,贝尔,7644035850305123185,https://www.douyin.com/video/7644035850305123185,,7644060105274032947,12:57,未纳入,中性,自动映射到抖音视频评论池。,,false
2026-05-26,longge,抖音评论 12:56,我跟着上次的大哥干了中贝，全仓，现在我坐在楼顶上，楼顶的风真的好大，楼下有人叫我了，我不想坐电梯也不想走楼梯下去,,,,否,video_id=7644035850305123185; video_url=https://www.douyin.com/video/7644035850305123185; creator=阿龙闯大A📈; like=0; reply=0; source_type=comment; yeren_signal_id=; parent_comment_text=,12:56,抖音评论,video,下午会涨停吗？#股票 #股民 #vlgo十亿流量扶持计划,林肯公园,7644035850305123185,https://www.douyin.com/video/7644035850305123185,,7644060021937324837,12:56,未纳入,中性,自动映射到抖音视频评论池。,,false
2026-05-26,longge,抖音评论 12:56,中视传媒能不能起来，亏几百了[捂脸],中视传媒(600088),,中视传媒(600088) 被提及 1 次，有效评论 1 条，来源 1 个，单视频线索，情绪 谨慎，当前判断：偏风险观察。,否,video_id=7644035850305123185; video_url=https://www.douyin.com/video/7644035850305123185; creator=阿龙闯大A📈; like=0; reply=2; source_type=comment; yeren_signal_id=; parent_comment_text=,12:56,抖音评论,video,下午会涨停吗？#股票 #股民 #vlgo十亿流量扶持计划,肖有钱高兴,7644035850305123185,https://www.douyin.com/video/7644035850305123185,,7644059885676053285,12:56,未纳入,谨慎,自动映射到抖音视频评论池。,5.9,false
2026-05-26,longge,抖音评论 12:55,广西能源给我干 [看],广西能源(600310),,广西能源(600310) 被提及 2 次，有效评论 2 条，来源 1 个，单视频线索，情绪 中性，当前判断：已进入推荐候选。,是,video_id=7644035850305123185; video_url=https://www.douyin.com/video/7644035850305123185; creator=阿龙闯大A📈; like=0; reply=2; source_type=comment; yeren_signal_id=; parent_comment_text=,12:55,抖音评论,video,下午会涨停吗？#股票 #股民 #vlgo十亿流量扶持计划,日月先生,7644035850305123185,https://www.douyin.com/video/7644035850305123185,,7644059675437204261,12:55,已纳入,中性,自动映射到抖音视频评论池。,7.7,true
2026-05-26,longge,抖音评论 12:55,莲花的大哥 现在怎么操作 趴着不动还是减仓,,,,否,video_id=7644035850305123185; video_url=https://www.douyin.com/video/7644035850305123185; creator=阿龙闯大A📈; like=0; reply=0; source_type=comment; yeren_signal_id=; parent_comment_text=,12:55,抖音评论,video,下午会涨停吗？#股票 #股民 #vlgo十亿流量扶持计划,皮卡，皮卡丘,7644035850305123185,https://www.douyin.com/video/7644035850305123185,,7644059529604842298,12:55,未纳入,中性,自动映射到抖音视频评论池。,,false
2026-05-26,longge,抖音评论 12:54,我也跟着干了水上干的 早盘资金没到位[看],,,,否,video_id=7644035850305123185; video_url=https://www.douyin.com/video/7644035850305123185; creator=阿龙闯大A📈; like=0; reply=0; source_type=comment; yeren_signal_id=; parent_comment_text=,12:54,抖音评论,video,下午会涨停吗？#股票 #股民 #vlgo十亿流量扶持计划,👉💛👈,7644035850305123185,https://www.douyin.com/video/7644035850305123185,,7644059361304822577,12:54,未纳入,中性,自动映射到抖音视频评论池。,,false
2026-05-26,longge,抖音评论 12:54,干的那个,,,,否,video_id=7644035850305123185; video_url=https://www.douyin.com/video/7644035850305123185; creator=阿龙闯大A📈; like=0; reply=0; source_type=comment; yeren_signal_id=; parent_comment_text=,12:54,抖音评论,video,下午会涨停吗？#股票 #股民 #vlgo十亿流量扶持计划,路路说金融（无锡）,7644035850305123185,https://www.douyin.com/video/7644035850305123185,,7644059340182094644,12:54,未纳入,中性,自动映射到抖音视频评论池。,,false
2026-05-26,longge,抖音评论 12:53,强达,,,,否,video_id=7644035850305123185; video_url=https://www.douyin.com/video/7644035850305123185; creator=阿龙闯大A📈; like=0; reply=0; source_type=comment; yeren_signal_id=; parent_comment_text=,12:53,抖音评论,video,下午会涨停吗？#股票 #股民 #vlgo十亿流量扶持计划,忘记名字了,7644035850305123185,https://www.douyin.com/video/7644035850305123185,,7644059172284285706,12:53,未纳入,中性,自动映射到抖音视频评论池。,,false
2026-05-26,longge,抖音评论 12:52,华蒙,,,,否,video_id=7644035850305123185; video_url=https://www.douyin.com/video/7644035850305123185; creator=阿龙闯大A📈; like=0; reply=0; source_type=comment; yeren_signal_id=; parent_comment_text=,12:52,抖音评论,video,下午会涨停吗？#股票 #股民 #vlgo十亿流量扶持计划,小小Xing 🌟,7644035850305123185,https://www.douyin.com/video/7644035850305123185,,7644058861565788965,12:52,未纳入,中性,自动映射到抖音视频评论池。,,false
2026-05-26,longge,抖音评论 12:50,说运达股份的大哥在哪里 我跌倒现在了[泪奔][泪奔],运达股份(300772),,运达股份(300772) 被提及 1 次，有效评论 1 条，来源 1 个，单视频线索，情绪 谨慎，当前判断：偏风险观察。,否,video_id=7644035850305123185; video_url=https://www.douyin.com/video/7644035850305123185; creator=阿龙闯大A📈; like=0; reply=0; source_type=comment; yeren_signal_id=; parent_comment_text=,12:50,抖音评论,video,下午会涨停吗？#股票 #股民 #vlgo十亿流量扶持计划,wangping,7644035850305123185,https://www.douyin.com/video/7644035850305123185,,7644058423580394277,12:50,未纳入,谨慎,自动映射到抖音视频评论池。,5.9,false
2026-05-26,longge,抖音评论 12:48,干的哪个呀,,,,否,video_id=7644035850305123185; video_url=https://www.douyin.com/video/7644035850305123185; creator=阿龙闯大A📈; like=0; reply=0; source_type=comment; yeren_signal_id=; parent_comment_text=,12:48,抖音评论,video,下午会涨停吗？#股票 #股民 #vlgo十亿流量扶持计划,濮院驾校胡教练,7644035850305123185,https://www.douyin.com/video/7644035850305123185,,7644057735428784948,12:48,未纳入,中性,自动映射到抖音视频评论池。,,false
2026-05-26,longge,抖音评论 12:45,说的什么？,,,,否,video_id=7644035850305123185; video_url=https://www.douyin.com/video/7644035850305123185; creator=阿龙闯大A📈; like=0; reply=0; source_type=comment; yeren_signal_id=; parent_comment_text=,12:45,抖音评论,video,下午会涨停吗？#股票 #股民 #vlgo十亿流量扶持计划,断舍离惜,7644035850305123185,https://www.douyin.com/video/7644035850305123185,,7644057159240631091,12:45,未纳入,中性,自动映射到抖音视频评论池。,,false
2026-05-26,longge,抖音评论 12:45,合力泰咋整啊[杀马特],合力泰(002217),消费电子;光学光电子,合力泰(002217) 被提及 1 次，有效评论 1 条，来源 1 个，单视频线索，情绪 中性，当前判断：保留观察。,待确认,video_id=7644035850305123185; video_url=https://www.douyin.com/video/7644035850305123185; creator=阿龙闯大A📈; like=0; reply=1; source_type=comment; yeren_signal_id=; parent_comment_text=,12:45,抖音评论,video,下午会涨停吗？#股票 #股民 #vlgo十亿流量扶持计划,🌈万事不慌张女士,7644035850305123185,https://www.douyin.com/video/7644035850305123185,,7644057109995422521,12:45,待确认,中性,自动映射到抖音视频评论池。,6.4,false
2026-05-26,longge,抖音评论 12:45,鸿博呢大哥们看看,,,,否,video_id=7644035850305123185; video_url=https://www.douyin.com/video/7644035850305123185; creator=阿龙闯大A📈; like=0; reply=2; source_type=comment; yeren_signal_id=; parent_comment_text=,12:45,抖音评论,video,下午会涨停吗？#股票 #股民 #vlgo十亿流量扶持计划,吃米粉加一斤香菜的Eason,7644035850305123185,https://www.douyin.com/video/7644035850305123185,,7644056974225457969,12:45,未纳入,中性,自动映射到抖音视频评论池。,,false
2026-05-26,longge,抖音评论 12:43,看不出来是啥,,,,否,video_id=7644035850305123185; video_url=https://www.douyin.com/video/7644035850305123185; creator=阿龙闯大A📈; like=0; reply=0; source_type=comment; yeren_signal_id=; parent_comment_text=,12:43,抖音评论,video,下午会涨停吗？#股票 #股民 #vlgo十亿流量扶持计划,海洋家的小女人,7644035850305123185,https://www.douyin.com/video/7644035850305123185,,7644056564559577893,12:43,未纳入,中性,自动映射到抖音视频评论池。,,false
2026-05-26,longge,抖音评论 12:43,福斯特,福斯特(603806),,福斯特(603806) 被提及 1 次，有效评论 1 条，来源 1 个，单视频线索，情绪 中性，当前判断：保留观察。,待确认,video_id=7644035850305123185; video_url=https://www.douyin.com/video/7644035850305123185; creator=阿龙闯大A📈; like=0; reply=0; source_type=comment; yeren_signal_id=; parent_comment_text=,12:43,抖音评论,video,下午会涨停吗？#股票 #股民 #vlgo十亿流量扶持计划,🌈苏蓝,7644035850305123185,https://www.douyin.com/video/7644035850305123185,,7644056451392029497,12:43,待确认,中性,自动映射到抖音视频评论池。,6.4,false
2026-05-26,longge,抖音评论 12:43,下午干啥，大哥们[流泪],,,,否,video_id=7644035850305123185; video_url=https://www.douyin.com/video/7644035850305123185; creator=阿龙闯大A📈; like=0; reply=0; source_type=comment; yeren_signal_id=; parent_comment_text=,12:43,抖音评论,video,下午会涨停吗？#股票 #股民 #vlgo十亿流量扶持计划,马同学,7644035850305123185,https://www.douyin.com/video/7644035850305123185,,7644056436293747475,12:43,未纳入,中性,自动映射到抖音视频评论池。,,false
2026-05-26,longge,抖音评论 12:42,今天被埋[捂脸],,,,否,video_id=7644035850305123185; video_url=https://www.douyin.com/video/7644035850305123185; creator=阿龙闯大A📈; like=0; reply=0; source_type=comment; yeren_signal_id=; parent_comment_text=,12:42,抖音评论,video,下午会涨停吗？#股票 #股民 #vlgo十亿流量扶持计划,鲜肉变中登,7644035850305123185,https://www.douyin.com/video/7644035850305123185,,7644056185121981238,12:42,未纳入,中性,自动映射到抖音视频评论池。,,false
2026-05-26,longge,抖音评论 12:42,说双良的大哥了，怎么办啊,,,,否,video_id=7644035850305123185; video_url=https://www.douyin.com/video/7644035850305123185; creator=阿龙闯大A📈; like=0; reply=4; source_type=comment; yeren_signal_id=; parent_comment_text=,12:42,抖音评论,video,下午会涨停吗？#股票 #股民 #vlgo十亿流量扶持计划,🐉¹⁹₈₈Miya🌈℘࿐,7644035850305123185,https://www.douyin.com/video/7644035850305123185,,7644056184110121754,12:42,未纳入,中性,自动映射到抖音视频评论池。,,false
2026-05-26,longge,抖音评论 12:41,百合花长势很好,百合花(603823),,百合花(603823) 被提及 1 次，有效评论 1 条，来源 1 个，单视频线索，情绪 中性，当前判断：保留观察。,待确认,video_id=7644035850305123185; video_url=https://www.douyin.com/video/7644035850305123185; creator=阿龙闯大A📈; like=0; reply=0; source_type=comment; yeren_signal_id=; parent_comment_text=,12:41,抖音评论,video,下午会涨停吗？#股票 #股民 #vlgo十亿流量扶持计划,百合花开,7644035850305123185,https://www.douyin.com/video/7644035850305123185,,7644056103067665194,12:41,待确认,中性,自动映射到抖音视频评论池。,6.4,false
2026-05-26,longge,抖音评论 12:41,哪位好心人给我说下这说的是啥票？[尬笑],,,评论热度较高，但暂未自动识别到明确股票线索，保留人工复核。,待确认,video_id=7644035850305123185; video_url=https://www.douyin.com/video/7644035850305123185; creator=阿龙闯大A📈; like=0; reply=8; source_type=comment; yeren_signal_id=; parent_comment_text=,12:41,抖音评论,video,下午会涨停吗？#股票 #股民 #vlgo十亿流量扶持计划,吖小姐姐,7644035850305123185,https://www.douyin.com/video/7644035850305123185,,7644056090120618795,12:41,待确认,中性,自动映射到抖音视频评论池。,6.2,false
2026-05-26,longge,抖音评论 12:41,看到你这个视频我也干了,,,,否,video_id=7644035850305123185; video_url=https://www.douyin.com/video/7644035850305123185; creator=阿龙闯大A📈; like=0; reply=4; source_type=comment; yeren_signal_id=; parent_comment_text=,12:41,抖音评论,video,下午会涨停吗？#股票 #股民 #vlgo十亿流量扶持计划,赫章豪雅门窗,7644035850305123185,https://www.douyin.com/video/7644035850305123185,,7644056033275020058,12:41,未纳入,中性,自动映射到抖音视频评论池。,,false
2026-05-26,longge,抖音评论 12:40,中天怎么看[流泪],,,,否,video_id=7644035850305123185; video_url=https://www.douyin.com/video/7644035850305123185; creator=阿龙闯大A📈; like=0; reply=0; source_type=comment; yeren_signal_id=; parent_comment_text=,12:40,抖音评论,video,下午会涨停吗？#股票 #股民 #vlgo十亿流量扶持计划,Red,7644035850305123185,https://www.douyin.com/video/7644035850305123185,,7644055855017509666,12:40,未纳入,中性,自动映射到抖音视频评论池。,,false
2026-05-26,longge,抖音评论 12:40,太阳能,太阳能(000591),,太阳能(000591) 被提及 2 次，有效评论 2 条，来源 2 个，跨来源共振，情绪 中性，当前判断：已进入推荐候选。,是,video_id=7644035850305123185; video_url=https://www.douyin.com/video/7644035850305123185; creator=阿龙闯大A📈; like=0; reply=0; source_type=comment; yeren_signal_id=; parent_comment_text=,12:40,抖音评论,video,下午会涨停吗？#股票 #股民 #vlgo十亿流量扶持计划,正道的光,7644035850305123185,https://www.douyin.com/video/7644035850305123185,,7644055660224594730,12:40,已纳入,中性,自动映射到抖音视频评论池。,8.4,true
2026-05-26,longge,抖音评论 12:39,昨天进了明阳zn，大哥怎么看,,,,否,video_id=7644035850305123185; video_url=https://www.douyin.com/video/7644035850305123185; creator=阿龙闯大A📈; like=0; reply=0; source_type=comment; yeren_signal_id=; parent_comment_text=,12:39,抖音评论,video,下午会涨停吗？#股票 #股民 #vlgo十亿流量扶持计划,宝贝小蝶,7644035850305123185,https://www.douyin.com/video/7644035850305123185,,7644055527836451621,12:39,未纳入,中性,自动映射到抖音视频评论池。,,false
2026-05-26,longge,抖音评论 12:38,威龙怎么说,,,,否,video_id=7644035850305123185; video_url=https://www.douyin.com/video/7644035850305123185; creator=阿龙闯大A📈; like=0; reply=0; source_type=comment; yeren_signal_id=; parent_comment_text=,12:38,抖音评论,video,下午会涨停吗？#股票 #股民 #vlgo十亿流量扶持计划,Sage🅴.,7644035850305123185,https://www.douyin.com/video/7644035850305123185,,7644055312761226021,12:38,未纳入,中性,自动映射到抖音视频评论池。,,false
2026-05-26,longge,抖音评论 12:38,中利集团还能拿吗,中利集团(002309),,中利集团(002309) 被提及 2 次，有效评论 2 条，来源 1 个，单视频线索，情绪 中性，当前判断：保留观察。,待确认,video_id=7644035850305123185; video_url=https://www.douyin.com/video/7644035850305123185; creator=阿龙闯大A📈; like=0; reply=6; source_type=comment; yeren_signal_id=; parent_comment_text=,12:38,抖音评论,video,下午会涨停吗？#股票 #股民 #vlgo十亿流量扶持计划,Aimee_,7644035850305123185,https://www.douyin.com/video/7644035850305123185,,7644055255701455665,12:38,待确认,中性,自动映射到抖音视频评论池。,6.9,false
2026-05-26,longge,抖音评论 12:37,再升科技？,再升科技(603601),,再升科技(603601) 被提及 3 次，有效评论 3 条，来源 2 个，跨来源共振，情绪 中性，当前判断：保留观察。,待确认,video_id=7644035850305123185; video_url=https://www.douyin.com/video/7644035850305123185; creator=阿龙闯大A📈; like=0; reply=0; source_type=comment; yeren_signal_id=; parent_comment_text=,12:37,抖音评论,video,下午会涨停吗？#股票 #股民 #vlgo十亿流量扶持计划,Xx .,7644035850305123185,https://www.douyin.com/video/7644035850305123185,,7644055121698325297,12:37,待确认,中性,自动映射到抖音视频评论池。,8.0,false
2026-05-26,longge,抖音评论 12:37,你他妈把评论发出来呀,,,,否,video_id=7644035850305123185; video_url=https://www.douyin.com/video/7644035850305123185; creator=阿龙闯大A📈; like=0; reply=0; source_type=comment; yeren_signal_id=; parent_comment_text=,12:37,抖音评论,video,下午会涨停吗？#股票 #股民 #vlgo十亿流量扶持计划,🌈猗凄佐,7644035850305123185,https://www.douyin.com/video/7644035850305123185,,7644055089560191784,12:37,未纳入,中性,自动映射到抖音视频评论池。,,false
2026-05-26,longge,抖音评论 12:36,商业航天可以抄底了嘛,,,,否,video_id=7644035850305123185; video_url=https://www.douyin.com/video/7644035850305123185; creator=阿龙闯大A📈; like=0; reply=0; source_type=comment; yeren_signal_id=; parent_comment_text=,12:36,抖音评论,video,下午会涨停吗？#股票 #股民 #vlgo十亿流量扶持计划,简单,7644035850305123185,https://www.douyin.com/video/7644035850305123185,,7644054845624304441,12:36,未纳入,中性,自动映射到抖音视频评论池。,,false
2026-05-26,longge,抖音评论 12:36,风华还没走完，要上今天赶紧上,,,,否,video_id=7644035850305123185; video_url=https://www.douyin.com/video/7644035850305123185; creator=阿龙闯大A📈; like=0; reply=0; source_type=comment; yeren_signal_id=; parent_comment_text=,12:36,抖音评论,video,下午会涨停吗？#股票 #股民 #vlgo十亿流量扶持计划,翁哈哈～,7644035850305123185,https://www.douyin.com/video/7644035850305123185,,7644054724882367291,12:36,未纳入,中性,自动映射到抖音视频评论池。,,false
2026-05-26,longge,抖音评论 12:35,崇达？,,,,否,video_id=7644035850305123185; video_url=https://www.douyin.com/video/7644035850305123185; creator=阿龙闯大A📈; like=0; reply=0; source_type=comment; yeren_signal_id=; parent_comment_text=,12:35,抖音评论,video,下午会涨停吗？#股票 #股民 #vlgo十亿流量扶持计划,未来可期,7644035850305123185,https://www.douyin.com/video/7644035850305123185,,7644054450794136330,12:35,未纳入,中性,自动映射到抖音视频评论池。,,false
2026-05-26,longge,抖音评论 12:34,干的什么,,,,否,video_id=7644035850305123185; video_url=https://www.douyin.com/video/7644035850305123185; creator=阿龙闯大A📈; like=0; reply=0; source_type=comment; yeren_signal_id=; parent_comment_text=,12:34,抖音评论,video,下午会涨停吗？#股票 #股民 #vlgo十亿流量扶持计划,kxyx,7644035850305123185,https://www.douyin.com/video/7644035850305123185,,7644054351451734847,12:34,未纳入,中性,自动映射到抖音视频评论池。,,false
2026-05-26,longge,抖音评论 12:34,这个是什么股，求,,,,否,video_id=7644035850305123185; video_url=https://www.douyin.com/video/7644035850305123185; creator=阿龙闯大A📈; like=0; reply=0; source_type=comment; yeren_signal_id=; parent_comment_text=,12:34,抖音评论,video,下午会涨停吗？#股票 #股民 #vlgo十亿流量扶持计划,睡到自然醒每天,7644035850305123185,https://www.douyin.com/video/7644035850305123185,,7644054334749115173,12:34,未纳入,中性,自动映射到抖音视频评论池。,,false
2026-05-26,longge,抖音评论 12:34,你怎么还藏着掖着了[看],,,,否,video_id=7644035850305123185; video_url=https://www.douyin.com/video/7644035850305123185; creator=阿龙闯大A📈; like=0; reply=0; source_type=comment; yeren_signal_id=; parent_comment_text=,12:34,抖音评论,video,下午会涨停吗？#股票 #股民 #vlgo十亿流量扶持计划,ｏ,7644035850305123185,https://www.douyin.com/video/7644035850305123185,,7644054243854369576,12:34,未纳入,中性,自动映射到抖音视频评论池。,,false
2026-05-26,longge,抖音评论 12:34,神剑还能拿吗[尬笑],,,,否,video_id=7644035850305123185; video_url=https://www.douyin.com/video/7644035850305123185; creator=阿龙闯大A📈; like=0; reply=0; source_type=comment; yeren_signal_id=; parent_comment_text=,12:34,抖音评论,video,下午会涨停吗？#股票 #股民 #vlgo十亿流量扶持计划,12111,7644035850305123185,https://www.douyin.com/video/7644035850305123185,,7644054163995116325,12:34,未纳入,中性,自动映射到抖音视频评论池。,,false
2026-05-26,longge,抖音评论 12:33,京东方明天怎么看大哥[抱拳][抱拳],,,,否,video_id=7644035850305123185; video_url=https://www.douyin.com/video/7644035850305123185; creator=阿龙闯大A📈; like=0; reply=3; source_type=comment; yeren_signal_id=; parent_comment_text=,12:33,抖音评论,video,下午会涨停吗？#股票 #股民 #vlgo十亿流量扶持计划,金金,7644035850305123185,https://www.douyin.com/video/7644035850305123185,,7644054086555779889,12:33,未纳入,中性,自动映射到抖音视频评论池。,,false
2026-05-26,longge,抖音评论 12:33,说华天科技的大哥呢,,,,否,video_id=7644035850305123185; video_url=https://www.douyin.com/video/7644035850305123185; creator=阿龙闯大A📈; like=0; reply=1; source_type=comment; yeren_signal_id=; parent_comment_text=,12:33,抖音评论,video,下午会涨停吗？#股票 #股民 #vlgo十亿流量扶持计划,小喜吖,7644035850305123185,https://www.douyin.com/video/7644035850305123185,,7644054018209858363,12:33,未纳入,中性,自动映射到抖音视频评论池。,,false
2026-05-26,longge,抖音评论 12:32,天马可以拿了  看一周,,,,否,video_id=7644035850305123185; video_url=https://www.douyin.com/video/7644035850305123185; creator=阿龙闯大A📈; like=0; reply=0; source_type=comment; yeren_signal_id=; parent_comment_text=,12:32,抖音评论,video,下午会涨停吗？#股票 #股民 #vlgo十亿流量扶持计划,破瓦法,7644035850305123185,https://www.douyin.com/video/7644035850305123185,,7644053752588043057,12:32,未纳入,中性,自动映射到抖音视频评论池。,,false
2026-05-26,longge,抖音评论 12:32,风语筑还拿吗，-7个点,风语筑(603466),,风语筑(603466) 被提及 3 次，有效评论 3 条，来源 2 个，跨来源共振，情绪 中性，当前判断：保留观察。,待确认,video_id=7644035850305123185; video_url=https://www.douyin.com/video/7644035850305123185; creator=阿龙闯大A📈; like=0; reply=9; source_type=comment; yeren_signal_id=; parent_comment_text=,12:32,抖音评论,video,下午会涨停吗？#股票 #股民 #vlgo十亿流量扶持计划,沐槿·LuMieyes中式美睫,7644035850305123185,https://www.douyin.com/video/7644035850305123185,,7644053692594078513,12:32,待确认,中性,自动映射到抖音视频评论池。,8.0,false
2026-05-26,longge,抖音评论 12:32,之前一直喊进黄河黄河，黄河最少还有一板,,,,否,video_id=7644035850305123185; video_url=https://www.douyin.com/video/7644035850305123185; creator=阿龙闯大A📈; like=0; reply=0; source_type=comment; yeren_signal_id=; parent_comment_text=,12:32,抖音评论,video,下午会涨停吗？#股票 #股民 #vlgo十亿流量扶持计划,apparently🌸,7644035850305123185,https://www.douyin.com/video/7644035850305123185,,7644053660646212389,12:32,未纳入,中性,自动映射到抖音视频评论池。,,false
2026-05-26,longge,抖音评论 12:32,金瑞矿业，散户少热度低股价一直新高,金瑞矿业(600714),,金瑞矿业(600714) 被提及 1 次，有效评论 1 条，来源 1 个，单视频线索，情绪 中性，当前判断：保留观察。,待确认,video_id=7644035850305123185; video_url=https://www.douyin.com/video/7644035850305123185; creator=阿龙闯大A📈; like=0; reply=11; source_type=comment; yeren_signal_id=; parent_comment_text=,12:32,抖音评论,video,下午会涨停吗？#股票 #股民 #vlgo十亿流量扶持计划,Kelvin🐾👣,7644035850305123185,https://www.douyin.com/video/7644035850305123185,,7644053601933968165,12:32,待确认,中性,自动映射到抖音视频评论池。,6.4,false
2026-05-26,longge,抖音评论 12:31,红版科技有说法吗,,,,否,video_id=7644035850305123185; video_url=https://www.douyin.com/video/7644035850305123185; creator=阿龙闯大A📈; like=0; reply=0; source_type=comment; yeren_signal_id=; parent_comment_text=,12:31,抖音评论,video,下午会涨停吗？#股票 #股民 #vlgo十亿流量扶持计划,Xa.,7644035850305123185,https://www.douyin.com/video/7644035850305123185,,7644053580605539129,12:31,未纳入,中性,自动映射到抖音视频评论池。,,false
2026-05-26,longge,抖音评论 12:31,大哥大姐们现在买啥好[流泪][流泪][流泪],,,,否,video_id=7644035850305123185; video_url=https://www.douyin.com/video/7644035850305123185; creator=阿龙闯大A📈; like=0; reply=0; source_type=comment; yeren_signal_id=; parent_comment_text=,12:31,抖音评论,video,下午会涨停吗？#股票 #股民 #vlgo十亿流量扶持计划,风起雁南归,7644035850305123185,https://www.douyin.com/video/7644035850305123185,,7644053393300980543,12:31,未纳入,中性,自动映射到抖音视频评论池。,,false
2026-05-26,longge,抖音评论 12:31,晋控，节能，拿好就行！,,,,否,video_id=7644035850305123185; video_url=https://www.douyin.com/video/7644035850305123185; creator=阿龙闯大A📈; like=0; reply=3; source_type=comment; yeren_signal_id=; parent_comment_text=,12:31,抖音评论,video,下午会涨停吗？#股票 #股民 #vlgo十亿流量扶持计划,小曾子,7644035850305123185,https://www.douyin.com/video/7644035850305123185,,7644053361801757489,12:31,未纳入,中性,自动映射到抖音视频评论池。,,false
2026-05-26,longge,抖音评论 12:30,什么啊,,,,否,video_id=7644035850305123185; video_url=https://www.douyin.com/video/7644035850305123185; creator=阿龙闯大A📈; like=0; reply=0; source_type=comment; yeren_signal_id=; parent_comment_text=,12:30,抖音评论,video,下午会涨停吗？#股票 #股民 #vlgo十亿流量扶持计划,冰～,7644035850305123185,https://www.douyin.com/video/7644035850305123185,,7644053244160230190,12:30,未纳入,中性,自动映射到抖音视频评论池。,,false
2026-05-26,longge,抖音评论 12:30,浙文互联怎么回事还能留吗,浙文互联(600986),,浙文互联(600986) 被提及 1 次，有效评论 1 条，来源 1 个，单视频线索，情绪 中性，当前判断：保留观察。,待确认,video_id=7644035850305123185; video_url=https://www.douyin.com/video/7644035850305123185; creator=阿龙闯大A📈; like=0; reply=0; source_type=comment; yeren_signal_id=; parent_comment_text=,12:30,抖音评论,video,下午会涨停吗？#股票 #股民 #vlgo十亿流量扶持计划,啦啦于,7644035850305123185,https://www.douyin.com/video/7644035850305123185,,7644053194016342833,12:30,待确认,中性,自动映射到抖音视频评论池。,6.4,false
2026-05-26,longge,抖音评论 12:29,没买多少[流泪] 水下进的[流泪],,,,否,video_id=7644035850305123185; video_url=https://www.douyin.com/video/7644035850305123185; creator=阿龙闯大A📈; like=0; reply=0; source_type=comment; yeren_signal_id=; parent_comment_text=,12:29,抖音评论,video,下午会涨停吗？#股票 #股民 #vlgo十亿流量扶持计划,玲子,7644035850305123185,https://www.douyin.com/video/7644035850305123185,,7644053064940602148,12:29,未纳入,中性,自动映射到抖音视频评论池。,,false
2026-05-26,longge,抖音评论 12:29,有没有大哥说一下华胜和福龙马啊,福龙马(603686),,福龙马(603686) 被提及 1 次，有效评论 1 条，来源 1 个，单视频线索，情绪 中性，当前判断：保留观察。,待确认,video_id=7644035850305123185; video_url=https://www.douyin.com/video/7644035850305123185; creator=阿龙闯大A📈; like=0; reply=0; source_type=comment; yeren_signal_id=; parent_comment_text=,12:29,抖音评论,video,下午会涨停吗？#股票 #股民 #vlgo十亿流量扶持计划,♚꧁岁月静好꧂♚,7644035850305123185,https://www.douyin.com/video/7644035850305123185,,7644053062848365363,12:29,待确认,中性,自动映射到抖音视频评论池。,6.4,false
2026-05-26,longge,抖音评论 12:29,啥票啊,,,,否,video_id=7644035850305123185; video_url=https://www.douyin.com/video/7644035850305123185; creator=阿龙闯大A📈; like=0; reply=0; source_type=comment; yeren_signal_id=; parent_comment_text=,12:29,抖音评论,video,下午会涨停吗？#股票 #股民 #vlgo十亿流量扶持计划,吃个大大泡泡糖,7644035850305123185,https://www.douyin.com/video/7644035850305123185,,7644052823541498660,12:29,未纳入,中性,自动映射到抖音视频评论池。,,false
2026-05-26,longge,抖音评论 12:28,良信哪位帮我看一下,,,,否,video_id=7644035850305123185; video_url=https://www.douyin.com/video/7644035850305123185; creator=阿龙闯大A📈; like=0; reply=0; source_type=comment; yeren_signal_id=; parent_comment_text=,12:28,抖音评论,video,下午会涨停吗？#股票 #股民 #vlgo十亿流量扶持计划,帅气宝贝童装,7644035850305123185,https://www.douyin.com/video/7644035850305123185,,7644052807260259108,12:28,未纳入,中性,自动映射到抖音视频评论池。,,false
2026-05-26,longge,抖音评论 12:28,嘉美[黄脸干杯],,,,否,video_id=7644035850305123185; video_url=https://www.douyin.com/video/7644035850305123185; creator=阿龙闯大A📈; like=0; reply=0; source_type=comment; yeren_signal_id=; parent_comment_text=,12:28,抖音评论,video,下午会涨停吗？#股票 #股民 #vlgo十亿流量扶持计划,雨幕📸,7644035850305123185,https://www.douyin.com/video/7644035850305123185,,7644052754918327066,12:28,未纳入,中性,自动映射到抖音视频评论池。,,false
2026-05-26,longge,抖音评论 12:28,这是哪个大哥啊，昨天的视频没看到评论啊,,,,否,video_id=7644035850305123185; video_url=https://www.douyin.com/video/7644035850305123185; creator=阿龙闯大A📈; like=0; reply=0; source_type=comment; yeren_signal_id=; parent_comment_text=,12:28,抖音评论,video,下午会涨停吗？#股票 #股民 #vlgo十亿流量扶持计划,星星啊⭐️,7644035850305123185,https://www.douyin.com/video/7644035850305123185,,7644052602221495077,12:28,未纳入,中性,自动映射到抖音视频评论池。,,false
2026-05-26,longge,抖音评论 12:27,招商南油连跌两天了，还能继续拿吗，有没有大佬建议,招商南油(601975),,招商南油(601975) 被提及 1 次，有效评论 1 条，来源 1 个，单视频线索，情绪 谨慎，当前判断：偏风险观察。,否,video_id=7644035850305123185; video_url=https://www.douyin.com/video/7644035850305123185; creator=阿龙闯大A📈; like=0; reply=2; source_type=comment; yeren_signal_id=; parent_comment_text=,12:27,抖音评论,video,下午会涨停吗？#股票 #股民 #vlgo十亿流量扶持计划,遇见更好的自己🌻🌻,7644035850305123185,https://www.douyin.com/video/7644035850305123185,,7644052561746772793,12:27,未纳入,谨慎,自动映射到抖音视频评论池。,5.9,false
2026-05-26,longge,抖音评论 12:27,第一次跟龙哥买的电机瘪了，这次在跟龙哥你争气点[捂脸],,,,否,video_id=7644035850305123185; video_url=https://www.douyin.com/video/7644035850305123185; creator=阿龙闯大A📈; like=0; reply=0; source_type=comment; yeren_signal_id=; parent_comment_text=,12:27,抖音评论,video,下午会涨停吗？#股票 #股民 #vlgo十亿流量扶持计划,潍坊小商城衣品社女装,7644035850305123185,https://www.douyin.com/video/7644035850305123185,,7644052445867148081,12:27,未纳入,中性,自动映射到抖音视频评论池。,,false
2026-05-26,longge,抖音评论 12:27,胜宏,,,,否,video_id=7644035850305123185; video_url=https://www.douyin.com/video/7644035850305123185; creator=阿龙闯大A📈; like=0; reply=0; source_type=comment; yeren_signal_id=; parent_comment_text=,12:27,抖音评论,video,下午会涨停吗？#股票 #股民 #vlgo十亿流量扶持计划,金牛,7644035850305123185,https://www.douyin.com/video/7644035850305123185,,7644052386068300595,12:27,未纳入,中性,自动映射到抖音视频评论池。,,false
2026-05-26,longge,抖音评论 12:26,豫能怎么办,,,,否,video_id=7644035850305123185; video_url=https://www.douyin.com/video/7644035850305123185; creator=阿龙闯大A📈; like=0; reply=0; source_type=comment; yeren_signal_id=; parent_comment_text=,12:26,抖音评论,video,下午会涨停吗？#股票 #股民 #vlgo十亿流量扶持计划,三五盈盈还二八,7644035850305123185,https://www.douyin.com/video/7644035850305123185,,7644052254178411302,12:26,未纳入,中性,自动映射到抖音视频评论池。,,false
2026-05-26,longge,抖音评论 12:25,神剑还能拿吗[流泪][流泪][流泪][流泪]亏麻了,,,,否,video_id=7644035850305123185; video_url=https://www.douyin.com/video/7644035850305123185; creator=阿龙闯大A📈; like=0; reply=0; source_type=comment; yeren_signal_id=; parent_comment_text=,12:25,抖音评论,video,下午会涨停吗？#股票 #股民 #vlgo十亿流量扶持计划,财神爷的心尖宠,7644035850305123185,https://www.douyin.com/video/7644035850305123185,,7644052000263750446,12:25,未纳入,中性,自动映射到抖音视频评论池。,,false
2026-05-26,longge,抖音评论 12:25,大哥们 生意kj还能入吗,,,,否,video_id=7644035850305123185; video_url=https://www.douyin.com/video/7644035850305123185; creator=阿龙闯大A📈; like=0; reply=0; source_type=comment; yeren_signal_id=; parent_comment_text=,12:25,抖音评论,video,下午会涨停吗？#股票 #股民 #vlgo十亿流量扶持计划,一起养条鱼,7644035850305123185,https://www.douyin.com/video/7644035850305123185,,7644051954100241190,12:25,未纳入,中性,自动映射到抖音视频评论池。,,false
2026-05-26,longge,抖音评论 12:25,我也是昨天看的视频，今早晨看了大水下没敢上。下午还能上车不，,,,评论热度较高，但暂未自动识别到明确股票线索，保留人工复核。,待确认,video_id=7644035850305123185; video_url=https://www.douyin.com/video/7644035850305123185; creator=阿龙闯大A📈; like=0; reply=7; source_type=comment; yeren_signal_id=; parent_comment_text=,12:25,抖音评论,video,下午会涨停吗？#股票 #股民 #vlgo十亿流量扶持计划,多一事不如少一事,7644035850305123185,https://www.douyin.com/video/7644035850305123185,,7644051927575577401,12:25,待确认,中性,自动映射到抖音视频评论池。,6.2,false
2026-05-26,longge,抖音评论 12:25,[宕机]你和我在同车哎，山东BX[戳手手][戳手手],,,,否,video_id=7644035850305123185; video_url=https://www.douyin.com/video/7644035850305123185; creator=阿龙闯大A📈; like=0; reply=0; source_type=comment; yeren_signal_id=; parent_comment_text=,12:25,抖音评论,video,下午会涨停吗？#股票 #股民 #vlgo十亿流量扶持计划,哎呦～～～,7644035850305123185,https://www.douyin.com/video/7644035850305123185,,7644051862900474664,12:25,未纳入,中性,自动映射到抖音视频评论池。,,false
2026-05-26,longge,抖音评论 12:24,有没有主力，反核大位[尬笑][尬笑][尬笑],,,,否,video_id=7644035850305123185; video_url=https://www.douyin.com/video/7644035850305123185; creator=阿龙闯大A📈; like=0; reply=0; source_type=comment; yeren_signal_id=; parent_comment_text=,12:24,抖音评论,video,下午会涨停吗？#股票 #股民 #vlgo十亿流量扶持计划,🐱,7644035850305123185,https://www.douyin.com/video/7644035850305123185,,7644051565678379826,12:24,未纳入,中性,自动映射到抖音视频评论池。,,false
2026-05-26,longge,抖音评论 12:23,这个大哥买的是什么呀，我也想买,,,,否,video_id=7644035850305123185; video_url=https://www.douyin.com/video/7644035850305123185; creator=阿龙闯大A📈; like=0; reply=5; source_type=comment; yeren_signal_id=; parent_comment_text=,12:23,抖音评论,video,下午会涨停吗？#股票 #股民 #vlgo十亿流量扶持计划,我想吃烧烤,7644035850305123185,https://www.douyin.com/video/7644035850305123185,,7644051481226396466,12:23,未纳入,中性,自动映射到抖音视频评论池。,,false
2026-05-26,longge,抖音评论 12:23,大位今天咋回事,,,,否,video_id=7644035850305123185; video_url=https://www.douyin.com/video/7644035850305123185; creator=阿龙闯大A📈; like=0; reply=2; source_type=comment; yeren_signal_id=; parent_comment_text=,12:23,抖音评论,video,下午会涨停吗？#股票 #股民 #vlgo十亿流量扶持计划,我家有富贵,7644035850305123185,https://www.douyin.com/video/7644035850305123185,,7644051389480583942,12:23,未纳入,中性,自动映射到抖音视频评论池。,,false
2026-05-26,longge,抖音评论 12:23,哪个啊,,,,否,video_id=7644035850305123185; video_url=https://www.douyin.com/video/7644035850305123185; creator=阿龙闯大A📈; like=0; reply=0; source_type=comment; yeren_signal_id=; parent_comment_text=,12:23,抖音评论,video,下午会涨停吗？#股票 #股民 #vlgo十亿流量扶持计划,既不泡芙,7644035850305123185,https://www.douyin.com/video/7644035850305123185,,7644051353442714405,12:23,未纳入,中性,自动映射到抖音视频评论池。,,false
2026-05-26,longge,抖音评论 12:22,哪个,,,,否,video_id=7644035850305123185; video_url=https://www.douyin.com/video/7644035850305123185; creator=阿龙闯大A📈; like=0; reply=0; source_type=comment; yeren_signal_id=; parent_comment_text=,12:22,抖音评论,video,下午会涨停吗？#股票 #股民 #vlgo十亿流量扶持计划,*💫津*沐✨,7644035850305123185,https://www.douyin.com/video/7644035850305123185,,7644051262698226459,12:22,未纳入,中性,自动映射到抖音视频评论池。,,false
2026-05-26,longge,抖音评论 12:22,下跌没入，干到17买了2手试试水，[捂脸]不知道结局是什么,,,,否,video_id=7644035850305123185; video_url=https://www.douyin.com/video/7644035850305123185; creator=阿龙闯大A📈; like=0; reply=2; source_type=comment; yeren_signal_id=; parent_comment_text=,12:22,抖音评论,video,下午会涨停吗？#股票 #股民 #vlgo十亿流量扶持计划,🌈萍儿姐姐,7644035850305123185,https://www.douyin.com/video/7644035850305123185,,7644051123330417458,12:22,未纳入,中性,自动映射到抖音视频评论池。,,false
2026-05-26,longge,抖音评论 12:21,红板红板！跑步前进,,,,否,video_id=7644035850305123185; video_url=https://www.douyin.com/video/7644035850305123185; creator=阿龙闯大A📈; like=0; reply=1; source_type=comment; yeren_signal_id=; parent_comment_text=,12:21,抖音评论,video,下午会涨停吗？#股票 #股民 #vlgo十亿流量扶持计划,某某。,7644035850305123185,https://www.douyin.com/video/7644035850305123185,,7644050880997049138,12:21,未纳入,中性,自动映射到抖音视频评论池。,,false
2026-05-26,longge,抖音评论 12:21,是哪个？,,,,否,video_id=7644035850305123185; video_url=https://www.douyin.com/video/7644035850305123185; creator=阿龙闯大A📈; like=0; reply=0; source_type=comment; yeren_signal_id=; parent_comment_text=,12:21,抖音评论,video,下午会涨停吗？#股票 #股民 #vlgo十亿流量扶持计划,已重置,7644035850305123185,https://www.douyin.com/video/7644035850305123185,,7644050796561302321,12:21,未纳入,中性,自动映射到抖音视频评论池。,,false
2026-05-26,longge,抖音评论 12:19,哪一个[捂脸],,,,否,video_id=7644035850305123185; video_url=https://www.douyin.com/video/7644035850305123185; creator=阿龙闯大A📈; like=0; reply=0; source_type=comment; yeren_signal_id=; parent_comment_text=,12:19,抖音评论,video,下午会涨停吗？#股票 #股民 #vlgo十亿流量扶持计划,巡戈的捕食者,7644035850305123185,https://www.douyin.com/video/7644035850305123185,,7644050475671388928,12:19,未纳入,中性,自动映射到抖音视频评论池。,,false
2026-05-26,longge,抖音评论 12:18,后悔，长盈没走，又被套住了[流泪],,,,否,video_id=7644035850305123185; video_url=https://www.douyin.com/video/7644035850305123185; creator=阿龙闯大A📈; like=0; reply=0; source_type=comment; yeren_signal_id=; parent_comment_text=,12:18,抖音评论,video,下午会涨停吗？#股票 #股民 #vlgo十亿流量扶持计划,🌈🌈我是富贵阿～,7644035850305123185,https://www.douyin.com/video/7644035850305123185,,7644050150130467621,12:18,未纳入,中性,自动映射到抖音视频评论池。,,false
2026-05-26,longge,抖音评论 12:17,豫能,,,,否,video_id=7644035850305123185; video_url=https://www.douyin.com/video/7644035850305123185; creator=阿龙闯大A📈; like=0; reply=0; source_type=comment; yeren_signal_id=; parent_comment_text=,12:17,抖音评论,video,下午会涨停吗？#股票 #股民 #vlgo十亿流量扶持计划,Yaaa0,7644035850305123185,https://www.douyin.com/video/7644035850305123185,,7644049981272687397,12:17,未纳入,中性,自动映射到抖音视频评论池。,,false
2026-05-26,longge,抖音评论 12:17,海星怎么样了,,,,否,video_id=7644035850305123185; video_url=https://www.douyin.com/video/7644035850305123185; creator=阿龙闯大A📈; like=0; reply=4; source_type=comment; yeren_signal_id=; parent_comment_text=,12:17,抖音评论,video,下午会涨停吗？#股票 #股民 #vlgo十亿流量扶持计划,一生由你改变ㄘ,7644035850305123185,https://www.douyin.com/video/7644035850305123185,,7644049735917044517,12:17,未纳入,中性,自动映射到抖音视频评论池。,,false
2026-05-26,longge,抖音评论 12:16,京能,,,,否,video_id=7644035850305123185; video_url=https://www.douyin.com/video/7644035850305123185; creator=阿龙闯大A📈; like=0; reply=0; source_type=comment; yeren_signal_id=; parent_comment_text=,12:16,抖音评论,video,下午会涨停吗？#股票 #股民 #vlgo十亿流量扶持计划,鼓包🥁,7644035850305123185,https://www.douyin.com/video/7644035850305123185,,7644049631677203236,12:16,未纳入,中性,自动映射到抖音视频评论池。,,false
2026-05-26,longge,抖音评论 12:16,中金ln,,,,否,video_id=7644035850305123185; video_url=https://www.douyin.com/video/7644035850305123185; creator=阿龙闯大A📈; like=0; reply=0; source_type=comment; yeren_signal_id=; parent_comment_text=,12:16,抖音评论,video,下午会涨停吗？#股票 #股民 #vlgo十亿流量扶持计划,心安伴我暖,7644035850305123185,https://www.douyin.com/video/7644035850305123185,,7644049500989981440,12:16,未纳入,中性,自动映射到抖音视频评论池。,,false
2026-05-26,longge,抖音评论 12:15,远东传动都说了,远东传动(002406),,远东传动(002406) 被提及 1 次，有效评论 1 条，来源 1 个，单视频线索，情绪 中性，当前判断：保留观察。,待确认,video_id=7644035850305123185; video_url=https://www.douyin.com/video/7644035850305123185; creator=阿龙闯大A📈; like=0; reply=11; source_type=comment; yeren_signal_id=; parent_comment_text=,12:15,抖音评论,video,下午会涨停吗？#股票 #股民 #vlgo十亿流量扶持计划,87岁霸道总裁不爱笑,7644035850305123185,https://www.douyin.com/video/7644035850305123185,,7644049453511656207,12:15,待确认,中性,自动映射到抖音视频评论池。,6.4,false
2026-05-26,longge,抖音评论 12:15,领益智造怎么看,领益智造(002600),,领益智造(002600) 被提及 1 次，有效评论 1 条，来源 1 个，单视频线索，情绪 中性，当前判断：保留观察。,待确认,video_id=7644035850305123185; video_url=https://www.douyin.com/video/7644035850305123185; creator=阿龙闯大A📈; like=0; reply=3; source_type=comment; yeren_signal_id=; parent_comment_text=,12:15,抖音评论,video,下午会涨停吗？#股票 #股民 #vlgo十亿流量扶持计划,味道,7644035850305123185,https://www.douyin.com/video/7644035850305123185,,7644049443981296421,12:15,待确认,中性,自动映射到抖音视频评论池。,6.4,false
2026-05-26,longge,抖音评论 12:15,有没有看下神开的？,,,,否,video_id=7644035850305123185; video_url=https://www.douyin.com/video/7644035850305123185; creator=阿龙闯大A📈; like=0; reply=0; source_type=comment; yeren_signal_id=; parent_comment_text=,12:15,抖音评论,video,下午会涨停吗？#股票 #股民 #vlgo十亿流量扶持计划,林燕,7644035850305123185,https://www.douyin.com/video/7644035850305123185,,7644049308349989659,12:15,未纳入,中性,自动映射到抖音视频评论池。,,false
2026-05-26,longge,抖音评论 12:14,黄河，换手充分,,,,否,video_id=7644035850305123185; video_url=https://www.douyin.com/video/7644035850305123185; creator=阿龙闯大A📈; like=0; reply=0; source_type=comment; yeren_signal_id=; parent_comment_text=,12:14,抖音评论,video,下午会涨停吗？#股票 #股民 #vlgo十亿流量扶持计划,子龙,7644035850305123185,https://www.douyin.com/video/7644035850305123185,,7644049186258125617,12:14,未纳入,中性,自动映射到抖音视频评论池。,,false
2026-05-26,longge,抖音评论 12:14,我刚卖山东波仟[捂脸]，l,,,,否,video_id=7644035850305123185; video_url=https://www.douyin.com/video/7644035850305123185; creator=阿龙闯大A📈; like=0; reply=0; source_type=comment; yeren_signal_id=; parent_comment_text=,12:14,抖音评论,video,下午会涨停吗？#股票 #股民 #vlgo十亿流量扶持计划,💗希雯,7644035850305123185,https://www.douyin.com/video/7644035850305123185,,7644049017689867027,12:14,未纳入,中性,自动映射到抖音视频评论池。,,false
2026-05-26,longge,抖音评论 12:14,大哥们，有研新材咋整？又没人帮我看一下[流泪],有研新材(600206),,有研新材(600206) 被提及 1 次，有效评论 1 条，来源 1 个，单视频线索，情绪 中性，当前判断：保留观察。,待确认,video_id=7644035850305123185; video_url=https://www.douyin.com/video/7644035850305123185; creator=阿龙闯大A📈; like=0; reply=3; source_type=comment; yeren_signal_id=; parent_comment_text=,12:14,抖音评论,video,下午会涨停吗？#股票 #股民 #vlgo十亿流量扶持计划,顶顶顶郝的人,7644035850305123185,https://www.douyin.com/video/7644035850305123185,,7644048963133965090,12:14,待确认,中性,自动映射到抖音视频评论池。,6.4,false
2026-05-26,longge,抖音评论 12:13,昨天想进的，犹豫没进，一会开盘我也进,,,,否,video_id=7644035850305123185; video_url=https://www.douyin.com/video/7644035850305123185; creator=阿龙闯大A📈; like=0; reply=0; source_type=comment; yeren_signal_id=; parent_comment_text=,12:13,抖音评论,video,下午会涨停吗？#股票 #股民 #vlgo十亿流量扶持计划,燕子(*^ω^*),7644035850305123185,https://www.douyin.com/video/7644035850305123185,,7644048826592543534,12:13,未纳入,中性,自动映射到抖音视频评论池。,,false
2026-05-26,longge,抖音评论 12:12,佳都科技是不是要退市了啊,佳都科技(600728),,佳都科技(600728) 被提及 1 次，有效评论 1 条，来源 1 个，单视频线索，情绪 中性，当前判断：保留观察。,待确认,video_id=7644035850305123185; video_url=https://www.douyin.com/video/7644035850305123185; creator=阿龙闯大A📈; like=0; reply=0; source_type=comment; yeren_signal_id=; parent_comment_text=,12:12,抖音评论,video,下午会涨停吗？#股票 #股民 #vlgo十亿流量扶持计划,Relax🚵‍♀️,7644035850305123185,https://www.douyin.com/video/7644035850305123185,,7644048643078931246,12:12,待确认,中性,自动映射到抖音视频评论池。,6.4,false
2026-05-26,longge,抖音评论 12:12,京A 早上开盘就进了,,,,否,video_id=7644035850305123185; video_url=https://www.douyin.com/video/7644035850305123185; creator=阿龙闯大A📈; like=0; reply=0; source_type=comment; yeren_signal_id=; parent_comment_text=,12:12,抖音评论,video,下午会涨停吗？#股票 #股民 #vlgo十亿流量扶持计划,旭日,7644035850305123185,https://www.douyin.com/video/7644035850305123185,,7644046864257598254,12:12,未纳入,中性,自动映射到抖音视频评论池。,,false
2026-05-26,longge,抖音评论 12:11,华能蒙D 拿一周,,,评论热度较高，但暂未自动识别到明确股票线索，保留人工复核。,待确认,video_id=7644035850305123185; video_url=https://www.douyin.com/video/7644035850305123185; creator=阿龙闯大A📈; like=0; reply=6; source_type=comment; yeren_signal_id=; parent_comment_text=,12:11,抖音评论,video,下午会涨停吗？#股票 #股民 #vlgo十亿流量扶持计划,695努力版,7644035850305123185,https://www.douyin.com/video/7644035850305123185,,7644048330364551946,12:11,待确认,中性,自动映射到抖音视频评论池。,6.2,false
2026-05-26,longge,抖音评论 12:10,还好我昨天就进了,,,,否,video_id=7644035850305123185; video_url=https://www.douyin.com/video/7644035850305123185; creator=阿龙闯大A📈; like=0; reply=1; source_type=comment; yeren_signal_id=; parent_comment_text=,12:10,抖音评论,video,下午会涨停吗？#股票 #股民 #vlgo十亿流量扶持计划,干饭王,7644035850305123185,https://www.douyin.com/video/7644035850305123185,,7644048080517808945,12:10,未纳入,中性,自动映射到抖音视频评论池。,,false
2026-05-26,longge,抖音评论 12:09,我可以进群吗。。[微笑],,,,否,video_id=7644035850305123185; video_url=https://www.douyin.com/video/7644035850305123185; creator=阿龙闯大A📈; like=0; reply=0; source_type=comment; yeren_signal_id=; parent_comment_text=,12:09,抖音评论,video,下午会涨停吗？#股票 #股民 #vlgo十亿流量扶持计划,心晴,7644035850305123185,https://www.douyin.com/video/7644035850305123185,,7644047746483667731,12:09,未纳入,中性,自动映射到抖音视频评论池。,,false
2026-05-26,longge,抖音评论 12:08,[躺平]云锗咋整,,,,否,video_id=7644035850305123185; video_url=https://www.douyin.com/video/7644035850305123185; creator=阿龙闯大A📈; like=0; reply=0; source_type=comment; yeren_signal_id=; parent_comment_text=,12:08,抖音评论,video,下午会涨停吗？#股票 #股民 #vlgo十亿流量扶持计划,❤️  夕屿,7644035850305123185,https://www.douyin.com/video/7644035850305123185,,7644047657867297585,12:08,未纳入,中性,自动映射到抖音视频评论池。,,false
2026-05-26,longge,抖音评论 12:08,我也干了[捂脸][捂脸][捂脸],,,,否,video_id=7644035850305123185; video_url=https://www.douyin.com/video/7644035850305123185; creator=阿龙闯大A📈; like=0; reply=0; source_type=comment; yeren_signal_id=; parent_comment_text=,12:08,抖音评论,video,下午会涨停吗？#股票 #股民 #vlgo十亿流量扶持计划,【藏传奇厂家】张先生,7644035850305123185,https://www.douyin.com/video/7644035850305123185,,7644047586450195237,12:08,未纳入,中性,自动映射到抖音视频评论池。,,false
2026-05-26,longge,抖音评论 12:08,阿龙什么票,,,,否,video_id=7644035850305123185; video_url=https://www.douyin.com/video/7644035850305123185; creator=阿龙闯大A📈; like=0; reply=0; source_type=comment; yeren_signal_id=; parent_comment_text=,12:08,抖音评论,video,下午会涨停吗？#股票 #股民 #vlgo十亿流量扶持计划,yuya,7644035850305123185,https://www.douyin.com/video/7644035850305123185,,7644047549241967406,12:08,未纳入,中性,自动映射到抖音视频评论池。,,false
2026-05-26,longge,抖音评论 12:07,有没有大佬帮我看看天通怎么办,,,,否,video_id=7644035850305123185; video_url=https://www.douyin.com/video/7644035850305123185; creator=阿龙闯大A📈; like=0; reply=0; source_type=comment; yeren_signal_id=; parent_comment_text=,12:07,抖音评论,video,下午会涨停吗？#股票 #股民 #vlgo十亿流量扶持计划,小竹,7644035850305123185,https://www.douyin.com/video/7644035850305123185,,7644047297130578742,12:07,未纳入,中性,自动映射到抖音视频评论池。,,false
2026-05-26,longge,抖音评论 12:06,有人知道是那个吗？,,,,否,video_id=7644035850305123185; video_url=https://www.douyin.com/video/7644035850305123185; creator=阿龙闯大A📈; like=0; reply=3; source_type=comment; yeren_signal_id=; parent_comment_text=,12:06,抖音评论,video,下午会涨停吗？#股票 #股民 #vlgo十亿流量扶持计划,二手机大王@磊,7644035850305123185,https://www.douyin.com/video/7644035850305123185,,7644047041887142714,12:06,未纳入,中性,自动映射到抖音视频评论池。,,false
2026-05-26,longge,抖音评论 12:06,华之杰，享通两位还能留吗,,,,否,video_id=7644035850305123185; video_url=https://www.douyin.com/video/7644035850305123185; creator=阿龙闯大A📈; like=0; reply=0; source_type=comment; yeren_signal_id=; parent_comment_text=,12:06,抖音评论,video,下午会涨停吗？#股票 #股民 #vlgo十亿流量扶持计划,辻弌,7644035850305123185,https://www.douyin.com/video/7644035850305123185,,7644046975822070585,12:06,未纳入,中性,自动映射到抖音视频评论池。,,false
2026-05-26,longge,抖音评论 12:05,",,,东方
Tc,,,",,,,否,video_id=7644035850305123185; video_url=https://www.douyin.com/video/7644035850305123185; creator=阿龙闯大A📈; like=0; reply=0; source_type=comment; yeren_signal_id=; parent_comment_text=,12:05,抖音评论,video,下午会涨停吗？#股票 #股民 #vlgo十亿流量扶持计划,wanjiachuanmei00,7644035850305123185,https://www.douyin.com/video/7644035850305123185,,7644046677418066738,12:05,未纳入,中性,自动映射到抖音视频评论池。,,false
2026-05-26,longge,抖音评论 12:04,我也来说一个吧 中工,,,,否,video_id=7644035850305123185; video_url=https://www.douyin.com/video/7644035850305123185; creator=阿龙闯大A📈; like=0; reply=0; source_type=comment; yeren_signal_id=; parent_comment_text=,12:04,抖音评论,video,下午会涨停吗？#股票 #股民 #vlgo十亿流量扶持计划,awwwe.,7644035850305123185,https://www.douyin.com/video/7644035850305123185,,7644046397713744680,12:04,未纳入,中性,自动映射到抖音视频评论池。,,false
2026-05-26,longge,抖音评论 12:04,山东波千,,,评论热度较高，但暂未自动识别到明确股票线索，保留人工复核。,待确认,video_id=7644035850305123185; video_url=https://www.douyin.com/video/7644035850305123185; creator=阿龙闯大A📈; like=0; reply=9; source_type=comment; yeren_signal_id=; parent_comment_text=,12:04,抖音评论,video,下午会涨停吗？#股票 #股民 #vlgo十亿流量扶持计划,大A单吊王,7644035850305123185,https://www.douyin.com/video/7644035850305123185,,7644046389408252709,12:04,待确认,中性,自动映射到抖音视频评论池。,6.2,false
2026-05-26,longge,抖音评论 12:03,我去找找这个大哥,,,,否,video_id=7644035850305123185; video_url=https://www.douyin.com/video/7644035850305123185; creator=阿龙闯大A📈; like=0; reply=0; source_type=comment; yeren_signal_id=; parent_comment_text=,12:03,抖音评论,video,下午会涨停吗？#股票 #股民 #vlgo十亿流量扶持计划,语,7644035850305123185,https://www.douyin.com/video/7644035850305123185,,7644046121161851648,12:03,未纳入,中性,自动映射到抖音视频评论池。,,false
2026-05-26,longge,抖音评论 12:02,哪个票,,,,否,video_id=7644035850305123185; video_url=https://www.douyin.com/video/7644035850305123185; creator=阿龙闯大A📈; like=0; reply=0; source_type=comment; yeren_signal_id=; parent_comment_text=,12:02,抖音评论,video,下午会涨停吗？#股票 #股民 #vlgo十亿流量扶持计划,🫵淡然👌,7644035850305123185,https://www.douyin.com/video/7644035850305123185,,7644046120801583929,12:02,未纳入,中性,自动映射到抖音视频评论池。,,false
2026-05-26,longge,抖音评论 12:01,亏的难受,,,,否,video_id=7644035850305123185; video_url=https://www.douyin.com/video/7644035850305123185; creator=阿龙闯大A📈; like=0; reply=0; source_type=comment; yeren_signal_id=; parent_comment_text=,12:01,抖音评论,video,下午会涨停吗？#股票 #股民 #vlgo十亿流量扶持计划,浩在聆听 ㊙富⁵¹²大号,7644035850305123185,https://www.douyin.com/video/7644035850305123185,,7644045841758667569,12:01,未纳入,中性,自动映射到抖音视频评论池。,,false
2026-05-26,longge,抖音评论 12:01,我说的长电看了吗？主播 [捂脸][捂脸]下午涨停,,,,否,video_id=7644035850305123185; video_url=https://www.douyin.com/video/7644035850305123185; creator=阿龙闯大A📈; like=0; reply=0; source_type=comment; yeren_signal_id=; parent_comment_text=,12:01,抖音评论,video,下午会涨停吗？#股票 #股民 #vlgo十亿流量扶持计划,Lucky 🦊 fox🌽,7644035850305123185,https://www.douyin.com/video/7644035850305123185,,7644045798489735993,12:01,未纳入,中性,自动映射到抖音视频评论池。,,false
2026-05-26,longge,抖音评论 12:01,这是哪个？,,,,否,video_id=7644035850305123185; video_url=https://www.douyin.com/video/7644035850305123185; creator=阿龙闯大A📈; like=0; reply=0; source_type=comment; yeren_signal_id=; parent_comment_text=,12:01,抖音评论,video,下午会涨停吗？#股票 #股民 #vlgo十亿流量扶持计划,大勇睡不醒,7644035850305123185,https://www.douyin.com/video/7644035850305123185,,7644045712695460645,12:01,未纳入,中性,自动映射到抖音视频评论池。,,false
2026-05-26,longge,抖音评论 12:00,救命啊 鸿博,,,评论热度较高，但暂未自动识别到明确股票线索，保留人工复核。,待确认,video_id=7644035850305123185; video_url=https://www.douyin.com/video/7644035850305123185; creator=阿龙闯大A📈; like=0; reply=7; source_type=comment; yeren_signal_id=; parent_comment_text=,12:00,抖音评论,video,下午会涨停吗？#股票 #股民 #vlgo十亿流量扶持计划,阿燕燕,7644035850305123185,https://www.douyin.com/video/7644035850305123185,,7644045365692023593,12:00,待确认,中性,自动映射到抖音视频评论池。,6.2,false
2026-05-26,longge,抖音评论 11:59,真能搞吗[捂脸],,,,否,video_id=7644035850305123185; video_url=https://www.douyin.com/video/7644035850305123185; creator=阿龙闯大A📈; like=0; reply=0; source_type=comment; yeren_signal_id=; parent_comment_text=,11:59,抖音评论,video,下午会涨停吗？#股票 #股民 #vlgo十亿流量扶持计划,等退休的七海海,7644035850305123185,https://www.douyin.com/video/7644035850305123185,,7644045270271558457,11:59,未纳入,中性,自动映射到抖音视频评论池。,,false
2026-05-26,longge,抖音评论 11:59,你小号叫啥名[看],,,,否,video_id=7644035850305123185; video_url=https://www.douyin.com/video/7644035850305123185; creator=阿龙闯大A📈; like=0; reply=0; source_type=comment; yeren_signal_id=; parent_comment_text=,11:59,抖音评论,video,下午会涨停吗？#股票 #股民 #vlgo十亿流量扶持计划,晚安小羊,7644035850305123185,https://www.douyin.com/video/7644035850305123185,,7644045262989820709,11:59,未纳入,中性,自动映射到抖音视频评论池。,,false
2026-05-26,longge,抖音评论 11:59,双良。凉凉了[捂脸],,,,否,video_id=7644035850305123185; video_url=https://www.douyin.com/video/7644035850305123185; creator=阿龙闯大A📈; like=0; reply=0; source_type=comment; yeren_signal_id=; parent_comment_text=,11:59,抖音评论,video,下午会涨停吗？#股票 #股民 #vlgo十亿流量扶持计划,京宏钢铁,7644035850305123185,https://www.douyin.com/video/7644035850305123185,,7644045134959461154,11:59,未纳入,中性,自动映射到抖音视频评论池。,,false
2026-05-26,longge,抖音评论 11:58,我买了一点点[捂脸],,,,否,video_id=7644035850305123185; video_url=https://www.douyin.com/video/7644035850305123185; creator=阿龙闯大A📈; like=0; reply=5; source_type=comment; yeren_signal_id=; parent_comment_text=,11:58,抖音评论,video,下午会涨停吗？#股票 #股民 #vlgo十亿流量扶持计划,琬钰,7644035850305123185,https://www.douyin.com/video/7644035850305123185,,7644044934278480698,11:58,未纳入,中性,自动映射到抖音视频评论池。,,false
2026-05-26,longge,抖音评论 11:58,是哪个票,,,,否,video_id=7644035850305123185; video_url=https://www.douyin.com/video/7644035850305123185; creator=阿龙闯大A📈; like=0; reply=0; source_type=comment; yeren_signal_id=; parent_comment_text=,11:58,抖音评论,video,下午会涨停吗？#股票 #股民 #vlgo十亿流量扶持计划,带着镣铐跳舞,7644035850305123185,https://www.douyin.com/video/7644035850305123185,,7644044876602049331,11:58,未纳入,中性,自动映射到抖音视频评论池。,,false
2026-05-26,longge,抖音评论 11:57,大哥告诉你，你有不分享,,,,否,video_id=7644035850305123185; video_url=https://www.douyin.com/video/7644035850305123185; creator=阿龙闯大A📈; like=0; reply=0; source_type=comment; yeren_signal_id=; parent_comment_text=,11:57,抖音评论,video,下午会涨停吗？#股票 #股民 #vlgo十亿流量扶持计划,不要再来烦我,7644035850305123185,https://www.douyin.com/video/7644035850305123185,,7644044765936206641,11:57,未纳入,中性,自动映射到抖音视频评论池。,,false
2026-05-26,longge,抖音评论 11:56,是哪个啊,,,,否,video_id=7644035850305123185; video_url=https://www.douyin.com/video/7644035850305123185; creator=阿龙闯大A📈; like=0; reply=0; source_type=comment; yeren_signal_id=; parent_comment_text=,11:56,抖音评论,video,下午会涨停吗？#股票 #股民 #vlgo十亿流量扶持计划,🐚,7644035850305123185,https://www.douyin.com/video/7644035850305123185,,7644044532620297009,11:56,未纳入,中性,自动映射到抖音视频评论池。,,false
2026-05-26,longge,抖音评论 11:56,评论区的大哥们 怎么看冰轮环境啊 在里面一天好一天坏 很无语[捂脸],冰轮环境(000811),,冰轮环境(000811) 被提及 2 次，有效评论 2 条，来源 1 个，单视频线索，情绪 中性，当前判断：保留观察。,待确认,video_id=7644035850305123185; video_url=https://www.douyin.com/video/7644035850305123185; creator=阿龙闯大A📈; like=0; reply=3; source_type=comment; yeren_signal_id=; parent_comment_text=,11:56,抖音评论,video,下午会涨停吗？#股票 #股民 #vlgo十亿流量扶持计划,摇尾巴,7644035850305123185,https://www.douyin.com/video/7644035850305123185,,7644044362347627316,11:56,待确认,中性,自动映射到抖音视频评论池。,6.9,false
2026-05-26,longge,抖音评论 11:56,是哪个股啊,,,,否,video_id=7644035850305123185; video_url=https://www.douyin.com/video/7644035850305123185; creator=阿龙闯大A📈; like=0; reply=0; source_type=comment; yeren_signal_id=; parent_comment_text=,11:56,抖音评论,video,下午会涨停吗？#股票 #股民 #vlgo十亿流量扶持计划,周处姬,7644035850305123185,https://www.douyin.com/video/7644035850305123185,,7644044344844174120,11:56,未纳入,中性,自动映射到抖音视频评论池。,,false
2026-05-26,longge,抖音评论 11:55,有没有大哥能说说航锦kj怎么样,,,,否,video_id=7644035850305123185; video_url=https://www.douyin.com/video/7644035850305123185; creator=阿龙闯大A📈; like=0; reply=0; source_type=comment; yeren_signal_id=; parent_comment_text=,11:55,抖音评论,video,下午会涨停吗？#股票 #股民 #vlgo十亿流量扶持计划,加冰不加唐女士,7644035850305123185,https://www.douyin.com/video/7644035850305123185,,7644044234768679720,11:55,未纳入,中性,自动映射到抖音视频评论池。,,false
2026-05-26,longge,抖音评论 11:55,是哪个呀,,,,否,video_id=7644035850305123185; video_url=https://www.douyin.com/video/7644035850305123185; creator=阿龙闯大A📈; like=0; reply=0; source_type=comment; yeren_signal_id=; parent_comment_text=,11:55,抖音评论,video,下午会涨停吗？#股票 #股民 #vlgo十亿流量扶持计划,呼啦呼啦,7644035850305123185,https://www.douyin.com/video/7644035850305123185,,7644044166477546291,11:55,未纳入,中性,自动映射到抖音视频评论池。,,false
2026-05-26,longge,抖音评论 11:54,今日那个V点最低出的[暗中观察],,,,否,video_id=7644035850305123185; video_url=https://www.douyin.com/video/7644035850305123185; creator=阿龙闯大A📈; like=0; reply=0; source_type=comment; yeren_signal_id=; parent_comment_text=,11:54,抖音评论,video,下午会涨停吗？#股票 #股民 #vlgo十亿流量扶持计划,思绪飘féi🉐飞,7644035850305123185,https://www.douyin.com/video/7644035850305123185,,7644043965037675327,11:54,未纳入,中性,自动映射到抖音视频评论池。,,false
2026-05-26,longge,抖音评论 11:54,都多少入的啊,,,,否,video_id=7644035850305123185; video_url=https://www.douyin.com/video/7644035850305123185; creator=阿龙闯大A📈; like=0; reply=0; source_type=comment; yeren_signal_id=; parent_comment_text=,11:54,抖音评论,video,下午会涨停吗？#股票 #股民 #vlgo十亿流量扶持计划,海谊,7644035850305123185,https://www.douyin.com/video/7644035850305123185,,7644043861510128442,11:54,未纳入,中性,自动映射到抖音视频评论池。,,false
2026-05-26,longge,抖音评论 11:53,说黑芝麻的大哥呢，我看你说了两天了我观察了两天了，昨天水下拉到零轴今天零轴又到水下，还看多吗[捂脸],黑芝麻(000716),,黑芝麻(000716) 被提及 4 次，有效评论 4 条，来源 1 个，单视频线索，情绪 中性，当前判断：保留观察。,待确认,video_id=7644035850305123185; video_url=https://www.douyin.com/video/7644035850305123185; creator=阿龙闯大A📈; like=0; reply=2; source_type=comment; yeren_signal_id=; parent_comment_text=,11:53,抖音评论,video,下午会涨停吗？#股票 #股民 #vlgo十亿流量扶持计划,缘自梧桐树,7644035850305123185,https://www.douyin.com/video/7644035850305123185,,7644043753641001778,11:53,待确认,中性,自动映射到抖音视频评论池。,7.6,false
2026-05-26,longge,抖音评论 11:53,一起山Dbw，一起做停它,,,,否,video_id=7644035850305123185; video_url=https://www.douyin.com/video/7644035850305123185; creator=阿龙闯大A📈; like=0; reply=1; source_type=comment; yeren_signal_id=; parent_comment_text=,11:53,抖音评论,video,下午会涨停吗？#股票 #股民 #vlgo十亿流量扶持计划,肥🐗,7644035850305123185,https://www.douyin.com/video/7644035850305123185,,7644043716311778105,11:53,未纳入,中性,自动映射到抖音视频评论池。,,false
2026-05-26,longge,抖音评论 11:53,盛视股份呢？,,,,否,video_id=7644035850305123185; video_url=https://www.douyin.com/video/7644035850305123185; creator=阿龙闯大A📈; like=0; reply=0; source_type=comment; yeren_signal_id=; parent_comment_text=,11:53,抖音评论,video,下午会涨停吗？#股票 #股民 #vlgo十亿流量扶持计划,木头人,7644035850305123185,https://www.douyin.com/video/7644035850305123185,,7644043706008159028,11:53,未纳入,中性,自动映射到抖音视频评论池。,,false
2026-05-26,longge,抖音评论 11:53,打板了一个首开，不知道还能不能回封，慌的一比,,,,否,video_id=7644035850305123185; video_url=https://www.douyin.com/video/7644035850305123185; creator=阿龙闯大A📈; like=0; reply=0; source_type=comment; yeren_signal_id=; parent_comment_text=,11:53,抖音评论,video,下午会涨停吗？#股票 #股民 #vlgo十亿流量扶持计划,小呆呆、,7644035850305123185,https://www.douyin.com/video/7644035850305123185,,7644043609176245002,11:53,未纳入,中性,自动映射到抖音视频评论池。,,false
2026-05-26,longge,抖音评论 11:52,我去买一手,,,,否,video_id=7644035850305123185; video_url=https://www.douyin.com/video/7644035850305123185; creator=阿龙闯大A📈; like=0; reply=0; source_type=comment; yeren_signal_id=; parent_comment_text=,11:52,抖音评论,video,下午会涨停吗？#股票 #股民 #vlgo十亿流量扶持计划,女神晶,7644035850305123185,https://www.douyin.com/video/7644035850305123185,,7644043431610352430,11:52,未纳入,中性,自动映射到抖音视频评论池。,,false
2026-05-26,longge,抖音评论 11:51,说的哪个呀，,,,,否,video_id=7644035850305123185; video_url=https://www.douyin.com/video/7644035850305123185; creator=阿龙闯大A📈; like=0; reply=0; source_type=comment; yeren_signal_id=; parent_comment_text=,11:51,抖音评论,video,下午会涨停吗？#股票 #股民 #vlgo十亿流量扶持计划,🌈落花,7644035850305123185,https://www.douyin.com/video/7644035850305123185,,7644043231046517513,11:51,未纳入,中性,自动映射到抖音视频评论池。,,false
2026-05-26,longge,抖音评论 11:51,哪一个啊,,,,否,video_id=7644035850305123185; video_url=https://www.douyin.com/video/7644035850305123185; creator=阿龙闯大A📈; like=0; reply=0; source_type=comment; yeren_signal_id=; parent_comment_text=,11:51,抖音评论,video,下午会涨停吗？#股票 #股民 #vlgo十亿流量扶持计划,糖糖的糖,7644035850305123185,https://www.douyin.com/video/7644035850305123185,,7644043191419929393,11:51,未纳入,中性,自动映射到抖音视频评论池。,,false
2026-05-26,longge,抖音评论 11:51,昨天诺德股份那个大哥说的,诺德股份(600110),,诺德股份(600110) 被提及 2 次，有效评论 2 条，来源 1 个，单视频线索，情绪 中性，当前判断：保留观察。,待确认,video_id=7644035850305123185; video_url=https://www.douyin.com/video/7644035850305123185; creator=阿龙闯大A📈; like=0; reply=0; source_type=comment; yeren_signal_id=; parent_comment_text=,11:51,抖音评论,video,下午会涨停吗？#股票 #股民 #vlgo十亿流量扶持计划,宙斯老干爹,7644035850305123185,https://www.douyin.com/video/7644035850305123185,,7644043190274065189,11:51,待确认,中性,自动映射到抖音视频评论池。,6.9,false
2026-05-26,longge,抖音评论 11:51,华天这么强势不追连板啊？。。一上午吃了近300万手,,,,否,video_id=7644035850305123185; video_url=https://www.douyin.com/video/7644035850305123185; creator=阿龙闯大A📈; like=0; reply=5; source_type=comment; yeren_signal_id=; parent_comment_text=,11:51,抖音评论,video,下午会涨停吗？#股票 #股民 #vlgo十亿流量扶持计划,言不由衷,7644035850305123185,https://www.douyin.com/video/7644035850305123185,,7644043066592871210,11:51,未纳入,中性,自动映射到抖音视频评论池。,,false
2026-05-26,longge,抖音评论 11:51,我早上冲高走了[捂脸],,,,否,video_id=7644035850305123185; video_url=https://www.douyin.com/video/7644035850305123185; creator=阿龙闯大A📈; like=0; reply=0; source_type=comment; yeren_signal_id=; parent_comment_text=,11:51,抖音评论,video,下午会涨停吗？#股票 #股民 #vlgo十亿流量扶持计划,热血依旧,7644035850305123185,https://www.douyin.com/video/7644035850305123185,,7644043047952761658,11:51,未纳入,中性,自动映射到抖音视频评论池。,,false
2026-05-26,longge,抖音评论 11:50,哪个大哥！！带我看看,,,,否,video_id=7644035850305123185; video_url=https://www.douyin.com/video/7644035850305123185; creator=阿龙闯大A📈; like=0; reply=0; source_type=comment; yeren_signal_id=; parent_comment_text=,11:50,抖音评论,video,下午会涨停吗？#股票 #股民 #vlgo十亿流量扶持计划,鲁,7644035850305123185,https://www.douyin.com/video/7644035850305123185,,7644042827328389937,11:50,未纳入,中性,自动映射到抖音视频评论池。,,false
2026-05-26,longge,抖音评论 11:49,大唐还能起吗,,,,否,video_id=7644035850305123185; video_url=https://www.douyin.com/video/7644035850305123185; creator=阿龙闯大A📈; like=0; reply=3; source_type=comment; yeren_signal_id=; parent_comment_text=,11:49,抖音评论,video,下午会涨停吗？#股票 #股民 #vlgo十亿流量扶持计划,取代日落,7644035850305123185,https://www.douyin.com/video/7644035850305123185,,7644042631907312436,11:49,未纳入,中性,自动映射到抖音视频评论池。,,false
2026-05-26,longge,抖音评论 11:49,蒙电[躺平][躺平],,,,否,video_id=7644035850305123185; video_url=https://www.douyin.com/video/7644035850305123185; creator=阿龙闯大A📈; like=0; reply=0; source_type=comment; yeren_signal_id=; parent_comment_text=,11:49,抖音评论,video,下午会涨停吗？#股票 #股民 #vlgo十亿流量扶持计划,一切安好,7644035850305123185,https://www.douyin.com/video/7644035850305123185,,7644042565961138981,11:49,未纳入,中性,自动映射到抖音视频评论池。,,false
2026-05-26,longge,抖音评论 11:47,昨天16.3进的,,,,否,video_id=7644035850305123185; video_url=https://www.douyin.com/video/7644035850305123185; creator=阿龙闯大A📈; like=0; reply=2; source_type=comment; yeren_signal_id=; parent_comment_text=,11:47,抖音评论,video,下午会涨停吗？#股票 #股民 #vlgo十亿流量扶持计划,WU03,7644035850305123185,https://www.douyin.com/video/7644035850305123185,,7644042200482120497,11:47,未纳入,中性,自动映射到抖音视频评论池。,,false
2026-05-26,longge,抖音评论 11:47,达安基因最少能穿几个点,达安基因(002030),,达安基因(002030) 被提及 1 次，有效评论 1 条，来源 1 个，单视频线索，情绪 中性，当前判断：保留观察。,待确认,video_id=7644035850305123185; video_url=https://www.douyin.com/video/7644035850305123185; creator=阿龙闯大A📈; like=0; reply=2; source_type=comment; yeren_signal_id=; parent_comment_text=,11:47,抖音评论,video,下午会涨停吗？#股票 #股民 #vlgo十亿流量扶持计划,C,7644035850305123185,https://www.douyin.com/video/7644035850305123185,,7644042106797966134,11:47,待确认,中性,自动映射到抖音视频评论池。,6.4,false
2026-05-26,longge,抖音评论 11:47,蒙电估计要涨停，有连板的机会,,,,否,video_id=7644035850305123185; video_url=https://www.douyin.com/video/7644035850305123185; creator=阿龙闯大A📈; like=0; reply=1; source_type=comment; yeren_signal_id=; parent_comment_text=,11:47,抖音评论,video,下午会涨停吗？#股票 #股民 #vlgo十亿流量扶持计划,宁哥,7644035850305123185,https://www.douyin.com/video/7644035850305123185,,7644042071661626161,11:47,未纳入,中性,自动映射到抖音视频评论池。,,false
2026-05-26,longge,抖音评论 11:45,哪个,,,,否,video_id=7644035850305123185; video_url=https://www.douyin.com/video/7644035850305123185; creator=阿龙闯大A📈; like=0; reply=0; source_type=comment; yeren_signal_id=; parent_comment_text=,11:45,抖音评论,video,下午会涨停吗？#股票 #股民 #vlgo十亿流量扶持计划,摸一对鱼,7644035850305123185,https://www.douyin.com/video/7644035850305123185,,7644041679280194331,11:45,未纳入,中性,自动映射到抖音视频评论池。,,false
2026-05-26,longge,抖音评论 11:45,下午抄底通鼎互联,通鼎互联(002491),,通鼎互联(002491) 被提及 2 次，有效评论 2 条，来源 1 个，单视频线索，情绪 中性，当前判断：保留观察。,待确认,video_id=7644035850305123185; video_url=https://www.douyin.com/video/7644035850305123185; creator=阿龙闯大A📈; like=0; reply=12; source_type=comment; yeren_signal_id=; parent_comment_text=,11:45,抖音评论,video,下午会涨停吗？#股票 #股民 #vlgo十亿流量扶持计划,🌈胡伯pig全能王,7644035850305123185,https://www.douyin.com/video/7644035850305123185,,7644041587538887475,11:45,待确认,中性,自动映射到抖音视频评论池。,6.9,false
2026-05-26,longge,抖音评论 11:45,走的时候叫我,,,,否,video_id=7644035850305123185; video_url=https://www.douyin.com/video/7644035850305123185; creator=阿龙闯大A📈; like=0; reply=0; source_type=comment; yeren_signal_id=; parent_comment_text=,11:45,抖音评论,video,下午会涨停吗？#股票 #股民 #vlgo十亿流量扶持计划,AAA王晓博,7644035850305123185,https://www.douyin.com/video/7644035850305123185,,7644041499918893860,11:45,未纳入,中性,自动映射到抖音视频评论池。,,false
2026-05-26,longge,抖音评论 11:44,买了个华之j，神州sm 好坑,,,,否,video_id=7644035850305123185; video_url=https://www.douyin.com/video/7644035850305123185; creator=阿龙闯大A📈; like=0; reply=2; source_type=comment; yeren_signal_id=; parent_comment_text=,11:44,抖音评论,video,下午会涨停吗？#股票 #股民 #vlgo十亿流量扶持计划,多线程人生,7644035850305123185,https://www.douyin.com/video/7644035850305123185,,7644041456318989066,11:44,未纳入,中性,自动映射到抖音视频评论池。,,false
2026-05-26,longge,抖音评论 11:44,中视有哪个大哥帮忙看看，还能拿吗,,,,否,video_id=7644035850305123185; video_url=https://www.douyin.com/video/7644035850305123185; creator=阿龙闯大A📈; like=0; reply=5; source_type=comment; yeren_signal_id=; parent_comment_text=,11:44,抖音评论,video,下午会涨停吗？#股票 #股民 #vlgo十亿流量扶持计划,@辉,7644035850305123185,https://www.douyin.com/video/7644035850305123185,,7644041330315166513,11:44,未纳入,中性,自动映射到抖音视频评论池。,,false
2026-05-26,longge,抖音评论 11:44,春秋,,,,否,video_id=7644035850305123185; video_url=https://www.douyin.com/video/7644035850305123185; creator=阿龙闯大A📈; like=0; reply=0; source_type=comment; yeren_signal_id=; parent_comment_text=,11:44,抖音评论,video,下午会涨停吗？#股票 #股民 #vlgo十亿流量扶持计划,30秒拉出巨屎压死厕所小奶蛆,7644035850305123185,https://www.douyin.com/video/7644035850305123185,,7644041327394734875,11:44,未纳入,中性,自动映射到抖音视频评论池。,,false
2026-05-26,longge,抖音评论 11:43,今天又红又绿的呢，后面直接全绿了[捂脸],,,,否,video_id=7644035850305123185; video_url=https://www.douyin.com/video/7644035850305123185; creator=阿龙闯大A📈; like=0; reply=2; source_type=comment; yeren_signal_id=; parent_comment_text=,11:43,抖音评论,video,下午会涨停吗？#股票 #股民 #vlgo十亿流量扶持计划,哇哒橙子🍊,7644035850305123185,https://www.douyin.com/video/7644035850305123185,,7644041174873965331,11:43,未纳入,中性,自动映射到抖音视频评论池。,,false
2026-05-26,longge,抖音评论 11:42,电力板块🔝,,,,否,video_id=7644035850305123185; video_url=https://www.douyin.com/video/7644035850305123185; creator=阿龙闯大A📈; like=0; reply=0; source_type=comment; yeren_signal_id=; parent_comment_text=,11:42,抖音评论,video,下午会涨停吗？#股票 #股民 #vlgo十亿流量扶持计划,板栗,7644035850305123185,https://www.douyin.com/video/7644035850305123185,,7644040904752087844,11:42,未纳入,中性,自动映射到抖音视频评论池。,,false
2026-05-26,longge,抖音评论 11:42,是哪个,,,,否,video_id=7644035850305123185; video_url=https://www.douyin.com/video/7644035850305123185; creator=阿龙闯大A📈; like=0; reply=0; source_type=comment; yeren_signal_id=; parent_comment_text=,11:42,抖音评论,video,下午会涨停吗？#股票 #股民 #vlgo十亿流量扶持计划,汤圆,7644035850305123185,https://www.douyin.com/video/7644035850305123185,,7644040808187134778,11:42,未纳入,中性,自动映射到抖音视频评论池。,,false
2026-05-26,longge,抖音评论 11:42,今天我早上进了首开,,,,否,video_id=7644035850305123185; video_url=https://www.douyin.com/video/7644035850305123185; creator=阿龙闯大A📈; like=0; reply=3; source_type=comment; yeren_signal_id=; parent_comment_text=,11:42,抖音评论,video,下午会涨停吗？#股票 #股民 #vlgo十亿流量扶持计划,虫虫的天空,7644035850305123185,https://www.douyin.com/video/7644035850305123185,,7644040732416852793,11:42,未纳入,中性,自动映射到抖音视频评论池。,,false
2026-05-26,longge,抖音评论 11:41,山东，昨天刚卖了还得接回来吗？,,,,否,video_id=7644035850305123185; video_url=https://www.douyin.com/video/7644035850305123185; creator=阿龙闯大A📈; like=0; reply=0; source_type=comment; yeren_signal_id=; parent_comment_text=,11:41,抖音评论,video,下午会涨停吗？#股票 #股民 #vlgo十亿流量扶持计划,道哥，班尼路，牌子。,7644035850305123185,https://www.douyin.com/video/7644035850305123185,,7644040618382263097,11:41,未纳入,中性,自动映射到抖音视频评论池。,,false
2026-05-26,longge,抖音评论 11:40,哪个票？,,,,否,video_id=7644035850305123185; video_url=https://www.douyin.com/video/7644035850305123185; creator=阿龙闯大A📈; like=0; reply=2; source_type=comment; yeren_signal_id=; parent_comment_text=,11:40,抖音评论,video,下午会涨停吗？#股票 #股民 #vlgo十亿流量扶持计划,啦啦,7644035850305123185,https://www.douyin.com/video/7644035850305123185,,7644040424109146929,11:40,未纳入,中性,自动映射到抖音视频评论池。,,false
2026-05-26,longge,抖音评论 11:40,三花,,,,否,video_id=7644035850305123185; video_url=https://www.douyin.com/video/7644035850305123185; creator=阿龙闯大A📈; like=0; reply=1; source_type=comment; yeren_signal_id=; parent_comment_text=,11:40,抖音评论,video,下午会涨停吗？#股票 #股民 #vlgo十亿流量扶持计划,拾叶觅秋 陈🔥,7644035850305123185,https://www.douyin.com/video/7644035850305123185,,7644040396452578085,11:40,未纳入,中性,自动映射到抖音视频评论池。,,false
2026-05-26,longge,抖音评论 11:40,10点半前封板比较稳的,,,,否,video_id=7644035850305123185; video_url=https://www.douyin.com/video/7644035850305123185; creator=阿龙闯大A📈; like=0; reply=3; source_type=comment; yeren_signal_id=; parent_comment_text=,11:40,抖音评论,video,下午会涨停吗？#股票 #股民 #vlgo十亿流量扶持计划,一百零八岁啃猪蹄真香,7644035850305123185,https://www.douyin.com/video/7644035850305123185,,7644040280098390818,11:40,未纳入,中性,自动映射到抖音视频评论池。,,false
2026-05-26,longge,抖音评论 11:40,鸿博股份还有人在吗[捂脸][捂脸],鸿博股份(002229),,鸿博股份(002229) 被提及 3 次，有效评论 3 条，来源 2 个，跨来源共振，情绪 谨慎，当前判断：偏风险观察。,否,video_id=7644035850305123185; video_url=https://www.douyin.com/video/7644035850305123185; creator=阿龙闯大A📈; like=0; reply=13; source_type=comment; yeren_signal_id=; parent_comment_text=,11:40,抖音评论,video,下午会涨停吗？#股票 #股民 #vlgo十亿流量扶持计划,Erin🌈,7644035850305123185,https://www.douyin.com/video/7644035850305123185,,7644040207867888442,11:40,未纳入,谨慎,自动映射到抖音视频评论池。,7.4,false
2026-05-26,longge,抖音评论 11:39,我水下四个点没进去，看着拉起来，水下两个点跑进去了[捂脸],,,,否,video_id=7644035850305123185; video_url=https://www.douyin.com/video/7644035850305123185; creator=阿龙闯大A📈; like=0; reply=0; source_type=comment; yeren_signal_id=; parent_comment_text=,11:39,抖音评论,video,下午会涨停吗？#股票 #股民 #vlgo十亿流量扶持计划,乐宝今天可吃饱穿暖？,7644035850305123185,https://www.douyin.com/video/7644035850305123185,,7644040169296921393,11:39,未纳入,中性,自动映射到抖音视频评论池。,,false
2026-05-26,longge,抖音评论 11:39,这个票早上还关注着，一转身忘了。负9点几错过了。,,,,否,video_id=7644035850305123185; video_url=https://www.douyin.com/video/7644035850305123185; creator=阿龙闯大A📈; like=0; reply=0; source_type=comment; yeren_signal_id=; parent_comment_text=,11:39,抖音评论,video,下午会涨停吗？#股票 #股民 #vlgo十亿流量扶持计划,响水,7644035850305123185,https://www.douyin.com/video/7644035850305123185,,7644040155133362944,11:39,未纳入,中性,自动映射到抖音视频评论池。,,false
2026-05-26,longge,抖音评论 11:39,金字火腿[看],金字火腿(002515),,金字火腿(002515) 被提及 1 次，有效评论 1 条，来源 1 个，单视频线索，情绪 中性，当前判断：保留观察。,待确认,video_id=7644035850305123185; video_url=https://www.douyin.com/video/7644035850305123185; creator=阿龙闯大A📈; like=0; reply=1; source_type=comment; yeren_signal_id=; parent_comment_text=,11:39,抖音评论,video,下午会涨停吗？#股票 #股民 #vlgo十亿流量扶持计划,澹台浮萍,7644035850305123185,https://www.douyin.com/video/7644035850305123185,,7644040061466198843,11:39,待确认,中性,自动映射到抖音视频评论池。,6.4,false
2026-05-26,longge,抖音评论 11:39,太极,,,,否,video_id=7644035850305123185; video_url=https://www.douyin.com/video/7644035850305123185; creator=阿龙闯大A📈; like=0; reply=0; source_type=comment; yeren_signal_id=; parent_comment_text=,11:39,抖音评论,video,下午会涨停吗？#股票 #股民 #vlgo十亿流量扶持计划,okk（居间人）,7644035850305123185,https://www.douyin.com/video/7644035850305123185,,7644040041950823217,11:39,未纳入,中性,自动映射到抖音视频评论池。,,false
2026-05-26,longge,抖音评论 11:38,1,,,,否,video_id=7644035850305123185; video_url=https://www.douyin.com/video/7644035850305123185; creator=阿龙闯大A📈; like=0; reply=0; source_type=comment; yeren_signal_id=; parent_comment_text=,11:38,抖音评论,video,下午会涨停吗？#股票 #股民 #vlgo十亿流量扶持计划,最靓的崽,7644035850305123185,https://www.douyin.com/video/7644035850305123185,,7644039864719655739,11:38,未纳入,中性,自动映射到抖音视频评论池。,,false
2026-05-26,longge,抖音评论 11:38,他说的是哪个？,,,,否,video_id=7644035850305123185; video_url=https://www.douyin.com/video/7644035850305123185; creator=阿龙闯大A📈; like=0; reply=0; source_type=comment; yeren_signal_id=; parent_comment_text=,11:38,抖音评论,video,下午会涨停吗？#股票 #股民 #vlgo十亿流量扶持计划,当过去成为过去,7644035850305123185,https://www.douyin.com/video/7644035850305123185,,7644039798214525738,11:38,未纳入,中性,自动映射到抖音视频评论池。,,false
2026-05-26,longge,抖音评论 11:38,阿龙啊，以后能不能开个早盘啊[捂脸]这午盘下午进心好慌啊[捂脸],,,评论热度较高，但暂未自动识别到明确股票线索，保留人工复核。,待确认,video_id=7644035850305123185; video_url=https://www.douyin.com/video/7644035850305123185; creator=阿龙闯大A📈; like=0; reply=7; source_type=comment; yeren_signal_id=; parent_comment_text=,11:38,抖音评论,video,下午会涨停吗？#股票 #股民 #vlgo十亿流量扶持计划,X.Sissi,7644035850305123185,https://www.douyin.com/video/7644035850305123185,,7644039765822718777,11:38,待确认,中性,自动映射到抖音视频评论池。,6.2,false
2026-05-26,longge,抖音评论 11:37,阳明和华之要不要止损啊,,,,否,video_id=7644035850305123185; video_url=https://www.douyin.com/video/7644035850305123185; creator=阿龙闯大A📈; like=0; reply=2; source_type=comment; yeren_signal_id=; parent_comment_text=,11:37,抖音评论,video,下午会涨停吗？#股票 #股民 #vlgo十亿流量扶持计划,铁妹麦兜,7644035850305123185,https://www.douyin.com/video/7644035850305123185,,7644039611094647601,11:37,未纳入,中性,自动映射到抖音视频评论池。,,false
2026-05-26,longge,抖音评论 11:37,华天  明天还有板吗,,,评论热度较高，但暂未自动识别到明确股票线索，保留人工复核。,待确认,video_id=7644035850305123185; video_url=https://www.douyin.com/video/7644035850305123185; creator=阿龙闯大A📈; like=0; reply=9; source_type=comment; yeren_signal_id=; parent_comment_text=,11:37,抖音评论,video,下午会涨停吗？#股票 #股民 #vlgo十亿流量扶持计划,一只哈基米,7644035850305123185,https://www.douyin.com/video/7644035850305123185,,7644039564557959994,11:37,待确认,中性,自动映射到抖音视频评论池。,6.2,false
2026-05-26,longge,抖音评论 11:37,深圳华强有机会吗,深圳华强(000062),,深圳华强(000062) 被提及 1 次，有效评论 1 条，来源 1 个，单视频线索，情绪 中性，当前判断：保留观察。,待确认,video_id=7644035850305123185; video_url=https://www.douyin.com/video/7644035850305123185; creator=阿龙闯大A📈; like=0; reply=1; source_type=comment; yeren_signal_id=; parent_comment_text=,11:37,抖音评论,video,下午会涨停吗？#股票 #股民 #vlgo十亿流量扶持计划,芏小帥,7644035850305123185,https://www.douyin.com/video/7644035850305123185,,7644039555347890953,11:37,待确认,中性,自动映射到抖音视频评论池。,6.4,false
2026-05-26,longge,抖音评论 11:36,比你高一点,,,评论热度较高，但暂未自动识别到明确股票线索，保留人工复核。,待确认,video_id=7644035850305123185; video_url=https://www.douyin.com/video/7644035850305123185; creator=阿龙闯大A📈; like=0; reply=6; source_type=comment; yeren_signal_id=; parent_comment_text=,11:36,抖音评论,video,下午会涨停吗？#股票 #股民 #vlgo十亿流量扶持计划,雾岛 听风,7644035850305123185,https://www.douyin.com/video/7644035850305123185,,7644039231422497594,11:36,待确认,中性,自动映射到抖音视频评论池。,6.2,false
2026-05-26,longge,抖音评论 11:35,入了,,,,否,video_id=7644035850305123185; video_url=https://www.douyin.com/video/7644035850305123185; creator=阿龙闯大A📈; like=0; reply=3; source_type=comment; yeren_signal_id=; parent_comment_text=,11:35,抖音评论,video,下午会涨停吗？#股票 #股民 #vlgo十亿流量扶持计划,陌小北,7644035850305123185,https://www.douyin.com/video/7644035850305123185,,7644039069169615654,11:35,未纳入,中性,自动映射到抖音视频评论池。,,false
2026-05-26,longge,抖音评论 11:34,有没有不是很高的价适合做T 的股呀，,,,评论热度较高，但暂未自动识别到明确股票线索，保留人工复核。,待确认,video_id=7644035850305123185; video_url=https://www.douyin.com/video/7644035850305123185; creator=阿龙闯大A📈; like=0; reply=7; source_type=comment; yeren_signal_id=; parent_comment_text=,11:34,抖音评论,video,下午会涨停吗？#股票 #股民 #vlgo十亿流量扶持计划,梁超超、,7644035850305123185,https://www.douyin.com/video/7644035850305123185,,7644038686112531249,11:34,待确认,中性,自动映射到抖音视频评论池。,6.2,false
2026-05-26,longge,抖音评论 11:33,是什么呀,,,,否,video_id=7644035850305123185; video_url=https://www.douyin.com/video/7644035850305123185; creator=阿龙闯大A📈; like=0; reply=0; source_type=comment; yeren_signal_id=; parent_comment_text=,11:33,抖音评论,video,下午会涨停吗？#股票 #股民 #vlgo十亿流量扶持计划,Guo,7644035850305123185,https://www.douyin.com/video/7644035850305123185,,7644038575018246961,11:33,未纳入,中性,自动映射到抖音视频评论池。,,false
2026-05-26,longge,抖音评论 11:33,哪个票,,,,否,video_id=7644035850305123185; video_url=https://www.douyin.com/video/7644035850305123185; creator=阿龙闯大A📈; like=0; reply=1; source_type=comment; yeren_signal_id=; parent_comment_text=,11:33,抖音评论,video,下午会涨停吗？#股票 #股民 #vlgo十亿流量扶持计划,阿易,7644035850305123185,https://www.douyin.com/video/7644035850305123185,,7644038399040701225,11:33,未纳入,中性,自动映射到抖音视频评论池。,,false
2026-05-26,longge,抖音评论 11:30,大哥，双良咋整,,,评论热度较高，但暂未自动识别到明确股票线索，保留人工复核。,待确认,video_id=7644035850305123185; video_url=https://www.douyin.com/video/7644035850305123185; creator=阿龙闯大A📈; like=0; reply=7; source_type=comment; yeren_signal_id=; parent_comment_text=,11:30,抖音评论,video,下午会涨停吗？#股票 #股民 #vlgo十亿流量扶持计划,一袅雨中烟,7644035850305123185,https://www.douyin.com/video/7644035850305123185,,7644037770276799289,11:30,待确认,中性,自动映射到抖音视频评论池。,6.2,false
2026-05-26,longge,抖音评论 11:30,跟了,,,,否,video_id=7644035850305123185; video_url=https://www.douyin.com/video/7644035850305123185; creator=阿龙闯大A📈; like=0; reply=0; source_type=comment; yeren_signal_id=; parent_comment_text=,11:30,抖音评论,video,下午会涨停吗？#股票 #股民 #vlgo十亿流量扶持计划,奥德赛的彪,7644035850305123185,https://www.douyin.com/video/7644035850305123185,,7644037635379921701,11:30,未纳入,中性,自动映射到抖音视频评论池。,,false
2026-05-26,longge,抖音评论 11:27,是什么？课代表呢,,,,否,video_id=7644035850305123185; video_url=https://www.douyin.com/video/7644035850305123185; creator=阿龙闯大A📈; like=0; reply=3; source_type=comment; yeren_signal_id=; parent_comment_text=,11:27,抖音评论,video,下午会涨停吗？#股票 #股民 #vlgo十亿流量扶持计划,老郭家二小子う,7644035850305123185,https://www.douyin.com/video/7644035850305123185,,7644037093739479835,11:27,未纳入,中性,自动映射到抖音视频评论池。,,false
2026-05-26,longge,抖音评论 11:26,哪个啊,,,,否,video_id=7644035850305123185; video_url=https://www.douyin.com/video/7644035850305123185; creator=阿龙闯大A📈; like=0; reply=4; source_type=comment; yeren_signal_id=; parent_comment_text=,11:26,抖音评论,video,下午会涨停吗？#股票 #股民 #vlgo十亿流量扶持计划,枫叶🍁🍁,7644035850305123185,https://www.douyin.com/video/7644035850305123185,,7644036836911235855,11:26,未纳入,中性,自动映射到抖音视频评论池。,,false
2026-05-26,longge,抖音评论 11:26,是什么,,,,否,video_id=7644035850305123185; video_url=https://www.douyin.com/video/7644035850305123185; creator=阿龙闯大A📈; like=0; reply=0; source_type=comment; yeren_signal_id=; parent_comment_text=,11:26,抖音评论,video,下午会涨停吗？#股票 #股民 #vlgo十亿流量扶持计划,卓尔不凡没有深蓝,7644035850305123185,https://www.douyin.com/video/7644035850305123185,,7644036793470485288,11:26,未纳入,中性,自动映射到抖音视频评论池。,,false
2026-05-26,longge,抖音评论 11:26,课代表说一下是哪一个啊,,,评论热度较高，但暂未自动识别到明确股票线索，保留人工复核。,待确认,video_id=7644035850305123185; video_url=https://www.douyin.com/video/7644035850305123185; creator=阿龙闯大A📈; like=0; reply=7; source_type=comment; yeren_signal_id=; parent_comment_text=,11:26,抖音评论,video,下午会涨停吗？#股票 #股民 #vlgo十亿流量扶持计划,又是开心的一天,7644035850305123185,https://www.douyin.com/video/7644035850305123185,,7644036735878202169,11:26,待确认,中性,自动映射到抖音视频评论池。,6.2,false
2026-05-26,longge,抖音评论 11:26,哪个,,,,否,video_id=7644035850305123185; video_url=https://www.douyin.com/video/7644035850305123185; creator=阿龙闯大A📈; like=0; reply=0; source_type=comment; yeren_signal_id=; parent_comment_text=,11:26,抖音评论,video,下午会涨停吗？#股票 #股民 #vlgo十亿流量扶持计划,淮安二姑娘房产🌸,7644035850305123185,https://www.douyin.com/video/7644035850305123185,,7644036693976433458,11:26,未纳入,中性,自动映射到抖音视频评论池。,,false
2026-05-26,longge,抖音评论 11:25,有没有义夫救救,,,,否,video_id=7644035850305123185; video_url=https://www.douyin.com/video/7644035850305123185; creator=阿龙闯大A📈; like=0; reply=0; source_type=comment; yeren_signal_id=; parent_comment_text=,11:25,抖音评论,video,下午会涨停吗？#股票 #股民 #vlgo十亿流量扶持计划,Red,7644035850305123185,https://www.douyin.com/video/7644035850305123185,,7644036532618691368,11:25,未纳入,中性,自动映射到抖音视频评论池。,,false
2026-05-26,longge,抖音评论 11:25,今天来早了[捂脸],,,,否,video_id=7644035850305123185; video_url=https://www.douyin.com/video/7644035850305123185; creator=阿龙闯大A📈; like=0; reply=0; source_type=comment; yeren_signal_id=; parent_comment_text=,11:25,抖音评论,video,下午会涨停吗？#股票 #股民 #vlgo十亿流量扶持计划,王小静,7644035850305123185,https://www.douyin.com/video/7644035850305123185,,7644036505379881738,11:25,未纳入,中性,自动映射到抖音视频评论池。,,false
2026-05-26,longge,抖音评论 11:24,艹   来早了[流泪][流泪][流泪],,,,否,video_id=7644035850305123185; video_url=https://www.douyin.com/video/7644035850305123185; creator=阿龙闯大A📈; like=0; reply=0; source_type=comment; yeren_signal_id=; parent_comment_text=,11:24,抖音评论,video,下午会涨停吗？#股票 #股民 #vlgo十亿流量扶持计划,深情不及久伴🫰,7644035850305123185,https://www.douyin.com/video/7644035850305123185,,7644036293428822838,11:24,未纳入,中性,自动映射到抖音视频评论池。,,false
2026-05-26,longge,抖音评论 11:24,这是必然的,,,,否,video_id=7644035850305123185; video_url=https://www.douyin.com/video/7644035850305123185; creator=阿龙闯大A📈; like=0; reply=0; source_type=comment; yeren_signal_id=; parent_comment_text=,11:24,抖音评论,video,下午会涨停吗？#股票 #股民 #vlgo十亿流量扶持计划,广汽本田总经理,7644035850305123185,https://www.douyin.com/video/7644035850305123185,,7644036170557260593,11:24,未纳入,中性,自动映射到抖音视频评论池。,,false
2026-05-26,longge,抖音评论 11:24,[赞][赞][赞],,,,否,video_id=7644035850305123185; video_url=https://www.douyin.com/video/7644035850305123185; creator=阿龙闯大A📈; like=0; reply=0; source_type=comment; yeren_signal_id=; parent_comment_text=,11:24,抖音评论,video,下午会涨停吗？#股票 #股民 #vlgo十亿流量扶持计划,迪迦奥特快,7644035850305123185,https://www.douyin.com/video/7644035850305123185,,7644036157159916340,11:24,未纳入,中性,自动映射到抖音视频评论池。,,false
2026-05-26,longge,抖音评论 11:24,坐等大哥,,,,否,video_id=7644035850305123185; video_url=https://www.douyin.com/video/7644035850305123185; creator=阿龙闯大A📈; like=0; reply=0; source_type=comment; yeren_signal_id=; parent_comment_text=,11:24,抖音评论,video,下午会涨停吗？#股票 #股民 #vlgo十亿流量扶持计划,起势,7644035850305123185,https://www.douyin.com/video/7644035850305123185,,7644036149417411377,11:24,未纳入,中性,自动映射到抖音视频评论池。,,false
2026-05-26,longge,抖音评论 11:24,2,,,,否,video_id=7644035850305123185; video_url=https://www.douyin.com/video/7644035850305123185; creator=阿龙闯大A📈; like=0; reply=0; source_type=comment; yeren_signal_id=; parent_comment_text=,11:24,抖音评论,video,下午会涨停吗？#股票 #股民 #vlgo十亿流量扶持计划,绝类版男子,7644035850305123185,https://www.douyin.com/video/7644035850305123185,,7644036141045596987,11:24,未纳入,中性,自动映射到抖音视频评论池。,,false
2026-05-26,longge,抖音评论 11:24,是哪一个呀,,,,否,video_id=7644035850305123185; video_url=https://www.douyin.com/video/7644035850305123185; creator=阿龙闯大A📈; like=0; reply=1; source_type=comment; yeren_signal_id=; parent_comment_text=,11:24,抖音评论,video,下午会涨停吗？#股票 #股民 #vlgo十亿流量扶持计划,止咳糖不止咳📷,7644035850305123185,https://www.douyin.com/video/7644035850305123185,,7644036125573546789,11:24,未纳入,中性,自动映射到抖音视频评论池。,,false
2026-05-26,yege,抖音评论 15:35,野哥抖音视频｜方向：｜谨慎/风控｜股市收盘后，作者亏损较多，但仍安慰粉丝。他认为市场难以预测，建议关注周线和月线，避免短线和情绪票。尽管明天可能普涨，但涨幅可能有限，他决定保持不动。｜规则：仓位跟随大盘和情绪周期调整。,,交易纪律,评论热度较高，但暂未自动识别到明确股票线索，保留人工复核。,待确认,video_id=7644100810805303168; video_url=https://www.douyin.com/video/7644100810805303168; creator=全能的野人; like=13; reply=0; source_type=yeren_video_signal; yeren_signal_id=7644100810805303168_discipline; parent_comment_text=,15:35,抖音视频,video,5月26日收盘#金融#财经#股票#股市#交易心得,全能的野人,7644100810805303168,https://www.douyin.com/video/7644100810805303168,,yeren_douyin_7644100810805303168_discipline,15:35,待确认,中性,野哥抖音视频方向/个股线索，自动映射到评论聚合池。,6.4,false
2026-05-26,wangduoyu,抖音评论 未标注时间,朋友,,,,否,video_id=7644037011783755633; video_url=https://www.douyin.com/video/7644037011783755633; creator=王多于-股之子; like=0; reply=0; source_type=reply; yeren_signal_id=; parent_comment_text=我在深科技，尾盘真刺激,--:--,抖音评论,video,有点惨#内容过于真实 #股民 #基金 #王多于股之子 #vlog十亿流量扶持计划,王多于-股之子,7644037011783755633,https://www.douyin.com/video/7644037011783755633,,7644108877201769270_browser_reply_1,--:--,未纳入,中性,自动映射到抖音视频评论池。,,false
2026-05-26,wangduoyu,抖音评论 未标注时间,00:34 感觉不对劲 #股票 #股民 7969 刘洋洋吖,,,,否,video_id=7644037011783755633; video_url=https://www.douyin.com/video/7644037011783755633; creator=王多于-股之子; like=0; reply=0; source_type=reply; yeren_signal_id=; parent_comment_text=我在深科技，尾盘真刺激,--:--,抖音评论,video,有点惨#内容过于真实 #股民 #基金 #王多于股之子 #vlog十亿流量扶持计划,王多于-股之子,7644037011783755633,https://www.douyin.com/video/7644037011783755633,,7644108877201769270_browser_reply_2,--:--,未纳入,中性,自动映射到抖音视频评论池。,,false
2026-05-26,wangduoyu,抖音评论 未标注时间,00:34,,,,否,video_id=7644037011783755633; video_url=https://www.douyin.com/video/7644037011783755633; creator=王多于-股之子; like=0; reply=0; source_type=reply; yeren_signal_id=; parent_comment_text=我在深科技，尾盘真刺激,--:--,抖音评论,video,有点惨#内容过于真实 #股民 #基金 #王多于股之子 #vlog十亿流量扶持计划,王多于-股之子,7644037011783755633,https://www.douyin.com/video/7644037011783755633,,7644108877201769270_browser_reply_3,--:--,未纳入,中性,自动映射到抖音视频评论池。,,false
2026-05-26,wangduoyu,抖音评论 未标注时间,感觉不对劲 #股票 #股民 7969 刘洋洋吖,,,,否,video_id=7644037011783755633; video_url=https://www.douyin.com/video/7644037011783755633; creator=王多于-股之子; like=0; reply=0; source_type=reply; yeren_signal_id=; parent_comment_text=我在深科技，尾盘真刺激,--:--,抖音评论,video,有点惨#内容过于真实 #股民 #基金 #王多于股之子 #vlog十亿流量扶持计划,王多于-股之子,7644037011783755633,https://www.douyin.com/video/7644037011783755633,,7644108877201769270_browser_reply_4,--:--,未纳入,中性,自动映射到抖音视频评论池。,,false
2026-05-26,wangduoyu,抖音评论 未标注时间,感觉不对劲 #股票 #股民,,,,否,video_id=7644037011783755633; video_url=https://www.douyin.com/video/7644037011783755633; creator=王多于-股之子; like=0; reply=0; source_type=reply; yeren_signal_id=; parent_comment_text=我在深科技，尾盘真刺激,--:--,抖音评论,video,有点惨#内容过于真实 #股民 #基金 #王多于股之子 #vlog十亿流量扶持计划,王多于-股之子,7644037011783755633,https://www.douyin.com/video/7644037011783755633,,7644108877201769270_browser_reply_5,--:--,未纳入,中性,自动映射到抖音视频评论池。,,false
2026-05-26,wangduoyu,抖音评论 未标注时间,我的,,,,否,video_id=7644037011783755633; video_url=https://www.douyin.com/video/7644037011783755633; creator=王多于-股之子; like=0; reply=0; source_type=reply; yeren_signal_id=; parent_comment_text=我在深科技，尾盘真刺激,--:--,抖音评论,video,有点惨#内容过于真实 #股民 #基金 #王多于股之子 #vlog十亿流量扶持计划,王多于-股之子,7644037011783755633,https://www.douyin.com/video/7644037011783755633,,7644108877201769270_browser_reply_6,--:--,未纳入,中性,自动映射到抖音视频评论池。,,false
2026-05-26,wangduoyu,抖音评论 未标注时间,刘洋洋吖,,,,否,video_id=7644037011783755633; video_url=https://www.douyin.com/video/7644037011783755633; creator=王多于-股之子; like=0; reply=0; source_type=reply; yeren_signal_id=; parent_comment_text=我在深科技，尾盘真刺激,--:--,抖音评论,video,有点惨#内容过于真实 #股民 #基金 #王多于股之子 #vlog十亿流量扶持计划,王多于-股之子,7644037011783755633,https://www.douyin.com/video/7644037011783755633,,7644108877201769270_browser_reply_7,--:--,未纳入,中性,自动映射到抖音视频评论池。,,false
2026-05-26,wangduoyu,抖音评论 未标注时间,直播,,,,否,video_id=7644037011783755633; video_url=https://www.douyin.com/video/7644037011783755633; creator=王多于-股之子; like=0; reply=0; source_type=reply; yeren_signal_id=; parent_comment_text=我在深科技，尾盘真刺激,--:--,抖音评论,video,有点惨#内容过于真实 #股民 #基金 #王多于股之子 #vlog十亿流量扶持计划,王多于-股之子,7644037011783755633,https://www.douyin.com/video/7644037011783755633,,7644108877201769270_browser_reply_8,--:--,未纳入,中性,自动映射到抖音视频评论池。,,false
2026-05-26,wangduoyu,抖音评论 未标注时间,āáâàã ... 共达电声，一直涨 4小时前·天津 2 分享 回复 展开1条回复,共达电声(002655),,共达电声(002655) 被提及 4 次，有效评论 4 条，来源 1 个，单视频线索，情绪 中性，当前判断：保留观察。,待确认,video_id=7644037011783755633; video_url=https://www.douyin.com/video/7644037011783755633; creator=王多于-股之子; like=0; reply=0; source_type=reply; yeren_signal_id=; parent_comment_text=我在深科技，尾盘真刺激,--:--,抖音评论,video,有点惨#内容过于真实 #股民 #基金 #王多于股之子 #vlog十亿流量扶持计划,王多于-股之子,7644037011783755633,https://www.douyin.com/video/7644037011783755633,,7644108877201769270_browser_reply_9,--:--,待确认,中性,自动映射到抖音视频评论池。,7.6,false
2026-05-26,wangduoyu,抖音评论 未标注时间,āáâàã ... 共达电声，一直涨 4小时前·天津 2 分享 回复,共达电声(002655),,共达电声(002655) 被提及 4 次，有效评论 4 条，来源 1 个，单视频线索，情绪 中性，当前判断：保留观察。,待确认,video_id=7644037011783755633; video_url=https://www.douyin.com/video/7644037011783755633; creator=王多于-股之子; like=0; reply=0; source_type=reply; yeren_signal_id=; parent_comment_text=我在深科技，尾盘真刺激,--:--,抖音评论,video,有点惨#内容过于真实 #股民 #基金 #王多于股之子 #vlog十亿流量扶持计划,王多于-股之子,7644037011783755633,https://www.douyin.com/video/7644037011783755633,,7644108877201769270_browser_reply_10,--:--,待确认,中性,自动映射到抖音视频评论池。,7.6,false
2026-05-26,wangduoyu,抖音评论 未标注时间,āáâàã ...,,,,否,video_id=7644037011783755633; video_url=https://www.douyin.com/video/7644037011783755633; creator=王多于-股之子; like=0; reply=0; source_type=reply; yeren_signal_id=; parent_comment_text=我在深科技，尾盘真刺激,--:--,抖音评论,video,有点惨#内容过于真实 #股民 #基金 #王多于股之子 #vlog十亿流量扶持计划,王多于-股之子,7644037011783755633,https://www.douyin.com/video/7644037011783755633,,7644108877201769270_browser_reply_11,--:--,未纳入,中性,自动映射到抖音视频评论池。,,false
2026-05-26,wangduoyu,抖音评论 未标注时间,āáâàã,,,,否,video_id=7644037011783755633; video_url=https://www.douyin.com/video/7644037011783755633; creator=王多于-股之子; like=0; reply=0; source_type=reply; yeren_signal_id=; parent_comment_text=我在深科技，尾盘真刺激,--:--,抖音评论,video,有点惨#内容过于真实 #股民 #基金 #王多于股之子 #vlog十亿流量扶持计划,王多于-股之子,7644037011783755633,https://www.douyin.com/video/7644037011783755633,,7644108877201769270_browser_reply_12,--:--,未纳入,中性,自动映射到抖音视频评论池。,,false
