date,source,comment_source,content,mentioned_stocks,mentioned_sectors,value_reason,include_in_logic,note,time,platform,parent_type,parent_title,commenter,parent_id,parent_url,parent_cover,comment_id,comment_time,include_status,sentiment,action_note,value_score,is_selected
2026-05-17,yege,同花顺评论备份 20:56,帖子评论量备份：252 条。帖子摘要：合肥城建(002208)  这个我三月中旬说的波段。几个星期漫长的震仓阶段我估计很多人拿不住。我说过散户震仓的时候99%都拿不住。现在因为长鑫存储又上热门第一了。明天的预期就是要不你买不进，要不就是个坑。明天不走加速就是不符合预期。所以波段最难熬的就是震仓阶段。,合肥城建(002208),,同花顺帖子备份，需结合截图和评论热度人工复核。,待确认,post_id=2345727530; media=,,,,,,,,,,,,,,,
2026-05-17,yege,同花顺评论备份 18:52,帖子评论量备份：89 条。帖子摘要：飞龙股份(002536)  等等 20日线或者十日线，调整差不多了。,飞龙股份(002536),,同花顺帖子备份，需结合截图和评论热度人工复核。,待确认,post_id=2345717996; media=,,,,,,,,,,,,,,,
2026-05-17,yege,同花顺评论备份 18:51,帖子评论量备份：58 条。帖子摘要：英维克(002837)  调整也差不多了。最近最好别玩小市值的。短线已经慢慢被市场淘汰了。都在转趋势了。以前的情绪周期已经失效了。我也跟着市场进步在进步。,英维克(002837),,同花顺帖子备份，需结合截图和评论热度人工复核。,待确认,post_id=2345717916; media=,,,,,,,,,,,,,,,
2026-05-17,yege,同花顺评论备份 18:38,帖子评论量备份：194 条。帖子摘要：利通电子(603629)  调整差不多了。算力租赁老大差不多要发力了。,利通电子(603629),,同花顺帖子备份，需结合截图和评论热度人工复核。,待确认,post_id=2345716988; media=,,,,,,,,,,,,,,,
2026-05-17,yege,同花顺评论备份 18:31,帖子评论量备份：47 条。帖子摘要：中科曙光(603019)  这个也是算力的核心。还是那句话，缺口做防守。补缺就是弱，不补就是强。,中科曙光(603019),,同花顺帖子备份，需结合截图和评论热度人工复核。,待确认,post_id=2345716592; media=,,,,,,,,,,,,,,,
2026-05-17,yege,同花顺评论备份 13:32,帖子评论量备份：170 条。帖子摘要：ST洲际(600759)  *ST准油(002207)  *ST闻泰(600745)  这种情况散户很难避免，但是一个在天上一个在地下。很难理解。呼吁监管部门应该加强赔付机制。保护投资者的合法权益。,准油股份(002207),,同花顺帖子备份，需结合截图和评论热度人工复核。,待确认,post_id=2345701607; media=,,,,,,,,,,,,,,,
2026-05-17,yege,同花顺评论备份 11:26,帖子评论量备份：183 条。帖子摘要：润泽科技(300442) XD宝信软(600845)   光环新网(300383)   人气怎么突然又高了。又出啥利好消息啦！我只认资金。这几天资金进了跟就行了。我不认消息。不过算力租赁和aidc都是一直会有消息刺激的。并且国内有算力集群的公司不多。能做算力集成网的就那么几家，未来发展不可估量。,普丽盛(300442),AIDC;数据中心,同花顺帖子备份，需结合截图和评论热度人工复核。,待确认,post_id=2345695948; media=,,,,,,,,,,,,,,,
2026-05-17,lihongjuan,娟姐群聊 12:06,今天看看利通和剑桥的修复预期，但是也只能5日线低吸，昨天利通水下我拿了一点点先手，价格贵看不上的可以观望。然后看了一圈碳化硅，然后发现英唐智控这个不错，逻辑也比较硬，今天应该会打一层底仓。另外京运通底部放量，筹码集中度较高。技术面的票海昌新材。,利通电子(603629),,群聊原话已识别股票线索：利通电子(603629)；情绪=bullish。,是,creator=娟姐; source=李主任的兵😄群聊,,,,,,,,,,,,,,,
2026-05-17,lihongjuan,娟姐群聊 12:06,今天看看利通和剑桥的修复预期，但是也只能5日线低吸，昨天利通水下我拿了一点点先手，价格贵看不上的可以观望。然后看了一圈碳化硅，然后发现英唐智控这个不错，逻辑也比较硬，今天应该会打一层底仓。另外京运通底部放量，筹码集中度较高。技术面的票海昌新材。,剑桥科技(603083),,群聊原话已识别股票线索：剑桥科技(603083)；情绪=bullish。,是,creator=娟姐; source=李主任的兵😄群聊,,,,,,,,,,,,,,,
2026-05-17,lihongjuan,娟姐群聊 12:06,今天看看利通和剑桥的修复预期，但是也只能5日线低吸，昨天利通水下我拿了一点点先手，价格贵看不上的可以观望。然后看了一圈碳化硅，然后发现英唐智控这个不错，逻辑也比较硬，今天应该会打一层底仓。另外京运通底部放量，筹码集中度较高。技术面的票海昌新材。,英唐智控(300131),,群聊原话已识别股票线索：英唐智控(300131)；情绪=bullish。,是,creator=娟姐; source=李主任的兵😄群聊,,,,,,,,,,,,,,,
2026-05-17,lihongjuan,娟姐群聊 12:06,今天看看利通和剑桥的修复预期，但是也只能5日线低吸，昨天利通水下我拿了一点点先手，价格贵看不上的可以观望。然后看了一圈碳化硅，然后发现英唐智控这个不错，逻辑也比较硬，今天应该会打一层底仓。另外京运通底部放量，筹码集中度较高。技术面的票海昌新材。,京运通(601908),,群聊原话已识别股票线索：京运通(601908)；情绪=bullish。,是,creator=娟姐; source=李主任的兵😄群聊,,,,,,,,,,,,,,,
2026-05-17,lihongjuan,娟姐群聊 12:06,今天看看利通和剑桥的修复预期，但是也只能5日线低吸，昨天利通水下我拿了一点点先手，价格贵看不上的可以观望。然后看了一圈碳化硅，然后发现英唐智控这个不错，逻辑也比较硬，今天应该会打一层底仓。另外京运通底部放量，筹码集中度较高。技术面的票海昌新材。,海昌新材(300885),,群聊原话已识别股票线索：海昌新材(300885)；情绪=bullish。,是,creator=娟姐; source=李主任的兵😄群聊,,,,,,,,,,,,,,,
2026-05-17,wangduoyu,抖音评论 12:34,永和股份，三美股份，昊华科技，拿一周,三美股份(603379);永和股份(605020),,三美股份(603379) 被提及 1 次，有效评论 1 条，来源 1 个，单视频线索，情绪 看多，当前判断：保留观察。；永和股份(605020) 被提及 1 次，有效评论 1 条，来源 1 个，单视频线索，情绪 看多，当前判断：保留观察。,待确认,video_id=7640694743189506289; video_url=https://www.douyin.com/video/7640694743189506289; creator=王多于-股之子; like=5; reply=3; source_type=comment; yeren_signal_id=; parent_comment_text=,12:34,抖音评论,video,新的一周 瑟瑟发抖啊#内容过于真实 #股民 #基金 #王多于股之子,📈念远,7640694743189506289,https://www.douyin.com/video/7640694743189506289,,7640714582495953701,12:34,待确认,看多,自动映射到抖音视频评论池。,6.4,false
2026-05-17,wangduoyu,抖音评论 12:23,包是中欣氟材啊，大概率还是一字，不是一字开板就进,中欣氟材(002915),,中欣氟材(002915) 被提及 1 次，有效评论 1 条，来源 1 个，单视频线索，情绪 中性，当前判断：保留观察。,待确认,video_id=7640694743189506289; video_url=https://www.douyin.com/video/7640694743189506289; creator=王多于-股之子; like=2; reply=4; source_type=comment; yeren_signal_id=; parent_comment_text=,12:23,抖音评论,video,新的一周 瑟瑟发抖啊#内容过于真实 #股民 #基金 #王多于股之子,有我在yk,7640694743189506289,https://www.douyin.com/video/7640694743189506289,,7640711513304908595,12:23,待确认,中性,自动映射到抖音视频评论池。,6.4,false
2026-05-17,wangduoyu,抖音评论 11:26,002298[呲牙],中电鑫龙(002298),,中电鑫龙(002298) 被提及 1 次，有效评论 1 条，来源 1 个，单视频线索，情绪 中性，当前判断：保留观察。,待确认,video_id=7640694743189506289; video_url=https://www.douyin.com/video/7640694743189506289; creator=王多于-股之子; like=3; reply=2; source_type=comment; yeren_signal_id=; parent_comment_text=,11:26,抖音评论,video,新的一周 瑟瑟发抖啊#内容过于真实 #股民 #基金 #王多于股之子,小黑龙,7640694743189506289,https://www.douyin.com/video/7640694743189506289,,7640696814408991524,11:26,待确认,中性,自动映射到抖音视频评论池。,6.4,false
2026-05-17,wangduoyu,抖音评论 13:15,青龙管业感觉要突破了[灵机一动][灵机一动][灵机一动],青龙管业(002457),,青龙管业(002457) 被提及 2 次，有效评论 2 条，来源 1 个，单视频线索，情绪 中性，当前判断：保留观察。,待确认,video_id=7640694743189506289; video_url=https://www.douyin.com/video/7640694743189506289; creator=王多于-股之子; like=1; reply=0; source_type=comment; yeren_signal_id=; parent_comment_text=,13:15,抖音评论,video,新的一周 瑟瑟发抖啊#内容过于真实 #股民 #基金 #王多于股之子,不负遇见💦,7640694743189506289,https://www.douyin.com/video/7640694743189506289,,7640725059711730469,13:15,待确认,中性,自动映射到抖音视频评论池。,6.9,false
2026-05-17,wangduoyu,抖音评论 11:30,华工科技,华工科技(000988),,华工科技(000988) 被提及 1 次，有效评论 1 条，来源 1 个，单视频线索，情绪 中性，当前判断：保留观察。,待确认,video_id=7640694743189506289; video_url=https://www.douyin.com/video/7640694743189506289; creator=王多于-股之子; like=2; reply=5; source_type=comment; yeren_signal_id=; parent_comment_text=,11:30,抖音评论,video,新的一周 瑟瑟发抖啊#内容过于真实 #股民 #基金 #王多于股之子,Silas_森屿,7640694743189506289,https://www.douyin.com/video/7640694743189506289,,7640697938276500261,11:30,待确认,中性,自动映射到抖音视频评论池。,6.4,false
2026-05-17,wangduoyu,抖音评论 12:22,"中国长城怎么看 还能拿嘛[尬笑]
两个跌停了[尬笑][尬笑] 最高进的",中国长城(000066),,中国长城(000066) 被提及 2 次，有效评论 2 条，来源 1 个，单视频线索，情绪 谨慎，当前判断：偏风险观察。,否,video_id=7640694743189506289; video_url=https://www.douyin.com/video/7640694743189506289; creator=王多于-股之子; like=0; reply=2; source_type=comment; yeren_signal_id=; parent_comment_text=,12:22,抖音评论,video,新的一周 瑟瑟发抖啊#内容过于真实 #股民 #基金 #王多于股之子,甜心♥小公举,7640694743189506289,https://www.douyin.com/video/7640694743189506289,,7640711358111990538,12:22,未纳入,谨慎,自动映射到抖音视频评论池。,6.3,false
2026-05-17,wangduoyu,抖音评论 11:35,深科技暴涨[黄脸祈祷][黄脸祈祷][黄脸祈祷],深科技(000021),,深科技(000021) 被提及 1 次，有效评论 1 条，来源 1 个，单视频线索，情绪 中性，当前判断：保留观察。,待确认,video_id=7640694743189506289; video_url=https://www.douyin.com/video/7640694743189506289; creator=王多于-股之子; like=1; reply=4; source_type=comment; yeren_signal_id=; parent_comment_text=,11:35,抖音评论,video,新的一周 瑟瑟发抖啊#内容过于真实 #股民 #基金 #王多于股之子,咔吱,7640694743189506289,https://www.douyin.com/video/7640694743189506289,,7640699304651260709,11:35,待确认,中性,自动映射到抖音视频评论池。,6.4,false
2026-05-17,wangduoyu,抖音评论 12:08,数据港,数据港(603881),,数据港(603881) 被提及 1 次，有效评论 1 条，来源 1 个，单视频线索，情绪 中性，当前判断：保留观察。,待确认,video_id=7640694743189506289; video_url=https://www.douyin.com/video/7640694743189506289; creator=王多于-股之子; like=1; reply=5; source_type=comment; yeren_signal_id=; parent_comment_text=,12:08,抖音评论,video,新的一周 瑟瑟发抖啊#内容过于真实 #股民 #基金 #王多于股之子,观日落🌇,7640694743189506289,https://www.douyin.com/video/7640694743189506289,,7640707712528450353,12:08,待确认,中性,自动映射到抖音视频评论池。,6.4,false
2026-05-17,wangduoyu,抖音评论 11:49,多氟多，天赐，天际，杉杉，排队上,多氟多(002407),,多氟多(002407) 被提及 1 次，有效评论 1 条，来源 1 个，单视频线索，情绪 中性，当前判断：保留观察。,待确认,video_id=7640694743189506289; video_url=https://www.douyin.com/video/7640694743189506289; creator=王多于-股之子; like=10; reply=7; source_type=comment; yeren_signal_id=; parent_comment_text=,11:49,抖音评论,video,新的一周 瑟瑟发抖啊#内容过于真实 #股民 #基金 #王多于股之子,啊biu,7640694743189506289,https://www.douyin.com/video/7640694743189506289,,7640702904550310682,11:49,待确认,中性,自动映射到抖音视频评论池。,6.4,false
2026-05-17,wangduoyu,抖音评论 13:23,中天能涨停吗,,,,否,video_id=7640694743189506289; video_url=https://www.douyin.com/video/7640694743189506289; creator=王多于-股之子; like=0; reply=0; source_type=comment; yeren_signal_id=; parent_comment_text=,13:23,抖音评论,video,新的一周 瑟瑟发抖啊#内容过于真实 #股民 #基金 #王多于股之子,吾语,7640694743189506289,https://www.douyin.com/video/7640694743189506289,,7640727129151832889,13:23,未纳入,中性,自动映射到抖音视频评论池。,,false
2026-05-17,wangduoyu,抖音评论 12:30,豫能控股能不能周一让我解套,豫能控股(001896),,豫能控股(001896) 被提及 1 次，有效评论 1 条，来源 1 个，单视频线索，情绪 谨慎，当前判断：偏风险观察。,否,video_id=7640694743189506289; video_url=https://www.douyin.com/video/7640694743189506289; creator=王多于-股之子; like=0; reply=4; source_type=comment; yeren_signal_id=; parent_comment_text=,12:30,抖音评论,video,新的一周 瑟瑟发抖啊#内容过于真实 #股民 #基金 #王多于股之子,冯兰兰,7640694743189506289,https://www.douyin.com/video/7640694743189506289,,7640713370789839653,12:30,未纳入,谨慎,自动映射到抖音视频评论池。,5.9,false
2026-05-17,wangduoyu,抖音评论 11:35,买了天汽模,天汽模(002510),,天汽模(002510) 被提及 2 次，有效评论 2 条，来源 1 个，单视频线索，情绪 看多，当前判断：已进入推荐候选。,是,video_id=7640694743189506289; video_url=https://www.douyin.com/video/7640694743189506289; creator=王多于-股之子; like=1; reply=3; source_type=comment; yeren_signal_id=; parent_comment_text=,11:35,抖音评论,video,新的一周 瑟瑟发抖啊#内容过于真实 #股民 #基金 #王多于股之子,妞他爸,7640694743189506289,https://www.douyin.com/video/7640694743189506289,,7640699258426229554,11:35,已纳入,看多,自动映射到抖音视频评论池。,7.7,true
2026-05-17,wangduoyu,抖音评论 12:15,巨力索具[舔屏]你会回来的,巨力索具(002342),,巨力索具(002342) 被提及 1 次，有效评论 1 条，来源 1 个，单视频线索，情绪 中性，当前判断：保留观察。,待确认,video_id=7640694743189506289; video_url=https://www.douyin.com/video/7640694743189506289; creator=王多于-股之子; like=6; reply=4; source_type=comment; yeren_signal_id=; parent_comment_text=,12:15,抖音评论,video,新的一周 瑟瑟发抖啊#内容过于真实 #股民 #基金 #王多于股之子,笨小孩,7640694743189506289,https://www.douyin.com/video/7640694743189506289,,7640709528363680539,12:15,待确认,中性,自动映射到抖音视频评论池。,6.4,false
2026-05-17,wangduoyu,抖音评论 12:34,合力泰估计会反弹起稳,合力泰(002217),消费电子;光学光电子,合力泰(002217) 被提及 2 次，有效评论 2 条，来源 1 个，单视频线索，情绪 中性，当前判断：保留观察。,待确认,video_id=7640694743189506289; video_url=https://www.douyin.com/video/7640694743189506289; creator=王多于-股之子; like=0; reply=3; source_type=comment; yeren_signal_id=; parent_comment_text=,12:34,抖音评论,video,新的一周 瑟瑟发抖啊#内容过于真实 #股民 #基金 #王多于股之子,尽兴i,7640694743189506289,https://www.douyin.com/video/7640694743189506289,,7640714576829580089,12:34,待确认,中性,自动映射到抖音视频评论池。,6.9,false
2026-05-17,wangduoyu,抖音评论 13:23,顺景科技低开有没有进的[看],,,,否,video_id=7640694743189506289; video_url=https://www.douyin.com/video/7640694743189506289; creator=王多于-股之子; like=0; reply=0; source_type=comment; yeren_signal_id=; parent_comment_text=,13:23,抖音评论,video,新的一周 瑟瑟发抖啊#内容过于真实 #股民 #基金 #王多于股之子,小虾没长心,7640694743189506289,https://www.douyin.com/video/7640694743189506289,,7640727129110856485,13:23,未纳入,中性,自动映射到抖音视频评论池。,,false
2026-05-17,wangduoyu,抖音评论 11:25,锂矿下周起飞,,,,否,video_id=7640694743189506289; video_url=https://www.douyin.com/video/7640694743189506289; creator=王多于-股之子; like=1; reply=5; source_type=comment; yeren_signal_id=; parent_comment_text=,11:25,抖音评论,video,新的一周 瑟瑟发抖啊#内容过于真实 #股民 #基金 #王多于股之子,恒,7640694743189506289,https://www.douyin.com/video/7640694743189506289,,7640696652983386895,11:25,未纳入,中性,自动映射到抖音视频评论池。,,false
2026-05-17,wangduoyu,抖音评论 13:21,汉缆股份。,汉缆股份(002498),,汉缆股份(002498) 被提及 1 次，有效评论 1 条，来源 1 个，单视频线索，情绪 中性，当前判断：保留观察。,待确认,video_id=7640694743189506289; video_url=https://www.douyin.com/video/7640694743189506289; creator=王多于-股之子; like=0; reply=0; source_type=comment; yeren_signal_id=; parent_comment_text=,13:21,抖音评论,video,新的一周 瑟瑟发抖啊#内容过于真实 #股民 #基金 #王多于股之子,向往,7640694743189506289,https://www.douyin.com/video/7640694743189506289,,7640726523952546597,13:21,待确认,中性,自动映射到抖音视频评论池。,6.4,false
2026-05-17,wangduoyu,抖音评论 11:59,有没有周五听了个大哥说的进了巨石的，说周五百分百涨的，全仓吃了个跌停[尬笑],,,评论热度较高，但暂未自动识别到明确股票线索，保留人工复核。,待确认,video_id=7640694743189506289; video_url=https://www.douyin.com/video/7640694743189506289; creator=王多于-股之子; like=1; reply=6; source_type=comment; yeren_signal_id=; parent_comment_text=,11:59,抖音评论,video,新的一周 瑟瑟发抖啊#内容过于真实 #股民 #基金 #王多于股之子,初颜头疗·美容美发官方号,7640694743189506289,https://www.douyin.com/video/7640694743189506289,,7640705488514728761,11:59,待确认,中性,自动映射到抖音视频评论池。,6.2,false
2026-05-17,wangduoyu,抖音评论 12:31,利好 巨力 地天板,,,,否,video_id=7640694743189506289; video_url=https://www.douyin.com/video/7640694743189506289; creator=王多于-股之子; like=1; reply=3; source_type=comment; yeren_signal_id=; parent_comment_text=,12:31,抖音评论,video,新的一周 瑟瑟发抖啊#内容过于真实 #股民 #基金 #王多于股之子,capybara,7640694743189506289,https://www.douyin.com/video/7640694743189506289,,7640713772939723578,12:31,未纳入,中性,自动映射到抖音视频评论池。,,false
2026-05-17,wangduoyu,抖音评论 11:26,巨轮 [比心][比心][比心]机器人风口 再炒一波ai物理,机器人(300024),,机器人(300024) 被提及 9 次，有效评论 9 条，来源 1 个，单视频线索，情绪 中性，当前判断：已进入推荐候选。,是,video_id=7640694743189506289; video_url=https://www.douyin.com/video/7640694743189506289; creator=王多于-股之子; like=3; reply=7; source_type=comment; yeren_signal_id=; parent_comment_text=,11:26,抖音评论,video,新的一周 瑟瑟发抖啊#内容过于真实 #股民 #基金 #王多于股之子,🌈鸿运当头,7640694743189506289,https://www.douyin.com/video/7640694743189506289,,7640696967622755082,11:26,已纳入,中性,自动映射到抖音视频评论池。,9.6,true
2026-05-17,wangduoyu,抖音评论 12:59,通达跌停进的，第二天又是跌停[发呆],,,,否,video_id=7640694743189506289; video_url=https://www.douyin.com/video/7640694743189506289; creator=王多于-股之子; like=2; reply=1; source_type=comment; yeren_signal_id=; parent_comment_text=,12:59,抖音评论,video,新的一周 瑟瑟发抖啊#内容过于真实 #股民 #基金 #王多于股之子,W·,7640694743189506289,https://www.douyin.com/video/7640694743189506289,,7640720800987185966,12:59,未纳入,中性,自动映射到抖音视频评论池。,,false
2026-05-17,wangduoyu,抖音评论 13:21,stgf，nwrj，M10止损,,,,否,video_id=7640694743189506289; video_url=https://www.douyin.com/video/7640694743189506289; creator=王多于-股之子; like=0; reply=0; source_type=comment; yeren_signal_id=; parent_comment_text=,13:21,抖音评论,video,新的一周 瑟瑟发抖啊#内容过于真实 #股民 #基金 #王多于股之子,白了个蓝,7640694743189506289,https://www.douyin.com/video/7640694743189506289,,7640726500723245883,13:21,未纳入,中性,自动映射到抖音视频评论池。,,false
2026-05-17,wangduoyu,抖音评论 13:10,华电能源明天低开进[赞][赞][赞][赞][赞],华电能源(600726),,华电能源(600726) 被提及 2 次，有效评论 2 条，来源 1 个，单视频线索，情绪 中性，当前判断：已进入推荐候选。,是,video_id=7640694743189506289; video_url=https://www.douyin.com/video/7640694743189506289; creator=王多于-股之子; like=2; reply=0; source_type=comment; yeren_signal_id=; parent_comment_text=,13:10,抖音评论,video,新的一周 瑟瑟发抖啊#内容过于真实 #股民 #基金 #王多于股之子,1771492178,7640694743189506289,https://www.douyin.com/video/7640694743189506289,,7640723807509988145,13:10,已纳入,中性,自动映射到抖音视频评论池。,7.7,true
2026-05-17,wangduoyu,抖音评论 13:12,立昂微，特发信息，晋控电力有没有在的[无语流汗],特发信息(000070);晋控电力(000767);立昂微(605358),,特发信息(000070) 被提及 1 次，有效评论 1 条，来源 1 个，单视频线索，情绪 中性，当前判断：保留观察。；晋控电力(000767) 被提及 1 次，有效评论 1 条，来源 1 个，单视频线索，情绪 中性，当前判断：保留观察。；立昂微(605358) 被提及 1 次，有效评论 1 条，来源 1 个，单视频线索，情绪 中性，当前判断：保留观察。,待确认,video_id=7640694743189506289; video_url=https://www.douyin.com/video/7640694743189506289; creator=王多于-股之子; like=2; reply=1; source_type=comment; yeren_signal_id=; parent_comment_text=,13:12,抖音评论,video,新的一周 瑟瑟发抖啊#内容过于真实 #股民 #基金 #王多于股之子,君临天下,7640694743189506289,https://www.douyin.com/video/7640694743189506289,,7640724333304791858,13:12,待确认,中性,自动映射到抖音视频评论池。,6.4,false
2026-05-17,wangduoyu,抖音评论 13:20,在双良节能,双良节能(600481),,双良节能(600481) 被提及 1 次，有效评论 1 条，来源 1 个，单视频线索，情绪 中性，当前判断：保留观察。,待确认,video_id=7640694743189506289; video_url=https://www.douyin.com/video/7640694743189506289; creator=王多于-股之子; like=0; reply=0; source_type=comment; yeren_signal_id=; parent_comment_text=,13:20,抖音评论,video,新的一周 瑟瑟发抖啊#内容过于真实 #股民 #基金 #王多于股之子,久龙 三角带 轴承 输送带,7640694743189506289,https://www.douyin.com/video/7640694743189506289,,7640726286360707877,13:20,待确认,中性,自动映射到抖音视频评论池。,6.4,false
2026-05-17,wangduoyu,抖音评论 11:26,博云[暗中观察]，上一个我说卓郎,,,,否,video_id=7640694743189506289; video_url=https://www.douyin.com/video/7640694743189506289; creator=王多于-股之子; like=3; reply=5; source_type=comment; yeren_signal_id=; parent_comment_text=,11:26,抖音评论,video,新的一周 瑟瑟发抖啊#内容过于真实 #股民 #基金 #王多于股之子,每周赚2000+第N次,7640694743189506289,https://www.douyin.com/video/7640694743189506289,,7640696900278436645,11:26,未纳入,中性,自动映射到抖音视频评论池。,,false
2026-05-17,wangduoyu,抖音评论 12:24,五月小队 已经78人了 还有人一起吗,,,评论热度较高，但暂未自动识别到明确股票线索，保留人工复核。,待确认,video_id=7640694743189506289; video_url=https://www.douyin.com/video/7640694743189506289; creator=王多于-股之子; like=3; reply=40; source_type=comment; yeren_signal_id=; parent_comment_text=,12:24,抖音评论,video,新的一周 瑟瑟发抖啊#内容过于真实 #股民 #基金 #王多于股之子,淑淑,7640694743189506289,https://www.douyin.com/video/7640694743189506289,,7640711813840093989,12:24,待确认,中性,自动映射到抖音视频评论池。,6.2,false
2026-05-17,wangduoyu,抖音评论 12:55,还是要回到算电协同的，协鑫能K，最标准的核心，,,,,否,video_id=7640694743189506289; video_url=https://www.douyin.com/video/7640694743189506289; creator=王多于-股之子; like=1; reply=1; source_type=comment; yeren_signal_id=; parent_comment_text=,12:55,抖音评论,video,新的一周 瑟瑟发抖啊#内容过于真实 #股民 #基金 #王多于股之子,朝广,7640694743189506289,https://www.douyin.com/video/7640694743189506289,,7640719973321622330,12:55,未纳入,中性,自动映射到抖音视频评论池。,,false
2026-05-17,wangduoyu,抖音评论 11:55,还在杉杉硬抗，短线的别来，拿的住才能吃肉,,,评论热度较高，但暂未自动识别到明确股票线索，保留人工复核。,待确认,video_id=7640694743189506289; video_url=https://www.douyin.com/video/7640694743189506289; creator=王多于-股之子; like=2; reply=12; source_type=comment; yeren_signal_id=; parent_comment_text=,11:55,抖音评论,video,新的一周 瑟瑟发抖啊#内容过于真实 #股民 #基金 #王多于股之子,煤基厨灶油小张,7640694743189506289,https://www.douyin.com/video/7640694743189506289,,7640704292589273893,11:55,待确认,中性,自动映射到抖音视频评论池。,6.2,false
2026-05-17,wangduoyu,抖音评论 13:21,4月就给你说了浪潮，5月给你3花，想吃特产[黄脸干杯],,,,否,video_id=7640694743189506289; video_url=https://www.douyin.com/video/7640694743189506289; creator=王多于-股之子; like=1; reply=1; source_type=comment; yeren_signal_id=; parent_comment_text=,13:21,抖音评论,video,新的一周 瑟瑟发抖啊#内容过于真实 #股民 #基金 #王多于股之子,九七🐮,7640694743189506289,https://www.douyin.com/video/7640694743189506289,,7640726626095891249,13:21,未纳入,中性,自动映射到抖音视频评论池。,,false
2026-05-17,wangduoyu,抖音评论 13:25,又，绿[捂脸],,,,否,video_id=7640694743189506289; video_url=https://www.douyin.com/video/7640694743189506289; creator=王多于-股之子; like=0; reply=0; source_type=comment; yeren_signal_id=; parent_comment_text=,13:25,抖音评论,video,新的一周 瑟瑟发抖啊#内容过于真实 #股民 #基金 #王多于股之子,更好一年,7640694743189506289,https://www.douyin.com/video/7640694743189506289,,7640727730887361343,13:25,未纳入,中性,自动映射到抖音视频评论池。,,false
2026-05-17,wangduoyu,抖音评论 13:25,算电 方向,,,,否,video_id=7640694743189506289; video_url=https://www.douyin.com/video/7640694743189506289; creator=王多于-股之子; like=0; reply=0; source_type=comment; yeren_signal_id=; parent_comment_text=,13:25,抖音评论,video,新的一周 瑟瑟发抖啊#内容过于真实 #股民 #基金 #王多于股之子,遇见伱,7640694743189506289,https://www.douyin.com/video/7640694743189506289,,7640727704224056102,13:25,未纳入,中性,自动映射到抖音视频评论池。,,false
2026-05-17,wangduoyu,抖音评论 13:21,貌似有点3800见的意思,,,,否,video_id=7640694743189506289; video_url=https://www.douyin.com/video/7640694743189506289; creator=王多于-股之子; like=0; reply=0; source_type=comment; yeren_signal_id=; parent_comment_text=,13:21,抖音评论,video,新的一周 瑟瑟发抖啊#内容过于真实 #股民 #基金 #王多于股之子,宋你一朵小红花🌸,7640694743189506289,https://www.douyin.com/video/7640694743189506289,,7640726586086064933,13:21,未纳入,中性,自动映射到抖音视频评论池。,,false
2026-05-17,wangduoyu,抖音评论 13:19,昂利康[呲牙],昂利康(002940),,昂利康(002940) 被提及 1 次，有效评论 1 条，来源 1 个，单视频线索，情绪 中性，当前判断：保留观察。,待确认,video_id=7640694743189506289; video_url=https://www.douyin.com/video/7640694743189506289; creator=王多于-股之子; like=0; reply=0; source_type=comment; yeren_signal_id=; parent_comment_text=,13:19,抖音评论,video,新的一周 瑟瑟发抖啊#内容过于真实 #股民 #基金 #王多于股之子,坏坏,7640694743189506289,https://www.douyin.com/video/7640694743189506289,,7640726021013144320,13:19,待确认,中性,自动映射到抖音视频评论池。,6.4,false
2026-05-17,wangduoyu,抖音评论 13:17,汉缆,,,,否,video_id=7640694743189506289; video_url=https://www.douyin.com/video/7640694743189506289; creator=王多于-股之子; like=0; reply=0; source_type=comment; yeren_signal_id=; parent_comment_text=,13:17,抖音评论,video,新的一周 瑟瑟发抖啊#内容过于真实 #股民 #基金 #王多于股之子,`,7640694743189506289,https://www.douyin.com/video/7640694743189506289,,7640725454278099718,13:17,未纳入,中性,自动映射到抖音视频评论池。,,false
2026-05-17,wangduoyu,抖音评论 13:16,煤化工，电力，小家电，猪肉我去这四个地方，有认同的嘛[捂脸],,,,否,video_id=7640694743189506289; video_url=https://www.douyin.com/video/7640694743189506289; creator=王多于-股之子; like=0; reply=0; source_type=comment; yeren_signal_id=; parent_comment_text=,13:16,抖音评论,video,新的一周 瑟瑟发抖啊#内容过于真实 #股民 #基金 #王多于股之子,小泽小雯,7640694743189506289,https://www.douyin.com/video/7640694743189506289,,7640725194143482661,13:16,未纳入,中性,自动映射到抖音视频评论池。,,false
2026-05-17,wangduoyu,抖音评论 13:15,巨力的好兄弟来集合啦[苦涩][图片表情],,,,否,video_id=7640694743189506289; video_url=https://www.douyin.com/video/7640694743189506289; creator=王多于-股之子; like=0; reply=1; source_type=comment; yeren_signal_id=; parent_comment_text=,13:15,抖音评论,video,新的一周 瑟瑟发抖啊#内容过于真实 #股民 #基金 #王多于股之子,哦耶耶,7640694743189506289,https://www.douyin.com/video/7640694743189506289,,7640724998454395697,13:15,未纳入,中性,自动映射到抖音视频评论池。,,false
2026-05-17,wangduoyu,抖音评论 13:12,看看半导体,,,,否,video_id=7640694743189506289; video_url=https://www.douyin.com/video/7640694743189506289; creator=王多于-股之子; like=0; reply=0; source_type=comment; yeren_signal_id=; parent_comment_text=,13:12,抖音评论,video,新的一周 瑟瑟发抖啊#内容过于真实 #股民 #基金 #王多于股之子,历程,7640694743189506289,https://www.douyin.com/video/7640694743189506289,,7640724375738516273,13:12,未纳入,中性,自动映射到抖音视频评论池。,,false
2026-05-17,wangduoyu,抖音评论 13:12,巨轮，机器人板块,机器人(300024),,机器人(300024) 被提及 9 次，有效评论 9 条，来源 1 个，单视频线索，情绪 中性，当前判断：已进入推荐候选。,是,video_id=7640694743189506289; video_url=https://www.douyin.com/video/7640694743189506289; creator=王多于-股之子; like=0; reply=0; source_type=comment; yeren_signal_id=; parent_comment_text=,13:12,抖音评论,video,新的一周 瑟瑟发抖啊#内容过于真实 #股民 #基金 #王多于股之子,包子包子,7640694743189506289,https://www.douyin.com/video/7640694743189506289,,7640724294628541242,13:12,已纳入,中性,自动映射到抖音视频评论池。,9.6,true
2026-05-17,wangduoyu,抖音评论 13:12,下周指数连跌5天[看],,,,否,video_id=7640694743189506289; video_url=https://www.douyin.com/video/7640694743189506289; creator=王多于-股之子; like=0; reply=0; source_type=comment; yeren_signal_id=; parent_comment_text=,13:12,抖音评论,video,新的一周 瑟瑟发抖啊#内容过于真实 #股民 #基金 #王多于股之子,小陀螺,7640694743189506289,https://www.douyin.com/video/7640694743189506289,,7640724260515791666,13:12,未纳入,中性,自动映射到抖音视频评论池。,,false
2026-05-17,wangduoyu,抖音评论 13:11,兆易开盘进，有意想不到惊喜[看],,,,否,video_id=7640694743189506289; video_url=https://www.douyin.com/video/7640694743189506289; creator=王多于-股之子; like=1; reply=1; source_type=comment; yeren_signal_id=; parent_comment_text=,13:11,抖音评论,video,新的一周 瑟瑟发抖啊#内容过于真实 #股民 #基金 #王多于股之子,荍廢衹的仈蕶後,7640694743189506289,https://www.douyin.com/video/7640694743189506289,,7640723923693257513,13:11,未纳入,中性,自动映射到抖音视频评论池。,,false
2026-05-17,wangduoyu,抖音评论 13:11,我的沃格能出来吗[泪奔][泪奔],,,,否,video_id=7640694743189506289; video_url=https://www.douyin.com/video/7640694743189506289; creator=王多于-股之子; like=0; reply=1; source_type=comment; yeren_signal_id=; parent_comment_text=,13:11,抖音评论,video,新的一周 瑟瑟发抖啊#内容过于真实 #股民 #基金 #王多于股之子,腾宝,7640694743189506289,https://www.douyin.com/video/7640694743189506289,,7640723925631533865,13:11,未纳入,中性,自动映射到抖音视频评论池。,,false
2026-05-17,wangduoyu,抖音评论 13:11,兄弟，雷赛智能没吃到么？,雷赛智能(002979),,雷赛智能(002979) 被提及 1 次，有效评论 1 条，来源 1 个，单视频线索，情绪 中性，当前判断：保留观察。,待确认,video_id=7640694743189506289; video_url=https://www.douyin.com/video/7640694743189506289; creator=王多于-股之子; like=0; reply=1; source_type=comment; yeren_signal_id=; parent_comment_text=,13:11,抖音评论,video,新的一周 瑟瑟发抖啊#内容过于真实 #股民 #基金 #王多于股之子,Be my slv,7640694743189506289,https://www.douyin.com/video/7640694743189506289,,7640723910467961627,13:11,待确认,中性,自动映射到抖音视频评论池。,6.4,false
2026-05-17,wangduoyu,抖音评论 13:11,科森[泣不成声],,,,否,video_id=7640694743189506289; video_url=https://www.douyin.com/video/7640694743189506289; creator=王多于-股之子; like=0; reply=0; source_type=comment; yeren_signal_id=; parent_comment_text=,13:11,抖音评论,video,新的一周 瑟瑟发抖啊#内容过于真实 #股民 #基金 #王多于股之子,执-念～…,7640694743189506289,https://www.douyin.com/video/7640694743189506289,,7640723898396721960,13:11,未纳入,中性,自动映射到抖音视频评论池。,,false
2026-05-17,wangduoyu,抖音评论 13:09,太多了，根本不知道哪个是真宝贝,,,,否,video_id=7640694743189506289; video_url=https://www.douyin.com/video/7640694743189506289; creator=王多于-股之子; like=0; reply=0; source_type=comment; yeren_signal_id=; parent_comment_text=,13:09,抖音评论,video,新的一周 瑟瑟发抖啊#内容过于真实 #股民 #基金 #王多于股之子,PL,7640694743189506289,https://www.douyin.com/video/7640694743189506289,,7640723564735415077,13:09,未纳入,中性,自动映射到抖音视频评论池。,,false
2026-05-17,wangduoyu,抖音评论 13:07,天汽模怎么样？,天汽模(002510),,天汽模(002510) 被提及 2 次，有效评论 2 条，来源 1 个，单视频线索，情绪 看多，当前判断：已进入推荐候选。,是,video_id=7640694743189506289; video_url=https://www.douyin.com/video/7640694743189506289; creator=王多于-股之子; like=0; reply=0; source_type=comment; yeren_signal_id=; parent_comment_text=,13:07,抖音评论,video,新的一周 瑟瑟发抖啊#内容过于真实 #股民 #基金 #王多于股之子,静静啊,7640694743189506289,https://www.douyin.com/video/7640694743189506289,,7640723041807205161,13:07,已纳入,看多,自动映射到抖音视频评论池。,7.7,true
2026-05-17,wangduoyu,抖音评论 13:07,下周直奔机器人，,机器人(300024),,机器人(300024) 被提及 9 次，有效评论 9 条，来源 1 个，单视频线索，情绪 中性，当前判断：已进入推荐候选。,是,video_id=7640694743189506289; video_url=https://www.douyin.com/video/7640694743189506289; creator=王多于-股之子; like=0; reply=0; source_type=comment; yeren_signal_id=; parent_comment_text=,13:07,抖音评论,video,新的一周 瑟瑟发抖啊#内容过于真实 #股民 #基金 #王多于股之子,贴近生活,7640694743189506289,https://www.douyin.com/video/7640694743189506289,,7640722881480164154,13:07,已纳入,中性,自动映射到抖音视频评论池。,9.6,true
2026-05-17,wangduoyu,抖音评论 13:06,中视传媒，一季业绩扭亏，世界杯业绩暴增，世界杯独家承揽广告招商分包，央视亲儿子等等。,中视传媒(600088),,中视传媒(600088) 被提及 1 次，有效评论 1 条，来源 1 个，单视频线索，情绪 谨慎，当前判断：偏风险观察。,否,video_id=7640694743189506289; video_url=https://www.douyin.com/video/7640694743189506289; creator=王多于-股之子; like=1; reply=0; source_type=comment; yeren_signal_id=; parent_comment_text=,13:06,抖音评论,video,新的一周 瑟瑟发抖啊#内容过于真实 #股民 #基金 #王多于股之子,风尘如旧,7640694743189506289,https://www.douyin.com/video/7640694743189506289,,7640722780656861958,13:06,未纳入,谨慎,自动映射到抖音视频评论池。,5.9,false
2026-05-17,wangduoyu,抖音评论 13:06,谁能告诉我圣阳还有没有救啊,,,,否,video_id=7640694743189506289; video_url=https://www.douyin.com/video/7640694743189506289; creator=王多于-股之子; like=0; reply=0; source_type=comment; yeren_signal_id=; parent_comment_text=,13:06,抖音评论,video,新的一周 瑟瑟发抖啊#内容过于真实 #股民 #基金 #王多于股之子,简简单单,7640694743189506289,https://www.douyin.com/video/7640694743189506289,,7640722668548014875,13:06,未纳入,中性,自动映射到抖音视频评论池。,,false
2026-05-17,wangduoyu,抖音评论 13:05,紫金，下周至少10个点,,,,否,video_id=7640694743189506289; video_url=https://www.douyin.com/video/7640694743189506289; creator=王多于-股之子; like=0; reply=1; source_type=comment; yeren_signal_id=; parent_comment_text=,13:05,抖音评论,video,新的一周 瑟瑟发抖啊#内容过于真实 #股民 #基金 #王多于股之子,打人不打脸,7640694743189506289,https://www.douyin.com/video/7640694743189506289,,7640722530844345145,13:05,未纳入,中性,自动映射到抖音视频评论池。,,false
2026-05-17,wangduoyu,抖音评论 13:10,华电能源明天低开进[赞][赞][赞][赞][赞],华电能源(600726),,华电能源(600726) 被提及 2 次，有效评论 2 条，来源 1 个，单视频线索，情绪 中性，当前判断：已进入推荐候选。,是,video_id=7640694743189506289; video_url=https://www.douyin.com/video/7640694743189506289; creator=王多于-股之子; like=2; reply=0; source_type=comment; yeren_signal_id=; parent_comment_text=,13:10,抖音评论,video,新的一周 瑟瑟发抖啊#内容过于真实 #股民 #基金 #王多于股之子,1771492178,7640694743189506289,https://www.douyin.com/video/7640694743189506289,,7640723807509988145,13:10,已纳入,中性,自动映射到抖音视频评论池。,7.7,true
2026-05-17,wangduoyu,抖音评论 13:10,贵州燃气,贵州燃气(600903),,贵州燃气(600903) 被提及 2 次，有效评论 2 条，来源 1 个，单视频线索，情绪 中性，当前判断：保留观察。,待确认,video_id=7640694743189506289; video_url=https://www.douyin.com/video/7640694743189506289; creator=王多于-股之子; like=0; reply=0; source_type=comment; yeren_signal_id=; parent_comment_text=,13:10,抖音评论,video,新的一周 瑟瑟发抖啊#内容过于真实 #股民 #基金 #王多于股之子,Pain and desire,7640694743189506289,https://www.douyin.com/video/7640694743189506289,,7640723715727164218,13:10,待确认,中性,自动映射到抖音视频评论池。,6.9,false
2026-05-17,wangduoyu,抖音评论 13:09,太多了，根本不知道哪个是真宝贝,,,,否,video_id=7640694743189506289; video_url=https://www.douyin.com/video/7640694743189506289; creator=王多于-股之子; like=0; reply=0; source_type=comment; yeren_signal_id=; parent_comment_text=,13:09,抖音评论,video,新的一周 瑟瑟发抖啊#内容过于真实 #股民 #基金 #王多于股之子,PL,7640694743189506289,https://www.douyin.com/video/7640694743189506289,,7640723564735415077,13:09,未纳入,中性,自动映射到抖音视频评论池。,,false
2026-05-17,wangduoyu,抖音评论 13:08,跌的都害怕了,,,,否,video_id=7640694743189506289; video_url=https://www.douyin.com/video/7640694743189506289; creator=王多于-股之子; like=0; reply=0; source_type=comment; yeren_signal_id=; parent_comment_text=,13:08,抖音评论,video,新的一周 瑟瑟发抖啊#内容过于真实 #股民 #基金 #王多于股之子,乘风破浪的鲁班,7640694743189506289,https://www.douyin.com/video/7640694743189506289,,7640723297471529777,13:08,未纳入,中性,自动映射到抖音视频评论池。,,false
2026-05-17,wangduoyu,抖音评论 13:07,天汽模怎么样？,天汽模(002510),,天汽模(002510) 被提及 2 次，有效评论 2 条，来源 1 个，单视频线索，情绪 看多，当前判断：已进入推荐候选。,是,video_id=7640694743189506289; video_url=https://www.douyin.com/video/7640694743189506289; creator=王多于-股之子; like=0; reply=0; source_type=comment; yeren_signal_id=; parent_comment_text=,13:07,抖音评论,video,新的一周 瑟瑟发抖啊#内容过于真实 #股民 #基金 #王多于股之子,静静啊,7640694743189506289,https://www.douyin.com/video/7640694743189506289,,7640723041807205161,13:07,已纳入,看多,自动映射到抖音视频评论池。,7.7,true
2026-05-17,wangduoyu,抖音评论 13:07,下周直奔机器人，,机器人(300024),,机器人(300024) 被提及 9 次，有效评论 9 条，来源 1 个，单视频线索，情绪 中性，当前判断：已进入推荐候选。,是,video_id=7640694743189506289; video_url=https://www.douyin.com/video/7640694743189506289; creator=王多于-股之子; like=0; reply=0; source_type=comment; yeren_signal_id=; parent_comment_text=,13:07,抖音评论,video,新的一周 瑟瑟发抖啊#内容过于真实 #股民 #基金 #王多于股之子,贴近生活,7640694743189506289,https://www.douyin.com/video/7640694743189506289,,7640722881480164154,13:07,已纳入,中性,自动映射到抖音视频评论池。,9.6,true
2026-05-17,wangduoyu,抖音评论 13:06,中视传媒，一季业绩扭亏，世界杯业绩暴增，世界杯独家承揽广告招商分包，央视亲儿子等等。,中视传媒(600088),,中视传媒(600088) 被提及 1 次，有效评论 1 条，来源 1 个，单视频线索，情绪 谨慎，当前判断：偏风险观察。,否,video_id=7640694743189506289; video_url=https://www.douyin.com/video/7640694743189506289; creator=王多于-股之子; like=1; reply=0; source_type=comment; yeren_signal_id=; parent_comment_text=,13:06,抖音评论,video,新的一周 瑟瑟发抖啊#内容过于真实 #股民 #基金 #王多于股之子,风尘如旧,7640694743189506289,https://www.douyin.com/video/7640694743189506289,,7640722780656861958,13:06,未纳入,谨慎,自动映射到抖音视频评论池。,5.9,false
2026-05-17,wangduoyu,抖音评论 13:06,谁能告诉我圣阳还有没有救啊,,,,否,video_id=7640694743189506289; video_url=https://www.douyin.com/video/7640694743189506289; creator=王多于-股之子; like=0; reply=0; source_type=comment; yeren_signal_id=; parent_comment_text=,13:06,抖音评论,video,新的一周 瑟瑟发抖啊#内容过于真实 #股民 #基金 #王多于股之子,简简单单,7640694743189506289,https://www.douyin.com/video/7640694743189506289,,7640722668548014875,13:06,未纳入,中性,自动映射到抖音视频评论池。,,false
2026-05-17,wangduoyu,抖音评论 13:05,金蝉脱壳,,,,否,video_id=7640694743189506289; video_url=https://www.douyin.com/video/7640694743189506289; creator=王多于-股之子; like=0; reply=0; source_type=comment; yeren_signal_id=; parent_comment_text=,13:05,抖音评论,video,新的一周 瑟瑟发抖啊#内容过于真实 #股民 #基金 #王多于股之子,@陈露露,7640694743189506289,https://www.douyin.com/video/7640694743189506289,,7640722566100927269,13:05,未纳入,中性,自动映射到抖音视频评论池。,,false
2026-05-17,wangduoyu,抖音评论 13:05,紫金，下周至少10个点,,,,否,video_id=7640694743189506289; video_url=https://www.douyin.com/video/7640694743189506289; creator=王多于-股之子; like=0; reply=1; source_type=comment; yeren_signal_id=; parent_comment_text=,13:05,抖音评论,video,新的一周 瑟瑟发抖啊#内容过于真实 #股民 #基金 #王多于股之子,打人不打脸,7640694743189506289,https://www.douyin.com/video/7640694743189506289,,7640722530844345145,13:05,未纳入,中性,自动映射到抖音视频评论池。,,false
2026-05-17,wangduoyu,抖音评论 13:05,华电还能再冲锋一下,,,,否,video_id=7640694743189506289; video_url=https://www.douyin.com/video/7640694743189506289; creator=王多于-股之子; like=0; reply=0; source_type=comment; yeren_signal_id=; parent_comment_text=,13:05,抖音评论,video,新的一周 瑟瑟发抖啊#内容过于真实 #股民 #基金 #王多于股之子,發財树,7640694743189506289,https://www.douyin.com/video/7640694743189506289,,7640722348534891313,13:05,未纳入,中性,自动映射到抖音视频评论池。,,false
2026-05-17,wangduoyu,抖音评论 13:03,我众合吃了两个跌停板了，哪个大哥可以帮我看看怎么办吗，明天要不要直接走,,,,否,video_id=7640694743189506289; video_url=https://www.douyin.com/video/7640694743189506289; creator=王多于-股之子; like=0; reply=3; source_type=comment; yeren_signal_id=; parent_comment_text=,13:03,抖音评论,video,新的一周 瑟瑟发抖啊#内容过于真实 #股民 #基金 #王多于股之子,月亮打瞌睡,7640694743189506289,https://www.douyin.com/video/7640694743189506289,,7640722032900604724,13:03,未纳入,中性,自动映射到抖音视频评论池。,,false
2026-05-17,wangduoyu,抖音评论 13:02,Tyxj,,,,否,video_id=7640694743189506289; video_url=https://www.douyin.com/video/7640694743189506289; creator=王多于-股之子; like=0; reply=0; source_type=comment; yeren_signal_id=; parent_comment_text=,13:02,抖音评论,video,新的一周 瑟瑟发抖啊#内容过于真实 #股民 #基金 #王多于股之子,Ming-,7640694743189506289,https://www.douyin.com/video/7640694743189506289,,7640721611445207845,13:02,未纳入,中性,自动映射到抖音视频评论池。,,false
2026-05-17,wangduoyu,抖音评论 13:01,st启环回调就入不回调就追，拿2个月翻倍,,,,否,video_id=7640694743189506289; video_url=https://www.douyin.com/video/7640694743189506289; creator=王多于-股之子; like=1; reply=2; source_type=comment; yeren_signal_id=; parent_comment_text=,13:01,抖音评论,video,新的一周 瑟瑟发抖啊#内容过于真实 #股民 #基金 #王多于股之子,🆑沉沦,7640694743189506289,https://www.douyin.com/video/7640694743189506289,,7640721429931164452,13:01,未纳入,中性,自动映射到抖音视频评论池。,,false
2026-05-17,wangduoyu,抖音评论 13:01,我在江波龙[无语流汗],江波龙(301308),,江波龙(301308) 被提及 1 次，有效评论 1 条，来源 1 个，单视频线索，情绪 中性，当前判断：保留观察。,待确认,video_id=7640694743189506289; video_url=https://www.douyin.com/video/7640694743189506289; creator=王多于-股之子; like=0; reply=0; source_type=comment; yeren_signal_id=; parent_comment_text=,13:01,抖音评论,video,新的一周 瑟瑟发抖啊#内容过于真实 #股民 #基金 #王多于股之子,悠闲躺平,7640694743189506289,https://www.douyin.com/video/7640694743189506289,,7640721337555813169,13:01,待确认,中性,自动映射到抖音视频评论池。,6.4,false
2026-05-17,wangduoyu,抖音评论 13:01,共创和中体拿20天,,,,否,video_id=7640694743189506289; video_url=https://www.douyin.com/video/7640694743189506289; creator=王多于-股之子; like=0; reply=0; source_type=comment; yeren_signal_id=; parent_comment_text=,13:01,抖音评论,video,新的一周 瑟瑟发抖啊#内容过于真实 #股民 #基金 #王多于股之子,路虽远，行则将至,7640694743189506289,https://www.douyin.com/video/7640694743189506289,,7640721306865976118,13:01,未纳入,中性,自动映射到抖音视频评论池。,,false
2026-05-17,wangduoyu,抖音评论 13:00,太极sy，跌破12短期就不要进了，趋势不破五日线附近进都没问题,,,,否,video_id=7640694743189506289; video_url=https://www.douyin.com/video/7640694743189506289; creator=王多于-股之子; like=0; reply=0; source_type=comment; yeren_signal_id=; parent_comment_text=,13:00,抖音评论,video,新的一周 瑟瑟发抖啊#内容过于真实 #股民 #基金 #王多于股之子,桑尼哥哥,7640694743189506289,https://www.douyin.com/video/7640694743189506289,,7640721276856435493,13:00,未纳入,中性,自动映射到抖音视频评论池。,,false
2026-05-17,wangduoyu,抖音评论 13:00,,,,,否,video_id=7640694743189506289; video_url=https://www.douyin.com/video/7640694743189506289; creator=王多于-股之子; like=0; reply=1; source_type=comment; yeren_signal_id=; parent_comment_text=,13:00,抖音评论,video,新的一周 瑟瑟发抖啊#内容过于真实 #股民 #基金 #王多于股之子,大周,7640694743189506289,https://www.douyin.com/video/7640694743189506289,,7640721264562176805,13:00,未纳入,中性,自动映射到抖音视频评论池。,,false
2026-05-17,wangduoyu,抖音评论 12:59,红宝丽,,,,否,video_id=7640694743189506289; video_url=https://www.douyin.com/video/7640694743189506289; creator=王多于-股之子; like=0; reply=0; source_type=comment; yeren_signal_id=; parent_comment_text=,12:59,抖音评论,video,新的一周 瑟瑟发抖啊#内容过于真实 #股民 #基金 #王多于股之子,橙大琦,7640694743189506289,https://www.douyin.com/video/7640694743189506289,,7640721042461524785,12:59,未纳入,中性,自动映射到抖音视频评论池。,,false
2026-05-17,wangduoyu,抖音评论 12:59,中利集团礼拜一让我出来吗[感谢][感谢][感谢],中利集团(002309),,中利集团(002309) 被提及 1 次，有效评论 1 条，来源 1 个，单视频线索，情绪 中性，当前判断：保留观察。,待确认,video_id=7640694743189506289; video_url=https://www.douyin.com/video/7640694743189506289; creator=王多于-股之子; like=1; reply=0; source_type=comment; yeren_signal_id=; parent_comment_text=,12:59,抖音评论,video,新的一周 瑟瑟发抖啊#内容过于真实 #股民 #基金 #王多于股之子,霄与迪的daday,7640694743189506289,https://www.douyin.com/video/7640694743189506289,,7640720956261368634,12:59,待确认,中性,自动映射到抖音视频评论池。,6.4,false
2026-05-17,wangduoyu,抖音评论 12:59,已经全仓了，等主力收割了[微笑],,,,否,video_id=7640694743189506289; video_url=https://www.douyin.com/video/7640694743189506289; creator=王多于-股之子; like=0; reply=0; source_type=comment; yeren_signal_id=; parent_comment_text=,12:59,抖音评论,video,新的一周 瑟瑟发抖啊#内容过于真实 #股民 #基金 #王多于股之子,大熊🐻先生,7640694743189506289,https://www.douyin.com/video/7640694743189506289,,7640720925771465507,12:59,未纳入,中性,自动映射到抖音视频评论池。,,false
2026-05-17,wangduoyu,抖音评论 12:59,工业[看],,,,否,video_id=7640694743189506289; video_url=https://www.douyin.com/video/7640694743189506289; creator=王多于-股之子; like=0; reply=0; source_type=comment; yeren_signal_id=; parent_comment_text=,12:59,抖音评论,video,新的一周 瑟瑟发抖啊#内容过于真实 #股民 #基金 #王多于股之子,合肥鹏诚冷冻食品,7640694743189506289,https://www.douyin.com/video/7640694743189506289,,7640720840972452657,12:59,未纳入,中性,自动映射到抖音视频评论池。,,false
2026-05-17,wangduoyu,抖音评论 12:59,通达跌停进的，第二天又是跌停[发呆],,,,否,video_id=7640694743189506289; video_url=https://www.douyin.com/video/7640694743189506289; creator=王多于-股之子; like=2; reply=1; source_type=comment; yeren_signal_id=; parent_comment_text=,12:59,抖音评论,video,新的一周 瑟瑟发抖啊#内容过于真实 #股民 #基金 #王多于股之子,W·,7640694743189506289,https://www.douyin.com/video/7640694743189506289,,7640720800987185966,12:59,未纳入,中性,自动映射到抖音视频评论池。,,false
2026-05-17,wangduoyu,抖音评论 12:58,长电科技[捂脸],长电科技(600584),,长电科技(600584) 被提及 2 次，有效评论 2 条，来源 1 个，单视频线索，情绪 中性，当前判断：保留观察。,待确认,video_id=7640694743189506289; video_url=https://www.douyin.com/video/7640694743189506289; creator=王多于-股之子; like=0; reply=0; source_type=comment; yeren_signal_id=; parent_comment_text=,12:58,抖音评论,video,新的一周 瑟瑟发抖啊#内容过于真实 #股民 #基金 #王多于股之子,一二，布布,7640694743189506289,https://www.douyin.com/video/7640694743189506289,,7640720770701198086,12:58,待确认,中性,自动映射到抖音视频评论池。,6.9,false
2026-05-17,wangduoyu,抖音评论 12:58,中体。京能。一个半仓,,,,否,video_id=7640694743189506289; video_url=https://www.douyin.com/video/7640694743189506289; creator=王多于-股之子; like=0; reply=0; source_type=comment; yeren_signal_id=; parent_comment_text=,12:58,抖音评论,video,新的一周 瑟瑟发抖啊#内容过于真实 #股民 #基金 #王多于股之子,纯属虚构,7640694743189506289,https://www.douyin.com/video/7640694743189506289,,7640720769634485029,12:58,未纳入,中性,自动映射到抖音视频评论池。,,false
2026-05-17,wangduoyu,抖音评论 12:58,光纤跑不跑,,,,否,video_id=7640694743189506289; video_url=https://www.douyin.com/video/7640694743189506289; creator=王多于-股之子; like=0; reply=0; source_type=comment; yeren_signal_id=; parent_comment_text=,12:58,抖音评论,video,新的一周 瑟瑟发抖啊#内容过于真实 #股民 #基金 #王多于股之子,鸡蛋,7640694743189506289,https://www.douyin.com/video/7640694743189506289,,7640720733047489339,12:58,未纳入,中性,自动映射到抖音视频评论池。,,false
2026-05-17,wangduoyu,抖音评论 12:58,大唐不行就大元，开始炒朝代了[图片表情],,,,否,video_id=7640694743189506289; video_url=https://www.douyin.com/video/7640694743189506289; creator=王多于-股之子; like=4; reply=2; source_type=comment; yeren_signal_id=; parent_comment_text=,12:58,抖音评论,video,新的一周 瑟瑟发抖啊#内容过于真实 #股民 #基金 #王多于股之子,一库forever,7640694743189506289,https://www.douyin.com/video/7640694743189506289,,7640720717844415269,12:58,未纳入,中性,自动映射到抖音视频评论池。,,false
2026-05-17,wangduoyu,抖音评论 12:57,统一,,,,否,video_id=7640694743189506289; video_url=https://www.douyin.com/video/7640694743189506289; creator=王多于-股之子; like=0; reply=0; source_type=comment; yeren_signal_id=; parent_comment_text=,12:57,抖音评论,video,新的一周 瑟瑟发抖啊#内容过于真实 #股民 #基金 #王多于股之子,×,7640694743189506289,https://www.douyin.com/video/7640694743189506289,,7640720288472236849,12:57,未纳入,中性,自动映射到抖音视频评论池。,,false
2026-05-17,wangduoyu,抖音评论 12:56,六国化工梭哈,六国化工(600470),,六国化工(600470) 被提及 1 次，有效评论 1 条，来源 1 个，单视频线索，情绪 中性，当前判断：保留观察。,待确认,video_id=7640694743189506289; video_url=https://www.douyin.com/video/7640694743189506289; creator=王多于-股之子; like=0; reply=1; source_type=comment; yeren_signal_id=; parent_comment_text=,12:56,抖音评论,video,新的一周 瑟瑟发抖啊#内容过于真实 #股民 #基金 #王多于股之子,美滋滋6699,7640694743189506289,https://www.douyin.com/video/7640694743189506289,,7640720152628167487,12:56,待确认,中性,自动映射到抖音视频评论池。,6.4,false
2026-05-17,wangduoyu,抖音评论 12:55,太阳能，大唐控异动，太阳能低位维持板块热度,太阳能(000591),,太阳能(000591) 被提及 1 次，有效评论 1 条，来源 1 个，单视频线索，情绪 中性，当前判断：保留观察。,待确认,video_id=7640694743189506289; video_url=https://www.douyin.com/video/7640694743189506289; creator=王多于-股之子; like=0; reply=2; source_type=comment; yeren_signal_id=; parent_comment_text=,12:55,抖音评论,video,新的一周 瑟瑟发抖啊#内容过于真实 #股民 #基金 #王多于股之子,一个橙子🍊,7640694743189506289,https://www.douyin.com/video/7640694743189506289,,7640719984188310329,12:55,待确认,中性,自动映射到抖音视频评论池。,6.4,false
2026-05-17,wangduoyu,抖音评论 12:55,燕京啤酒埋伏世界杯,燕京啤酒(000729),,燕京啤酒(000729) 被提及 1 次，有效评论 1 条，来源 1 个，单视频线索，情绪 中性，当前判断：保留观察。,待确认,video_id=7640694743189506289; video_url=https://www.douyin.com/video/7640694743189506289; creator=王多于-股之子; like=0; reply=0; source_type=comment; yeren_signal_id=; parent_comment_text=,12:55,抖音评论,video,新的一周 瑟瑟发抖啊#内容过于真实 #股民 #基金 #王多于股之子,凌晨的海,7640694743189506289,https://www.douyin.com/video/7640694743189506289,,7640719899580941093,12:55,待确认,中性,自动映射到抖音视频评论池。,6.4,false
2026-05-17,wangduoyu,抖音评论 12:54,[九转大肠][九转大肠][九转大肠]我特么一直单吊中石油，周五想做个T，全卖飞了……进了商业航天、科技硬件……我特么……[流泪][流泪][流泪],,,,否,video_id=7640694743189506289; video_url=https://www.douyin.com/video/7640694743189506289; creator=王多于-股之子; like=0; reply=0; source_type=comment; yeren_signal_id=; parent_comment_text=,12:54,抖音评论,video,新的一周 瑟瑟发抖啊#内容过于真实 #股民 #基金 #王多于股之子,阿海哥哥,7640694743189506289,https://www.douyin.com/video/7640694743189506289,,7640719627816289073,12:54,未纳入,中性,自动映射到抖音视频评论池。,,false
2026-05-17,wangduoyu,抖音评论 12:54,甘肃能源,甘肃能源(000791),,甘肃能源(000791) 被提及 1 次，有效评论 1 条，来源 1 个，单视频线索，情绪 中性，当前判断：保留观察。,待确认,video_id=7640694743189506289; video_url=https://www.douyin.com/video/7640694743189506289; creator=王多于-股之子; like=0; reply=0; source_type=comment; yeren_signal_id=; parent_comment_text=,12:54,抖音评论,video,新的一周 瑟瑟发抖啊#内容过于真实 #股民 #基金 #王多于股之子,灯火葳蕤,7640694743189506289,https://www.douyin.com/video/7640694743189506289,,7640719603123405619,12:54,待确认,中性,自动映射到抖音视频评论池。,6.4,false
2026-05-17,wangduoyu,抖音评论 12:53,华电能源明天低开加仓,华电能源(600726),,华电能源(600726) 被提及 2 次，有效评论 2 条，来源 1 个，单视频线索，情绪 中性，当前判断：已进入推荐候选。,是,video_id=7640694743189506289; video_url=https://www.douyin.com/video/7640694743189506289; creator=王多于-股之子; like=0; reply=0; source_type=comment; yeren_signal_id=; parent_comment_text=,12:53,抖音评论,video,新的一周 瑟瑟发抖啊#内容过于真实 #股民 #基金 #王多于股之子,1771492178,7640694743189506289,https://www.douyin.com/video/7640694743189506289,,7640719486152344369,12:53,已纳入,中性,自动映射到抖音视频评论池。,7.7,true
2026-05-17,wangduoyu,抖音评论 12:53,不要发抖[呲牙][呲牙]当你们都恐惧的时候，就是我该冲的时候了[呲牙],,,,否,video_id=7640694743189506289; video_url=https://www.douyin.com/video/7640694743189506289; creator=王多于-股之子; like=0; reply=0; source_type=comment; yeren_signal_id=; parent_comment_text=,12:53,抖音评论,video,新的一周 瑟瑟发抖啊#内容过于真实 #股民 #基金 #王多于股之子,方方方,7640694743189506289,https://www.douyin.com/video/7640694743189506289,,7640719475742032674,12:53,未纳入,中性,自动映射到抖音视频评论池。,,false
2026-05-17,wangduoyu,抖音评论 12:53,看到好多人都在推巨轮智能,巨轮智能(002031),,巨轮智能(002031) 被提及 2 次，有效评论 2 条，来源 1 个，单视频线索，情绪 中性，当前判断：保留观察。,待确认,video_id=7640694743189506289; video_url=https://www.douyin.com/video/7640694743189506289; creator=王多于-股之子; like=0; reply=5; source_type=comment; yeren_signal_id=; parent_comment_text=,12:53,抖音评论,video,新的一周 瑟瑟发抖啊#内容过于真实 #股民 #基金 #王多于股之子,可爱小猪,7640694743189506289,https://www.douyin.com/video/7640694743189506289,,7640719437876380462,12:53,待确认,中性,自动映射到抖音视频评论池。,6.9,false
2026-05-17,wangduoyu,抖音评论 12:52,明天还得是电力,,,,否,video_id=7640694743189506289; video_url=https://www.douyin.com/video/7640694743189506289; creator=王多于-股之子; like=0; reply=0; source_type=comment; yeren_signal_id=; parent_comment_text=,12:52,抖音评论,video,新的一周 瑟瑟发抖啊#内容过于真实 #股民 #基金 #王多于股之子,吴皇か万岁,7640694743189506289,https://www.douyin.com/video/7640694743189506289,,7640719008124650298,12:52,未纳入,中性,自动映射到抖音视频评论池。,,false
2026-05-17,wangduoyu,抖音评论 12:52,我也被套航天发展里面了[捂脸],航天发展(000547),商业航天;军工电子,航天发展(000547) 被提及 2 次，有效评论 2 条，来源 1 个，单视频线索，情绪 谨慎，当前判断：偏风险观察。,否,video_id=7640694743189506289; video_url=https://www.douyin.com/video/7640694743189506289; creator=王多于-股之子; like=0; reply=0; source_type=comment; yeren_signal_id=; parent_comment_text=,12:52,抖音评论,video,新的一周 瑟瑟发抖啊#内容过于真实 #股民 #基金 #王多于股之子,流星追蝴蝶🦋,7640694743189506289,https://www.douyin.com/video/7640694743189506289,,7640718993158718251,12:52,未纳入,谨慎,自动映射到抖音视频评论池。,6.3,false
2026-05-17,wangduoyu,抖音评论 12:51,各位大佬，金风科技怎么样27.6进的,金风科技(002202),,金风科技(002202) 被提及 1 次，有效评论 1 条，来源 1 个，单视频线索，情绪 中性，当前判断：保留观察。,待确认,video_id=7640694743189506289; video_url=https://www.douyin.com/video/7640694743189506289; creator=王多于-股之子; like=1; reply=1; source_type=comment; yeren_signal_id=; parent_comment_text=,12:51,抖音评论,video,新的一周 瑟瑟发抖啊#内容过于真实 #股民 #基金 #王多于股之子,Andy,7640694743189506289,https://www.douyin.com/video/7640694743189506289,,7640718876632302373,12:51,待确认,中性,自动映射到抖音视频评论池。,6.4,false
2026-05-17,wangduoyu,抖音评论 12:51,三安星期五接近跌停了，星期一能不能红？,,,,否,video_id=7640694743189506289; video_url=https://www.douyin.com/video/7640694743189506289; creator=王多于-股之子; like=0; reply=3; source_type=comment; yeren_signal_id=; parent_comment_text=,12:51,抖音评论,video,新的一周 瑟瑟发抖啊#内容过于真实 #股民 #基金 #王多于股之子,💞英,7640694743189506289,https://www.douyin.com/video/7640694743189506289,,7640718843186938687,12:51,未纳入,中性,自动映射到抖音视频评论池。,,false
2026-05-17,wangduoyu,抖音评论 12:50,引力,,,,否,video_id=7640694743189506289; video_url=https://www.douyin.com/video/7640694743189506289; creator=王多于-股之子; like=0; reply=0; source_type=comment; yeren_signal_id=; parent_comment_text=,12:50,抖音评论,video,新的一周 瑟瑟发抖啊#内容过于真实 #股民 #基金 #王多于股之子,有两层貂,7640694743189506289,https://www.douyin.com/video/7640694743189506289,,7640718609195516723,12:50,未纳入,中性,自动映射到抖音视频评论池。,,false
2026-05-17,wangduoyu,抖音评论 12:50,长城汽车 逢低买入,长城汽车(601633),,长城汽车(601633) 被提及 1 次，有效评论 1 条，来源 1 个，单视频线索，情绪 看多，当前判断：保留观察。,待确认,video_id=7640694743189506289; video_url=https://www.douyin.com/video/7640694743189506289; creator=王多于-股之子; like=0; reply=0; source_type=comment; yeren_signal_id=; parent_comment_text=,12:50,抖音评论,video,新的一周 瑟瑟发抖啊#内容过于真实 #股民 #基金 #王多于股之子,森布布,7640694743189506289,https://www.douyin.com/video/7640694743189506289,,7640718599557415718,12:50,待确认,看多,自动映射到抖音视频评论池。,6.4,false
2026-05-17,wangduoyu,抖音评论 12:49,不怕，拿住,,,,否,video_id=7640694743189506289; video_url=https://www.douyin.com/video/7640694743189506289; creator=王多于-股之子; like=0; reply=0; source_type=comment; yeren_signal_id=; parent_comment_text=,12:49,抖音评论,video,新的一周 瑟瑟发抖啊#内容过于真实 #股民 #基金 #王多于股之子,随心订,7640694743189506289,https://www.douyin.com/video/7640694743189506289,,7640718446841774907,12:49,未纳入,中性,自动映射到抖音视频评论池。,,false
2026-05-17,wangduoyu,抖音评论 12:49,巨力赶紧跑,,,,否,video_id=7640694743189506289; video_url=https://www.douyin.com/video/7640694743189506289; creator=王多于-股之子; like=0; reply=0; source_type=comment; yeren_signal_id=; parent_comment_text=,12:49,抖音评论,video,新的一周 瑟瑟发抖啊#内容过于真实 #股民 #基金 #王多于股之子,钢蛋,7640694743189506289,https://www.douyin.com/video/7640694743189506289,,7640718362188628774,12:49,未纳入,中性,自动映射到抖音视频评论池。,,false
2026-05-17,wangduoyu,抖音评论 12:49,神剑股份…巨力见监狱，只能去神剑了。[尬笑],神剑股份(002361),,神剑股份(002361) 被提及 1 次，有效评论 1 条，来源 1 个，单视频线索，情绪 中性，当前判断：保留观察。,待确认,video_id=7640694743189506289; video_url=https://www.douyin.com/video/7640694743189506289; creator=王多于-股之子; like=0; reply=4; source_type=comment; yeren_signal_id=; parent_comment_text=,12:49,抖音评论,video,新的一周 瑟瑟发抖啊#内容过于真实 #股民 #基金 #王多于股之子,🃏杨了个阳,7640694743189506289,https://www.douyin.com/video/7640694743189506289,,7640718305770767153,12:49,待确认,中性,自动映射到抖音视频评论池。,6.4,false
2026-05-17,wangduoyu,抖音评论 12:48,哪位大佬给我看看我的奥瑞德该怎么办,奥瑞德(600666),,奥瑞德(600666) 被提及 1 次，有效评论 1 条，来源 1 个，单视频线索，情绪 中性，当前判断：保留观察。,待确认,video_id=7640694743189506289; video_url=https://www.douyin.com/video/7640694743189506289; creator=王多于-股之子; like=0; reply=3; source_type=comment; yeren_signal_id=; parent_comment_text=,12:48,抖音评论,video,新的一周 瑟瑟发抖啊#内容过于真实 #股民 #基金 #王多于股之子,合理☞滕,7640694743189506289,https://www.douyin.com/video/7640694743189506289,,7640718207095063353,12:48,待确认,中性,自动映射到抖音视频评论池。,6.4,false
2026-05-17,wangduoyu,抖音评论 12:48,化工[调皮],,,,否,video_id=7640694743189506289; video_url=https://www.douyin.com/video/7640694743189506289; creator=王多于-股之子; like=0; reply=0; source_type=comment; yeren_signal_id=; parent_comment_text=,12:48,抖音评论,video,新的一周 瑟瑟发抖啊#内容过于真实 #股民 #基金 #王多于股之子,收到不回复yu,7640694743189506289,https://www.douyin.com/video/7640694743189506289,,7640718142544986932,12:48,未纳入,中性,自动映射到抖音视频评论池。,,false
2026-05-17,wangduoyu,抖音评论 12:48,巨轮只能等这里了,,,,否,video_id=7640694743189506289; video_url=https://www.douyin.com/video/7640694743189506289; creator=王多于-股之子; like=0; reply=0; source_type=comment; yeren_signal_id=; parent_comment_text=,12:48,抖音评论,video,新的一周 瑟瑟发抖啊#内容过于真实 #股民 #基金 #王多于股之子,槑槑,7640694743189506289,https://www.douyin.com/video/7640694743189506289,,7640718051133915953,12:48,未纳入,中性,自动映射到抖音视频评论池。,,false
2026-05-17,wangduoyu,抖音评论 12:53,直接破4100点,,,,否,video_id=7640694743189506289; video_url=https://www.douyin.com/video/7640694743189506289; creator=王多于-股之子; like=0; reply=0; source_type=comment; yeren_signal_id=; parent_comment_text=,12:53,抖音评论,video,新的一周 瑟瑟发抖啊#内容过于真实 #股民 #基金 #王多于股之子,美滋滋6699,7640694743189506289,https://www.douyin.com/video/7640694743189506289,,7640719488228393791,12:53,未纳入,中性,自动映射到抖音视频评论池。,,false
2026-05-17,wangduoyu,抖音评论 12:48,氢氟酸涨价逻辑，这个会有持续么？,,,,否,video_id=7640694743189506289; video_url=https://www.douyin.com/video/7640694743189506289; creator=王多于-股之子; like=1; reply=1; source_type=comment; yeren_signal_id=; parent_comment_text=,12:48,抖音评论,video,新的一周 瑟瑟发抖啊#内容过于真实 #股民 #基金 #王多于股之子,MU-鱼猎人,7640694743189506289,https://www.douyin.com/video/7640694743189506289,,7640718027004527409,12:48,未纳入,中性,自动映射到抖音视频评论池。,,false
2026-05-17,wangduoyu,抖音评论 12:46,一字跌停！巨力深渊啊！,,,,否,video_id=7640694743189506289; video_url=https://www.douyin.com/video/7640694743189506289; creator=王多于-股之子; like=0; reply=2; source_type=comment; yeren_signal_id=; parent_comment_text=,12:46,抖音评论,video,新的一周 瑟瑟发抖啊#内容过于真实 #股民 #基金 #王多于股之子,电缆明i,7640694743189506289,https://www.douyin.com/video/7640694743189506289,,7640717573709234993,12:46,未纳入,中性,自动映射到抖音视频评论池。,,false
2026-05-17,wangduoyu,抖音评论 12:46,白银lof,,,,否,video_id=7640694743189506289; video_url=https://www.douyin.com/video/7640694743189506289; creator=王多于-股之子; like=0; reply=0; source_type=comment; yeren_signal_id=; parent_comment_text=,12:46,抖音评论,video,新的一周 瑟瑟发抖啊#内容过于真实 #股民 #基金 #王多于股之子,伊森⚡️,7640694743189506289,https://www.douyin.com/video/7640694743189506289,,7640717554910446373,12:46,未纳入,中性,自动映射到抖音视频评论池。,,false
2026-05-17,wangduoyu,抖音评论 12:46,肯定不会大跌了，周一必红！都慌鸡毛，买起来,,,,否,video_id=7640694743189506289; video_url=https://www.douyin.com/video/7640694743189506289; creator=王多于-股之子; like=0; reply=0; source_type=comment; yeren_signal_id=; parent_comment_text=,12:46,抖音评论,video,新的一周 瑟瑟发抖啊#内容过于真实 #股民 #基金 #王多于股之子,海蛎子,7640694743189506289,https://www.douyin.com/video/7640694743189506289,,7640717459058639653,12:46,未纳入,中性,自动映射到抖音视频评论池。,,false
2026-05-17,wangduoyu,抖音评论 12:45,继续看砸[抠鼻],,,,否,video_id=7640694743189506289; video_url=https://www.douyin.com/video/7640694743189506289; creator=王多于-股之子; like=0; reply=0; source_type=comment; yeren_signal_id=; parent_comment_text=,12:45,抖音评论,video,新的一周 瑟瑟发抖啊#内容过于真实 #股民 #基金 #王多于股之子,H╬═飞,7640694743189506289,https://www.douyin.com/video/7640694743189506289,,7640717365441102629,12:45,未纳入,中性,自动映射到抖音视频评论池。,,false
2026-05-17,wangduoyu,抖音评论 12:45,津药有没有祖父祖母帮忙看看，进入就掉 20[泣不成声][泣不成声]今年怕赚不回来了吧[泣不成声],,,,否,video_id=7640694743189506289; video_url=https://www.douyin.com/video/7640694743189506289; creator=王多于-股之子; like=1; reply=2; source_type=comment; yeren_signal_id=; parent_comment_text=,12:45,抖音评论,video,新的一周 瑟瑟发抖啊#内容过于真实 #股民 #基金 #王多于股之子,星火,7640694743189506289,https://www.douyin.com/video/7640694743189506289,,7640717209409176366,12:45,未纳入,中性,自动映射到抖音视频评论池。,,false
2026-05-17,wangduoyu,抖音评论 12:45,高端制造 实体经济[微笑],,,,否,video_id=7640694743189506289; video_url=https://www.douyin.com/video/7640694743189506289; creator=王多于-股之子; like=0; reply=0; source_type=comment; yeren_signal_id=; parent_comment_text=,12:45,抖音评论,video,新的一周 瑟瑟发抖啊#内容过于真实 #股民 #基金 #王多于股之子,勇敢的心～,7640694743189506289,https://www.douyin.com/video/7640694743189506289,,7640717183319868209,12:45,未纳入,中性,自动映射到抖音视频评论池。,,false
2026-05-17,wangduoyu,抖音评论 12:44,天奇天奇,,,,否,video_id=7640694743189506289; video_url=https://www.douyin.com/video/7640694743189506289; creator=王多于-股之子; like=0; reply=0; source_type=comment; yeren_signal_id=; parent_comment_text=,12:44,抖音评论,video,新的一周 瑟瑟发抖啊#内容过于真实 #股民 #基金 #王多于股之子,🌈🥴 🥴,7640694743189506289,https://www.douyin.com/video/7640694743189506289,,7640717134825997093,12:44,未纳入,中性,自动映射到抖音视频评论池。,,false
2026-05-17,wangduoyu,抖音评论 12:44,半导体设备拉直线,,,,否,video_id=7640694743189506289; video_url=https://www.douyin.com/video/7640694743189506289; creator=王多于-股之子; like=0; reply=0; source_type=comment; yeren_signal_id=; parent_comment_text=,12:44,抖音评论,video,新的一周 瑟瑟发抖啊#内容过于真实 #股民 #基金 #王多于股之子,95后老实人🔥,7640694743189506289,https://www.douyin.com/video/7640694743189506289,,7640716924079293233,12:44,未纳入,中性,自动映射到抖音视频评论池。,,false
2026-05-17,wangduoyu,抖音评论 12:43,巨力索命 包起飞的,,,,否,video_id=7640694743189506289; video_url=https://www.douyin.com/video/7640694743189506289; creator=王多于-股之子; like=0; reply=0; source_type=comment; yeren_signal_id=; parent_comment_text=,12:43,抖音评论,video,新的一周 瑟瑟发抖啊#内容过于真实 #股民 #基金 #王多于股之子,川,7640694743189506289,https://www.douyin.com/video/7640694743189506289,,7640716797372924706,12:43,未纳入,中性,自动映射到抖音视频评论池。,,false
2026-05-17,wangduoyu,抖音评论 12:41,救命,,,,否,video_id=7640694743189506289; video_url=https://www.douyin.com/video/7640694743189506289; creator=王多于-股之子; like=0; reply=0; source_type=comment; yeren_signal_id=; parent_comment_text=,12:41,抖音评论,video,新的一周 瑟瑟发抖啊#内容过于真实 #股民 #基金 #王多于股之子,ST 陈帜,7640694743189506289,https://www.douyin.com/video/7640694743189506289,,7640716308527481637,12:41,未纳入,中性,自动映射到抖音视频评论池。,,false
2026-05-17,wangduoyu,抖音评论 12:40,明天还得低开低走,,,,否,video_id=7640694743189506289; video_url=https://www.douyin.com/video/7640694743189506289; creator=王多于-股之子; like=0; reply=0; source_type=comment; yeren_signal_id=; parent_comment_text=,12:40,抖音评论,video,新的一周 瑟瑟发抖啊#内容过于真实 #股民 #基金 #王多于股之子,a我的天空,7640694743189506289,https://www.douyin.com/video/7640694743189506289,,7640716137197945650,12:40,未纳入,中性,自动映射到抖音视频评论池。,,false
2026-05-17,wangduoyu,抖音评论 12:39,存储芯片，中国长城，等止跌介入，拿两周,中国长城(000066),,中国长城(000066) 被提及 2 次，有效评论 2 条，来源 1 个，单视频线索，情绪 谨慎，当前判断：偏风险观察。,否,video_id=7640694743189506289; video_url=https://www.douyin.com/video/7640694743189506289; creator=王多于-股之子; like=0; reply=1; source_type=comment; yeren_signal_id=; parent_comment_text=,12:39,抖音评论,video,新的一周 瑟瑟发抖啊#内容过于真实 #股民 #基金 #王多于股之子,半夏.,7640694743189506289,https://www.douyin.com/video/7640694743189506289,,7640715861779153713,12:39,未纳入,谨慎,自动映射到抖音视频评论池。,6.3,false
2026-05-17,wangduoyu,抖音评论 12:39,我喂一支呀，亏损也算我的,,,,否,video_id=7640694743189506289; video_url=https://www.douyin.com/video/7640694743189506289; creator=王多于-股之子; like=0; reply=5; source_type=comment; yeren_signal_id=; parent_comment_text=,12:39,抖音评论,video,新的一周 瑟瑟发抖啊#内容过于真实 #股民 #基金 #王多于股之子,李世巧,7640694743189506289,https://www.douyin.com/video/7640694743189506289,,7640715733174371107,12:39,未纳入,中性,自动映射到抖音视频评论池。,,false
2026-05-17,wangduoyu,抖音评论 12:39,掉了两天不是减仓就是观望，进场的少之又少，满仓的更是很少，所以明天正是大涨的好几会，板块我感觉还是以科技为主，因为全网都在传，算电协同，所以主力偏偏不会给你这个机会,,,,否,video_id=7640694743189506289; video_url=https://www.douyin.com/video/7640694743189506289; creator=王多于-股之子; like=0; reply=1; source_type=comment; yeren_signal_id=; parent_comment_text=,12:39,抖音评论,video,新的一周 瑟瑟发抖啊#内容过于真实 #股民 #基金 #王多于股之子,轻风1,7640694743189506289,https://www.douyin.com/video/7640694743189506289,,7640715712302269203,12:39,未纳入,中性,自动映射到抖音视频评论池。,,false
2026-05-17,wangduoyu,抖音评论 12:39,人工智能ETF和商业航天ETF怎么看啊，盈利的，两天给我全部变负了[苦涩],,,,否,video_id=7640694743189506289; video_url=https://www.douyin.com/video/7640694743189506289; creator=王多于-股之子; like=0; reply=0; source_type=comment; yeren_signal_id=; parent_comment_text=,12:39,抖音评论,video,新的一周 瑟瑟发抖啊#内容过于真实 #股民 #基金 #王多于股之子,未来不是梦,7640694743189506289,https://www.douyin.com/video/7640694743189506289,,7640715678103061300,12:39,未纳入,中性,自动映射到抖音视频评论池。,,false
2026-05-17,wangduoyu,抖音评论 12:37,博云拿一周，5个点,,,,否,video_id=7640694743189506289; video_url=https://www.douyin.com/video/7640694743189506289; creator=王多于-股之子; like=0; reply=0; source_type=comment; yeren_signal_id=; parent_comment_text=,12:37,抖音评论,video,新的一周 瑟瑟发抖啊#内容过于真实 #股民 #基金 #王多于股之子,布日古德,7640694743189506289,https://www.douyin.com/video/7640694743189506289,,7640715366121964325,12:37,未纳入,中性,自动映射到抖音视频评论池。,,false
2026-05-17,wangduoyu,抖音评论 12:37,安妮gf福彩彩票[看][看],,,,否,video_id=7640694743189506289; video_url=https://www.douyin.com/video/7640694743189506289; creator=王多于-股之子; like=0; reply=0; source_type=comment; yeren_signal_id=; parent_comment_text=,12:37,抖音评论,video,新的一周 瑟瑟发抖啊#内容过于真实 #股民 #基金 #王多于股之子,红烧肉,7640694743189506289,https://www.douyin.com/video/7640694743189506289,,7640715249969578806,12:37,未纳入,中性,自动映射到抖音视频评论池。,,false
2026-05-17,wangduoyu,抖音评论 12:37,下周3600,,,,否,video_id=7640694743189506289; video_url=https://www.douyin.com/video/7640694743189506289; creator=王多于-股之子; like=0; reply=0; source_type=comment; yeren_signal_id=; parent_comment_text=,12:37,抖音评论,video,新的一周 瑟瑟发抖啊#内容过于真实 #股民 #基金 #王多于股之子,Ray,7640694743189506289,https://www.douyin.com/video/7640694743189506289,,7640715230532944677,12:37,未纳入,中性,自动映射到抖音视频评论池。,,false
2026-05-17,wangduoyu,抖音评论 12:37,首先世界杯，然后  博纳的《四渡》！其余再说,,,,否,video_id=7640694743189506289; video_url=https://www.douyin.com/video/7640694743189506289; creator=王多于-股之子; like=0; reply=0; source_type=comment; yeren_signal_id=; parent_comment_text=,12:37,抖音评论,video,新的一周 瑟瑟发抖啊#内容过于真实 #股民 #基金 #王多于股之子,超哥,7640694743189506289,https://www.douyin.com/video/7640694743189506289,,7640715157911651121,12:37,未纳入,中性,自动映射到抖音视频评论池。,,false
2026-05-17,wangduoyu,抖音评论 12:37,华电辽宁,,,,否,video_id=7640694743189506289; video_url=https://www.douyin.com/video/7640694743189506289; creator=王多于-股之子; like=0; reply=0; source_type=comment; yeren_signal_id=; parent_comment_text=,12:37,抖音评论,video,新的一周 瑟瑟发抖啊#内容过于真实 #股民 #基金 #王多于股之子,我有个武林梦,7640694743189506289,https://www.douyin.com/video/7640694743189506289,,7640715117634781987,12:37,未纳入,中性,自动映射到抖音视频评论池。,,false
2026-05-17,wangduoyu,抖音评论 12:36,我也瑟瑟发抖，满仓[流泪]每次大跌我都全仓，大涨我都轻仓[流泪][流泪],,,,否,video_id=7640694743189506289; video_url=https://www.douyin.com/video/7640694743189506289; creator=王多于-股之子; like=1; reply=1; source_type=comment; yeren_signal_id=; parent_comment_text=,12:36,抖音评论,video,新的一周 瑟瑟发抖啊#内容过于真实 #股民 #基金 #王多于股之子,小团子是只小兔子,7640694743189506289,https://www.douyin.com/video/7640694743189506289,,7640714976229016357,12:36,未纳入,中性,自动映射到抖音视频评论池。,,false
2026-05-17,wangduoyu,抖音评论 12:36,汉森制药,汉森制药(002412),,汉森制药(002412) 被提及 1 次，有效评论 1 条，来源 1 个，单视频线索，情绪 中性，当前判断：保留观察。,待确认,video_id=7640694743189506289; video_url=https://www.douyin.com/video/7640694743189506289; creator=王多于-股之子; like=0; reply=0; source_type=comment; yeren_signal_id=; parent_comment_text=,12:36,抖音评论,video,新的一周 瑟瑟发抖啊#内容过于真实 #股民 #基金 #王多于股之子,只关注丑的,7640694743189506289,https://www.douyin.com/video/7640694743189506289,,7640714876495921955,12:36,待确认,中性,自动映射到抖音视频评论池。,6.4,false
2026-05-17,wangduoyu,抖音评论 12:35,云南锗业怎么看？？,云南锗业(002428),小金属;半导体材料,云南锗业(002428) 被提及 1 次，有效评论 1 条，来源 1 个，单视频线索，情绪 中性，当前判断：保留观察。,待确认,video_id=7640694743189506289; video_url=https://www.douyin.com/video/7640694743189506289; creator=王多于-股之子; like=0; reply=0; source_type=comment; yeren_signal_id=; parent_comment_text=,12:35,抖音评论,video,新的一周 瑟瑟发抖啊#内容过于真实 #股民 #基金 #王多于股之子,东京第一深情,7640694743189506289,https://www.douyin.com/video/7640694743189506289,,7640714855239205669,12:35,待确认,中性,自动映射到抖音视频评论池。,6.4,false
2026-05-17,wangduoyu,抖音评论 12:35,我的都创新低了，我看他还要咋跌[捂脸],,,,否,video_id=7640694743189506289; video_url=https://www.douyin.com/video/7640694743189506289; creator=王多于-股之子; like=0; reply=0; source_type=comment; yeren_signal_id=; parent_comment_text=,12:35,抖音评论,video,新的一周 瑟瑟发抖啊#内容过于真实 #股民 #基金 #王多于股之子,小韭菜,7640694743189506289,https://www.douyin.com/video/7640694743189506289,,7640714799718269759,12:35,未纳入,中性,自动映射到抖音视频评论池。,,false
2026-05-17,wangduoyu,抖音评论 12:35,美年健康,美年健康(002044),,美年健康(002044) 被提及 1 次，有效评论 1 条，来源 1 个，单视频线索，情绪 中性，当前判断：保留观察。,待确认,video_id=7640694743189506289; video_url=https://www.douyin.com/video/7640694743189506289; creator=王多于-股之子; like=0; reply=0; source_type=comment; yeren_signal_id=; parent_comment_text=,12:35,抖音评论,video,新的一周 瑟瑟发抖啊#内容过于真实 #股民 #基金 #王多于股之子,(-^〇^-)大叔,7640694743189506289,https://www.douyin.com/video/7640694743189506289,,7640714694252364585,12:35,待确认,中性,自动映射到抖音视频评论池。,6.4,false
2026-05-17,wangduoyu,抖音评论 12:35,单调天赐股份，看到100,,,,否,video_id=7640694743189506289; video_url=https://www.douyin.com/video/7640694743189506289; creator=王多于-股之子; like=0; reply=3; source_type=comment; yeren_signal_id=; parent_comment_text=,12:35,抖音评论,video,新的一周 瑟瑟发抖啊#内容过于真实 #股民 #基金 #王多于股之子,🈚️,7640694743189506289,https://www.douyin.com/video/7640694743189506289,,7640714652159574821,12:35,未纳入,中性,自动映射到抖音视频评论池。,,false
2026-05-17,wangduoyu,抖音评论 12:35,巨轮智能,巨轮智能(002031),,巨轮智能(002031) 被提及 2 次，有效评论 2 条，来源 1 个，单视频线索，情绪 中性，当前判断：保留观察。,待确认,video_id=7640694743189506289; video_url=https://www.douyin.com/video/7640694743189506289; creator=王多于-股之子; like=0; reply=0; source_type=comment; yeren_signal_id=; parent_comment_text=,12:35,抖音评论,video,新的一周 瑟瑟发抖啊#内容过于真实 #股民 #基金 #王多于股之子,木灬淼易,7640694743189506289,https://www.douyin.com/video/7640694743189506289,,7640714639861498681,12:35,待确认,中性,自动映射到抖音视频评论池。,6.9,false
2026-05-17,wangduoyu,抖音评论 12:34,我的江特电机,江特电机(002176),,江特电机(002176) 被提及 2 次，有效评论 2 条，来源 1 个，单视频线索，情绪 中性，当前判断：保留观察。,待确认,video_id=7640694743189506289; video_url=https://www.douyin.com/video/7640694743189506289; creator=王多于-股之子; like=0; reply=15; source_type=comment; yeren_signal_id=; parent_comment_text=,12:34,抖音评论,video,新的一周 瑟瑟发抖啊#内容过于真实 #股民 #基金 #王多于股之子,Gai 溜达,7640694743189506289,https://www.douyin.com/video/7640694743189506289,,7640714490967376677,12:34,待确认,中性,自动映射到抖音视频评论池。,6.9,false
2026-05-17,wangduoyu,抖音评论 12:34,下周一可以打新，9.50左右可以进场,,,,否,video_id=7640694743189506289; video_url=https://www.douyin.com/video/7640694743189506289; creator=王多于-股之子; like=0; reply=0; source_type=comment; yeren_signal_id=; parent_comment_text=,12:34,抖音评论,video,新的一周 瑟瑟发抖啊#内容过于真实 #股民 #基金 #王多于股之子,夏天、,7640694743189506289,https://www.douyin.com/video/7640694743189506289,,7640714475763516187,12:34,未纳入,中性,自动映射到抖音视频评论池。,,false
2026-05-17,wangduoyu,抖音评论 12:33,小商品，一周左右应该可以。,,,,否,video_id=7640694743189506289; video_url=https://www.douyin.com/video/7640694743189506289; creator=王多于-股之子; like=0; reply=1; source_type=comment; yeren_signal_id=; parent_comment_text=,12:33,抖音评论,video,新的一周 瑟瑟发抖啊#内容过于真实 #股民 #基金 #王多于股之子,837743758,7640694743189506289,https://www.douyin.com/video/7640694743189506289,,7640714314290512675,12:33,未纳入,中性,自动映射到抖音视频评论池。,,false
2026-05-17,wangduoyu,抖音评论 12:33,满仓露笑[流泪],,,,否,video_id=7640694743189506289; video_url=https://www.douyin.com/video/7640694743189506289; creator=王多于-股之子; like=0; reply=0; source_type=comment; yeren_signal_id=; parent_comment_text=,12:33,抖音评论,video,新的一周 瑟瑟发抖啊#内容过于真实 #股民 #基金 #王多于股之子,କ¨人生如茶¹⁹⁹⁶,7640694743189506289,https://www.douyin.com/video/7640694743189506289,,7640714294124708614,12:33,未纳入,中性,自动映射到抖音视频评论池。,,false
2026-05-17,wangduoyu,抖音评论 12:33,已经套的没法动了，但愿星期一不要再暴跌[流泪][流泪],,,,否,video_id=7640694743189506289; video_url=https://www.douyin.com/video/7640694743189506289; creator=王多于-股之子; like=1; reply=0; source_type=comment; yeren_signal_id=; parent_comment_text=,12:33,抖音评论,video,新的一周 瑟瑟发抖啊#内容过于真实 #股民 #基金 #王多于股之子,梅花,7640694743189506289,https://www.douyin.com/video/7640694743189506289,,7640714275908535074,12:33,未纳入,中性,自动映射到抖音视频评论池。,,false
2026-05-17,wangduoyu,抖音评论 12:33,不要怕。我们先回调了。千万不要随便交筹码。看还是看科技三傻。什么世界杯都是垃圾,,,,否,video_id=7640694743189506289; video_url=https://www.douyin.com/video/7640694743189506289; creator=王多于-股之子; like=0; reply=0; source_type=comment; yeren_signal_id=; parent_comment_text=,12:33,抖音评论,video,新的一周 瑟瑟发抖啊#内容过于真实 #股民 #基金 #王多于股之子,老司机,7640694743189506289,https://www.douyin.com/video/7640694743189506289,,7640714242009776905,12:33,未纳入,中性,自动映射到抖音视频评论池。,,false
2026-05-17,wangduoyu,抖音评论 12:33,翔鹭,,,,否,video_id=7640694743189506289; video_url=https://www.douyin.com/video/7640694743189506289; creator=王多于-股之子; like=0; reply=0; source_type=comment; yeren_signal_id=; parent_comment_text=,12:33,抖音评论,video,新的一周 瑟瑟发抖啊#内容过于真实 #股民 #基金 #王多于股之子,SUN,7640694743189506289,https://www.douyin.com/video/7640694743189506289,,7640714228227244849,12:33,未纳入,中性,自动映射到抖音视频评论池。,,false
2026-05-17,wangduoyu,抖音评论 12:33,黄河,,,,否,video_id=7640694743189506289; video_url=https://www.douyin.com/video/7640694743189506289; creator=王多于-股之子; like=0; reply=0; source_type=comment; yeren_signal_id=; parent_comment_text=,12:33,抖音评论,video,新的一周 瑟瑟发抖啊#内容过于真实 #股民 #基金 #王多于股之子,羽z,7640694743189506289,https://www.douyin.com/video/7640694743189506289,,7640714145121239865,12:33,未纳入,中性,自动映射到抖音视频评论池。,,false
2026-05-17,wangduoyu,抖音评论 12:32,"永顺泰      青岛啤酒 
吃肉了记得回来感谢我[看]",永顺泰(001338);青岛啤酒(600600),,永顺泰(001338) 被提及 1 次，有效评论 1 条，来源 1 个，单视频线索，情绪 中性，当前判断：保留观察。；青岛啤酒(600600) 被提及 1 次，有效评论 1 条，来源 1 个，单视频线索，情绪 中性，当前判断：保留观察。,待确认,video_id=7640694743189506289; video_url=https://www.douyin.com/video/7640694743189506289; creator=王多于-股之子; like=0; reply=1; source_type=comment; yeren_signal_id=; parent_comment_text=,12:32,抖音评论,video,新的一周 瑟瑟发抖啊#内容过于真实 #股民 #基金 #王多于股之子,一生所爱,7640694743189506289,https://www.douyin.com/video/7640694743189506289,,7640714072355341105,12:32,待确认,中性,自动映射到抖音视频评论池。,6.4,false
2026-05-17,wangduoyu,抖音评论 12:32,佛祖保佑[微笑][微笑]，我想看到我的票都飘红[微笑],,,,否,video_id=7640694743189506289; video_url=https://www.douyin.com/video/7640694743189506289; creator=王多于-股之子; like=2; reply=0; source_type=comment; yeren_signal_id=; parent_comment_text=,12:32,抖音评论,video,新的一周 瑟瑟发抖啊#内容过于真实 #股民 #基金 #王多于股之子,A菇凉,7640694743189506289,https://www.douyin.com/video/7640694743189506289,,7640713973663318842,12:32,未纳入,中性,自动映射到抖音视频评论池。,,false
2026-05-17,wangduoyu,抖音评论 12:32,算力还能拿吗,,,,否,video_id=7640694743189506289; video_url=https://www.douyin.com/video/7640694743189506289; creator=王多于-股之子; like=0; reply=0; source_type=comment; yeren_signal_id=; parent_comment_text=,12:32,抖音评论,video,新的一周 瑟瑟发抖啊#内容过于真实 #股民 #基金 #王多于股之子,煮茶听火,7640694743189506289,https://www.douyin.com/video/7640694743189506289,,7640713918738055995,12:32,未纳入,中性,自动映射到抖音视频评论池。,,false
2026-05-17,wangduoyu,抖音评论 12:31,龙蟠，因为我有[尬笑],,,,否,video_id=7640694743189506289; video_url=https://www.douyin.com/video/7640694743189506289; creator=王多于-股之子; like=0; reply=1; source_type=comment; yeren_signal_id=; parent_comment_text=,12:31,抖音评论,video,新的一周 瑟瑟发抖啊#内容过于真实 #股民 #基金 #王多于股之子,石上听风,7640694743189506289,https://www.douyin.com/video/7640694743189506289,,7640713666106639153,12:31,未纳入,中性,自动映射到抖音视频评论池。,,false
2026-05-17,wangduoyu,抖音评论 12:31,众泰汽车,众泰汽车(000980),,众泰汽车(000980) 被提及 1 次，有效评论 1 条，来源 1 个，单视频线索，情绪 中性，当前判断：保留观察。,待确认,video_id=7640694743189506289; video_url=https://www.douyin.com/video/7640694743189506289; creator=王多于-股之子; like=0; reply=0; source_type=comment; yeren_signal_id=; parent_comment_text=,12:31,抖音评论,video,新的一周 瑟瑟发抖啊#内容过于真实 #股民 #基金 #王多于股之子,卡鲁秋,7640694743189506289,https://www.douyin.com/video/7640694743189506289,,7640713628208038694,12:31,待确认,中性,自动映射到抖音视频评论池。,6.4,false
2026-05-17,wangduoyu,抖音评论 12:31,世界杯要开了，中T产Y可以看看,,,,否,video_id=7640694743189506289; video_url=https://www.douyin.com/video/7640694743189506289; creator=王多于-股之子; like=2; reply=0; source_type=comment; yeren_signal_id=; parent_comment_text=,12:31,抖音评论,video,新的一周 瑟瑟发抖啊#内容过于真实 #股民 #基金 #王多于股之子,wangkai,7640694743189506289,https://www.douyin.com/video/7640694743189506289,,7640713612054971173,12:31,未纳入,中性,自动映射到抖音视频评论池。,,false
2026-05-17,wangduoyu,抖音评论 12:31,金石资源，明天高开直接进,金石资源(603505),,金石资源(603505) 被提及 1 次，有效评论 1 条，来源 1 个，单视频线索，情绪 中性，当前判断：保留观察。,待确认,video_id=7640694743189506289; video_url=https://www.douyin.com/video/7640694743189506289; creator=王多于-股之子; like=1; reply=1; source_type=comment; yeren_signal_id=; parent_comment_text=,12:31,抖音评论,video,新的一周 瑟瑟发抖啊#内容过于真实 #股民 #基金 #王多于股之子,家有多肉,7640694743189506289,https://www.douyin.com/video/7640694743189506289,,7640713602886533907,12:31,待确认,中性,自动映射到抖音视频评论池。,6.4,false
2026-05-17,wangduoyu,抖音评论 12:30,鸿博，没别的原因，我在里面被套住了。,,,,否,video_id=7640694743189506289; video_url=https://www.douyin.com/video/7640694743189506289; creator=王多于-股之子; like=0; reply=0; source_type=comment; yeren_signal_id=; parent_comment_text=,12:30,抖音评论,video,新的一周 瑟瑟发抖啊#内容过于真实 #股民 #基金 #王多于股之子,星寻,7640694743189506289,https://www.douyin.com/video/7640694743189506289,,7640713558695691042,12:30,未纳入,中性,自动映射到抖音视频评论池。,,false
2026-05-17,wangduoyu,抖音评论 12:30,小商品城,小商品城(600415),,小商品城(600415) 被提及 2 次，有效评论 2 条，来源 1 个，单视频线索，情绪 中性，当前判断：已进入推荐候选。,是,video_id=7640694743189506289; video_url=https://www.douyin.com/video/7640694743189506289; creator=王多于-股之子; like=1; reply=0; source_type=comment; yeren_signal_id=; parent_comment_text=,12:30,抖音评论,video,新的一周 瑟瑟发抖啊#内容过于真实 #股民 #基金 #王多于股之子,柠檬,7640694743189506289,https://www.douyin.com/video/7640694743189506289,,7640713555416007461,12:30,已纳入,中性,自动映射到抖音视频评论池。,7.7,true
2026-05-17,wangduoyu,抖音评论 12:30,博云怎么样呀，有没有大哥帮我看看,,,,否,video_id=7640694743189506289; video_url=https://www.douyin.com/video/7640694743189506289; creator=王多于-股之子; like=0; reply=0; source_type=comment; yeren_signal_id=; parent_comment_text=,12:30,抖音评论,video,新的一周 瑟瑟发抖啊#内容过于真实 #股民 #基金 #王多于股之子,ㅤㅤㅤㅤ.,7640694743189506289,https://www.douyin.com/video/7640694743189506289,,7640713540038574906,12:30,未纳入,中性,自动映射到抖音视频评论池。,,false
2026-05-17,wangduoyu,抖音评论 12:30,选出来的人形机器人 雷赛  科力,机器人(300024),,机器人(300024) 被提及 9 次，有效评论 9 条，来源 1 个，单视频线索，情绪 中性，当前判断：已进入推荐候选。,是,video_id=7640694743189506289; video_url=https://www.douyin.com/video/7640694743189506289; creator=王多于-股之子; like=0; reply=0; source_type=comment; yeren_signal_id=; parent_comment_text=,12:30,抖音评论,video,新的一周 瑟瑟发抖啊#内容过于真实 #股民 #基金 #王多于股之子,￥123456789,7640694743189506289,https://www.douyin.com/video/7640694743189506289,,7640713466654950179,12:30,已纳入,中性,自动映射到抖音视频评论池。,9.6,true
2026-05-17,wangduoyu,抖音评论 12:30,不慌，伊朗明天都开市了,,,,否,video_id=7640694743189506289; video_url=https://www.douyin.com/video/7640694743189506289; creator=王多于-股之子; like=1; reply=0; source_type=comment; yeren_signal_id=; parent_comment_text=,12:30,抖音评论,video,新的一周 瑟瑟发抖啊#内容过于真实 #股民 #基金 #王多于股之子,奋斗过的人😐,7640694743189506289,https://www.douyin.com/video/7640694743189506289,,7640713315014886180,12:30,未纳入,中性,自动映射到抖音视频评论池。,,false
2026-05-17,wangduoyu,抖音评论 12:29,万润科技，鹏鼎控股，周一准备麻袋[捂脸],万润科技(002654);鹏鼎控股(002938),,万润科技(002654) 被提及 1 次，有效评论 1 条，来源 1 个，单视频线索，情绪 中性，当前判断：保留观察。；鹏鼎控股(002938) 被提及 1 次，有效评论 1 条，来源 1 个，单视频线索，情绪 中性，当前判断：保留观察。,待确认,video_id=7640694743189506289; video_url=https://www.douyin.com/video/7640694743189506289; creator=王多于-股之子; like=1; reply=6; source_type=comment; yeren_signal_id=; parent_comment_text=,12:29,抖音评论,video,新的一周 瑟瑟发抖啊#内容过于真实 #股民 #基金 #王多于股之子,艺可欣辰🌈,7640694743189506289,https://www.douyin.com/video/7640694743189506289,,7640713310354014986,12:29,待确认,中性,自动映射到抖音视频评论池。,6.4,false
2026-05-17,wangduoyu,抖音评论 12:29,蓝思,,,,否,video_id=7640694743189506289; video_url=https://www.douyin.com/video/7640694743189506289; creator=王多于-股之子; like=0; reply=0; source_type=comment; yeren_signal_id=; parent_comment_text=,12:29,抖音评论,video,新的一周 瑟瑟发抖啊#内容过于真实 #股民 #基金 #王多于股之子,楠男南难i,7640694743189506289,https://www.douyin.com/video/7640694743189506289,,7640713240900616997,12:29,未纳入,中性,自动映射到抖音视频评论池。,,false
2026-05-17,wangduoyu,抖音评论 12:29,巨轮,,,,否,video_id=7640694743189506289; video_url=https://www.douyin.com/video/7640694743189506289; creator=王多于-股之子; like=0; reply=0; source_type=comment; yeren_signal_id=; parent_comment_text=,12:29,抖音评论,video,新的一周 瑟瑟发抖啊#内容过于真实 #股民 #基金 #王多于股之子,Emotionormal,7640694743189506289,https://www.douyin.com/video/7640694743189506289,,7640713201584718638,12:29,未纳入,中性,自动映射到抖音视频评论池。,,false
2026-05-17,wangduoyu,抖音评论 12:29,蓝思,,,,否,video_id=7640694743189506289; video_url=https://www.douyin.com/video/7640694743189506289; creator=王多于-股之子; like=0; reply=0; source_type=comment; yeren_signal_id=; parent_comment_text=,12:29,抖音评论,video,新的一周 瑟瑟发抖啊#内容过于真实 #股民 #基金 #王多于股之子,楠男南难i,7640694743189506289,https://www.douyin.com/video/7640694743189506289,,7640713240900616997,12:29,未纳入,中性,自动映射到抖音视频评论池。,,false
2026-05-17,wangduoyu,抖音评论 12:29,巨轮,,,,否,video_id=7640694743189506289; video_url=https://www.douyin.com/video/7640694743189506289; creator=王多于-股之子; like=0; reply=0; source_type=comment; yeren_signal_id=; parent_comment_text=,12:29,抖音评论,video,新的一周 瑟瑟发抖啊#内容过于真实 #股民 #基金 #王多于股之子,Emotionormal,7640694743189506289,https://www.douyin.com/video/7640694743189506289,,7640713201584718638,12:29,未纳入,中性,自动映射到抖音视频评论池。,,false
2026-05-17,wangduoyu,抖音评论 12:28,凌云光,凌云光(688400),,凌云光(688400) 被提及 1 次，有效评论 1 条，来源 1 个，单视频线索，情绪 中性，当前判断：保留观察。,待确认,video_id=7640694743189506289; video_url=https://www.douyin.com/video/7640694743189506289; creator=王多于-股之子; like=0; reply=0; source_type=comment; yeren_signal_id=; parent_comment_text=,12:28,抖音评论,video,新的一周 瑟瑟发抖啊#内容过于真实 #股民 #基金 #王多于股之子,阿垚¹²,7640694743189506289,https://www.douyin.com/video/7640694743189506289,,7640712927305204517,12:28,待确认,中性,自动映射到抖音视频评论池。,6.4,false
2026-05-17,wangduoyu,抖音评论 12:28,中油工程,中油工程(600339),,中油工程(600339) 被提及 1 次，有效评论 1 条，来源 1 个，单视频线索，情绪 中性，当前判断：保留观察。,待确认,video_id=7640694743189506289; video_url=https://www.douyin.com/video/7640694743189506289; creator=王多于-股之子; like=0; reply=0; source_type=comment; yeren_signal_id=; parent_comment_text=,12:28,抖音评论,video,新的一周 瑟瑟发抖啊#内容过于真实 #股民 #基金 #王多于股之子,渔夫,7640694743189506289,https://www.douyin.com/video/7640694743189506289,,7640712808829895439,12:28,待确认,中性,自动映射到抖音视频评论池。,6.4,false
2026-05-17,wangduoyu,抖音评论 12:27,再升，下周三十个点[看],,,,否,video_id=7640694743189506289; video_url=https://www.douyin.com/video/7640694743189506289; creator=王多于-股之子; like=1; reply=3; source_type=comment; yeren_signal_id=; parent_comment_text=,12:27,抖音评论,video,新的一周 瑟瑟发抖啊#内容过于真实 #股民 #基金 #王多于股之子,岁月和风细雨,7640694743189506289,https://www.douyin.com/video/7640694743189506289,,7640712692136166179,12:27,未纳入,中性,自动映射到抖音视频评论池。,,false
2026-05-17,wangduoyu,抖音评论 12:27,辽宁能源怎么说？,辽宁能源(600758),,辽宁能源(600758) 被提及 1 次，有效评论 1 条，来源 1 个，单视频线索，情绪 中性，当前判断：保留观察。,待确认,video_id=7640694743189506289; video_url=https://www.douyin.com/video/7640694743189506289; creator=王多于-股之子; like=0; reply=2; source_type=comment; yeren_signal_id=; parent_comment_text=,12:27,抖音评论,video,新的一周 瑟瑟发抖啊#内容过于真实 #股民 #基金 #王多于股之子,王鑫📿,7640694743189506289,https://www.douyin.com/video/7640694743189506289,,7640712554692444986,12:27,待确认,中性,自动映射到抖音视频评论池。,6.4,false
2026-05-17,wangduoyu,抖音评论 12:26,A杀 反弹立场,,,,否,video_id=7640694743189506289; video_url=https://www.douyin.com/video/7640694743189506289; creator=王多于-股之子; like=0; reply=0; source_type=comment; yeren_signal_id=; parent_comment_text=,12:26,抖音评论,video,新的一周 瑟瑟发抖啊#内容过于真实 #股民 #基金 #王多于股之子,温辞.WencIIye,7640694743189506289,https://www.douyin.com/video/7640694743189506289,,7640712525785318193,12:26,未纳入,中性,自动映射到抖音视频评论池。,,false
2026-05-17,wangduoyu,抖音评论 12:30,"梭哈机器人，逢跌就加，大胆吃肉
，记得回来感谢我",机器人(300024),,机器人(300024) 被提及 9 次，有效评论 9 条，来源 1 个，单视频线索，情绪 中性，当前判断：已进入推荐候选。,是,video_id=7640694743189506289; video_url=https://www.douyin.com/video/7640694743189506289; creator=王多于-股之子; like=3; reply=1; source_type=comment; yeren_signal_id=; parent_comment_text=,12:30,抖音评论,video,新的一周 瑟瑟发抖啊#内容过于真实 #股民 #基金 #王多于股之子,一生所爱,7640694743189506289,https://www.douyin.com/video/7640694743189506289,,7640713405037642545,12:30,已纳入,中性,自动映射到抖音视频评论池。,9.6,true
2026-05-17,wangduoyu,抖音评论 12:26,天tong,,,,否,video_id=7640694743189506289; video_url=https://www.douyin.com/video/7640694743189506289; creator=王多于-股之子; like=0; reply=3; source_type=comment; yeren_signal_id=; parent_comment_text=,12:26,抖音评论,video,新的一周 瑟瑟发抖啊#内容过于真实 #股民 #基金 #王多于股之子,峰,7640694743189506289,https://www.douyin.com/video/7640694743189506289,,7640712456126825265,12:26,未纳入,中性,自动映射到抖音视频评论池。,,false
2026-05-17,wangduoyu,抖音评论 12:26,单吊环旭，日月光亲儿子，越跌越加[比心],,,,否,video_id=7640694743189506289; video_url=https://www.douyin.com/video/7640694743189506289; creator=王多于-股之子; like=0; reply=1; source_type=comment; yeren_signal_id=; parent_comment_text=,12:26,抖音评论,video,新的一周 瑟瑟发抖啊#内容过于真实 #股民 #基金 #王多于股之子,美丽的搬运工,7640694743189506289,https://www.douyin.com/video/7640694743189506289,,7640712421033165577,12:26,未纳入,中性,自动映射到抖音视频评论池。,,false
2026-05-17,wangduoyu,抖音评论 12:26,云南楮业怎么办，重仓[发怒],,,,否,video_id=7640694743189506289; video_url=https://www.douyin.com/video/7640694743189506289; creator=王多于-股之子; like=0; reply=0; source_type=comment; yeren_signal_id=; parent_comment_text=,12:26,抖音评论,video,新的一周 瑟瑟发抖啊#内容过于真实 #股民 #基金 #王多于股之子,夯大力的健身日常,7640694743189506289,https://www.douyin.com/video/7640694743189506289,,7640712370260034331,12:26,未纳入,中性,自动映射到抖音视频评论池。,,false
2026-05-17,wangduoyu,抖音评论 12:26,五粮液[赞],,,,否,video_id=7640694743189506289; video_url=https://www.douyin.com/video/7640694743189506289; creator=王多于-股之子; like=1; reply=0; source_type=comment; yeren_signal_id=; parent_comment_text=,12:26,抖音评论,video,新的一周 瑟瑟发抖啊#内容过于真实 #股民 #基金 #王多于股之子,帆,7640694743189506289,https://www.douyin.com/video/7640694743189506289,,7640712348886008582,12:26,未纳入,中性,自动映射到抖音视频评论池。,,false
2026-05-17,wangduoyu,抖音评论 12:25,引力传媒至少3连板,引力传媒(603598),,引力传媒(603598) 被提及 1 次，有效评论 1 条，来源 1 个，单视频线索，情绪 中性，当前判断：保留观察。,待确认,video_id=7640694743189506289; video_url=https://www.douyin.com/video/7640694743189506289; creator=王多于-股之子; like=2; reply=4; source_type=comment; yeren_signal_id=; parent_comment_text=,12:25,抖音评论,video,新的一周 瑟瑟发抖啊#内容过于真实 #股民 #基金 #王多于股之子,行业黑马,7640694743189506289,https://www.douyin.com/video/7640694743189506289,,7640712224360776482,12:25,待确认,中性,自动映射到抖音视频评论池。,6.4,false
2026-05-17,wangduoyu,抖音评论 12:25,这么说吧，长裕集团[看],长裕集团(603407),,长裕集团(603407) 被提及 1 次，有效评论 1 条，来源 1 个，单视频线索，情绪 中性，当前判断：保留观察。,待确认,video_id=7640694743189506289; video_url=https://www.douyin.com/video/7640694743189506289; creator=王多于-股之子; like=0; reply=0; source_type=comment; yeren_signal_id=; parent_comment_text=,12:25,抖音评论,video,新的一周 瑟瑟发抖啊#内容过于真实 #股民 #基金 #王多于股之子,⛵️陪一根🚬,7640694743189506289,https://www.douyin.com/video/7640694743189506289,,7640712167147258651,12:25,待确认,中性,自动映射到抖音视频评论池。,6.4,false
2026-05-17,wangduoyu,抖音评论 12:25,世界杯，，中体产业啊，,中体产业(600158),,中体产业(600158) 被提及 1 次，有效评论 1 条，来源 1 个，单视频线索，情绪 中性，当前判断：保留观察。,待确认,video_id=7640694743189506289; video_url=https://www.douyin.com/video/7640694743189506289; creator=王多于-股之子; like=0; reply=0; source_type=comment; yeren_signal_id=; parent_comment_text=,12:25,抖音评论,video,新的一周 瑟瑟发抖啊#内容过于真实 #股民 #基金 #王多于股之子,未雨绸缪             🕷️,7640694743189506289,https://www.douyin.com/video/7640694743189506289,,7640712152868979493,12:25,待确认,中性,自动映射到抖音视频评论池。,6.4,false
2026-05-17,wangduoyu,抖音评论 12:25,周一大涨  逃狱的人大涨,,,,否,video_id=7640694743189506289; video_url=https://www.douyin.com/video/7640694743189506289; creator=王多于-股之子; like=0; reply=0; source_type=comment; yeren_signal_id=; parent_comment_text=,12:25,抖音评论,video,新的一周 瑟瑟发抖啊#内容过于真实 #股民 #基金 #王多于股之子,Set  sail again,7640694743189506289,https://www.douyin.com/video/7640694743189506289,,7640712128589202203,12:25,未纳入,中性,自动映射到抖音视频评论池。,,false
2026-05-17,wangduoyu,抖音评论 12:25,长海股份怎么看各位大佬,长海股份(300196),,长海股份(300196) 被提及 1 次，有效评论 1 条，来源 1 个，单视频线索，情绪 中性，当前判断：保留观察。,待确认,video_id=7640694743189506289; video_url=https://www.douyin.com/video/7640694743189506289; creator=王多于-股之子; like=0; reply=0; source_type=comment; yeren_signal_id=; parent_comment_text=,12:25,抖音评论,video,新的一周 瑟瑟发抖啊#内容过于真实 #股民 #基金 #王多于股之子,H...,7640694743189506289,https://www.douyin.com/video/7640694743189506289,,7640712075005805331,12:25,待确认,中性,自动映射到抖音视频评论池。,6.4,false
2026-05-17,wangduoyu,抖音评论 12:25,建议1-3不要入场，4看情况乳,,,,否,video_id=7640694743189506289; video_url=https://www.douyin.com/video/7640694743189506289; creator=王多于-股之子; like=1; reply=0; source_type=comment; yeren_signal_id=; parent_comment_text=,12:25,抖音评论,video,新的一周 瑟瑟发抖啊#内容过于真实 #股民 #基金 #王多于股之子,爱吃麦当劳🍔,7640694743189506289,https://www.douyin.com/video/7640694743189506289,,7640712062109123328,12:25,未纳入,中性,自动映射到抖音视频评论池。,,false
2026-05-17,wangduoyu,抖音评论 12:24,圣阳已经连续两个地板了明天有没有大佬说说怎么看？,,,,否,video_id=7640694743189506289; video_url=https://www.douyin.com/video/7640694743189506289; creator=王多于-股之子; like=1; reply=0; source_type=comment; yeren_signal_id=; parent_comment_text=,12:24,抖音评论,video,新的一周 瑟瑟发抖啊#内容过于真实 #股民 #基金 #王多于股之子,兰陵神君,7640694743189506289,https://www.douyin.com/video/7640694743189506289,,7640711997789635385,12:24,未纳入,中性,自动映射到抖音视频评论池。,,false
2026-05-17,wangduoyu,抖音评论 12:24,黄毛刚走 大鹅要来了 A公子继续买单,,,,否,video_id=7640694743189506289; video_url=https://www.douyin.com/video/7640694743189506289; creator=王多于-股之子; like=1; reply=0; source_type=comment; yeren_signal_id=; parent_comment_text=,12:24,抖音评论,video,新的一周 瑟瑟发抖啊#内容过于真实 #股民 #基金 #王多于股之子,｛｛｛｛,7640694743189506289,https://www.douyin.com/video/7640694743189506289,,7640711999220204342,12:24,未纳入,中性,自动映射到抖音视频评论池。,,false
2026-05-17,wangduoyu,抖音评论 12:24,航发，有救吗？,,,,否,video_id=7640694743189506289; video_url=https://www.douyin.com/video/7640694743189506289; creator=王多于-股之子; like=0; reply=0; source_type=comment; yeren_signal_id=; parent_comment_text=,12:24,抖音评论,video,新的一周 瑟瑟发抖啊#内容过于真实 #股民 #基金 #王多于股之子,富贰姐²⁰²⁶♥,7640694743189506289,https://www.douyin.com/video/7640694743189506289,,7640711845409866533,12:24,未纳入,中性,自动映射到抖音视频评论池。,,false
2026-05-17,wangduoyu,抖音评论 12:24,值得买,值得买(300785),,值得买(300785) 被提及 1 次，有效评论 1 条，来源 1 个，单视频线索，情绪 看多，当前判断：保留观察。,待确认,video_id=7640694743189506289; video_url=https://www.douyin.com/video/7640694743189506289; creator=王多于-股之子; like=0; reply=0; source_type=comment; yeren_signal_id=; parent_comment_text=,12:24,抖音评论,video,新的一周 瑟瑟发抖啊#内容过于真实 #股民 #基金 #王多于股之子,一个美吕子,7640694743189506289,https://www.douyin.com/video/7640694743189506289,,7640711803316929329,12:24,待确认,看多,自动映射到抖音视频评论池。,6.4,false
2026-05-17,wangduoyu,抖音评论 12:24,闷杀到3800点，[苦涩][苦涩][苦涩],,,,否,video_id=7640694743189506289; video_url=https://www.douyin.com/video/7640694743189506289; creator=王多于-股之子; like=0; reply=5; source_type=comment; yeren_signal_id=; parent_comment_text=,12:24,抖音评论,video,新的一周 瑟瑟发抖啊#内容过于真实 #股民 #基金 #王多于股之子,道士头,7640694743189506289,https://www.douyin.com/video/7640694743189506289,,7640711790594442027,12:24,未纳入,中性,自动映射到抖音视频评论池。,,false
2026-05-17,wangduoyu,抖音评论 12:23,再升科技[比心],再升科技(603601),,再升科技(603601) 被提及 2 次，有效评论 2 条，来源 1 个，单视频线索，情绪 中性，当前判断：已进入推荐候选。,是,video_id=7640694743189506289; video_url=https://www.douyin.com/video/7640694743189506289; creator=王多于-股之子; like=0; reply=0; source_type=comment; yeren_signal_id=; parent_comment_text=,12:23,抖音评论,video,新的一周 瑟瑟发抖啊#内容过于真实 #股民 #基金 #王多于股之子,刚刚好,7640694743189506289,https://www.douyin.com/video/7640694743189506289,,7640711529063105337,12:23,已纳入,中性,自动映射到抖音视频评论池。,7.7,true
2026-05-17,wangduoyu,抖音评论 12:22,大跌两天，除了头铁和深套的，筹码都在机构手里，他不拉涨，套自己吗,,,,否,video_id=7640694743189506289; video_url=https://www.douyin.com/video/7640694743189506289; creator=王多于-股之子; like=1; reply=0; source_type=comment; yeren_signal_id=; parent_comment_text=,12:22,抖音评论,video,新的一周 瑟瑟发抖啊#内容过于真实 #股民 #基金 #王多于股之子,沈少,7640694743189506289,https://www.douyin.com/video/7640694743189506289,,7640711416995726139,12:22,未纳入,中性,自动映射到抖音视频评论池。,,false
2026-05-17,wangduoyu,抖音评论 12:22,方正电机,方正电机(002196),,方正电机(002196) 被提及 1 次，有效评论 1 条，来源 1 个，单视频线索，情绪 中性，当前判断：保留观察。,待确认,video_id=7640694743189506289; video_url=https://www.douyin.com/video/7640694743189506289; creator=王多于-股之子; like=0; reply=0; source_type=comment; yeren_signal_id=; parent_comment_text=,12:22,抖音评论,video,新的一周 瑟瑟发抖啊#内容过于真实 #股民 #基金 #王多于股之子,腾于晏,7640694743189506289,https://www.douyin.com/video/7640694743189506289,,7640711295561728819,12:22,待确认,中性,自动映射到抖音视频评论池。,6.4,false
2026-05-17,wangduoyu,抖音评论 12:21,黄河旋风,,,,否,video_id=7640694743189506289; video_url=https://www.douyin.com/video/7640694743189506289; creator=王多于-股之子; like=0; reply=0; source_type=comment; yeren_signal_id=; parent_comment_text=,12:21,抖音评论,video,新的一周 瑟瑟发抖啊#内容过于真实 #股民 #基金 #王多于股之子,吹江风,7640694743189506289,https://www.douyin.com/video/7640694743189506289,,7640711204517085989,12:21,未纳入,中性,自动映射到抖音视频评论池。,,false
2026-05-17,wangduoyu,抖音评论 12:28,梭哈机器人，缝跌就加，大胆吃肉,,,,否,video_id=7640694743189506289; video_url=https://www.douyin.com/video/7640694743189506289; creator=王多于-股之子; like=0; reply=0; source_type=comment; yeren_signal_id=; parent_comment_text=,12:28,抖音评论,video,新的一周 瑟瑟发抖啊#内容过于真实 #股民 #基金 #王多于股之子,一生所爱,7640694743189506289,https://www.douyin.com/video/7640694743189506289,,7640712934364955451,12:28,未纳入,中性,自动映射到抖音视频评论池。,,false
2026-05-17,wangduoyu,抖音评论 12:21,伯特利，德赛西威，浙江世宝[思考][思考],浙江世宝(002703);德赛西威(002920);伯特利(603596),,浙江世宝(002703) 被提及 1 次，有效评论 1 条，来源 1 个，单视频线索，情绪 中性，当前判断：保留观察。；德赛西威(002920) 被提及 1 次，有效评论 1 条，来源 1 个，单视频线索，情绪 中性，当前判断：保留观察。；伯特利(603596) 被提及 1 次，有效评论 1 条，来源 1 个，单视频线索，情绪 中性，当前判断：保留观察。,待确认,video_id=7640694743189506289; video_url=https://www.douyin.com/video/7640694743189506289; creator=王多于-股之子; like=0; reply=1; source_type=comment; yeren_signal_id=; parent_comment_text=,12:21,抖音评论,video,新的一周 瑟瑟发抖啊#内容过于真实 #股民 #基金 #王多于股之子,西西弗斯的夏天,7640694743189506289,https://www.douyin.com/video/7640694743189506289,,7640711089202201381,12:21,待确认,中性,自动映射到抖音视频评论池。,6.4,false
2026-05-17,wangduoyu,抖音评论 12:21,商业航天大涨，电力冲高回落，光通信平开高走,,,,否,video_id=7640694743189506289; video_url=https://www.douyin.com/video/7640694743189506289; creator=王多于-股之子; like=0; reply=0; source_type=comment; yeren_signal_id=; parent_comment_text=,12:21,抖音评论,video,新的一周 瑟瑟发抖啊#内容过于真实 #股民 #基金 #王多于股之子,繁豪|Host,7640694743189506289,https://www.douyin.com/video/7640694743189506289,,7640711065814270778,12:21,未纳入,中性,自动映射到抖音视频评论池。,,false
2026-05-17,wangduoyu,抖音评论 12:21,莲花,,,,否,video_id=7640694743189506289; video_url=https://www.douyin.com/video/7640694743189506289; creator=王多于-股之子; like=0; reply=0; source_type=comment; yeren_signal_id=; parent_comment_text=,12:21,抖音评论,video,新的一周 瑟瑟发抖啊#内容过于真实 #股民 #基金 #王多于股之子,🐮,7640694743189506289,https://www.douyin.com/video/7640694743189506289,,7640711040103105289,12:21,未纳入,中性,自动映射到抖音视频评论池。,,false
2026-05-17,wangduoyu,抖音评论 12:21,明天跑不跑。,,,评论热度较高，但暂未自动识别到明确股票线索，保留人工复核。,待确认,video_id=7640694743189506289; video_url=https://www.douyin.com/video/7640694743189506289; creator=王多于-股之子; like=3; reply=16; source_type=comment; yeren_signal_id=; parent_comment_text=,12:21,抖音评论,video,新的一周 瑟瑟发抖啊#内容过于真实 #股民 #基金 #王多于股之子,依爱,7640694743189506289,https://www.douyin.com/video/7640694743189506289,,7640710993627513646,12:21,待确认,中性,自动映射到抖音视频评论池。,6.2,false
2026-05-17,wangduoyu,抖音评论 12:20,帝尔激光！,帝尔激光(300776),,帝尔激光(300776) 被提及 1 次，有效评论 1 条，来源 1 个，单视频线索，情绪 中性，当前判断：保留观察。,待确认,video_id=7640694743189506289; video_url=https://www.douyin.com/video/7640694743189506289; creator=王多于-股之子; like=1; reply=0; source_type=comment; yeren_signal_id=; parent_comment_text=,12:20,抖音评论,video,新的一周 瑟瑟发抖啊#内容过于真实 #股民 #基金 #王多于股之子,A,7640694743189506289,https://www.douyin.com/video/7640694743189506289,,7640710952703755042,12:20,待确认,中性,自动映射到抖音视频评论池。,6.4,false
2026-05-17,wangduoyu,抖音评论 12:20,氦气 电力,,,,否,video_id=7640694743189506289; video_url=https://www.douyin.com/video/7640694743189506289; creator=王多于-股之子; like=0; reply=0; source_type=comment; yeren_signal_id=; parent_comment_text=,12:20,抖音评论,video,新的一周 瑟瑟发抖啊#内容过于真实 #股民 #基金 #王多于股之子,不归功的平安小刘,7640694743189506289,https://www.douyin.com/video/7640694743189506289,,7640710880456737551,12:20,未纳入,中性,自动映射到抖音视频评论池。,,false
2026-05-17,wangduoyu,抖音评论 12:20,晶科科技咋样啊,晶科科技(601778),电力;光伏,晶科科技(601778) 被提及 1 次，有效评论 1 条，来源 1 个，单视频线索，情绪 中性，当前判断：保留观察。,待确认,video_id=7640694743189506289; video_url=https://www.douyin.com/video/7640694743189506289; creator=王多于-股之子; like=0; reply=0; source_type=comment; yeren_signal_id=; parent_comment_text=,12:20,抖音评论,video,新的一周 瑟瑟发抖啊#内容过于真实 #股民 #基金 #王多于股之子,烧将军,7640694743189506289,https://www.douyin.com/video/7640694743189506289,,7640710872046027535,12:20,待确认,中性,自动映射到抖音视频评论池。,6.4,false
2026-05-17,wangduoyu,抖音评论 12:20,高手帮忙看看 永和智控怎么样,永和智控(002795),,永和智控(002795) 被提及 1 次，有效评论 1 条，来源 1 个，单视频线索，情绪 中性，当前判断：保留观察。,待确认,video_id=7640694743189506289; video_url=https://www.douyin.com/video/7640694743189506289; creator=王多于-股之子; like=0; reply=0; source_type=comment; yeren_signal_id=; parent_comment_text=,12:20,抖音评论,video,新的一周 瑟瑟发抖啊#内容过于真实 #股民 #基金 #王多于股之子,开开心心^_^,7640694743189506289,https://www.douyin.com/video/7640694743189506289,,7640710843566801713,12:20,待确认,中性,自动映射到抖音视频评论池。,6.4,false
2026-05-17,wangduoyu,抖音评论 12:20,直接星期五去捡便宜筹码。星期一到星期四基本上都是3500家下跌,,,,否,video_id=7640694743189506289; video_url=https://www.douyin.com/video/7640694743189506289; creator=王多于-股之子; like=0; reply=0; source_type=comment; yeren_signal_id=; parent_comment_text=,12:20,抖音评论,video,新的一周 瑟瑟发抖啊#内容过于真实 #股民 #基金 #王多于股之子,天籁之音声卡,7640694743189506289,https://www.douyin.com/video/7640694743189506289,,7640710810101056315,12:20,未纳入,中性,自动映射到抖音视频评论池。,,false
2026-05-17,wangduoyu,抖音评论 12:20,恩捷,,,,否,video_id=7640694743189506289; video_url=https://www.douyin.com/video/7640694743189506289; creator=王多于-股之子; like=0; reply=0; source_type=comment; yeren_signal_id=; parent_comment_text=,12:20,抖音评论,video,新的一周 瑟瑟发抖啊#内容过于真实 #股民 #基金 #王多于股之子,禾谷空间设计   胡徐华,7640694743189506289,https://www.douyin.com/video/7640694743189506289,,7640710747865940773,12:20,未纳入,中性,自动映射到抖音视频评论池。,,false
2026-05-17,wangduoyu,抖音评论 12:19,汉缆,,,,否,video_id=7640694743189506289; video_url=https://www.douyin.com/video/7640694743189506289; creator=王多于-股之子; like=0; reply=0; source_type=comment; yeren_signal_id=; parent_comment_text=,12:19,抖音评论,video,新的一周 瑟瑟发抖啊#内容过于真实 #股民 #基金 #王多于股之子,小娇,7640694743189506289,https://www.douyin.com/video/7640694743189506289,,7640710707171836731,12:19,未纳入,中性,自动映射到抖音视频评论池。,,false
2026-05-17,wangduoyu,抖音评论 12:19,时代出版 别不当回事,时代出版(600551),,时代出版(600551) 被提及 1 次，有效评论 1 条，来源 1 个，单视频线索，情绪 中性，当前判断：保留观察。,待确认,video_id=7640694743189506289; video_url=https://www.douyin.com/video/7640694743189506289; creator=王多于-股之子; like=0; reply=2; source_type=comment; yeren_signal_id=; parent_comment_text=,12:19,抖音评论,video,新的一周 瑟瑟发抖啊#内容过于真实 #股民 #基金 #王多于股之子,JRZz,7640694743189506289,https://www.douyin.com/video/7640694743189506289,,7640710654286676795,12:19,待确认,中性,自动映射到抖音视频评论池。,6.4,false
2026-05-17,wangduoyu,抖音评论 12:19,瑟瑟发抖，沃格,,,,否,video_id=7640694743189506289; video_url=https://www.douyin.com/video/7640694743189506289; creator=王多于-股之子; like=0; reply=0; source_type=comment; yeren_signal_id=; parent_comment_text=,12:19,抖音评论,video,新的一周 瑟瑟发抖啊#内容过于真实 #股民 #基金 #王多于股之子,晒一晒,7640694743189506289,https://www.douyin.com/video/7640694743189506289,,7640710596669637385,12:19,未纳入,中性,自动映射到抖音视频评论池。,,false
2026-05-17,wangduoyu,抖音评论 12:19,"The following is pure nonsense, just take it as a joke. ST, I have insider information, if you buy in, it will multiply by 10.The following content is pure nonsense, just take it as a joke. ST, I have insider information, if you buy in, it will multiply by 10. This is your chance to break even. Of course, if you don't break even, don't come to me to make money, don't come to me to lose money, and definitely don't come to me, because I'm just spouting nonsense.",,,,否,video_id=7640694743189506289; video_url=https://www.douyin.com/video/7640694743189506289; creator=王多于-股之子; like=0; reply=0; source_type=comment; yeren_signal_id=; parent_comment_text=,12:19,抖音评论,video,新的一周 瑟瑟发抖啊#内容过于真实 #股民 #基金 #王多于股之子,梦汀,7640694743189506289,https://www.douyin.com/video/7640694743189506289,,7640710592761135929,12:19,未纳入,中性,自动映射到抖音视频评论池。,,false
2026-05-17,wangduoyu,抖音评论 12:19,黄河旋风怎么看,,,评论热度较高，但暂未自动识别到明确股票线索，保留人工复核。,待确认,video_id=7640694743189506289; video_url=https://www.douyin.com/video/7640694743189506289; creator=王多于-股之子; like=0; reply=20; source_type=comment; yeren_signal_id=; parent_comment_text=,12:19,抖音评论,video,新的一周 瑟瑟发抖啊#内容过于真实 #股民 #基金 #王多于股之子,silence,7640694743189506289,https://www.douyin.com/video/7640694743189506289,,7640710556068643641,12:19,待确认,中性,自动映射到抖音视频评论池。,6.2,false
2026-05-17,wangduoyu,抖音评论 12:19,泰晶科技怎么看,泰晶科技(603738),,泰晶科技(603738) 被提及 1 次，有效评论 1 条，来源 1 个，单视频线索，情绪 中性，当前判断：保留观察。,待确认,video_id=7640694743189506289; video_url=https://www.douyin.com/video/7640694743189506289; creator=王多于-股之子; like=1; reply=3; source_type=comment; yeren_signal_id=; parent_comment_text=,12:19,抖音评论,video,新的一周 瑟瑟发抖啊#内容过于真实 #股民 #基金 #王多于股之子,池序,7640694743189506289,https://www.douyin.com/video/7640694743189506289,,7640710556710044453,12:19,待确认,中性,自动映射到抖音视频评论池。,6.4,false
2026-05-17,wangduoyu,抖音评论 12:19,跑跑跑,,,,否,video_id=7640694743189506289; video_url=https://www.douyin.com/video/7640694743189506289; creator=王多于-股之子; like=0; reply=0; source_type=comment; yeren_signal_id=; parent_comment_text=,12:19,抖音评论,video,新的一周 瑟瑟发抖啊#内容过于真实 #股民 #基金 #王多于股之子,时刻铭记,7640694743189506289,https://www.douyin.com/video/7640694743189506289,,7640710515421332262,12:19,未纳入,中性,自动映射到抖音视频评论池。,,false
2026-05-17,wangduoyu,抖音评论 12:18,达实有人吗,,,,否,video_id=7640694743189506289; video_url=https://www.douyin.com/video/7640694743189506289; creator=王多于-股之子; like=0; reply=0; source_type=comment; yeren_signal_id=; parent_comment_text=,12:18,抖音评论,video,新的一周 瑟瑟发抖啊#内容过于真实 #股民 #基金 #王多于股之子,小二鲜果,7640694743189506289,https://www.douyin.com/video/7640694743189506289,,7640710456835146555,12:18,未纳入,中性,自动映射到抖音视频评论池。,,false
2026-05-17,wangduoyu,抖音评论 12:18,西部材料！这才是亲义父！,西部材料(002149),,西部材料(002149) 被提及 1 次，有效评论 1 条，来源 1 个，单视频线索，情绪 中性，当前判断：保留观察。,待确认,video_id=7640694743189506289; video_url=https://www.douyin.com/video/7640694743189506289; creator=王多于-股之子; like=0; reply=0; source_type=comment; yeren_signal_id=; parent_comment_text=,12:18,抖音评论,video,新的一周 瑟瑟发抖啊#内容过于真实 #股民 #基金 #王多于股之子,仗剑行侠,7640694743189506289,https://www.douyin.com/video/7640694743189506289,,7640710412010963764,12:18,待确认,中性,自动映射到抖音视频评论池。,6.4,false
2026-05-17,wangduoyu,抖音评论 12:18,明天大盘📉,,,,否,video_id=7640694743189506289; video_url=https://www.douyin.com/video/7640694743189506289; creator=王多于-股之子; like=0; reply=0; source_type=comment; yeren_signal_id=; parent_comment_text=,12:18,抖音评论,video,新的一周 瑟瑟发抖啊#内容过于真实 #股民 #基金 #王多于股之子,🫵,7640694743189506289,https://www.douyin.com/video/7640694743189506289,,7640710401059849017,12:18,未纳入,中性,自动映射到抖音视频评论池。,,false
2026-05-17,wangduoyu,抖音评论 12:18,爱仕达，,爱仕达(002403),,爱仕达(002403) 被提及 1 次，有效评论 1 条，来源 1 个，单视频线索，情绪 中性，当前判断：保留观察。,待确认,video_id=7640694743189506289; video_url=https://www.douyin.com/video/7640694743189506289; creator=王多于-股之子; like=0; reply=0; source_type=comment; yeren_signal_id=; parent_comment_text=,12:18,抖音评论,video,新的一周 瑟瑟发抖啊#内容过于真实 #股民 #基金 #王多于股之子,撒啦嘿,7640694743189506289,https://www.douyin.com/video/7640694743189506289,,7640710289642603321,12:18,待确认,中性,自动映射到抖音视频评论池。,6.4,false
2026-05-17,wangduoyu,抖音评论 12:17,卓朗智能没人买吗？[捂脸],,,评论热度较高，但暂未自动识别到明确股票线索，保留人工复核。,待确认,video_id=7640694743189506289; video_url=https://www.douyin.com/video/7640694743189506289; creator=王多于-股之子; like=0; reply=6; source_type=comment; yeren_signal_id=; parent_comment_text=,12:17,抖音评论,video,新的一周 瑟瑟发抖啊#内容过于真实 #股民 #基金 #王多于股之子,用户379487625840,7640694743189506289,https://www.douyin.com/video/7640694743189506289,,7640710215499760424,12:17,待确认,中性,自动映射到抖音视频评论池。,6.2,false
2026-05-17,wangduoyu,抖音评论 12:18,西部材料！这才是亲义父！,西部材料(002149),,西部材料(002149) 被提及 1 次，有效评论 1 条，来源 1 个，单视频线索，情绪 中性，当前判断：保留观察。,待确认,video_id=7640694743189506289; video_url=https://www.douyin.com/video/7640694743189506289; creator=王多于-股之子; like=0; reply=0; source_type=comment; yeren_signal_id=; parent_comment_text=,12:18,抖音评论,video,新的一周 瑟瑟发抖啊#内容过于真实 #股民 #基金 #王多于股之子,仗剑行侠,7640694743189506289,https://www.douyin.com/video/7640694743189506289,,7640710412010963764,12:18,待确认,中性,自动映射到抖音视频评论池。,6.4,false
2026-05-17,wangduoyu,抖音评论 12:18,明天大盘📉,,,,否,video_id=7640694743189506289; video_url=https://www.douyin.com/video/7640694743189506289; creator=王多于-股之子; like=0; reply=0; source_type=comment; yeren_signal_id=; parent_comment_text=,12:18,抖音评论,video,新的一周 瑟瑟发抖啊#内容过于真实 #股民 #基金 #王多于股之子,🫵,7640694743189506289,https://www.douyin.com/video/7640694743189506289,,7640710401059849017,12:18,未纳入,中性,自动映射到抖音视频评论池。,,false
2026-05-17,wangduoyu,抖音评论 12:18,爱仕达，,爱仕达(002403),,爱仕达(002403) 被提及 1 次，有效评论 1 条，来源 1 个，单视频线索，情绪 中性，当前判断：保留观察。,待确认,video_id=7640694743189506289; video_url=https://www.douyin.com/video/7640694743189506289; creator=王多于-股之子; like=0; reply=0; source_type=comment; yeren_signal_id=; parent_comment_text=,12:18,抖音评论,video,新的一周 瑟瑟发抖啊#内容过于真实 #股民 #基金 #王多于股之子,撒啦嘿,7640694743189506289,https://www.douyin.com/video/7640694743189506289,,7640710289642603321,12:18,待确认,中性,自动映射到抖音视频评论池。,6.4,false
2026-05-17,wangduoyu,抖音评论 12:17,卓朗智能没人买吗？[捂脸],,,评论热度较高，但暂未自动识别到明确股票线索，保留人工复核。,待确认,video_id=7640694743189506289; video_url=https://www.douyin.com/video/7640694743189506289; creator=王多于-股之子; like=0; reply=6; source_type=comment; yeren_signal_id=; parent_comment_text=,12:17,抖音评论,video,新的一周 瑟瑟发抖啊#内容过于真实 #股民 #基金 #王多于股之子,用户379487625840,7640694743189506289,https://www.douyin.com/video/7640694743189506289,,7640710215499760424,12:17,待确认,中性,自动映射到抖音视频评论池。,6.2,false
2026-05-17,wangduoyu,抖音评论 12:17,明天商业航天要完啦！明天最好管住手。先让它跌一下,,,,否,video_id=7640694743189506289; video_url=https://www.douyin.com/video/7640694743189506289; creator=王多于-股之子; like=1; reply=0; source_type=comment; yeren_signal_id=; parent_comment_text=,12:17,抖音评论,video,新的一周 瑟瑟发抖啊#内容过于真实 #股民 #基金 #王多于股之子,一飞冲天,7640694743189506289,https://www.douyin.com/video/7640694743189506289,,7640710120238711562,12:17,未纳入,中性,自动映射到抖音视频评论池。,,false
2026-05-17,wangduoyu,抖音评论 12:17,再升科技,再升科技(603601),,再升科技(603601) 被提及 2 次，有效评论 2 条，来源 1 个，单视频线索，情绪 中性，当前判断：已进入推荐候选。,是,video_id=7640694743189506289; video_url=https://www.douyin.com/video/7640694743189506289; creator=王多于-股之子; like=0; reply=0; source_type=comment; yeren_signal_id=; parent_comment_text=,12:17,抖音评论,video,新的一周 瑟瑟发抖啊#内容过于真实 #股民 #基金 #王多于股之子,我不得跟你说,7640694743189506289,https://www.douyin.com/video/7640694743189506289,,7640710045706109738,12:17,已纳入,中性,自动映射到抖音视频评论池。,7.7,true
2026-05-17,wangduoyu,抖音评论 12:17,难道只有我一个人希望大盘一直这样绿吗[尬笑]自己去低吸看着大盘天天红心里发慌拿不住，一走人家两个一字，天天这样绿心也安了，也不心浮气躁了,,,,否,video_id=7640694743189506289; video_url=https://www.douyin.com/video/7640694743189506289; creator=王多于-股之子; like=0; reply=0; source_type=comment; yeren_signal_id=; parent_comment_text=,12:17,抖音评论,video,新的一周 瑟瑟发抖啊#内容过于真实 #股民 #基金 #王多于股之子,听雨诗意,7640694743189506289,https://www.douyin.com/video/7640694743189506289,,7640710028941640506,12:17,未纳入,中性,自动映射到抖音视频评论池。,,false
2026-05-17,wangduoyu,抖音评论 12:17,大唐明天还你接着板吗,,,,否,video_id=7640694743189506289; video_url=https://www.douyin.com/video/7640694743189506289; creator=王多于-股之子; like=0; reply=0; source_type=comment; yeren_signal_id=; parent_comment_text=,12:17,抖音评论,video,新的一周 瑟瑟发抖啊#内容过于真实 #股民 #基金 #王多于股之子,不吃蒸馍,7640694743189506289,https://www.douyin.com/video/7640694743189506289,,7640710022612550441,12:17,未纳入,中性,自动映射到抖音视频评论池。,,false
2026-05-17,wangduoyu,抖音评论 12:17,来个人，,,,,否,video_id=7640694743189506289; video_url=https://www.douyin.com/video/7640694743189506289; creator=王多于-股之子; like=0; reply=0; source_type=comment; yeren_signal_id=; parent_comment_text=,12:17,抖音评论,video,新的一周 瑟瑟发抖啊#内容过于真实 #股民 #基金 #王多于股之子,李世巧,7640694743189506289,https://www.douyin.com/video/7640694743189506289,,7640709878978052879,12:17,未纳入,中性,自动映射到抖音视频评论池。,,false
2026-05-17,wangduoyu,抖音评论 12:17,宏昌科技明天早盘应该会拉高六个点以上，主力有点狗，要么拉板要么高开低走，五一那次吃了一次亏，拉高没走,宏昌科技(301008),,宏昌科技(301008) 被提及 1 次，有效评论 1 条，来源 1 个，单视频线索，情绪 谨慎，当前判断：偏风险观察。,否,video_id=7640694743189506289; video_url=https://www.douyin.com/video/7640694743189506289; creator=王多于-股之子; like=0; reply=0; source_type=comment; yeren_signal_id=; parent_comment_text=,12:17,抖音评论,video,新的一周 瑟瑟发抖啊#内容过于真实 #股民 #基金 #王多于股之子,lง訫,7640694743189506289,https://www.douyin.com/video/7640694743189506289,,7640709990131385137,12:17,未纳入,谨慎,自动映射到抖音视频评论池。,5.9,false
2026-05-17,wangduoyu,抖音评论 12:16,全仓晋控，瑟瑟发抖怎么办[捂脸],,,,否,video_id=7640694743189506289; video_url=https://www.douyin.com/video/7640694743189506289; creator=王多于-股之子; like=0; reply=2; source_type=comment; yeren_signal_id=; parent_comment_text=,12:16,抖音评论,video,新的一周 瑟瑟发抖啊#内容过于真实 #股民 #基金 #王多于股之子,二哥！,7640694743189506289,https://www.douyin.com/video/7640694743189506289,,7640709881872122673,12:16,未纳入,中性,自动映射到抖音视频评论池。,,false
2026-05-17,wangduoyu,抖音评论 12:16,创世纪 强力新材,创世纪(300083);强力新材(300429),,创世纪(300083) 被提及 1 次，有效评论 1 条，来源 1 个，单视频线索，情绪 看多，当前判断：保留观察。；强力新材(300429) 被提及 1 次，有效评论 1 条，来源 1 个，单视频线索，情绪 看多，当前判断：保留观察。,待确认,video_id=7640694743189506289; video_url=https://www.douyin.com/video/7640694743189506289; creator=王多于-股之子; like=0; reply=0; source_type=comment; yeren_signal_id=; parent_comment_text=,12:16,抖音评论,video,新的一周 瑟瑟发抖啊#内容过于真实 #股民 #基金 #王多于股之子,吹牛不算牛,7640694743189506289,https://www.douyin.com/video/7640694743189506289,,7640709775252095780,12:16,待确认,看多,自动映射到抖音视频评论池。,6.4,false
2026-05-17,wangduoyu,抖音评论 12:16,均胜电子[黑脸],均胜电子(600699),,均胜电子(600699) 被提及 1 次，有效评论 1 条，来源 1 个，单视频线索，情绪 中性，当前判断：保留观察。,待确认,video_id=7640694743189506289; video_url=https://www.douyin.com/video/7640694743189506289; creator=王多于-股之子; like=0; reply=0; source_type=comment; yeren_signal_id=; parent_comment_text=,12:16,抖音评论,video,新的一周 瑟瑟发抖啊#内容过于真实 #股民 #基金 #王多于股之子,古镇,7640694743189506289,https://www.douyin.com/video/7640694743189506289,,7640709724560016174,12:16,待确认,中性,自动映射到抖音视频评论池。,6.4,false
2026-05-17,wangduoyu,抖音评论 12:16,彩虹,,,,否,video_id=7640694743189506289; video_url=https://www.douyin.com/video/7640694743189506289; creator=王多于-股之子; like=0; reply=0; source_type=comment; yeren_signal_id=; parent_comment_text=,12:16,抖音评论,video,新的一周 瑟瑟发抖啊#内容过于真实 #股民 #基金 #王多于股之子,名字什么,7640694743189506289,https://www.douyin.com/video/7640694743189506289,,7640709709272646459,12:16,未纳入,中性,自动映射到抖音视频评论池。,,false
2026-05-17,wangduoyu,抖音评论 12:15,贝贝南瓜,,,,否,video_id=7640694743189506289; video_url=https://www.douyin.com/video/7640694743189506289; creator=王多于-股之子; like=0; reply=0; source_type=comment; yeren_signal_id=; parent_comment_text=,12:15,抖音评论,video,新的一周 瑟瑟发抖啊#内容过于真实 #股民 #基金 #王多于股之子,🌈🌈无言。,7640694743189506289,https://www.douyin.com/video/7640694743189506289,,7640709675881415461,12:15,未纳入,中性,自动映射到抖音视频评论池。,,false
2026-05-17,wangduoyu,抖音评论 12:15,露笑科技。拿两个月看看能不能破15,露笑科技(002617),,露笑科技(002617) 被提及 1 次，有效评论 1 条，来源 1 个，单视频线索，情绪 看多，当前判断：保留观察。,待确认,video_id=7640694743189506289; video_url=https://www.douyin.com/video/7640694743189506289; creator=王多于-股之子; like=7; reply=13; source_type=comment; yeren_signal_id=; parent_comment_text=,12:15,抖音评论,video,新的一周 瑟瑟发抖啊#内容过于真实 #股民 #基金 #王多于股之子,干饭的桶,7640694743189506289,https://www.douyin.com/video/7640694743189506289,,7640709680549200677,12:15,待确认,看多,自动映射到抖音视频评论池。,6.4,false
2026-05-17,wangduoyu,抖音评论 12:15,光纤,,,,否,video_id=7640694743189506289; video_url=https://www.douyin.com/video/7640694743189506289; creator=王多于-股之子; like=0; reply=0; source_type=comment; yeren_signal_id=; parent_comment_text=,12:15,抖音评论,video,新的一周 瑟瑟发抖啊#内容过于真实 #股民 #基金 #王多于股之子,寒江雪,7640694743189506289,https://www.douyin.com/video/7640694743189506289,,7640709576417493819,12:15,未纳入,中性,自动映射到抖音视频评论池。,,false
2026-05-17,wangduoyu,抖音评论 12:15,明天高开跑路,,,,否,video_id=7640694743189506289; video_url=https://www.douyin.com/video/7640694743189506289; creator=王多于-股之子; like=0; reply=0; source_type=comment; yeren_signal_id=; parent_comment_text=,12:15,抖音评论,video,新的一周 瑟瑟发抖啊#内容过于真实 #股民 #基金 #王多于股之子,我在A市摆地摊,7640694743189506289,https://www.douyin.com/video/7640694743189506289,,7640709505504150309,12:15,未纳入,中性,自动映射到抖音视频评论池。,,false
2026-05-17,wangduoyu,抖音评论 12:14,瑟瑟发抖🥶瑟瑟发抖,,,,否,video_id=7640694743189506289; video_url=https://www.douyin.com/video/7640694743189506289; creator=王多于-股之子; like=0; reply=0; source_type=comment; yeren_signal_id=; parent_comment_text=,12:14,抖音评论,video,新的一周 瑟瑟发抖啊#内容过于真实 #股民 #基金 #王多于股之子,花果山在逃母猴,7640694743189506289,https://www.douyin.com/video/7640694743189506289,,7640709441558496037,12:14,未纳入,中性,自动映射到抖音视频评论池。,,false
2026-05-17,wangduoyu,抖音评论 12:14,"去哪里色色[呲牙]。
看辽能和大唐怎么个走法。不a杀，补涨继续。a杀，情绪退朝。机构趋势在那边a杀的情况下可能回流跷跷板。",,,,否,video_id=7640694743189506289; video_url=https://www.douyin.com/video/7640694743189506289; creator=王多于-股之子; like=1; reply=0; source_type=comment; yeren_signal_id=; parent_comment_text=,12:14,抖音评论,video,新的一周 瑟瑟发抖啊#内容过于真实 #股民 #基金 #王多于股之子,与曾逆行,7640694743189506289,https://www.douyin.com/video/7640694743189506289,,7640709389436060465,12:14,未纳入,中性,自动映射到抖音视频评论池。,,false
2026-05-17,wangduoyu,抖音评论 12:14,方正,,,,否,video_id=7640694743189506289; video_url=https://www.douyin.com/video/7640694743189506289; creator=王多于-股之子; like=0; reply=0; source_type=comment; yeren_signal_id=; parent_comment_text=,12:14,抖音评论,video,新的一周 瑟瑟发抖啊#内容过于真实 #股民 #基金 #王多于股之子,不离丶不q1,7640694743189506289,https://www.douyin.com/video/7640694743189506289,,7640709313632584507,12:14,未纳入,中性,自动映射到抖音视频评论池。,,false
2026-05-17,wangduoyu,抖音评论 12:14,电力依然是主力，机器人，光伏储能,,,,否,video_id=7640694743189506289; video_url=https://www.douyin.com/video/7640694743189506289; creator=王多于-股之子; like=0; reply=1; source_type=comment; yeren_signal_id=; parent_comment_text=,12:14,抖音评论,video,新的一周 瑟瑟发抖啊#内容过于真实 #股民 #基金 #王多于股之子,大叔☜,7640694743189506289,https://www.douyin.com/video/7640694743189506289,,7640709295004861233,12:14,未纳入,中性,自动映射到抖音视频评论池。,,false
2026-05-17,wangduoyu,抖音评论 12:14,巨轮智能,,,,否,video_id=7640694743189506289; video_url=https://www.douyin.com/video/7640694743189506289; creator=王多于-股之子; like=0; reply=0; source_type=comment; yeren_signal_id=; parent_comment_text=,12:14,抖音评论,video,新的一周 瑟瑟发抖啊#内容过于真实 #股民 #基金 #王多于股之子,随心,7640694743189506289,https://www.douyin.com/video/7640694743189506289,,7640709250717270833,12:14,未纳入,中性,自动映射到抖音视频评论池。,,false
2026-05-17,wangduoyu,抖音评论 12:13,稀土是下旬主线，问题是我还有一部分巨力[尬笑],,,,否,video_id=7640694743189506289; video_url=https://www.douyin.com/video/7640694743189506289; creator=王多于-股之子; like=0; reply=0; source_type=comment; yeren_signal_id=; parent_comment_text=,12:13,抖音评论,video,新的一周 瑟瑟发抖啊#内容过于真实 #股民 #基金 #王多于股之子,壬森奇物店,7640694743189506289,https://www.douyin.com/video/7640694743189506289,,7640709184820577059,12:13,未纳入,中性,自动映射到抖音视频评论池。,,false
2026-05-17,wangduoyu,抖音评论 12:13,好想你[泪奔],好想你(002582),,好想你(002582) 被提及 2 次，有效评论 2 条，来源 1 个，单视频线索，情绪 中性，当前判断：保留观察。,待确认,video_id=7640694743189506289; video_url=https://www.douyin.com/video/7640694743189506289; creator=王多于-股之子; like=0; reply=0; source_type=comment; yeren_signal_id=; parent_comment_text=,12:13,抖音评论,video,新的一周 瑟瑟发抖啊#内容过于真实 #股民 #基金 #王多于股之子,咖波,7640694743189506289,https://www.douyin.com/video/7640694743189506289,,7640709007556018953,12:13,待确认,中性,自动映射到抖音视频评论池。,6.9,false
2026-05-17,wangduoyu,抖音评论 12:12,宏昌电子咋办啊[流泪][流泪][流泪]亏了我13个点，有没有大佬帮我看看,宏昌电子(603002),,宏昌电子(603002) 被提及 1 次，有效评论 1 条，来源 1 个，单视频线索，情绪 谨慎，当前判断：偏风险观察。,否,video_id=7640694743189506289; video_url=https://www.douyin.com/video/7640694743189506289; creator=王多于-股之子; like=0; reply=4; source_type=comment; yeren_signal_id=; parent_comment_text=,12:12,抖音评论,video,新的一周 瑟瑟发抖啊#内容过于真实 #股民 #基金 #王多于股之子,咫尺隔山海。,7640694743189506289,https://www.douyin.com/video/7640694743189506289,,7640708921179308836,12:12,未纳入,谨慎,自动映射到抖音视频评论池。,5.9,false
2026-05-17,wangduoyu,抖音评论 12:12,水泥[黄脸干杯],,,,否,video_id=7640694743189506289; video_url=https://www.douyin.com/video/7640694743189506289; creator=王多于-股之子; like=0; reply=0; source_type=comment; yeren_signal_id=; parent_comment_text=,12:12,抖音评论,video,新的一周 瑟瑟发抖啊#内容过于真实 #股民 #基金 #王多于股之子,VVei...,7640694743189506289,https://www.douyin.com/video/7640694743189506289,,7640708921531024186,12:12,未纳入,中性,自动映射到抖音视频评论池。,,false
2026-05-17,wangduoyu,抖音评论 12:12,福晶KJ那位义父帮忙看看，要不要走，目前还有点小肉，吃大肉时没走[流泪],,,,否,video_id=7640694743189506289; video_url=https://www.douyin.com/video/7640694743189506289; creator=王多于-股之子; like=0; reply=0; source_type=comment; yeren_signal_id=; parent_comment_text=,12:12,抖音评论,video,新的一周 瑟瑟发抖啊#内容过于真实 #股民 #基金 #王多于股之子,爱哭鼻子的小孩,7640694743189506289,https://www.douyin.com/video/7640694743189506289,,7640708812902548262,12:12,未纳入,中性,自动映射到抖音视频评论池。,,false
2026-05-17,wangduoyu,抖音评论 12:12,滨海下周找机会进[摊手],,,,否,video_id=7640694743189506289; video_url=https://www.douyin.com/video/7640694743189506289; creator=王多于-股之子; like=0; reply=0; source_type=comment; yeren_signal_id=; parent_comment_text=,12:12,抖音评论,video,新的一周 瑟瑟发抖啊#内容过于真实 #股民 #基金 #王多于股之子,凉拌玛卡巴卡,7640694743189506289,https://www.douyin.com/video/7640694743189506289,,7640708727981278011,12:12,未纳入,中性,自动映射到抖音视频评论池。,,false
2026-05-17,wangduoyu,抖音评论 12:12,中稀有色,中稀有色(600259),稀土,中稀有色(600259) 被提及 1 次，有效评论 1 条，来源 1 个，单视频线索，情绪 中性，当前判断：保留观察。,待确认,video_id=7640694743189506289; video_url=https://www.douyin.com/video/7640694743189506289; creator=王多于-股之子; like=0; reply=0; source_type=comment; yeren_signal_id=; parent_comment_text=,12:12,抖音评论,video,新的一周 瑟瑟发抖啊#内容过于真实 #股民 #基金 #王多于股之子,Uuuu,7640694743189506289,https://www.douyin.com/video/7640694743189506289,,7640708686637417279,12:12,待确认,中性,自动映射到抖音视频评论池。,6.4,false
2026-05-17,wangduoyu,抖音评论 12:11,全仓圣阳,,,,否,video_id=7640694743189506289; video_url=https://www.douyin.com/video/7640694743189506289; creator=王多于-股之子; like=0; reply=3; source_type=comment; yeren_signal_id=; parent_comment_text=,12:11,抖音评论,video,新的一周 瑟瑟发抖啊#内容过于真实 #股民 #基金 #王多于股之子,土坡上的狗尾巴草,7640694743189506289,https://www.douyin.com/video/7640694743189506289,,7640708661040677675,12:11,未纳入,中性,自动映射到抖音视频评论池。,,false
2026-05-17,wangduoyu,抖音评论 12:11,敢砸敢接,,,,否,video_id=7640694743189506289; video_url=https://www.douyin.com/video/7640694743189506289; creator=王多于-股之子; like=0; reply=0; source_type=comment; yeren_signal_id=; parent_comment_text=,12:11,抖音评论,video,新的一周 瑟瑟发抖啊#内容过于真实 #股民 #基金 #王多于股之子,小裤子,7640694743189506289,https://www.douyin.com/video/7640694743189506289,,7640708632410489649,12:11,未纳入,中性,自动映射到抖音视频评论池。,,false
2026-05-17,wangduoyu,抖音评论 12:11,低开高走，半导体芯片领涨,,,,否,video_id=7640694743189506289; video_url=https://www.douyin.com/video/7640694743189506289; creator=王多于-股之子; like=0; reply=0; source_type=comment; yeren_signal_id=; parent_comment_text=,12:11,抖音评论,video,新的一周 瑟瑟发抖啊#内容过于真实 #股民 #基金 #王多于股之子,每天看店的小伙,7640694743189506289,https://www.douyin.com/video/7640694743189506289,,7640708539141587775,12:11,未纳入,中性,自动映射到抖音视频评论池。,,false
2026-05-17,wangduoyu,抖音评论 12:11,中了一签天海电子，明天不知道会怎样表现？忐忑,天海电子(001365),,天海电子(001365) 被提及 1 次，有效评论 1 条，来源 1 个，单视频线索，情绪 中性，当前判断：保留观察。,待确认,video_id=7640694743189506289; video_url=https://www.douyin.com/video/7640694743189506289; creator=王多于-股之子; like=0; reply=4; source_type=comment; yeren_signal_id=; parent_comment_text=,12:11,抖音评论,video,新的一周 瑟瑟发抖啊#内容过于真实 #股民 #基金 #王多于股之子,布鲁本鲁,7640694743189506289,https://www.douyin.com/video/7640694743189506289,,7640708510636835641,12:11,待确认,中性,自动映射到抖音视频评论池。,6.4,false
2026-05-17,wangduoyu,抖音评论 12:11,沃特，拿一周,,,,否,video_id=7640694743189506289; video_url=https://www.douyin.com/video/7640694743189506289; creator=王多于-股之子; like=2; reply=2; source_type=comment; yeren_signal_id=; parent_comment_text=,12:11,抖音评论,video,新的一周 瑟瑟发抖啊#内容过于真实 #股民 #基金 #王多于股之子,命,7640694743189506289,https://www.douyin.com/video/7640694743189506289,,7640708467762414385,12:11,未纳入,中性,自动映射到抖音视频评论池。,,false
2026-05-17,wangduoyu,抖音评论 12:10,华电辽能,华电辽能(600396),电力,华电辽能(600396) 被提及 2 次，有效评论 2 条，来源 1 个，单视频线索，情绪 中性，当前判断：保留观察。,待确认,video_id=7640694743189506289; video_url=https://www.douyin.com/video/7640694743189506289; creator=王多于-股之子; like=0; reply=0; source_type=comment; yeren_signal_id=; parent_comment_text=,12:10,抖音评论,video,新的一周 瑟瑟发抖啊#内容过于真实 #股民 #基金 #王多于股之子,16号,7640694743189506289,https://www.douyin.com/video/7640694743189506289,,7640708395418452785,12:10,待确认,中性,自动映射到抖音视频评论池。,6.9,false
2026-05-17,wangduoyu,抖音评论 12:10,帝尔激光,,,,否,video_id=7640694743189506289; video_url=https://www.douyin.com/video/7640694743189506289; creator=王多于-股之子; like=0; reply=0; source_type=comment; yeren_signal_id=; parent_comment_text=,12:10,抖音评论,video,新的一周 瑟瑟发抖啊#内容过于真实 #股民 #基金 #王多于股之子,1658,7640694743189506289,https://www.douyin.com/video/7640694743189506289,,7640708377026282277,12:10,未纳入,中性,自动映射到抖音视频评论池。,,false
2026-05-17,wangduoyu,抖音评论 12:10,我的闻泰该开门了吧,,,,否,video_id=7640694743189506289; video_url=https://www.douyin.com/video/7640694743189506289; creator=王多于-股之子; like=0; reply=2; source_type=comment; yeren_signal_id=; parent_comment_text=,12:10,抖音评论,video,新的一周 瑟瑟发抖啊#内容过于真实 #股民 #基金 #王多于股之子,旦旦,7640694743189506289,https://www.douyin.com/video/7640694743189506289,,7640708312091542314,12:10,未纳入,中性,自动映射到抖音视频评论池。,,false
2026-05-17,wangduoyu,抖音评论 12:10,潍柴重机,潍柴重机(000880),,潍柴重机(000880) 被提及 1 次，有效评论 1 条，来源 1 个，单视频线索，情绪 中性，当前判断：保留观察。,待确认,video_id=7640694743189506289; video_url=https://www.douyin.com/video/7640694743189506289; creator=王多于-股之子; like=1; reply=0; source_type=comment; yeren_signal_id=; parent_comment_text=,12:10,抖音评论,video,新的一周 瑟瑟发抖啊#内容过于真实 #股民 #基金 #王多于股之子,提笔染三行,7640694743189506289,https://www.douyin.com/video/7640694743189506289,,7640708311248274235,12:10,待确认,中性,自动映射到抖音视频评论池。,6.4,false
2026-05-17,wangduoyu,抖音评论 12:10,巨力索命,,,,否,video_id=7640694743189506289; video_url=https://www.douyin.com/video/7640694743189506289; creator=王多于-股之子; like=0; reply=0; source_type=comment; yeren_signal_id=; parent_comment_text=,12:10,抖音评论,video,新的一周 瑟瑟发抖啊#内容过于真实 #股民 #基金 #王多于股之子,🌈一叶孤舟,7640694743189506289,https://www.douyin.com/video/7640694743189506289,,7640708215051813667,12:10,未纳入,中性,自动映射到抖音视频评论池。,,false
2026-05-17,wangduoyu,抖音评论 12:10,七匹狼,,,,否,video_id=7640694743189506289; video_url=https://www.douyin.com/video/7640694743189506289; creator=王多于-股之子; like=0; reply=0; source_type=comment; yeren_signal_id=; parent_comment_text=,12:10,抖音评论,video,新的一周 瑟瑟发抖啊#内容过于真实 #股民 #基金 #王多于股之子,ABCDEFG123,7640694743189506289,https://www.douyin.com/video/7640694743189506289,,7640708161414005541,12:10,未纳入,中性,自动映射到抖音视频评论池。,,false
2026-05-17,wangduoyu,抖音评论 12:09,我要特产，北部湾港，拿到8月,北部湾港(000582),,北部湾港(000582) 被提及 1 次，有效评论 1 条，来源 1 个，单视频线索，情绪 看多，当前判断：保留观察。,待确认,video_id=7640694743189506289; video_url=https://www.douyin.com/video/7640694743189506289; creator=王多于-股之子; like=2; reply=3; source_type=comment; yeren_signal_id=; parent_comment_text=,12:09,抖音评论,video,新的一周 瑟瑟发抖啊#内容过于真实 #股民 #基金 #王多于股之子,是小鱼呀,7640694743189506289,https://www.douyin.com/video/7640694743189506289,,7640708126903501603,12:09,待确认,看多,自动映射到抖音视频评论池。,6.4,false
2026-05-17,wangduoyu,抖音评论 12:09,蓝思科技 下周见,蓝思科技(300433),,蓝思科技(300433) 被提及 1 次，有效评论 1 条，来源 1 个，单视频线索，情绪 中性，当前判断：保留观察。,待确认,video_id=7640694743189506289; video_url=https://www.douyin.com/video/7640694743189506289; creator=王多于-股之子; like=1; reply=0; source_type=comment; yeren_signal_id=; parent_comment_text=,12:09,抖音评论,video,新的一周 瑟瑟发抖啊#内容过于真实 #股民 #基金 #王多于股之子,大鑫子,7640694743189506289,https://www.douyin.com/video/7640694743189506289,,7640708024919278394,12:09,待确认,中性,自动映射到抖音视频评论池。,6.4,false
2026-05-17,wangduoyu,抖音评论 12:09,埃斯顿[不看][不看][不看][不看]不服来喷,埃斯顿(002747),,埃斯顿(002747) 被提及 1 次，有效评论 1 条，来源 1 个，单视频线索，情绪 中性，当前判断：保留观察。,待确认,video_id=7640694743189506289; video_url=https://www.douyin.com/video/7640694743189506289; creator=王多于-股之子; like=2; reply=0; source_type=comment; yeren_signal_id=; parent_comment_text=,12:09,抖音评论,video,新的一周 瑟瑟发抖啊#内容过于真实 #股民 #基金 #王多于股之子,财🐉源🐉广🐉进,7640694743189506289,https://www.douyin.com/video/7640694743189506289,,7640707969633665841,12:09,待确认,中性,自动映射到抖音视频评论池。,6.4,false
2026-05-17,wangduoyu,抖音评论 12:09,光迅科技,光迅科技(002281),,光迅科技(002281) 被提及 1 次，有效评论 1 条，来源 1 个，单视频线索，情绪 中性，当前判断：保留观察。,待确认,video_id=7640694743189506289; video_url=https://www.douyin.com/video/7640694743189506289; creator=王多于-股之子; like=0; reply=0; source_type=comment; yeren_signal_id=; parent_comment_text=,12:09,抖音评论,video,新的一周 瑟瑟发抖啊#内容过于真实 #股民 #基金 #王多于股之子,人生如戏,7640694743189506289,https://www.douyin.com/video/7640694743189506289,,7640707950877098787,12:09,待确认,中性,自动映射到抖音视频评论池。,6.4,false
2026-05-17,wangduoyu,抖音评论 12:09,再升[赞][赞][赞][赞],,,,否,video_id=7640694743189506289; video_url=https://www.douyin.com/video/7640694743189506289; creator=王多于-股之子; like=1; reply=0; source_type=comment; yeren_signal_id=; parent_comment_text=,12:09,抖音评论,video,新的一周 瑟瑟发抖啊#内容过于真实 #股民 #基金 #王多于股之子,开始@,7640694743189506289,https://www.douyin.com/video/7640694743189506289,,7640707947848565556,12:09,未纳入,中性,自动映射到抖音视频评论池。,,false
2026-05-17,wangduoyu,抖音评论 12:09,有在怡亚通的道友吗[机智][机智][机智],,,,否,video_id=7640694743189506289; video_url=https://www.douyin.com/video/7640694743189506289; creator=王多于-股之子; like=1; reply=1; source_type=comment; yeren_signal_id=; parent_comment_text=,12:09,抖音评论,video,新的一周 瑟瑟发抖啊#内容过于真实 #股民 #基金 #王多于股之子,杉谷源生态散养富硒土鸡蛋,7640694743189506289,https://www.douyin.com/video/7640694743189506289,,7640707925501035299,12:09,未纳入,中性,自动映射到抖音视频评论池。,,false
2026-05-17,wangduoyu,抖音评论 12:08,啤酒,,,,否,video_id=7640694743189506289; video_url=https://www.douyin.com/video/7640694743189506289; creator=王多于-股之子; like=0; reply=0; source_type=comment; yeren_signal_id=; parent_comment_text=,12:08,抖音评论,video,新的一周 瑟瑟发抖啊#内容过于真实 #股民 #基金 #王多于股之子,Double wealth & luck,7640694743189506289,https://www.douyin.com/video/7640694743189506289,,7640707877329797937,12:08,未纳入,中性,自动映射到抖音视频评论池。,,false
2026-05-17,wangduoyu,抖音评论 12:08,通杀，跑的快的就赢,,,,否,video_id=7640694743189506289; video_url=https://www.douyin.com/video/7640694743189506289; creator=王多于-股之子; like=0; reply=0; source_type=comment; yeren_signal_id=; parent_comment_text=,12:08,抖音评论,video,新的一周 瑟瑟发抖啊#内容过于真实 #股民 #基金 #王多于股之子,我走路🚶带风哦,7640694743189506289,https://www.douyin.com/video/7640694743189506289,,7640707772980937499,12:08,未纳入,中性,自动映射到抖音视频评论池。,,false
2026-05-17,wangduoyu,抖音评论 12:08,巨力啊[流泪][流泪][流泪],,,,否,video_id=7640694743189506289; video_url=https://www.douyin.com/video/7640694743189506289; creator=王多于-股之子; like=0; reply=0; source_type=comment; yeren_signal_id=; parent_comment_text=,12:08,抖音评论,video,新的一周 瑟瑟发抖啊#内容过于真实 #股民 #基金 #王多于股之子,不被定义的人生,7640694743189506289,https://www.douyin.com/video/7640694743189506289,,7640707764230931249,12:08,未纳入,中性,自动映射到抖音视频评论池。,,false
2026-05-17,wangduoyu,抖音评论 12:08,巨轮,,,,否,video_id=7640694743189506289; video_url=https://www.douyin.com/video/7640694743189506289; creator=王多于-股之子; like=0; reply=0; source_type=comment; yeren_signal_id=; parent_comment_text=,12:08,抖音评论,video,新的一周 瑟瑟发抖啊#内容过于真实 #股民 #基金 #王多于股之子,民航尐崽,7640694743189506289,https://www.douyin.com/video/7640694743189506289,,7640707755129504549,12:08,未纳入,中性,自动映射到抖音视频评论池。,,false
2026-05-17,wangduoyu,抖音评论 12:08,紫光股份怎么看[流泪][流泪],紫光股份(000938),,紫光股份(000938) 被提及 1 次，有效评论 1 条，来源 1 个，单视频线索，情绪 中性，当前判断：保留观察。,待确认,video_id=7640694743189506289; video_url=https://www.douyin.com/video/7640694743189506289; creator=王多于-股之子; like=0; reply=2; source_type=comment; yeren_signal_id=; parent_comment_text=,12:08,抖音评论,video,新的一周 瑟瑟发抖啊#内容过于真实 #股民 #基金 #王多于股之子,长谷深风.,7640694743189506289,https://www.douyin.com/video/7640694743189506289,,7640707667861848881,12:08,待确认,中性,自动映射到抖音视频评论池。,6.4,false
2026-05-17,wangduoyu,抖音评论 12:08,明天小阴线就最好了,,,,否,video_id=7640694743189506289; video_url=https://www.douyin.com/video/7640694743189506289; creator=王多于-股之子; like=0; reply=0; source_type=comment; yeren_signal_id=; parent_comment_text=,12:08,抖音评论,video,新的一周 瑟瑟发抖啊#内容过于真实 #股民 #基金 #王多于股之子,堂风机械工厂店,7640694743189506289,https://www.douyin.com/video/7640694743189506289,,7640707646693540671,12:08,未纳入,中性,自动映射到抖音视频评论池。,,false
2026-05-17,wangduoyu,抖音评论 12:07,天通跌停板我接了，会不会涨,,,,否,video_id=7640694743189506289; video_url=https://www.douyin.com/video/7640694743189506289; creator=王多于-股之子; like=0; reply=4; source_type=comment; yeren_signal_id=; parent_comment_text=,12:07,抖音评论,video,新的一周 瑟瑟发抖啊#内容过于真实 #股民 #基金 #王多于股之子,新语,7640694743189506289,https://www.douyin.com/video/7640694743189506289,,7640707581965222702,12:07,未纳入,中性,自动映射到抖音视频评论池。,,false
2026-05-17,wangduoyu,抖音评论 12:07,来！带一个！,,,,否,video_id=7640694743189506289; video_url=https://www.douyin.com/video/7640694743189506289; creator=王多于-股之子; like=0; reply=0; source_type=comment; yeren_signal_id=; parent_comment_text=,12:07,抖音评论,video,新的一周 瑟瑟发抖啊#内容过于真实 #股民 #基金 #王多于股之子,申晨要努力💪,7640694743189506289,https://www.douyin.com/video/7640694743189506289,,7640707517386883903,12:07,未纳入,中性,自动映射到抖音视频评论池。,,false
2026-05-17,wangduoyu,抖音评论 12:07,好想你520拉一波,好想你(002582),,好想你(002582) 被提及 2 次，有效评论 2 条，来源 1 个，单视频线索，情绪 中性，当前判断：保留观察。,待确认,video_id=7640694743189506289; video_url=https://www.douyin.com/video/7640694743189506289; creator=王多于-股之子; like=0; reply=0; source_type=comment; yeren_signal_id=; parent_comment_text=,12:07,抖音评论,video,新的一周 瑟瑟发抖啊#内容过于真实 #股民 #基金 #王多于股之子,用户3384402920644,7640694743189506289,https://www.douyin.com/video/7640694743189506289,,7640707503215854388,12:07,待确认,中性,自动映射到抖音视频评论池。,6.9,false
2026-05-17,wangduoyu,抖音评论 12:07,我的江特利润被这九阴白骨爪拿完了，明天开盘就要亏钱了,,,,否,video_id=7640694743189506289; video_url=https://www.douyin.com/video/7640694743189506289; creator=王多于-股之子; like=1; reply=0; source_type=comment; yeren_signal_id=; parent_comment_text=,12:07,抖音评论,video,新的一周 瑟瑟发抖啊#内容过于真实 #股民 #基金 #王多于股之子,烟青色,7640694743189506289,https://www.douyin.com/video/7640694743189506289,,7640707447954572032,12:07,未纳入,中性,自动映射到抖音视频评论池。,,false
2026-05-17,wangduoyu,抖音评论 12:07,你跟哪个 点赞置顶 让我们这些也跟着喝点汤[呲牙],,,,否,video_id=7640694743189506289; video_url=https://www.douyin.com/video/7640694743189506289; creator=王多于-股之子; like=0; reply=0; source_type=comment; yeren_signal_id=; parent_comment_text=,12:07,抖音评论,video,新的一周 瑟瑟发抖啊#内容过于真实 #股民 #基金 #王多于股之子,斌--,7640694743189506289,https://www.douyin.com/video/7640694743189506289,,7640707416086987578,12:07,未纳入,中性,自动映射到抖音视频评论池。,,false
2026-05-17,wangduoyu,抖音评论 12:06,福斯特，怎么办，跪🧎‍♀️求…,,,,否,video_id=7640694743189506289; video_url=https://www.douyin.com/video/7640694743189506289; creator=王多于-股之子; like=0; reply=3; source_type=comment; yeren_signal_id=; parent_comment_text=,12:06,抖音评论,video,新的一周 瑟瑟发抖啊#内容过于真实 #股民 #基金 #王多于股之子,常青树,7640694743189506289,https://www.douyin.com/video/7640694743189506289,,7640707317381776163,12:06,未纳入,中性,自动映射到抖音视频评论池。,,false
2026-05-17,wangduoyu,抖音评论 12:06,长电科技,长电科技(600584),,长电科技(600584) 被提及 2 次，有效评论 2 条，来源 1 个，单视频线索，情绪 中性，当前判断：保留观察。,待确认,video_id=7640694743189506289; video_url=https://www.douyin.com/video/7640694743189506289; creator=王多于-股之子; like=1; reply=2; source_type=comment; yeren_signal_id=; parent_comment_text=,12:06,抖音评论,video,新的一周 瑟瑟发抖啊#内容过于真实 #股民 #基金 #王多于股之子,Zn(CH₃)₂）,7640694743189506289,https://www.douyin.com/video/7640694743189506289,,7640707314915672889,12:06,待确认,中性,自动映射到抖音视频评论池。,6.9,false
2026-05-17,wangduoyu,抖音评论 12:06,有没有看神剑的？,,,,否,video_id=7640694743189506289; video_url=https://www.douyin.com/video/7640694743189506289; creator=王多于-股之子; like=0; reply=1; source_type=comment; yeren_signal_id=; parent_comment_text=,12:06,抖音评论,video,新的一周 瑟瑟发抖啊#内容过于真实 #股民 #基金 #王多于股之子,超泽晟精密,7640694743189506289,https://www.douyin.com/video/7640694743189506289,,7640707228797780745,12:06,未纳入,中性,自动映射到抖音视频评论池。,,false
2026-05-17,wangduoyu,抖音评论 12:05,汽车零部件,,,,否,video_id=7640694743189506289; video_url=https://www.douyin.com/video/7640694743189506289; creator=王多于-股之子; like=0; reply=0; source_type=comment; yeren_signal_id=; parent_comment_text=,12:05,抖音评论,video,新的一周 瑟瑟发抖啊#内容过于真实 #股民 #基金 #王多于股之子,绝望的女同看着自己的拉拉被给给调戏,7640694743189506289,https://www.douyin.com/video/7640694743189506289,,7640707058393137979,12:05,未纳入,中性,自动映射到抖音视频评论池。,,false
2026-05-17,wangduoyu,抖音评论 12:05,跌到4000,,,,否,video_id=7640694743189506289; video_url=https://www.douyin.com/video/7640694743189506289; creator=王多于-股之子; like=0; reply=0; source_type=comment; yeren_signal_id=; parent_comment_text=,12:05,抖音评论,video,新的一周 瑟瑟发抖啊#内容过于真实 #股民 #基金 #王多于股之子,就猜,7640694743189506289,https://www.douyin.com/video/7640694743189506289,,7640707042744025871,12:05,未纳入,中性,自动映射到抖音视频评论池。,,false
2026-05-17,wangduoyu,抖音评论 12:05,周一空仓[微笑],,,,否,video_id=7640694743189506289; video_url=https://www.douyin.com/video/7640694743189506289; creator=王多于-股之子; like=1; reply=0; source_type=comment; yeren_signal_id=; parent_comment_text=,12:05,抖音评论,video,新的一周 瑟瑟发抖啊#内容过于真实 #股民 #基金 #王多于股之子,心想事陈先生,7640694743189506289,https://www.douyin.com/video/7640694743189506289,,7640707046242124581,12:05,未纳入,中性,自动映射到抖音视频评论池。,,false
2026-05-17,wangduoyu,抖音评论 12:05,晋控北方火力最猛的[看],,,,否,video_id=7640694743189506289; video_url=https://www.douyin.com/video/7640694743189506289; creator=王多于-股之子; like=0; reply=3; source_type=comment; yeren_signal_id=; parent_comment_text=,12:05,抖音评论,video,新的一周 瑟瑟发抖啊#内容过于真实 #股民 #基金 #王多于股之子,又开始洗澡了,7640694743189506289,https://www.douyin.com/video/7640694743189506289,,7640707036620260139,12:05,未纳入,中性,自动映射到抖音视频评论池。,,false
2026-05-17,wangduoyu,抖音评论 12:05,华电辽能4个一字板[杀马特],华电辽能(600396),电力,华电辽能(600396) 被提及 2 次，有效评论 2 条，来源 1 个，单视频线索，情绪 中性，当前判断：保留观察。,待确认,video_id=7640694743189506289; video_url=https://www.douyin.com/video/7640694743189506289; creator=王多于-股之子; like=1; reply=5; source_type=comment; yeren_signal_id=; parent_comment_text=,12:05,抖音评论,video,新的一周 瑟瑟发抖啊#内容过于真实 #股民 #基金 #王多于股之子,小雄,7640694743189506289,https://www.douyin.com/video/7640694743189506289,,7640707010245657385,12:05,待确认,中性,自动映射到抖音视频评论池。,6.9,false
2026-05-17,wangduoyu,抖音评论 12:05,大唐稳了,,,,否,video_id=7640694743189506289; video_url=https://www.douyin.com/video/7640694743189506289; creator=王多于-股之子; like=0; reply=0; source_type=comment; yeren_signal_id=; parent_comment_text=,12:05,抖音评论,video,新的一周 瑟瑟发抖啊#内容过于真实 #股民 #基金 #王多于股之子,岷江东坡居士,7640694743189506289,https://www.douyin.com/video/7640694743189506289,,7640706897665901331,12:05,未纳入,中性,自动映射到抖音视频评论池。,,false
2026-05-17,wangduoyu,抖音评论 12:04,明天炒封测，长电,,,,否,video_id=7640694743189506289; video_url=https://www.douyin.com/video/7640694743189506289; creator=王多于-股之子; like=0; reply=5; source_type=comment; yeren_signal_id=; parent_comment_text=,12:04,抖音评论,video,新的一周 瑟瑟发抖啊#内容过于真实 #股民 #基金 #王多于股之子,Viete,7640694743189506289,https://www.douyin.com/video/7640694743189506289,,7640706771912786746,12:04,未纳入,中性,自动映射到抖音视频评论池。,,false
2026-05-17,wangduoyu,抖音评论 12:04,明天电力，不错，不知道那个好，但我买了风电跟绿发[呲牙][呲牙]希望吃肉,,,,否,video_id=7640694743189506289; video_url=https://www.douyin.com/video/7640694743189506289; creator=王多于-股之子; like=0; reply=0; source_type=comment; yeren_signal_id=; parent_comment_text=,12:04,抖音评论,video,新的一周 瑟瑟发抖啊#内容过于真实 #股民 #基金 #王多于股之子,用户涛涛,7640694743189506289,https://www.douyin.com/video/7640694743189506289,,7640706741868757769,12:04,未纳入,中性,自动映射到抖音视频评论池。,,false
2026-05-17,wangduoyu,抖音评论 12:04,大佬们，合肥城建怎么看,合肥城建(002208),,合肥城建(002208) 被提及 2 次，有效评论 2 条，来源 1 个，单视频线索，情绪 中性，当前判断：保留观察。,待确认,video_id=7640694743189506289; video_url=https://www.douyin.com/video/7640694743189506289; creator=王多于-股之子; like=0; reply=5; source_type=comment; yeren_signal_id=; parent_comment_text=,12:04,抖音评论,video,新的一周 瑟瑟发抖啊#内容过于真实 #股民 #基金 #王多于股之子,山河日月来相伴,7640694743189506289,https://www.douyin.com/video/7640694743189506289,,7640706698164716337,12:04,待确认,中性,自动映射到抖音视频评论池。,6.9,false
2026-05-17,wangduoyu,抖音评论 12:04,小品商城,,,,否,video_id=7640694743189506289; video_url=https://www.douyin.com/video/7640694743189506289; creator=王多于-股之子; like=0; reply=0; source_type=comment; yeren_signal_id=; parent_comment_text=,12:04,抖音评论,video,新的一周 瑟瑟发抖啊#内容过于真实 #股民 #基金 #王多于股之子,差小小好靓仔,7640694743189506289,https://www.douyin.com/video/7640694743189506289,,7640706679071605563,12:04,未纳入,中性,自动映射到抖音视频评论池。,,false
2026-05-17,wangduoyu,抖音评论 12:03,还在世界杯，大盘越跌，我越涨，全来防御板块,,,,否,video_id=7640694743189506289; video_url=https://www.douyin.com/video/7640694743189506289; creator=王多于-股之子; like=0; reply=0; source_type=comment; yeren_signal_id=; parent_comment_text=,12:03,抖音评论,video,新的一周 瑟瑟发抖啊#内容过于真实 #股民 #基金 #王多于股之子,寻隐者,7640694743189506289,https://www.douyin.com/video/7640694743189506289,,7640706551254811444,12:03,未纳入,中性,自动映射到抖音视频评论池。,,false
2026-05-17,wangduoyu,抖音评论 12:03,豪威集团,豪威集团(603501),,豪威集团(603501) 被提及 1 次，有效评论 1 条，来源 1 个，单视频线索，情绪 中性，当前判断：保留观察。,待确认,video_id=7640694743189506289; video_url=https://www.douyin.com/video/7640694743189506289; creator=王多于-股之子; like=0; reply=0; source_type=comment; yeren_signal_id=; parent_comment_text=,12:03,抖音评论,video,新的一周 瑟瑟发抖啊#内容过于真实 #股民 #基金 #王多于股之子,青铜一星,7640694743189506289,https://www.douyin.com/video/7640694743189506289,,7640706531998499642,12:03,待确认,中性,自动映射到抖音视频评论池。,6.4,false
2026-05-17,wangduoyu,抖音评论 12:03,别开盘了[捂脸]我重仓有色，实在受不了[躺平][躺平][躺平],,,,否,video_id=7640694743189506289; video_url=https://www.douyin.com/video/7640694743189506289; creator=王多于-股之子; like=1; reply=0; source_type=comment; yeren_signal_id=; parent_comment_text=,12:03,抖音评论,video,新的一周 瑟瑟发抖啊#内容过于真实 #股民 #基金 #王多于股之子,李旸,7640694743189506289,https://www.douyin.com/video/7640694743189506289,,7640706513103995705,12:03,未纳入,中性,自动映射到抖音视频评论池。,,false
2026-05-17,wangduoyu,抖音评论 12:03,全仓买入 涪陵电力   还是看好他,涪陵电力(600452),,涪陵电力(600452) 被提及 1 次，有效评论 1 条，来源 1 个，单视频线索，情绪 看多，当前判断：保留观察。,待确认,video_id=7640694743189506289; video_url=https://www.douyin.com/video/7640694743189506289; creator=王多于-股之子; like=0; reply=3; source_type=comment; yeren_signal_id=; parent_comment_text=,12:03,抖音评论,video,新的一周 瑟瑟发抖啊#内容过于真实 #股民 #基金 #王多于股之子,9¾,7640694743189506289,https://www.douyin.com/video/7640694743189506289,,7640706483990430505,12:03,待确认,看多,自动映射到抖音视频评论池。,6.4,false
2026-05-17,wangduoyu,抖音评论 12:03,002918,蒙娜丽莎(002918),,蒙娜丽莎(002918) 被提及 1 次，有效评论 1 条，来源 1 个，单视频线索，情绪 中性，当前判断：保留观察。,待确认,video_id=7640694743189506289; video_url=https://www.douyin.com/video/7640694743189506289; creator=王多于-股之子; like=0; reply=0; source_type=comment; yeren_signal_id=; parent_comment_text=,12:03,抖音评论,video,新的一周 瑟瑟发抖啊#内容过于真实 #股民 #基金 #王多于股之子,宁远,7640694743189506289,https://www.douyin.com/video/7640694743189506289,,7640706458095452985,12:03,待确认,中性,自动映射到抖音视频评论池。,6.4,false
2026-05-17,wangduoyu,抖音评论 12:02,四会富任[抠鼻],,,,否,video_id=7640694743189506289; video_url=https://www.douyin.com/video/7640694743189506289; creator=王多于-股之子; like=0; reply=0; source_type=comment; yeren_signal_id=; parent_comment_text=,12:02,抖音评论,video,新的一周 瑟瑟发抖啊#内容过于真实 #股民 #基金 #王多于股之子,牛马教师（人工版将Al）,7640694743189506289,https://www.douyin.com/video/7640694743189506289,,7640706324271907621,12:02,未纳入,中性,自动映射到抖音视频评论池。,,false
2026-05-17,wangduoyu,抖音评论 12:02,怎么看到另外一个号那个人有点像你？,,,,否,video_id=7640694743189506289; video_url=https://www.douyin.com/video/7640694743189506289; creator=王多于-股之子; like=1; reply=0; source_type=comment; yeren_signal_id=; parent_comment_text=,12:02,抖音评论,video,新的一周 瑟瑟发抖啊#内容过于真实 #股民 #基金 #王多于股之子,无敌幸运星,7640694743189506289,https://www.douyin.com/video/7640694743189506289,,7640706228012352302,12:02,未纳入,中性,自动映射到抖音视频评论池。,,false
2026-05-17,wangduoyu,抖音评论 12:02,腾龙股份拿着不赚钱不走,腾龙股份(603158),,腾龙股份(603158) 被提及 1 次，有效评论 1 条，来源 1 个，单视频线索，情绪 看多，当前判断：保留观察。,待确认,video_id=7640694743189506289; video_url=https://www.douyin.com/video/7640694743189506289; creator=王多于-股之子; like=0; reply=0; source_type=comment; yeren_signal_id=; parent_comment_text=,12:02,抖音评论,video,新的一周 瑟瑟发抖啊#内容过于真实 #股民 #基金 #王多于股之子,yan52011562,7640694743189506289,https://www.douyin.com/video/7640694743189506289,,7640706207628821285,12:02,待确认,看多,自动映射到抖音视频评论池。,6.4,false
2026-05-17,wangduoyu,抖音评论 12:02,医药板块,,,,否,video_id=7640694743189506289; video_url=https://www.douyin.com/video/7640694743189506289; creator=王多于-股之子; like=0; reply=0; source_type=comment; yeren_signal_id=; parent_comment_text=,12:02,抖音评论,video,新的一周 瑟瑟发抖啊#内容过于真实 #股民 #基金 #王多于股之子,张gege,7640694743189506289,https://www.douyin.com/video/7640694743189506289,,7640706189923435322,12:02,未纳入,中性,自动映射到抖音视频评论池。,,false
2026-05-17,wangduoyu,抖音评论 12:01,世界杯相关的 中体 中视 粤传媒 必爆,,,,否,video_id=7640694743189506289; video_url=https://www.douyin.com/video/7640694743189506289; creator=王多于-股之子; like=0; reply=2; source_type=comment; yeren_signal_id=; parent_comment_text=,12:01,抖音评论,video,新的一周 瑟瑟发抖啊#内容过于真实 #股民 #基金 #王多于股之子,🌻太阳花Sunflower,7640694743189506289,https://www.douyin.com/video/7640694743189506289,,7640705944963515170,12:01,未纳入,中性,自动映射到抖音视频评论池。,,false
2026-05-17,wangduoyu,抖音评论 12:01,[图片表情],,,,否,video_id=7640694743189506289; video_url=https://www.douyin.com/video/7640694743189506289; creator=王多于-股之子; like=0; reply=0; source_type=comment; yeren_signal_id=; parent_comment_text=,12:01,抖音评论,video,新的一周 瑟瑟发抖啊#内容过于真实 #股民 #基金 #王多于股之子,sy的小猪,7640694743189506289,https://www.douyin.com/video/7640694743189506289,,7640705926853526324,12:01,未纳入,中性,自动映射到抖音视频评论池。,,false
2026-05-17,wangduoyu,抖音评论 12:01,我在中体和华天,,,,否,video_id=7640694743189506289; video_url=https://www.douyin.com/video/7640694743189506289; creator=王多于-股之子; like=1; reply=1; source_type=comment; yeren_signal_id=; parent_comment_text=,12:01,抖音评论,video,新的一周 瑟瑟发抖啊#内容过于真实 #股民 #基金 #王多于股之子,可乐➕冰,7640694743189506289,https://www.douyin.com/video/7640694743189506289,,7640705912882266939,12:01,未纳入,中性,自动映射到抖音视频评论池。,,false
2026-05-17,wangduoyu,抖音评论 12:01,大丰实业，集合机器人和世界杯，你就看,大丰实业(603081),,大丰实业(603081) 被提及 1 次，有效评论 1 条，来源 1 个，单视频线索，情绪 中性，当前判断：保留观察。,待确认,video_id=7640694743189506289; video_url=https://www.douyin.com/video/7640694743189506289; creator=王多于-股之子; like=0; reply=0; source_type=comment; yeren_signal_id=; parent_comment_text=,12:01,抖音评论,video,新的一周 瑟瑟发抖啊#内容过于真实 #股民 #基金 #王多于股之子,山之巅,7640694743189506289,https://www.douyin.com/video/7640694743189506289,,7640705904266298155,12:01,待确认,中性,自动映射到抖音视频评论池。,6.4,false
2026-05-17,wangduoyu,抖音评论 12:00,凌云,,,,否,video_id=7640694743189506289; video_url=https://www.douyin.com/video/7640694743189506289; creator=王多于-股之子; like=0; reply=0; source_type=comment; yeren_signal_id=; parent_comment_text=,12:00,抖音评论,video,新的一周 瑟瑟发抖啊#内容过于真实 #股民 #基金 #王多于股之子,乄夵,7640694743189506289,https://www.douyin.com/video/7640694743189506289,,7640705817679397651,12:00,未纳入,中性,自动映射到抖音视频评论池。,,false
2026-05-17,wangduoyu,抖音评论 12:00,天奇有机会吗,,,,否,video_id=7640694743189506289; video_url=https://www.douyin.com/video/7640694743189506289; creator=王多于-股之子; like=0; reply=0; source_type=comment; yeren_signal_id=; parent_comment_text=,12:00,抖音评论,video,新的一周 瑟瑟发抖啊#内容过于真实 #股民 #基金 #王多于股之子,🌈还好吧✨,7640694743189506289,https://www.douyin.com/video/7640694743189506289,,7640705814798402353,12:00,未纳入,中性,自动映射到抖音视频评论池。,,false
2026-05-17,wangduoyu,抖音评论 12:00,证券,,,,否,video_id=7640694743189506289; video_url=https://www.douyin.com/video/7640694743189506289; creator=王多于-股之子; like=0; reply=0; source_type=comment; yeren_signal_id=; parent_comment_text=,12:00,抖音评论,video,新的一周 瑟瑟发抖啊#内容过于真实 #股民 #基金 #王多于股之子,(蔡)选择大于努力,7640694743189506289,https://www.douyin.com/video/7640694743189506289,,7640705805390283578,12:00,未纳入,中性,自动映射到抖音视频评论池。,,false
2026-05-17,wangduoyu,抖音评论 12:00,大唐  开盘抛做t,,,,否,video_id=7640694743189506289; video_url=https://www.douyin.com/video/7640694743189506289; creator=王多于-股之子; like=3; reply=4; source_type=comment; yeren_signal_id=; parent_comment_text=,12:00,抖音评论,video,新的一周 瑟瑟发抖啊#内容过于真实 #股民 #基金 #王多于股之子,Edier,7640694743189506289,https://www.douyin.com/video/7640694743189506289,,7640705671080444721,12:00,未纳入,中性,自动映射到抖音视频评论池。,,false
2026-05-17,wangduoyu,抖音评论 12:00,[捂脸],,,,否,video_id=7640694743189506289; video_url=https://www.douyin.com/video/7640694743189506289; creator=王多于-股之子; like=0; reply=0; source_type=comment; yeren_signal_id=; parent_comment_text=,12:00,抖音评论,video,新的一周 瑟瑟发抖啊#内容过于真实 #股民 #基金 #王多于股之子,Hyacinth·Wisp,7640694743189506289,https://www.douyin.com/video/7640694743189506289,,7640705635571696421,12:00,未纳入,中性,自动映射到抖音视频评论池。,,false
2026-05-17,wangduoyu,抖音评论 12:00,黄河旋风,,,,否,video_id=7640694743189506289; video_url=https://www.douyin.com/video/7640694743189506289; creator=王多于-股之子; like=0; reply=0; source_type=comment; yeren_signal_id=; parent_comment_text=,12:00,抖音评论,video,新的一周 瑟瑟发抖啊#内容过于真实 #股民 #基金 #王多于股之子,🌈Angel,7640694743189506289,https://www.douyin.com/video/7640694743189506289,,7640705620434387721,12:00,未纳入,中性,自动映射到抖音视频评论池。,,false
2026-05-17,wangduoyu,抖音评论 11:59,华灿光电我要特产,华灿光电(300323),,华灿光电(300323) 被提及 1 次，有效评论 1 条，来源 1 个，单视频线索，情绪 中性，当前判断：保留观察。,待确认,video_id=7640694743189506289; video_url=https://www.douyin.com/video/7640694743189506289; creator=王多于-股之子; like=0; reply=1; source_type=comment; yeren_signal_id=; parent_comment_text=,11:59,抖音评论,video,新的一周 瑟瑟发抖啊#内容过于真实 #股民 #基金 #王多于股之子,NeMgSi·,7640694743189506289,https://www.douyin.com/video/7640694743189506289,,7640705487335736101,11:59,待确认,中性,自动映射到抖音视频评论池。,6.4,false
2026-05-17,wangduoyu,抖音评论 11:59,海鸥和长源,,,,否,video_id=7640694743189506289; video_url=https://www.douyin.com/video/7640694743189506289; creator=王多于-股之子; like=0; reply=0; source_type=comment; yeren_signal_id=; parent_comment_text=,11:59,抖音评论,video,新的一周 瑟瑟发抖啊#内容过于真实 #股民 #基金 #王多于股之子,林仔szbuhuirnittchu,7640694743189506289,https://www.douyin.com/video/7640694743189506289,,7640705449541075758,11:59,未纳入,中性,自动映射到抖音视频评论池。,,false
2026-05-17,wangduoyu,抖音评论 11:59,南兴股份，我最喜欢这种形态了[捂脸],南兴股份(002757),,南兴股份(002757) 被提及 1 次，有效评论 1 条，来源 1 个，单视频线索，情绪 中性，当前判断：保留观察。,待确认,video_id=7640694743189506289; video_url=https://www.douyin.com/video/7640694743189506289; creator=王多于-股之子; like=0; reply=1; source_type=comment; yeren_signal_id=; parent_comment_text=,11:59,抖音评论,video,新的一周 瑟瑟发抖啊#内容过于真实 #股民 #基金 #王多于股之子,广冬不见雪,7640694743189506289,https://www.douyin.com/video/7640694743189506289,,7640705407133025061,11:59,待确认,中性,自动映射到抖音视频评论池。,6.4,false
2026-05-17,wangduoyu,抖音评论 11:58,巨轮智能,,,,否,video_id=7640694743189506289; video_url=https://www.douyin.com/video/7640694743189506289; creator=王多于-股之子; like=0; reply=0; source_type=comment; yeren_signal_id=; parent_comment_text=,11:58,抖音评论,video,新的一周 瑟瑟发抖啊#内容过于真实 #股民 #基金 #王多于股之子,溢叶知秋💤🐾,7640694743189506289,https://www.douyin.com/video/7640694743189506289,,7640705310768464699,11:58,未纳入,中性,自动映射到抖音视频评论池。,,false
2026-05-17,wangduoyu,抖音评论 11:58,三特周一进吃一口,,,,否,video_id=7640694743189506289; video_url=https://www.douyin.com/video/7640694743189506289; creator=王多于-股之子; like=0; reply=0; source_type=comment; yeren_signal_id=; parent_comment_text=,11:58,抖音评论,video,新的一周 瑟瑟发抖啊#内容过于真实 #股民 #基金 #王多于股之子,春风十里，,7640694743189506289,https://www.douyin.com/video/7640694743189506289,,7640705281195213626,11:58,未纳入,中性,自动映射到抖音视频评论池。,,false
2026-05-17,wangduoyu,抖音评论 11:58,江特电机还在硬抗,江特电机(002176),,江特电机(002176) 被提及 2 次，有效评论 2 条，来源 1 个，单视频线索，情绪 中性，当前判断：保留观察。,待确认,video_id=7640694743189506289; video_url=https://www.douyin.com/video/7640694743189506289; creator=王多于-股之子; like=3; reply=4; source_type=comment; yeren_signal_id=; parent_comment_text=,11:58,抖音评论,video,新的一周 瑟瑟发抖啊#内容过于真实 #股民 #基金 #王多于股之子,阿伟,7640694743189506289,https://www.douyin.com/video/7640694743189506289,,7640705239670407973,11:58,待确认,中性,自动映射到抖音视频评论池。,6.9,false
2026-05-17,wangduoyu,抖音评论 11:58,我的五粮液科技跌是不是会涨了,,,,否,video_id=7640694743189506289; video_url=https://www.douyin.com/video/7640694743189506289; creator=王多于-股之子; like=0; reply=0; source_type=comment; yeren_signal_id=; parent_comment_text=,11:58,抖音评论,video,新的一周 瑟瑟发抖啊#内容过于真实 #股民 #基金 #王多于股之子,南昌宝哥（接一线免费鉴定）,7640694743189506289,https://www.douyin.com/video/7640694743189506289,,7640705135194833722,11:58,未纳入,中性,自动映射到抖音视频评论池。,,false
2026-05-17,wangduoyu,抖音评论 11:58,绿色动力，天顺风能，高手们看看能进吗,天顺风能(002531);绿色动力(601330),,天顺风能(002531) 被提及 1 次，有效评论 1 条，来源 1 个，单视频线索，情绪 中性，当前判断：保留观察。；绿色动力(601330) 被提及 1 次，有效评论 1 条，来源 1 个，单视频线索，情绪 中性，当前判断：保留观察。,待确认,video_id=7640694743189506289; video_url=https://www.douyin.com/video/7640694743189506289; creator=王多于-股之子; like=0; reply=0; source_type=comment; yeren_signal_id=; parent_comment_text=,11:58,抖音评论,video,新的一周 瑟瑟发抖啊#内容过于真实 #股民 #基金 #王多于股之子,这天真冷🥶,7640694743189506289,https://www.douyin.com/video/7640694743189506289,,7640705099895948068,11:58,待确认,中性,自动映射到抖音视频评论池。,6.4,false
2026-05-17,wangduoyu,抖音评论 11:57,巨石也好惨[流泪],,,,否,video_id=7640694743189506289; video_url=https://www.douyin.com/video/7640694743189506289; creator=王多于-股之子; like=0; reply=0; source_type=comment; yeren_signal_id=; parent_comment_text=,11:57,抖音评论,video,新的一周 瑟瑟发抖啊#内容过于真实 #股民 #基金 #王多于股之子,娟妹纸 💋💋💋,7640694743189506289,https://www.douyin.com/video/7640694743189506289,,7640704932555440945,11:57,未纳入,中性,自动映射到抖音视频评论池。,,false
2026-05-17,wangduoyu,抖音评论 11:57,节能风电怎么样[戳手手][戳手手],节能风电(601016),电力;风电,节能风电(601016) 被提及 1 次，有效评论 1 条，来源 1 个，单视频线索，情绪 中性，当前判断：保留观察。,待确认,video_id=7640694743189506289; video_url=https://www.douyin.com/video/7640694743189506289; creator=王多于-股之子; like=0; reply=2; source_type=comment; yeren_signal_id=; parent_comment_text=,11:57,抖音评论,video,新的一周 瑟瑟发抖啊#内容过于真实 #股民 #基金 #王多于股之子,赫屾,7640694743189506289,https://www.douyin.com/video/7640694743189506289,,7640704898535801658,11:57,待确认,中性,自动映射到抖音视频评论池。,6.4,false
2026-05-17,wangduoyu,抖音评论 11:56,长城还有合力T咋办[捂脸],,,,否,video_id=7640694743189506289; video_url=https://www.douyin.com/video/7640694743189506289; creator=王多于-股之子; like=0; reply=2; source_type=comment; yeren_signal_id=; parent_comment_text=,11:56,抖音评论,video,新的一周 瑟瑟发抖啊#内容过于真实 #股民 #基金 #王多于股之子,遂羽,7640694743189506289,https://www.douyin.com/video/7640694743189506289,,7640704789051081509,11:56,未纳入,中性,自动映射到抖音视频评论池。,,false
2026-05-17,wangduoyu,抖音评论 11:56,海昌智能,,,,否,video_id=7640694743189506289; video_url=https://www.douyin.com/video/7640694743189506289; creator=王多于-股之子; like=0; reply=0; source_type=comment; yeren_signal_id=; parent_comment_text=,11:56,抖音评论,video,新的一周 瑟瑟发抖啊#内容过于真实 #股民 #基金 #王多于股之子,用户2365199879241,7640694743189506289,https://www.douyin.com/video/7640694743189506289,,7640704735292556089,11:56,未纳入,中性,自动映射到抖音视频评论池。,,false
2026-05-17,wangduoyu,抖音评论 11:56,中国软件可以看看,中国软件(600536),,中国软件(600536) 被提及 1 次，有效评论 1 条，来源 1 个，单视频线索，情绪 中性，当前判断：保留观察。,待确认,video_id=7640694743189506289; video_url=https://www.douyin.com/video/7640694743189506289; creator=王多于-股之子; like=0; reply=0; source_type=comment; yeren_signal_id=; parent_comment_text=,11:56,抖音评论,video,新的一周 瑟瑟发抖啊#内容过于真实 #股民 #基金 #王多于股之子,睡好觉,7640694743189506289,https://www.douyin.com/video/7640694743189506289,,7640704700895200059,11:56,待确认,中性,自动映射到抖音视频评论池。,6.4,false
2026-05-17,wangduoyu,抖音评论 11:56,东方材料短板反包,东方材料(603110),,东方材料(603110) 被提及 2 次，有效评论 2 条，来源 1 个，单视频线索，情绪 看多，当前判断：保留观察。,待确认,video_id=7640694743189506289; video_url=https://www.douyin.com/video/7640694743189506289; creator=王多于-股之子; like=0; reply=0; source_type=comment; yeren_signal_id=; parent_comment_text=,11:56,抖音评论,video,新的一周 瑟瑟发抖啊#内容过于真实 #股民 #基金 #王多于股之子,🌈大吃四方,7640694743189506289,https://www.douyin.com/video/7640694743189506289,,7640704567155786538,11:56,待确认,看多,自动映射到抖音视频评论池。,6.9,false
2026-05-17,wangduoyu,抖音评论 11:55,九鼎我赔了20%了，谁没有方向，进来吧。,,,,否,video_id=7640694743189506289; video_url=https://www.douyin.com/video/7640694743189506289; creator=王多于-股之子; like=0; reply=3; source_type=comment; yeren_signal_id=; parent_comment_text=,11:55,抖音评论,video,新的一周 瑟瑟发抖啊#内容过于真实 #股民 #基金 #王多于股之子,李二,7640694743189506289,https://www.douyin.com/video/7640694743189506289,,7640704540493087524,11:55,未纳入,中性,自动映射到抖音视频评论池。,,false
2026-05-17,wangduoyu,抖音评论 11:54,巴比食品，安井食品，四方科技,四方科技(603339);安井食品(603345);巴比食品(605338),,四方科技(603339) 被提及 1 次，有效评论 1 条，来源 1 个，单视频线索，情绪 中性，当前判断：保留观察。；安井食品(603345) 被提及 1 次，有效评论 1 条，来源 1 个，单视频线索，情绪 中性，当前判断：保留观察。；巴比食品(605338) 被提及 1 次，有效评论 1 条，来源 1 个，单视频线索，情绪 中性，当前判断：保留观察。,待确认,video_id=7640694743189506289; video_url=https://www.douyin.com/video/7640694743189506289; creator=王多于-股之子; like=0; reply=0; source_type=comment; yeren_signal_id=; parent_comment_text=,11:54,抖音评论,video,新的一周 瑟瑟发抖啊#内容过于真实 #股民 #基金 #王多于股之子,Lucklies,7640694743189506289,https://www.douyin.com/video/7640694743189506289,,7640704245323531059,11:54,待确认,中性,自动映射到抖音视频评论池。,6.4,false
2026-05-17,wangduoyu,抖音评论 11:54,协鑫干就对了,,,,否,video_id=7640694743189506289; video_url=https://www.douyin.com/video/7640694743189506289; creator=王多于-股之子; like=0; reply=0; source_type=comment; yeren_signal_id=; parent_comment_text=,11:54,抖音评论,video,新的一周 瑟瑟发抖啊#内容过于真实 #股民 #基金 #王多于股之子,谁来剪月光,7640694743189506289,https://www.douyin.com/video/7640694743189506289,,7640704242206311217,11:54,未纳入,中性,自动映射到抖音视频评论池。,,false
2026-05-17,wangduoyu,抖音评论 11:54,STL[暗中观察],,,,否,video_id=7640694743189506289; video_url=https://www.douyin.com/video/7640694743189506289; creator=王多于-股之子; like=0; reply=0; source_type=comment; yeren_signal_id=; parent_comment_text=,11:54,抖音评论,video,新的一周 瑟瑟发抖啊#内容过于真实 #股民 #基金 #王多于股之子,客仔,7640694743189506289,https://www.douyin.com/video/7640694743189506289,,7640704113143677745,11:54,未纳入,中性,自动映射到抖音视频评论池。,,false
2026-05-17,wangduoyu,抖音评论 11:54,跌四千多家，你能找到什么宝贝[微笑],,,,否,video_id=7640694743189506289; video_url=https://www.douyin.com/video/7640694743189506289; creator=王多于-股之子; like=1; reply=0; source_type=comment; yeren_signal_id=; parent_comment_text=,11:54,抖音评论,video,新的一周 瑟瑟发抖啊#内容过于真实 #股民 #基金 #王多于股之子,Aircqzy,7640694743189506289,https://www.douyin.com/video/7640694743189506289,,7640703964015625012,11:54,未纳入,中性,自动映射到抖音视频评论池。,,false
2026-05-17,wangduoyu,抖音评论 11:53,看看七彩化学[呲牙],七彩化学(300758),,七彩化学(300758) 被提及 1 次，有效评论 1 条，来源 1 个，单视频线索，情绪 中性，当前判断：保留观察。,待确认,video_id=7640694743189506289; video_url=https://www.douyin.com/video/7640694743189506289; creator=王多于-股之子; like=1; reply=1; source_type=comment; yeren_signal_id=; parent_comment_text=,11:53,抖音评论,video,新的一周 瑟瑟发抖啊#内容过于真实 #股民 #基金 #王多于股之子,老南,7640694743189506289,https://www.douyin.com/video/7640694743189506289,,7640703970357117733,11:53,待确认,中性,自动映射到抖音视频评论池。,6.4,false
2026-05-17,wangduoyu,抖音评论 11:53,电网,,,,否,video_id=7640694743189506289; video_url=https://www.douyin.com/video/7640694743189506289; creator=王多于-股之子; like=0; reply=0; source_type=comment; yeren_signal_id=; parent_comment_text=,11:53,抖音评论,video,新的一周 瑟瑟发抖啊#内容过于真实 #股民 #基金 #王多于股之子,超级无敌霹雳暴龙战士🐈,7640694743189506289,https://www.douyin.com/video/7640694743189506289,,7640703832716575542,11:53,未纳入,中性,自动映射到抖音视频评论池。,,false
2026-05-17,wangduoyu,抖音评论 11:53,全仓有色,,,,否,video_id=7640694743189506289; video_url=https://www.douyin.com/video/7640694743189506289; creator=王多于-股之子; like=0; reply=1; source_type=comment; yeren_signal_id=; parent_comment_text=,11:53,抖音评论,video,新的一周 瑟瑟发抖啊#内容过于真实 #股民 #基金 #王多于股之子,余 年,7640694743189506289,https://www.douyin.com/video/7640694743189506289,,7640703782993314609,11:53,未纳入,中性,自动映射到抖音视频评论池。,,false
2026-05-17,wangduoyu,抖音评论 11:52,干螳螂[看],,,,否,video_id=7640694743189506289; video_url=https://www.douyin.com/video/7640694743189506289; creator=王多于-股之子; like=0; reply=0; source_type=comment; yeren_signal_id=; parent_comment_text=,11:52,抖音评论,video,新的一周 瑟瑟发抖啊#内容过于真实 #股民 #基金 #王多于股之子,趋势向上,7640694743189506289,https://www.douyin.com/video/7640694743189506289,,7640703744233751330,11:52,未纳入,中性,自动映射到抖音视频评论池。,,false
2026-05-17,wangduoyu,抖音评论 11:52,明天千股跌停，高手也无奈,,,,否,video_id=7640694743189506289; video_url=https://www.douyin.com/video/7640694743189506289; creator=王多于-股之子; like=1; reply=0; source_type=comment; yeren_signal_id=; parent_comment_text=,11:52,抖音评论,video,新的一周 瑟瑟发抖啊#内容过于真实 #股民 #基金 #王多于股之子,鱼化龙,7640694743189506289,https://www.douyin.com/video/7640694743189506289,,7640703728748380937,11:52,未纳入,中性,自动映射到抖音视频评论池。,,false
2026-05-17,wangduoyu,抖音评论 11:52,反正明天我起步扣2000,,,,否,video_id=7640694743189506289; video_url=https://www.douyin.com/video/7640694743189506289; creator=王多于-股之子; like=1; reply=3; source_type=comment; yeren_signal_id=; parent_comment_text=,11:52,抖音评论,video,新的一周 瑟瑟发抖啊#内容过于真实 #股民 #基金 #王多于股之子,皖N在晋H,7640694743189506289,https://www.douyin.com/video/7640694743189506289,,7640703656417297201,11:52,未纳入,中性,自动映射到抖音视频评论池。,,false
2026-05-17,wangduoyu,抖音评论 11:51,全仓入巨力，再不买就买不到了[钱][钱],,,,否,video_id=7640694743189506289; video_url=https://www.douyin.com/video/7640694743189506289; creator=王多于-股之子; like=0; reply=0; source_type=comment; yeren_signal_id=; parent_comment_text=,11:51,抖音评论,video,新的一周 瑟瑟发抖啊#内容过于真实 #股民 #基金 #王多于股之子,晚风あ,7640694743189506289,https://www.douyin.com/video/7640694743189506289,,7640703507468681990,11:51,未纳入,中性,自动映射到抖音视频评论池。,,false
2026-05-17,wangduoyu,抖音评论 11:51,我躲 交通银行 了[戳手手]算两周再说,交通银行(601328),,交通银行(601328) 被提及 1 次，有效评论 1 条，来源 1 个，单视频线索，情绪 中性，当前判断：保留观察。,待确认,video_id=7640694743189506289; video_url=https://www.douyin.com/video/7640694743189506289; creator=王多于-股之子; like=0; reply=0; source_type=comment; yeren_signal_id=; parent_comment_text=,11:51,抖音评论,video,新的一周 瑟瑟发抖啊#内容过于真实 #股民 #基金 #王多于股之子,东风日产☞豪锅,7640694743189506289,https://www.douyin.com/video/7640694743189506289,,7640703452372566821,11:51,待确认,中性,自动映射到抖音视频评论池。,6.4,false
2026-05-17,wangduoyu,抖音评论 11:51,雷科,,,,否,video_id=7640694743189506289; video_url=https://www.douyin.com/video/7640694743189506289; creator=王多于-股之子; like=0; reply=0; source_type=comment; yeren_signal_id=; parent_comment_text=,11:51,抖音评论,video,新的一周 瑟瑟发抖啊#内容过于真实 #股民 #基金 #王多于股之子,小丞同学🥕,7640694743189506289,https://www.douyin.com/video/7640694743189506289,,7640703443342820133,11:51,未纳入,中性,自动映射到抖音视频评论池。,,false
2026-05-17,wangduoyu,抖音评论 11:51,友阿拿到月底，吃30个点,,,,否,video_id=7640694743189506289; video_url=https://www.douyin.com/video/7640694743189506289; creator=王多于-股之子; like=1; reply=1; source_type=comment; yeren_signal_id=; parent_comment_text=,11:51,抖音评论,video,新的一周 瑟瑟发抖啊#内容过于真实 #股民 #基金 #王多于股之子,🌈🌈🌈上岸的鱼,7640694743189506289,https://www.douyin.com/video/7640694743189506289,,7640703399511720753,11:51,未纳入,中性,自动映射到抖音视频评论池。,,false
2026-05-17,wangduoyu,抖音评论 11:51,来吧 开赌 干节点票,,,,否,video_id=7640694743189506289; video_url=https://www.douyin.com/video/7640694743189506289; creator=王多于-股之子; like=1; reply=1; source_type=comment; yeren_signal_id=; parent_comment_text=,11:51,抖音评论,video,新的一周 瑟瑟发抖啊#内容过于真实 #股民 #基金 #王多于股之子,看见我喊我去睡觉💤,7640694743189506289,https://www.douyin.com/video/7640694743189506289,,7640703346538758946,11:51,未纳入,中性,自动映射到抖音视频评论池。,,false
2026-05-17,wangduoyu,抖音评论 11:50,中马[尬笑],,,,否,video_id=7640694743189506289; video_url=https://www.douyin.com/video/7640694743189506289; creator=王多于-股之子; like=0; reply=0; source_type=comment; yeren_signal_id=; parent_comment_text=,11:50,抖音评论,video,新的一周 瑟瑟发抖啊#内容过于真实 #股民 #基金 #王多于股之子,草渐青,7640694743189506289,https://www.douyin.com/video/7640694743189506289,,7640703181765362469,11:50,未纳入,中性,自动映射到抖音视频评论池。,,false
2026-05-17,wangduoyu,抖音评论 11:50,凯美特气底部堆量启动了,凯美特气(002549),,凯美特气(002549) 被提及 1 次，有效评论 1 条，来源 1 个，单视频线索，情绪 中性，当前判断：保留观察。,待确认,video_id=7640694743189506289; video_url=https://www.douyin.com/video/7640694743189506289; creator=王多于-股之子; like=3; reply=3; source_type=comment; yeren_signal_id=; parent_comment_text=,11:50,抖音评论,video,新的一周 瑟瑟发抖啊#内容过于真实 #股民 #基金 #王多于股之子,Healer,7640694743189506289,https://www.douyin.com/video/7640694743189506289,,7640703131386446651,11:50,待确认,中性,自动映射到抖音视频评论池。,6.4,false
2026-05-17,wangduoyu,抖音评论 11:50,星期五杀进去的湖南白银怎么办[流泪],湖南白银(002716),,湖南白银(002716) 被提及 1 次，有效评论 1 条，来源 1 个，单视频线索，情绪 中性，当前判断：保留观察。,待确认,video_id=7640694743189506289; video_url=https://www.douyin.com/video/7640694743189506289; creator=王多于-股之子; like=0; reply=0; source_type=comment; yeren_signal_id=; parent_comment_text=,11:50,抖音评论,video,新的一周 瑟瑟发抖啊#内容过于真实 #股民 #基金 #王多于股之子,上门维修电器燃气等一切家庭维,7640694743189506289,https://www.douyin.com/video/7640694743189506289,,7640703060528431878,11:50,待确认,中性,自动映射到抖音视频评论池。,6.4,false
2026-05-17,wangduoyu,抖音评论 11:55,东方材料,东方材料(603110),,东方材料(603110) 被提及 2 次，有效评论 2 条，来源 1 个，单视频线索，情绪 看多，当前判断：保留观察。,待确认,video_id=7640694743189506289; video_url=https://www.douyin.com/video/7640694743189506289; creator=王多于-股之子; like=0; reply=0; source_type=comment; yeren_signal_id=; parent_comment_text=,11:55,抖音评论,video,新的一周 瑟瑟发抖啊#内容过于真实 #股民 #基金 #王多于股之子,🌈大吃四方,7640694743189506289,https://www.douyin.com/video/7640694743189506289,,7640704434909365028,11:55,待确认,看多,自动映射到抖音视频评论池。,6.9,false
2026-05-17,wangduoyu,抖音评论 11:50,沃格咋办呢,,,评论热度较高，但暂未自动识别到明确股票线索，保留人工复核。,待确认,video_id=7640694743189506289; video_url=https://www.douyin.com/video/7640694743189506289; creator=王多于-股之子; like=0; reply=6; source_type=comment; yeren_signal_id=; parent_comment_text=,11:50,抖音评论,video,新的一周 瑟瑟发抖啊#内容过于真实 #股民 #基金 #王多于股之子,…,7640694743189506289,https://www.douyin.com/video/7640694743189506289,,7640703033097306914,11:50,待确认,中性,自动映射到抖音视频评论池。,6.2,false
2026-05-17,wangduoyu,抖音评论 11:49,海鸥[戳手手],,,,否,video_id=7640694743189506289; video_url=https://www.douyin.com/video/7640694743189506289; creator=王多于-股之子; like=0; reply=0; source_type=comment; yeren_signal_id=; parent_comment_text=,11:49,抖音评论,video,新的一周 瑟瑟发抖啊#内容过于真实 #股民 #基金 #王多于股之子,榴莲味的榴莲🥞,7640694743189506289,https://www.douyin.com/video/7640694743189506289,,7640702968271373098,11:49,未纳入,中性,自动映射到抖音视频评论池。,,false
2026-05-17,wangduoyu,抖音评论 11:48,长城电工,长城电工(600192),,长城电工(600192) 被提及 1 次，有效评论 1 条，来源 1 个，单视频线索，情绪 中性，当前判断：保留观察。,待确认,video_id=7640694743189506289; video_url=https://www.douyin.com/video/7640694743189506289; creator=王多于-股之子; like=0; reply=0; source_type=comment; yeren_signal_id=; parent_comment_text=,11:48,抖音评论,video,新的一周 瑟瑟发抖啊#内容过于真实 #股民 #基金 #王多于股之子,无为,7640694743189506289,https://www.douyin.com/video/7640694743189506289,,7640702690247869225,11:48,待确认,中性,自动映射到抖音视频评论池。,6.4,false
2026-05-17,wangduoyu,抖音评论 11:46,机器人,,,,否,video_id=7640694743189506289; video_url=https://www.douyin.com/video/7640694743189506289; creator=王多于-股之子; like=0; reply=0; source_type=comment; yeren_signal_id=; parent_comment_text=,11:46,抖音评论,video,新的一周 瑟瑟发抖啊#内容过于真实 #股民 #基金 #王多于股之子,喔！,7640694743189506289,https://www.douyin.com/video/7640694743189506289,,7640702063235875633,11:46,未纳入,中性,自动映射到抖音视频评论池。,,false
2026-05-17,wangduoyu,抖音评论 11:45,贵州燃气[看][看][看],贵州燃气(600903),,贵州燃气(600903) 被提及 2 次，有效评论 2 条，来源 1 个，单视频线索，情绪 中性，当前判断：保留观察。,待确认,video_id=7640694743189506289; video_url=https://www.douyin.com/video/7640694743189506289; creator=王多于-股之子; like=0; reply=0; source_type=comment; yeren_signal_id=; parent_comment_text=,11:45,抖音评论,video,新的一周 瑟瑟发抖啊#内容过于真实 #股民 #基金 #王多于股之子,静候佳音。,7640694743189506289,https://www.douyin.com/video/7640694743189506289,,7640701925310235398,11:45,待确认,中性,自动映射到抖音视频评论池。,6.9,false
2026-05-17,wangduoyu,抖音评论 11:44,青龙管业要启动了，筹码吸够了,青龙管业(002457),,青龙管业(002457) 被提及 2 次，有效评论 2 条，来源 1 个，单视频线索，情绪 中性，当前判断：保留观察。,待确认,video_id=7640694743189506289; video_url=https://www.douyin.com/video/7640694743189506289; creator=王多于-股之子; like=5; reply=8; source_type=comment; yeren_signal_id=; parent_comment_text=,11:44,抖音评论,video,新的一周 瑟瑟发抖啊#内容过于真实 #股民 #基金 #王多于股之子,华北深情专一,7640694743189506289,https://www.douyin.com/video/7640694743189506289,,7640701676568281914,11:44,待确认,中性,自动映射到抖音视频评论池。,6.9,false
2026-05-17,wangduoyu,抖音评论 11:44,我在航天发展咋办[捂脸],航天发展(000547),商业航天;军工电子,航天发展(000547) 被提及 2 次，有效评论 2 条，来源 1 个，单视频线索，情绪 谨慎，当前判断：偏风险观察。,否,video_id=7640694743189506289; video_url=https://www.douyin.com/video/7640694743189506289; creator=王多于-股之子; like=0; reply=0; source_type=comment; yeren_signal_id=; parent_comment_text=,11:44,抖音评论,video,新的一周 瑟瑟发抖啊#内容过于真实 #股民 #基金 #王多于股之子,欧普照明-秀秀（20）,7640694743189506289,https://www.douyin.com/video/7640694743189506289,,7640701660654404386,11:44,未纳入,谨慎,自动映射到抖音视频评论池。,6.3,false
2026-05-17,wangduoyu,抖音评论 11:42,长城科技,长城科技(603897),,长城科技(603897) 被提及 1 次，有效评论 1 条，来源 1 个，单视频线索，情绪 中性，当前判断：保留观察。,待确认,video_id=7640694743189506289; video_url=https://www.douyin.com/video/7640694743189506289; creator=王多于-股之子; like=0; reply=0; source_type=comment; yeren_signal_id=; parent_comment_text=,11:42,抖音评论,video,新的一周 瑟瑟发抖啊#内容过于真实 #股民 #基金 #王多于股之子,@小北,7640694743189506289,https://www.douyin.com/video/7640694743189506289,,7640701124941103930,11:42,待确认,中性,自动映射到抖音视频评论池。,6.4,false
2026-05-17,wangduoyu,抖音评论 11:42,京能,,,,否,video_id=7640694743189506289; video_url=https://www.douyin.com/video/7640694743189506289; creator=王多于-股之子; like=0; reply=0; source_type=comment; yeren_signal_id=; parent_comment_text=,11:42,抖音评论,video,新的一周 瑟瑟发抖啊#内容过于真实 #股民 #基金 #王多于股之子,666,7640694743189506289,https://www.douyin.com/video/7640694743189506289,,7640701103708947237,11:42,未纳入,中性,自动映射到抖音视频评论池。,,false
2026-05-17,wangduoyu,抖音评论 11:42,我在巨力和黄金[酷拽][酷拽],,,评论热度较高，但暂未自动识别到明确股票线索，保留人工复核。,待确认,video_id=7640694743189506289; video_url=https://www.douyin.com/video/7640694743189506289; creator=王多于-股之子; like=1; reply=7; source_type=comment; yeren_signal_id=; parent_comment_text=,11:42,抖音评论,video,新的一周 瑟瑟发抖啊#内容过于真实 #股民 #基金 #王多于股之子,和颜,7640694743189506289,https://www.douyin.com/video/7640694743189506289,,7640700971992335163,11:42,待确认,中性,自动映射到抖音视频评论池。,6.2,false
2026-05-17,wangduoyu,抖音评论 11:40,有没有大哥可以说说合力泰咋办[尬笑],合力泰(002217),消费电子;光学光电子,合力泰(002217) 被提及 2 次，有效评论 2 条，来源 1 个，单视频线索，情绪 中性，当前判断：保留观察。,待确认,video_id=7640694743189506289; video_url=https://www.douyin.com/video/7640694743189506289; creator=王多于-股之子; like=0; reply=4; source_type=comment; yeren_signal_id=; parent_comment_text=,11:40,抖音评论,video,新的一周 瑟瑟发抖啊#内容过于真实 #股民 #基金 #王多于股之子,healer,7640694743189506289,https://www.douyin.com/video/7640694743189506289,,7640700624149627685,11:40,待确认,中性,自动映射到抖音视频评论池。,6.9,false
2026-05-17,wangduoyu,抖音评论 11:39,远东传动[吐舌],远东传动(002406),,远东传动(002406) 被提及 2 次，有效评论 2 条，来源 1 个，单视频线索，情绪 中性，当前判断：已进入推荐候选。,是,video_id=7640694743189506289; video_url=https://www.douyin.com/video/7640694743189506289; creator=王多于-股之子; like=0; reply=1; source_type=comment; yeren_signal_id=; parent_comment_text=,11:39,抖音评论,video,新的一周 瑟瑟发抖啊#内容过于真实 #股民 #基金 #王多于股之子,封清云🥚,7640694743189506289,https://www.douyin.com/video/7640694743189506289,,7640700384948814629,11:39,已纳入,中性,自动映射到抖音视频评论池。,7.7,true
2026-05-17,wangduoyu,抖音评论 11:39,大业股份、合肥城建,合肥城建(002208);大业股份(603278),,合肥城建(002208) 被提及 2 次，有效评论 2 条，来源 1 个，单视频线索，情绪 中性，当前判断：保留观察。；大业股份(603278) 被提及 1 次，有效评论 1 条，来源 1 个，单视频线索，情绪 中性，当前判断：保留观察。,待确认,video_id=7640694743189506289; video_url=https://www.douyin.com/video/7640694743189506289; creator=王多于-股之子; like=1; reply=1; source_type=comment; yeren_signal_id=; parent_comment_text=,11:39,抖音评论,video,新的一周 瑟瑟发抖啊#内容过于真实 #股民 #基金 #王多于股之子,趋势向上,7640694743189506289,https://www.douyin.com/video/7640694743189506289,,7640700288986972968,11:39,待确认,中性,自动映射到抖音视频评论池。,6.9,false
2026-05-17,wangduoyu,抖音评论 11:39,翠微翠微！,,,,否,video_id=7640694743189506289; video_url=https://www.douyin.com/video/7640694743189506289; creator=王多于-股之子; like=0; reply=0; source_type=comment; yeren_signal_id=; parent_comment_text=,11:39,抖音评论,video,新的一周 瑟瑟发抖啊#内容过于真实 #股民 #基金 #王多于股之子,joe,7640694743189506289,https://www.douyin.com/video/7640694743189506289,,7640700272506946346,11:39,未纳入,中性,自动映射到抖音视频评论池。,,false
2026-05-17,wangduoyu,抖音评论 11:39,我就不喜欢大盘涨，以前成交量8000y左右。多舒服。,,,,否,video_id=7640694743189506289; video_url=https://www.douyin.com/video/7640694743189506289; creator=王多于-股之子; like=1; reply=2; source_type=comment; yeren_signal_id=; parent_comment_text=,11:39,抖音评论,video,新的一周 瑟瑟发抖啊#内容过于真实 #股民 #基金 #王多于股之子,封清云🥚,7640694743189506289,https://www.douyin.com/video/7640694743189506289,,7640700192165430053,11:39,未纳入,中性,自动映射到抖音视频评论池。,,false
2026-05-17,wangduoyu,抖音评论 11:39,石家庄看预报连着下7天雨  [黄脸干杯][黄脸干杯][黄脸干杯],,,评论热度较高，但暂未自动识别到明确股票线索，保留人工复核。,待确认,video_id=7640694743189506289; video_url=https://www.douyin.com/video/7640694743189506289; creator=王多于-股之子; like=0; reply=10; source_type=comment; yeren_signal_id=; parent_comment_text=,11:39,抖音评论,video,新的一周 瑟瑟发抖啊#内容过于真实 #股民 #基金 #王多于股之子,sword new new不看擦边的稳哥,7640694743189506289,https://www.douyin.com/video/7640694743189506289,,7640700179851133733,11:39,待确认,中性,自动映射到抖音视频评论池。,6.2,false
2026-05-17,wangduoyu,抖音评论 11:38,中天科技如何？,中天科技(600522),,中天科技(600522) 被提及 1 次，有效评论 1 条，来源 1 个，单视频线索，情绪 中性，当前判断：保留观察。,待确认,video_id=7640694743189506289; video_url=https://www.douyin.com/video/7640694743189506289; creator=王多于-股之子; like=2; reply=7; source_type=comment; yeren_signal_id=; parent_comment_text=,11:38,抖音评论,video,新的一周 瑟瑟发抖啊#内容过于真实 #股民 #基金 #王多于股之子,吴老三,7640694743189506289,https://www.douyin.com/video/7640694743189506289,,7640700028521562886,11:38,待确认,中性,自动映射到抖音视频评论池。,6.4,false
2026-05-17,wangduoyu,抖音评论 11:38,天***[看][看],,,,否,video_id=7640694743189506289; video_url=https://www.douyin.com/video/7640694743189506289; creator=王多于-股之子; like=0; reply=0; source_type=comment; yeren_signal_id=; parent_comment_text=,11:38,抖音评论,video,新的一周 瑟瑟发抖啊#内容过于真实 #股民 #基金 #王多于股之子,C,7640694743189506289,https://www.douyin.com/video/7640694743189506289,,7640700017203888953,11:38,未纳入,中性,自动映射到抖音视频评论池。,,false
2026-05-17,wangduoyu,抖音评论 11:38,我想问问各位大佬 立讯先跑后面再接回来还是扛住啊[泪奔],,,,否,video_id=7640694743189506289; video_url=https://www.douyin.com/video/7640694743189506289; creator=王多于-股之子; like=0; reply=1; source_type=comment; yeren_signal_id=; parent_comment_text=,11:38,抖音评论,video,新的一周 瑟瑟发抖啊#内容过于真实 #股民 #基金 #王多于股之子,梅月,7640694743189506289,https://www.douyin.com/video/7640694743189506289,,7640699980827640585,11:38,未纳入,中性,自动映射到抖音视频评论池。,,false
2026-05-17,wangduoyu,抖音评论 11:36,我在巨力咋办啊[流泪][流泪][流泪],,,评论热度较高，但暂未自动识别到明确股票线索，保留人工复核。,待确认,video_id=7640694743189506289; video_url=https://www.douyin.com/video/7640694743189506289; creator=王多于-股之子; like=4; reply=24; source_type=comment; yeren_signal_id=; parent_comment_text=,11:36,抖音评论,video,新的一周 瑟瑟发抖啊#内容过于真实 #股民 #基金 #王多于股之子,叫我随风啦,7640694743189506289,https://www.douyin.com/video/7640694743189506289,,7640699576941265723,11:36,待确认,中性,自动映射到抖音视频评论池。,6.2,false
2026-05-17,wangduoyu,抖音评论 11:36,各位义父义母们请拿出你们的实力来[比心],,,,否,video_id=7640694743189506289; video_url=https://www.douyin.com/video/7640694743189506289; creator=王多于-股之子; like=0; reply=0; source_type=comment; yeren_signal_id=; parent_comment_text=,11:36,抖音评论,video,新的一周 瑟瑟发抖啊#内容过于真实 #股民 #基金 #王多于股之子,serenity🫧,7640694743189506289,https://www.douyin.com/video/7640694743189506289,,7640699537498178341,11:36,未纳入,中性,自动映射到抖音视频评论池。,,false
2026-05-17,wangduoyu,抖音评论 11:36,远东传动 粤桂股份 吃肉回来喊爸爸[捂脸],远东传动(002406);粤桂股份(000833),,远东传动(002406) 被提及 2 次，有效评论 2 条，来源 1 个，单视频线索，情绪 中性，当前判断：已进入推荐候选。；粤桂股份(000833) 被提及 1 次，有效评论 1 条，来源 1 个，单视频线索，情绪 中性，当前判断：保留观察。,是,video_id=7640694743189506289; video_url=https://www.douyin.com/video/7640694743189506289; creator=王多于-股之子; like=16; reply=31; source_type=comment; yeren_signal_id=; parent_comment_text=,11:36,抖音评论,video,新的一周 瑟瑟发抖啊#内容过于真实 #股民 #基金 #王多于股之子,随遇而安，,7640694743189506289,https://www.douyin.com/video/7640694743189506289,,7640699502848443163,11:36,已纳入,中性,自动映射到抖音视频评论池。,7.7,true
2026-05-17,wangduoyu,抖音评论 11:35,潍柴[暗中观察],,,,否,video_id=7640694743189506289; video_url=https://www.douyin.com/video/7640694743189506289; creator=王多于-股之子; like=0; reply=0; source_type=comment; yeren_signal_id=; parent_comment_text=,11:35,抖音评论,video,新的一周 瑟瑟发抖啊#内容过于真实 #股民 #基金 #王多于股之子,⛵晴天下雨,7640694743189506289,https://www.douyin.com/video/7640694743189506289,,7640699378479448869,11:35,未纳入,中性,自动映射到抖音视频评论池。,,false
2026-05-17,wangduoyu,抖音评论 11:35,方正机电,,,,否,video_id=7640694743189506289; video_url=https://www.douyin.com/video/7640694743189506289; creator=王多于-股之子; like=0; reply=2; source_type=comment; yeren_signal_id=; parent_comment_text=,11:35,抖音评论,video,新的一周 瑟瑟发抖啊#内容过于真实 #股民 #基金 #王多于股之子,甜心宝贝,7640694743189506289,https://www.douyin.com/video/7640694743189506289,,7640699262048715569,11:35,未纳入,中性,自动映射到抖音视频评论池。,,false
2026-05-17,wangduoyu,抖音评论 11:34,阳光电源,阳光电源(300274),,阳光电源(300274) 被提及 1 次，有效评论 1 条，来源 1 个，单视频线索，情绪 中性，当前判断：保留观察。,待确认,video_id=7640694743189506289; video_url=https://www.douyin.com/video/7640694743189506289; creator=王多于-股之子; like=0; reply=0; source_type=comment; yeren_signal_id=; parent_comment_text=,11:34,抖音评论,video,新的一周 瑟瑟发抖啊#内容过于真实 #股民 #基金 #王多于股之子,甜心宝贝,7640694743189506289,https://www.douyin.com/video/7640694743189506289,,7640699135775605561,11:34,待确认,中性,自动映射到抖音视频评论池。,6.4,false
2026-05-17,wangduoyu,抖音评论 11:34,大唐周一  怎么开   汉缆有没有在的大佬， 指点一二,,,评论热度较高，但暂未自动识别到明确股票线索，保留人工复核。,待确认,video_id=7640694743189506289; video_url=https://www.douyin.com/video/7640694743189506289; creator=王多于-股之子; like=1; reply=8; source_type=comment; yeren_signal_id=; parent_comment_text=,11:34,抖音评论,video,新的一周 瑟瑟发抖啊#内容过于真实 #股民 #基金 #王多于股之子,不发脾气只发财👻,7640694743189506289,https://www.douyin.com/video/7640694743189506289,,7640698945622131506,11:34,待确认,中性,自动映射到抖音视频评论池。,6.2,false
2026-05-17,wangduoyu,抖音评论 11:33,安妮,,,,否,video_id=7640694743189506289; video_url=https://www.douyin.com/video/7640694743189506289; creator=王多于-股之子; like=0; reply=0; source_type=comment; yeren_signal_id=; parent_comment_text=,11:33,抖音评论,video,新的一周 瑟瑟发抖啊#内容过于真实 #股民 #基金 #王多于股之子,用户6384769571386,7640694743189506289,https://www.douyin.com/video/7640694743189506289,,7640698663820346148,11:33,未纳入,中性,自动映射到抖音视频评论池。,,false
2026-05-17,wangduoyu,抖音评论 11:31,[比心],,,,否,video_id=7640694743189506289; video_url=https://www.douyin.com/video/7640694743189506289; creator=王多于-股之子; like=0; reply=0; source_type=comment; yeren_signal_id=; parent_comment_text=,11:31,抖音评论,video,新的一周 瑟瑟发抖啊#内容过于真实 #股民 #基金 #王多于股之子,一路长虹,7640694743189506289,https://www.douyin.com/video/7640694743189506289,,7640698350057030452,11:31,未纳入,中性,自动映射到抖音视频评论池。,,false
2026-05-17,wangduoyu,抖音评论 11:31,华健该炒微电子了,,,,否,video_id=7640694743189506289; video_url=https://www.douyin.com/video/7640694743189506289; creator=王多于-股之子; like=0; reply=0; source_type=comment; yeren_signal_id=; parent_comment_text=,11:31,抖音评论,video,新的一周 瑟瑟发抖啊#内容过于真实 #股民 #基金 #王多于股之子,十一哦,7640694743189506289,https://www.douyin.com/video/7640694743189506289,,7640698340372513585,11:31,未纳入,中性,自动映射到抖音视频评论池。,,false
2026-05-17,wangduoyu,抖音评论 11:31,螳螂哥周一还能涨不[发呆]周五收盘的时候买的,,,,否,video_id=7640694743189506289; video_url=https://www.douyin.com/video/7640694743189506289; creator=王多于-股之子; like=1; reply=2; source_type=comment; yeren_signal_id=; parent_comment_text=,11:31,抖音评论,video,新的一周 瑟瑟发抖啊#内容过于真实 #股民 #基金 #王多于股之子,奇遇李,7640694743189506289,https://www.douyin.com/video/7640694743189506289,,7640698188597003062,11:31,未纳入,中性,自动映射到抖音视频评论池。,,false
2026-05-17,wangduoyu,抖音评论 11:30,永强怎么样,,,,否,video_id=7640694743189506289; video_url=https://www.douyin.com/video/7640694743189506289; creator=王多于-股之子; like=0; reply=0; source_type=comment; yeren_signal_id=; parent_comment_text=,11:30,抖音评论,video,新的一周 瑟瑟发抖啊#内容过于真实 #股民 #基金 #王多于股之子,ℂℍℕℙℚℝℤ ♡,7640694743189506289,https://www.douyin.com/video/7640694743189506289,,7640698052077241125,11:30,未纳入,中性,自动映射到抖音视频评论池。,,false
2026-05-17,wangduoyu,抖音评论 11:30,华工,,,,否,video_id=7640694743189506289; video_url=https://www.douyin.com/video/7640694743189506289; creator=王多于-股之子; like=0; reply=0; source_type=comment; yeren_signal_id=; parent_comment_text=,11:30,抖音评论,video,新的一周 瑟瑟发抖啊#内容过于真实 #股民 #基金 #王多于股之子,七_月_,7640694743189506289,https://www.douyin.com/video/7640694743189506289,,7640697982346036026,11:30,未纳入,中性,自动映射到抖音视频评论池。,,false
2026-05-17,wangduoyu,抖音评论 11:30,西藏旅游,西藏旅游(600749),,西藏旅游(600749) 被提及 1 次，有效评论 1 条，来源 1 个，单视频线索，情绪 中性，当前判断：保留观察。,待确认,video_id=7640694743189506289; video_url=https://www.douyin.com/video/7640694743189506289; creator=王多于-股之子; like=0; reply=0; source_type=comment; yeren_signal_id=; parent_comment_text=,11:30,抖音评论,video,新的一周 瑟瑟发抖啊#内容过于真实 #股民 #基金 #王多于股之子,骑🐷看夕阳,7640694743189506289,https://www.douyin.com/video/7640694743189506289,,7640697909176517435,11:30,待确认,中性,自动映射到抖音视频评论池。,6.4,false
2026-05-17,wangduoyu,抖音评论 11:29,巨力,,,,否,video_id=7640694743189506289; video_url=https://www.douyin.com/video/7640694743189506289; creator=王多于-股之子; like=0; reply=0; source_type=comment; yeren_signal_id=; parent_comment_text=,11:29,抖音评论,video,新的一周 瑟瑟发抖啊#内容过于真实 #股民 #基金 #王多于股之子,平安和福,7640694743189506289,https://www.douyin.com/video/7640694743189506289,,7640697794042364721,11:29,未纳入,中性,自动映射到抖音视频评论池。,,false
2026-05-17,wangduoyu,抖音评论 11:29,天气模,,,,否,video_id=7640694743189506289; video_url=https://www.douyin.com/video/7640694743189506289; creator=王多于-股之子; like=1; reply=0; source_type=comment; yeren_signal_id=; parent_comment_text=,11:29,抖音评论,video,新的一周 瑟瑟发抖啊#内容过于真实 #股民 #基金 #王多于股之子,丿升.,7640694743189506289,https://www.douyin.com/video/7640694743189506289,,7640697753060573986,11:29,未纳入,中性,自动映射到抖音视频评论池。,,false
2026-05-17,wangduoyu,抖音评论 11:29,巨力一字。,,,,否,video_id=7640694743189506289; video_url=https://www.douyin.com/video/7640694743189506289; creator=王多于-股之子; like=0; reply=3; source_type=comment; yeren_signal_id=; parent_comment_text=,11:29,抖音评论,video,新的一周 瑟瑟发抖啊#内容过于真实 #股民 #基金 #王多于股之子,像风一样自由,7640694743189506289,https://www.douyin.com/video/7640694743189506289,,7640697691513897785,11:29,未纳入,中性,自动映射到抖音视频评论池。,,false
2026-05-17,wangduoyu,抖音评论 11:29,白酒，猪肉，养鸡,,,,否,video_id=7640694743189506289; video_url=https://www.douyin.com/video/7640694743189506289; creator=王多于-股之子; like=0; reply=0; source_type=comment; yeren_signal_id=; parent_comment_text=,11:29,抖音评论,video,新的一周 瑟瑟发抖啊#内容过于真实 #股民 #基金 #王多于股之子,唯爱、张婷,7640694743189506289,https://www.douyin.com/video/7640694743189506289,,7640697661696525083,11:29,未纳入,中性,自动映射到抖音视频评论池。,,false
2026-05-17,wangduoyu,抖音评论 11:26,唉，10天的红盘，三天绿没[流泪][流泪][流泪],,,,否,video_id=7640694743189506289; video_url=https://www.douyin.com/video/7640694743189506289; creator=王多于-股之子; like=2; reply=0; source_type=comment; yeren_signal_id=; parent_comment_text=,11:26,抖音评论,video,新的一周 瑟瑟发抖啊#内容过于真实 #股民 #基金 #王多于股之子,出类ღ᭄拔崔᭄,7640694743189506289,https://www.douyin.com/video/7640694743189506289,,7640697035801690886,11:26,未纳入,中性,自动映射到抖音视频评论池。,,false
2026-05-17,wangduoyu,抖音评论 11:26,锂矿,,,,否,video_id=7640694743189506289; video_url=https://www.douyin.com/video/7640694743189506289; creator=王多于-股之子; like=0; reply=0; source_type=comment; yeren_signal_id=; parent_comment_text=,11:26,抖音评论,video,新的一周 瑟瑟发抖啊#内容过于真实 #股民 #基金 #王多于股之子,m橘子海,7640694743189506289,https://www.douyin.com/video/7640694743189506289,,7640697001101968187,11:26,未纳入,中性,自动映射到抖音视频评论池。,,false
2026-05-17,wangduoyu,抖音评论 11:26,中国稀土,中国稀土(000831),,中国稀土(000831) 被提及 1 次，有效评论 1 条，来源 1 个，单视频线索，情绪 中性，当前判断：保留观察。,待确认,video_id=7640694743189506289; video_url=https://www.douyin.com/video/7640694743189506289; creator=王多于-股之子; like=0; reply=1; source_type=comment; yeren_signal_id=; parent_comment_text=,11:26,抖音评论,video,新的一周 瑟瑟发抖啊#内容过于真实 #股民 #基金 #王多于股之子,赵同学☄️☄️,7640694743189506289,https://www.douyin.com/video/7640694743189506289,,7640696991211471673,11:26,待确认,中性,自动映射到抖音视频评论池。,6.4,false
2026-05-17,wangduoyu,抖音评论 11:25,水发燃气  插眼,水发燃气(603318),,水发燃气(603318) 被提及 1 次，有效评论 1 条，来源 1 个，单视频线索，情绪 中性，当前判断：保留观察。,待确认,video_id=7640694743189506289; video_url=https://www.douyin.com/video/7640694743189506289; creator=王多于-股之子; like=1; reply=1; source_type=comment; yeren_signal_id=; parent_comment_text=,11:25,抖音评论,video,新的一周 瑟瑟发抖啊#内容过于真实 #股民 #基金 #王多于股之子,石头人*,7640694743189506289,https://www.douyin.com/video/7640694743189506289,,7640696716135531318,11:25,待确认,中性,自动映射到抖音视频评论池。,6.4,false
2026-05-17,wangduoyu,抖音评论 11:25,华电新能,华电新能(600930),,华电新能(600930) 被提及 1 次，有效评论 1 条，来源 1 个，单视频线索，情绪 中性，当前判断：保留观察。,待确认,video_id=7640694743189506289; video_url=https://www.douyin.com/video/7640694743189506289; creator=王多于-股之子; like=0; reply=5; source_type=comment; yeren_signal_id=; parent_comment_text=,11:25,抖音评论,video,新的一周 瑟瑟发抖啊#内容过于真实 #股民 #基金 #王多于股之子,WQG,7640694743189506289,https://www.douyin.com/video/7640694743189506289,,7640696660499022629,11:25,待确认,中性,自动映射到抖音视频评论池。,6.4,false
2026-05-17,wangduoyu,抖音评论 11:24,电影板块[呲牙][呲牙][呲牙],,,,否,video_id=7640694743189506289; video_url=https://www.douyin.com/video/7640694743189506289; creator=王多于-股之子; like=0; reply=0; source_type=comment; yeren_signal_id=; parent_comment_text=,11:24,抖音评论,video,新的一周 瑟瑟发抖啊#内容过于真实 #股民 #基金 #王多于股之子,46/K.,7640694743189506289,https://www.douyin.com/video/7640694743189506289,,7640696541229564682,11:24,未纳入,中性,自动映射到抖音视频评论池。,,false
2026-05-17,wangduoyu,抖音评论 11:24,跪下叫爸爸吧，龙x,,,评论热度较高，但暂未自动识别到明确股票线索，保留人工复核。,待确认,video_id=7640694743189506289; video_url=https://www.douyin.com/video/7640694743189506289; creator=王多于-股之子; like=0; reply=7; source_type=comment; yeren_signal_id=; parent_comment_text=,11:24,抖音评论,video,新的一周 瑟瑟发抖啊#内容过于真实 #股民 #基金 #王多于股之子,被你气发财了,7640694743189506289,https://www.douyin.com/video/7640694743189506289,,7640696522023912244,11:24,待确认,中性,自动映射到抖音视频评论池。,6.2,false
2026-05-17,wangduoyu,抖音评论 11:24,长电,,,,否,video_id=7640694743189506289; video_url=https://www.douyin.com/video/7640694743189506289; creator=王多于-股之子; like=0; reply=0; source_type=comment; yeren_signal_id=; parent_comment_text=,11:24,抖音评论,video,新的一周 瑟瑟发抖啊#内容过于真实 #股民 #基金 #王多于股之子,文伟宏🙋,7640694743189506289,https://www.douyin.com/video/7640694743189506289,,7640696466624774961,11:24,未纳入,中性,自动映射到抖音视频评论池。,,false
2026-05-17,wangduoyu,抖音评论 11:24,蹲一个大神[感谢],,,,否,video_id=7640694743189506289; video_url=https://www.douyin.com/video/7640694743189506289; creator=王多于-股之子; like=0; reply=0; source_type=comment; yeren_signal_id=; parent_comment_text=,11:24,抖音评论,video,新的一周 瑟瑟发抖啊#内容过于真实 #股民 #基金 #王多于股之子,Rum,7640694743189506289,https://www.douyin.com/video/7640694743189506289,,7640696318068507429,11:24,未纳入,中性,自动映射到抖音视频评论池。,,false
2026-05-17,wangduoyu,抖音评论 11:24,海lan信下周应该会起飞吧,,,,否,video_id=7640694743189506289; video_url=https://www.douyin.com/video/7640694743189506289; creator=王多于-股之子; like=0; reply=3; source_type=comment; yeren_signal_id=; parent_comment_text=,11:24,抖音评论,video,新的一周 瑟瑟发抖啊#内容过于真实 #股民 #基金 #王多于股之子,高风逐云,7640694743189506289,https://www.douyin.com/video/7640694743189506289,,7640696310274229029,11:24,未纳入,中性,自动映射到抖音视频评论池。,,false
2026-05-17,wangduoyu,抖音评论 11:23,多弗多，平开，小高开直接上,,,评论热度较高，但暂未自动识别到明确股票线索，保留人工复核。,待确认,video_id=7640694743189506289; video_url=https://www.douyin.com/video/7640694743189506289; creator=王多于-股之子; like=10; reply=11; source_type=comment; yeren_signal_id=; parent_comment_text=,11:23,抖音评论,video,新的一周 瑟瑟发抖啊#内容过于真实 #股民 #基金 #王多于股之子,玻璃心,7640694743189506289,https://www.douyin.com/video/7640694743189506289,,7640696273708827441,11:23,待确认,中性,自动映射到抖音视频评论池。,6.2,false
2026-05-17,wangduoyu,抖音评论 11:23,想知道你是怎么听劝的，评论区那么多怎么确定买哪一个，我也想听劝,,,,否,video_id=7640694743189506289; video_url=https://www.douyin.com/video/7640694743189506289; creator=王多于-股之子; like=1; reply=4; source_type=comment; yeren_signal_id=; parent_comment_text=,11:23,抖音评论,video,新的一周 瑟瑟发抖啊#内容过于真实 #股民 #基金 #王多于股之子,无处安放的心灵,7640694743189506289,https://www.douyin.com/video/7640694743189506289,,7640696268600263473,11:23,未纳入,中性,自动映射到抖音视频评论池。,,false
2026-05-17,wangduoyu,抖音评论 11:23,雪人,,,,否,video_id=7640694743189506289; video_url=https://www.douyin.com/video/7640694743189506289; creator=王多于-股之子; like=0; reply=3; source_type=comment; yeren_signal_id=; parent_comment_text=,11:23,抖音评论,video,新的一周 瑟瑟发抖啊#内容过于真实 #股民 #基金 #王多于股之子,大兴亦庄办公选址   布鲁斯·刘,7640694743189506289,https://www.douyin.com/video/7640694743189506289,,7640696252258222858,11:23,未纳入,中性,自动映射到抖音视频评论池。,,false
2026-05-17,wangduoyu,抖音评论 11:23,和而泰，拿到年底[捂脸],和而泰(002402),,和而泰(002402) 被提及 1 次，有效评论 1 条，来源 1 个，单视频线索，情绪 看多，当前判断：保留观察。,待确认,video_id=7640694743189506289; video_url=https://www.douyin.com/video/7640694743189506289; creator=王多于-股之子; like=2; reply=26; source_type=comment; yeren_signal_id=; parent_comment_text=,11:23,抖音评论,video,新的一周 瑟瑟发抖啊#内容过于真实 #股民 #基金 #王多于股之子,山之巅,7640694743189506289,https://www.douyin.com/video/7640694743189506289,,7640696200106148662,11:23,待确认,看多,自动映射到抖音视频评论池。,6.4,false
2026-05-17,wangduoyu,抖音评论 11:23,锡已经算是今年最低点了,,,,否,video_id=7640694743189506289; video_url=https://www.douyin.com/video/7640694743189506289; creator=王多于-股之子; like=0; reply=0; source_type=comment; yeren_signal_id=; parent_comment_text=,11:23,抖音评论,video,新的一周 瑟瑟发抖啊#内容过于真实 #股民 #基金 #王多于股之子,XY手工滴胶键帽,7640694743189506289,https://www.douyin.com/video/7640694743189506289,,7640696119647175460,11:23,未纳入,中性,自动映射到抖音视频评论池。,,false
2026-05-17,wangduoyu,抖音评论 11:22,均胜,,,,否,video_id=7640694743189506289; video_url=https://www.douyin.com/video/7640694743189506289; creator=王多于-股之子; like=0; reply=0; source_type=comment; yeren_signal_id=; parent_comment_text=,11:22,抖音评论,video,新的一周 瑟瑟发抖啊#内容过于真实 #股民 #基金 #王多于股之子,。,7640694743189506289,https://www.douyin.com/video/7640694743189506289,,7640696045957579557,11:22,未纳入,中性,自动映射到抖音视频评论池。,,false
2026-05-17,wangduoyu,抖音评论 11:22,zg长城还有救吗[裂开],,,,否,video_id=7640694743189506289; video_url=https://www.douyin.com/video/7640694743189506289; creator=王多于-股之子; like=0; reply=4; source_type=comment; yeren_signal_id=; parent_comment_text=,11:22,抖音评论,video,新的一周 瑟瑟发抖啊#内容过于真实 #股民 #基金 #王多于股之子,如意如意！顺我心意！,7640694743189506289,https://www.douyin.com/video/7640694743189506289,,7640696016392487738,11:22,未纳入,中性,自动映射到抖音视频评论池。,,false
2026-05-17,wangduoyu,抖音评论 11:22,ST洲际,ST洲际(600759),,ST洲际(600759) 被提及 1 次，有效评论 1 条，来源 1 个，单视频线索，情绪 中性，当前判断：保留观察。,待确认,video_id=7640694743189506289; video_url=https://www.douyin.com/video/7640694743189506289; creator=王多于-股之子; like=5; reply=0; source_type=comment; yeren_signal_id=; parent_comment_text=,11:22,抖音评论,video,新的一周 瑟瑟发抖啊#内容过于真实 #股民 #基金 #王多于股之子,醉青山,7640694743189506289,https://www.douyin.com/video/7640694743189506289,,7640695955235849000,11:22,待确认,中性,自动映射到抖音视频评论池。,6.4,false
2026-05-17,wangduoyu,抖音评论 11:21,招商南油,招商南油(601975),,招商南油(601975) 被提及 1 次，有效评论 1 条，来源 1 个，单视频线索，情绪 中性，当前判断：保留观察。,待确认,video_id=7640694743189506289; video_url=https://www.douyin.com/video/7640694743189506289; creator=王多于-股之子; like=0; reply=0; source_type=comment; yeren_signal_id=; parent_comment_text=,11:21,抖音评论,video,新的一周 瑟瑟发抖啊#内容过于真实 #股民 #基金 #王多于股之子,石头阿杜,7640694743189506289,https://www.douyin.com/video/7640694743189506289,,7640695735868146483,11:21,待确认,中性,自动映射到抖音视频评论池。,6.4,false
2026-05-17,wangduoyu,抖音评论 11:21,黄河旋风,,,,否,video_id=7640694743189506289; video_url=https://www.douyin.com/video/7640694743189506289; creator=王多于-股之子; like=2; reply=5; source_type=comment; yeren_signal_id=; parent_comment_text=,11:21,抖音评论,video,新的一周 瑟瑟发抖啊#内容过于真实 #股民 #基金 #王多于股之子,王昭没有君,7640694743189506289,https://www.douyin.com/video/7640694743189506289,,7640695726025097990,11:21,未纳入,中性,自动映射到抖音视频评论池。,,false
2026-05-17,wangduoyu,抖音评论 11:20,宝光  小商品城,小商品城(600415),,小商品城(600415) 被提及 2 次，有效评论 2 条，来源 1 个，单视频线索，情绪 中性，当前判断：已进入推荐候选。,是,video_id=7640694743189506289; video_url=https://www.douyin.com/video/7640694743189506289; creator=王多于-股之子; like=2; reply=8; source_type=comment; yeren_signal_id=; parent_comment_text=,11:20,抖音评论,video,新的一周 瑟瑟发抖啊#内容过于真实 #股民 #基金 #王多于股之子,-·,7640694743189506289,https://www.douyin.com/video/7640694743189506289,,7640695304132215601,11:20,已纳入,中性,自动映射到抖音视频评论池。,7.7,true
2026-05-17,wangduoyu,抖音评论 11:18,第一,,,,否,video_id=7640694743189506289; video_url=https://www.douyin.com/video/7640694743189506289; creator=王多于-股之子; like=0; reply=0; source_type=comment; yeren_signal_id=; parent_comment_text=,11:18,抖音评论,video,新的一周 瑟瑟发抖啊#内容过于真实 #股民 #基金 #王多于股之子,啊千,7640694743189506289,https://www.douyin.com/video/7640694743189506289,,7640694958399619878,11:18,未纳入,中性,自动映射到抖音视频评论池。,,false
2026-05-17,wangduoyu,抖音评论 13:21,低开，拉起，下午下杀,,,,否,video_id=7640694743189506289; video_url=https://www.douyin.com/video/7640694743189506289; creator=王多于-股之子; like=0; reply=0; source_type=comment; yeren_signal_id=; parent_comment_text=,13:21,抖音评论,video,新的一周 瑟瑟发抖啊#内容过于真实 #股民 #基金 #王多于股之子,王小开,7640694743189506289,https://www.douyin.com/video/7640694743189506289,,7640726701643498289,13:21,未纳入,中性,自动映射到抖音视频评论池。,,false
2026-05-17,wangduoyu,抖音评论 12:58,@吃口炊饭吧,,,,否,video_id=7640694743189506289; video_url=https://www.douyin.com/video/7640694743189506289; creator=王多于-股之子; like=0; reply=0; source_type=comment; yeren_signal_id=; parent_comment_text=,12:58,抖音评论,video,新的一周 瑟瑟发抖啊#内容过于真实 #股民 #基金 #王多于股之子,～,7640694743189506289,https://www.douyin.com/video/7640694743189506289,,7640720706469118758,12:58,未纳入,中性,自动映射到抖音视频评论池。,,false
2026-05-17,wangduoyu,抖音评论 12:57,@又菜又爱玩的猪猪,,,,否,video_id=7640694743189506289; video_url=https://www.douyin.com/video/7640694743189506289; creator=王多于-股之子; like=0; reply=0; source_type=comment; yeren_signal_id=; parent_comment_text=,12:57,抖音评论,video,新的一周 瑟瑟发抖啊#内容过于真实 #股民 #基金 #王多于股之子,Encore,7640694743189506289,https://www.douyin.com/video/7640694743189506289,,7640720304621699881,12:57,未纳入,中性,自动映射到抖音视频评论池。,,false
2026-05-17,wangduoyu,抖音评论 13:07,长裕起飞,,,,否,video_id=7640694743189506289; video_url=https://www.douyin.com/video/7640694743189506289; creator=王多于-股之子; like=0; reply=0; source_type=comment; yeren_signal_id=; parent_comment_text=,13:07,抖音评论,video,新的一周 瑟瑟发抖啊#内容过于真实 #股民 #基金 #王多于股之子,廖大嘴,7640694743189506289,https://www.douyin.com/video/7640694743189506289,,7640722952099529521,13:07,未纳入,中性,自动映射到抖音视频评论池。,,false
2026-05-17,wangduoyu,抖音评论 11:58,我的五粮液科技跌是不是会涨了,,,,否,video_id=7640694743189506289; video_url=https://www.douyin.com/video/7640694743189506289; creator=王多于-股之子; like=0; reply=0; source_type=comment; yeren_signal_id=; parent_comment_text=,11:58,抖音评论,video,新的一周 瑟瑟发抖啊#内容过于真实 #股民 #基金 #王多于股之子,南昌宝哥（接一线免费鉴定）,7640694743189506289,https://www.douyin.com/video/7640694743189506289,,7640705131798217509,11:58,未纳入,中性,自动映射到抖音视频评论池。,,false
2026-05-17,wangduoyu,抖音评论 12:31,利好 巨力 地天板,,,,否,video_id=7640694743189506289; video_url=https://www.douyin.com/video/7640694743189506289; creator=王多于-股之子; like=0; reply=0; source_type=comment; yeren_signal_id=; parent_comment_text=,12:31,抖音评论,video,新的一周 瑟瑟发抖啊#内容过于真实 #股民 #基金 #王多于股之子,capybara,7640694743189506289,https://www.douyin.com/video/7640694743189506289,,7640713775431566137,12:31,未纳入,中性,自动映射到抖音视频评论池。,,false
