date,source,comment_source,content,mentioned_stocks,mentioned_sectors,value_reason,include_in_logic,note,time,platform,parent_type,parent_title,commenter,parent_id,parent_url,parent_cover,comment_id,comment_time,include_status,sentiment,action_note,value_score,is_selected
2026-05-18,yege,同花顺评论备份 14:24,帖子评论量备份：1029 条。帖子摘要：良信股份(002706)  好好好。好……好……好……真棒。,良信股份(002706),低压电器;AIDC,同花顺帖子备份，需结合截图和评论热度人工复核。,待确认,post_id=2346265327; media=,,,,,,,,,,,,,,,
2026-05-18,yege,同花顺评论备份 08:58,帖子评论量备份：214 条。帖子摘要：怀着平淡的心情，等开盘，不要一惊一乍的。如果你是做波段的现在是机会很适合调仓换股，如果你是做短线的需要观望。等待情绪的拐点。不过我现在不建议做短线，市场风格已经不适合短线了。,,,同花顺帖子备份，需结合截图和评论热度人工复核。,待确认,post_id=2345761097; media=,,,,,,,,,,,,,,,
2026-05-18,wangduoyu,抖音评论 14:43,尾盘买入无锡振华，拿三到五天，,无锡振华(605319),,无锡振华(605319) 被提及 1 次，有效评论 1 条，来源 1 个，单视频线索，情绪 看多，当前判断：保留观察。,待确认,video_id=7641072798412890021; video_url=https://www.douyin.com/video/7641072798412890021; creator=王多于-股之子; like=7; reply=8; source_type=comment; yeren_signal_id=; parent_comment_text=,14:43,抖音评论,video,五月份怎么感觉这么难啊#内容过于真实 #股民 #基金,昆仑卫士,7641072798412890021,https://www.douyin.com/video/7641072798412890021,,7641118915490693945,14:43,待确认,看多,自动映射到抖音视频评论池。,6.4,false
2026-05-18,wangduoyu,抖音评论 11:48,五洲新春拿住！,五洲新春(603667),,五洲新春(603667) 被提及 1 次，有效评论 1 条，来源 1 个，单视频线索，情绪 看多，当前判断：保留观察。,待确认,video_id=7641072798412890021; video_url=https://www.douyin.com/video/7641072798412890021; creator=王多于-股之子; like=4; reply=7; source_type=comment; yeren_signal_id=; parent_comment_text=,11:48,抖音评论,video,五月份怎么感觉这么难啊#内容过于真实 #股民 #基金,小脑斧,7641072798412890021,https://www.douyin.com/video/7641072798412890021,,7641073591505437480,11:48,待确认,看多,自动映射到抖音视频评论池。,6.4,false
2026-05-18,wangduoyu,抖音评论 14:46,大普微去吧！让你吃肉,,,评论热度较高，但暂未自动识别到明确股票线索，保留人工复核。,待确认,video_id=7641072798412890021; video_url=https://www.douyin.com/video/7641072798412890021; creator=王多于-股之子; like=1; reply=7; source_type=comment; yeren_signal_id=; parent_comment_text=,14:46,抖音评论,video,五月份怎么感觉这么难啊#内容过于真实 #股民 #基金,三品蜗牛 （大雄）,7641072798412890021,https://www.douyin.com/video/7641072798412890021,,7641119588129735461,14:46,待确认,中性,自动映射到抖音视频评论池。,6.2,false
2026-05-18,wangduoyu,抖音评论 14:00,再升科技[微笑]明天还有肉,再升科技(603601),,再升科技(603601) 被提及 3 次，有效评论 3 条，来源 2 个，跨来源共振，情绪 中性，当前判断：保留观察。,待确认,video_id=7641072798412890021; video_url=https://www.douyin.com/video/7641072798412890021; creator=王多于-股之子; like=1; reply=6; source_type=comment; yeren_signal_id=; parent_comment_text=,14:00,抖音评论,video,五月份怎么感觉这么难啊#内容过于真实 #股民 #基金,橘子,7641072798412890021,https://www.douyin.com/video/7641072798412890021,,7641107771240547081,14:00,待确认,中性,自动映射到抖音视频评论池。,8.0,false
2026-05-18,wangduoyu,抖音评论 11:53,深科技+信维通信  今天很开心[看],深科技(000021);信维通信(300136),消费电子;射频,深科技(000021) 被提及 8 次，有效评论 8 条，来源 2 个，跨来源共振，情绪 中性，当前判断：保留观察。；信维通信(300136) 被提及 2 次，有效评论 2 条，来源 2 个，跨来源共振，情绪 中性，当前判断：保留观察。,待确认,video_id=7641072798412890021; video_url=https://www.douyin.com/video/7641072798412890021; creator=王多于-股之子; like=4; reply=11; source_type=comment; yeren_signal_id=; parent_comment_text=,11:53,抖音评论,video,五月份怎么感觉这么难啊#内容过于真实 #股民 #基金,ifff~,7641072798412890021,https://www.douyin.com/video/7641072798412890021,,7641074875452703537,11:53,待确认,中性,自动映射到抖音视频评论池。,9.6,false
2026-05-18,wangduoyu,抖音评论 11:54,贵州燃气明天继续板,贵州燃气(600903),,贵州燃气(600903) 被提及 6 次，有效评论 6 条，来源 2 个，跨来源共振，情绪 中性，当前判断：保留观察。,待确认,video_id=7641072798412890021; video_url=https://www.douyin.com/video/7641072798412890021; creator=王多于-股之子; like=6; reply=5; source_type=comment; yeren_signal_id=; parent_comment_text=,11:54,抖音评论,video,五月份怎么感觉这么难啊#内容过于真实 #股民 #基金,🌈胆小鬼王,7641072798412890021,https://www.douyin.com/video/7641072798412890021,,7641075165556605745,11:54,待确认,中性,自动映射到抖音视频评论池。,9.1,false
2026-05-18,wangduoyu,抖音评论 12:51,桂冠电力 赚了给我寄特产,桂冠电力(600236),,桂冠电力(600236) 被提及 1 次，有效评论 1 条，来源 1 个，单视频线索，情绪 中性，当前判断：保留观察。,待确认,video_id=7641072798412890021; video_url=https://www.douyin.com/video/7641072798412890021; creator=王多于-股之子; like=3; reply=2; source_type=comment; yeren_signal_id=; parent_comment_text=,12:51,抖音评论,video,五月份怎么感觉这么难啊#内容过于真实 #股民 #基金,🤐,7641072798412890021,https://www.douyin.com/video/7641072798412890021,,7641089836828705585,12:51,待确认,中性,自动映射到抖音视频评论池。,6.4,false
2026-05-18,wangduoyu,抖音评论 11:47,深科技啊，周末就说了[看],深科技(000021),,深科技(000021) 被提及 8 次，有效评论 8 条，来源 2 个，跨来源共振，情绪 中性，当前判断：保留观察。,待确认,video_id=7641072798412890021; video_url=https://www.douyin.com/video/7641072798412890021; creator=王多于-股之子; like=3; reply=11; source_type=comment; yeren_signal_id=; parent_comment_text=,11:47,抖音评论,video,五月份怎么感觉这么难啊#内容过于真实 #股民 #基金,y-🐳,7641072798412890021,https://www.douyin.com/video/7641072798412890021,,7641073548128731953,11:47,待确认,中性,自动映射到抖音视频评论池。,9.6,false
2026-05-18,wangduoyu,抖音评论 12:01,粤传媒跌停[流泪][流泪][流泪],,,评论热度较高，但暂未自动识别到明确股票线索，保留人工复核。,待确认,video_id=7641072798412890021; video_url=https://www.douyin.com/video/7641072798412890021; creator=王多于-股之子; like=2; reply=7; source_type=comment; yeren_signal_id=; parent_comment_text=,12:01,抖音评论,video,五月份怎么感觉这么难啊#内容过于真实 #股民 #基金,为金折腰,7641072798412890021,https://www.douyin.com/video/7641072798412890021,,7641077121268368185,12:01,待确认,中性,自动映射到抖音视频评论池。,6.2,false
2026-05-18,wangduoyu,抖音评论 14:35,江特电机的大哥呢，出来说两句啊,江特电机(002176),,江特电机(002176) 被提及 6 次，有效评论 6 条，来源 2 个，跨来源共振，情绪 看多，当前判断：保留观察。,待确认,video_id=7641072798412890021; video_url=https://www.douyin.com/video/7641072798412890021; creator=王多于-股之子; like=4; reply=2; source_type=comment; yeren_signal_id=; parent_comment_text=,14:35,抖音评论,video,五月份怎么感觉这么难啊#内容过于真实 #股民 #基金,阿伟,7641072798412890021,https://www.douyin.com/video/7641072798412890021,,7641116841717367611,14:35,待确认,看多,自动映射到抖音视频评论池。,9.1,false
2026-05-18,wangduoyu,抖音评论 12:55,巨力索具真的太黑了[流泪][流泪]死死的相信那个大哥说拿到这个星期[流泪],巨力索具(002342),,巨力索具(002342) 被提及 3 次，有效评论 3 条，来源 2 个，跨来源共振，情绪 看多，当前判断：保留观察。,待确认,video_id=7641072798412890021; video_url=https://www.douyin.com/video/7641072798412890021; creator=王多于-股之子; like=2; reply=6; source_type=comment; yeren_signal_id=; parent_comment_text=,12:55,抖音评论,video,五月份怎么感觉这么难啊#内容过于真实 #股民 #基金,紫妍,7641072798412890021,https://www.douyin.com/video/7641072798412890021,,7641090838508798757,12:55,待确认,看多,自动映射到抖音视频评论池。,8.0,false
2026-05-18,wangduoyu,抖音评论 12:27,贵州燃气还有两个板[看]我说的,贵州燃气(600903),,贵州燃气(600903) 被提及 6 次，有效评论 6 条，来源 2 个，跨来源共振，情绪 中性，当前判断：保留观察。,待确认,video_id=7641072798412890021; video_url=https://www.douyin.com/video/7641072798412890021; creator=王多于-股之子; like=2; reply=1; source_type=comment; yeren_signal_id=; parent_comment_text=,12:27,抖音评论,video,五月份怎么感觉这么难啊#内容过于真实 #股民 #基金,静候佳音。,7641072798412890021,https://www.douyin.com/video/7641072798412890021,,7641083874017510198,12:27,待确认,中性,自动映射到抖音视频评论池。,9.1,false
2026-05-18,wangduoyu,抖音评论 15:27,兴森科技,兴森科技(002436),,兴森科技(002436) 被提及 1 次，有效评论 1 条，来源 1 个，单视频线索，情绪 中性，当前判断：保留观察。,待确认,video_id=7641072798412890021; video_url=https://www.douyin.com/video/7641072798412890021; creator=王多于-股之子; like=0; reply=0; source_type=comment; yeren_signal_id=; parent_comment_text=,15:27,抖音评论,video,五月份怎么感觉这么难啊#内容过于真实 #股民 #基金,浮云☁,7641072798412890021,https://www.douyin.com/video/7641072798412890021,,7641130246092440347,15:27,待确认,中性,自动映射到抖音视频评论池。,6.4,false
2026-05-18,wangduoyu,抖音评论 11:48,五月很难做吗 ？跟着长鑫走不就行了[泪奔],,,评论热度较高，但暂未自动识别到明确股票线索，保留人工复核。,待确认,video_id=7641072798412890021; video_url=https://www.douyin.com/video/7641072798412890021; creator=王多于-股之子; like=1; reply=8; source_type=comment; yeren_signal_id=; parent_comment_text=,11:48,抖音评论,video,五月份怎么感觉这么难啊#内容过于真实 #股民 #基金,🌈小鹏,7641072798412890021,https://www.douyin.com/video/7641072798412890021,,7641073773701890873,11:48,待确认,中性,自动映射到抖音视频评论池。,6.2,false
2026-05-18,wangduoyu,抖音评论 15:34,国盛到6月底翻倍,,,,否,video_id=7641072798412890021; video_url=https://www.douyin.com/video/7641072798412890021; creator=王多于-股之子; like=0; reply=0; source_type=comment; yeren_signal_id=; parent_comment_text=,15:34,抖音评论,video,五月份怎么感觉这么难啊#内容过于真实 #股民 #基金,烽火🔥,7641072798412890021,https://www.douyin.com/video/7641072798412890021,,7641131946374890299,15:34,未纳入,中性,自动映射到抖音视频评论池。,,false
2026-05-18,wangduoyu,抖音评论 12:09,四月份才是最好做的,,,,否,video_id=7641072798412890021; video_url=https://www.douyin.com/video/7641072798412890021; creator=王多于-股之子; like=2; reply=2; source_type=comment; yeren_signal_id=; parent_comment_text=,12:09,抖音评论,video,五月份怎么感觉这么难啊#内容过于真实 #股民 #基金,大鱼,7641072798412890021,https://www.douyin.com/video/7641072798412890021,,7641079237885149978,12:09,未纳入,中性,自动映射到抖音视频评论池。,,false
2026-05-18,wangduoyu,抖音评论 14:53,明天要大幅反弹了。[杀马特][杀马特][杀马特]看到我发言的抓紧抢筹。,,,,否,video_id=7641072798412890021; video_url=https://www.douyin.com/video/7641072798412890021; creator=王多于-股之子; like=3; reply=3; source_type=comment; yeren_signal_id=; parent_comment_text=,14:53,抖音评论,video,五月份怎么感觉这么难啊#内容过于真实 #股民 #基金,酒保大叔、,7641072798412890021,https://www.douyin.com/video/7641072798412890021,,7641121371511227193,14:53,未纳入,中性,自动映射到抖音视频评论池。,,false
2026-05-18,wangduoyu,抖音评论 15:36,光华科技，今天7个点没T，难受,光华科技(002741),,光华科技(002741) 被提及 1 次，有效评论 1 条，来源 1 个，单视频线索，情绪 中性，当前判断：保留观察。,待确认,video_id=7641072798412890021; video_url=https://www.douyin.com/video/7641072798412890021; creator=王多于-股之子; like=0; reply=0; source_type=comment; yeren_signal_id=; parent_comment_text=,15:36,抖音评论,video,五月份怎么感觉这么难啊#内容过于真实 #股民 #基金,阿海哥,7641072798412890021,https://www.douyin.com/video/7641072798412890021,,7641132386428273451,15:36,待确认,中性,自动映射到抖音视频评论池。,6.4,false
2026-05-18,wangduoyu,抖音评论 15:26,左手舒华右手粤传媒[黑脸][黑脸][黑脸],,,,否,video_id=7641072798412890021; video_url=https://www.douyin.com/video/7641072798412890021; creator=王多于-股之子; like=0; reply=0; source_type=comment; yeren_signal_id=; parent_comment_text=,15:26,抖音评论,video,五月份怎么感觉这么难啊#内容过于真实 #股民 #基金,冉—冉,7641072798412890021,https://www.douyin.com/video/7641072798412890021,,7641129936787882778,15:26,未纳入,中性,自动映射到抖音视频评论池。,,false
2026-05-18,wangduoyu,抖音评论 14:39,锂矿重仓被吊打了两个星期了[流泪],,,,否,video_id=7641072798412890021; video_url=https://www.douyin.com/video/7641072798412890021; creator=王多于-股之子; like=0; reply=0; source_type=comment; yeren_signal_id=; parent_comment_text=,14:39,抖音评论,video,五月份怎么感觉这么难啊#内容过于真实 #股民 #基金,简亘,7641072798412890021,https://www.douyin.com/video/7641072798412890021,,7641117745631871794,14:39,未纳入,中性,自动映射到抖音视频评论池。,,false
2026-05-18,wangduoyu,抖音评论 13:44,本来赚了 中韩半导体亏了 看不懂 不是跌就是停牌 明明板块都涨 谁懂[尬笑],,,,否,video_id=7641072798412890021; video_url=https://www.douyin.com/video/7641072798412890021; creator=王多于-股之子; like=0; reply=3; source_type=comment; yeren_signal_id=; parent_comment_text=,13:44,抖音评论,video,五月份怎么感觉这么难啊#内容过于真实 #股民 #基金,大魔王Jo,7641072798412890021,https://www.douyin.com/video/7641072798412890021,,7641103486403216168,13:44,未纳入,中性,自动映射到抖音视频评论池。,,false
2026-05-18,wangduoyu,抖音评论 14:28,大业，我只说一遍,,,,否,video_id=7641072798412890021; video_url=https://www.douyin.com/video/7641072798412890021; creator=王多于-股之子; like=1; reply=0; source_type=comment; yeren_signal_id=; parent_comment_text=,14:28,抖音评论,video,五月份怎么感觉这么难啊#内容过于真实 #股民 #基金,小与之@10.26,7641072798412890021,https://www.douyin.com/video/7641072798412890021,,7641114805457912635,14:28,未纳入,中性,自动映射到抖音视频评论池。,,false
2026-05-18,wangduoyu,抖音评论 12:46,小队已组，80 90后来交流。[666],,,评论热度较高，但暂未自动识别到明确股票线索，保留人工复核。,待确认,video_id=7641072798412890021; video_url=https://www.douyin.com/video/7641072798412890021; creator=王多于-股之子; like=1; reply=6; source_type=comment; yeren_signal_id=; parent_comment_text=,12:46,抖音评论,video,五月份怎么感觉这么难啊#内容过于真实 #股民 #基金,清欢（互才可拉）,7641072798412890021,https://www.douyin.com/video/7641072798412890021,,7641088623857369890,12:46,待确认,中性,自动映射到抖音视频评论池。,6.2,false
2026-05-18,wangduoyu,抖音评论 12:30,东方ty喊了一周了[捂脸],,,,否,video_id=7641072798412890021; video_url=https://www.douyin.com/video/7641072798412890021; creator=王多于-股之子; like=4; reply=5; source_type=comment; yeren_signal_id=; parent_comment_text=,12:30,抖音评论,video,五月份怎么感觉这么难啊#内容过于真实 #股民 #基金,亳州酒蒙子,7641072798412890021,https://www.douyin.com/video/7641072798412890021,,7641084471282811658,12:30,未纳入,中性,自动映射到抖音视频评论池。,,false
2026-05-18,wangduoyu,抖音评论 11:55,10连跌我都没说啥[翻白眼][翻白眼][翻白眼],,,评论热度较高，但暂未自动识别到明确股票线索，保留人工复核。,待确认,video_id=7641072798412890021; video_url=https://www.douyin.com/video/7641072798412890021; creator=王多于-股之子; like=1; reply=8; source_type=comment; yeren_signal_id=; parent_comment_text=,11:55,抖音评论,video,五月份怎么感觉这么难啊#内容过于真实 #股民 #基金,土灵珠,7641072798412890021,https://www.douyin.com/video/7641072798412890021,,7641075480356373282,11:55,待确认,中性,自动映射到抖音视频评论池。,6.2,false
2026-05-18,wangduoyu,抖音评论 14:15,看看豫能。主力偷偷吸。这两天应该有搞头,,,,否,video_id=7641072798412890021; video_url=https://www.douyin.com/video/7641072798412890021; creator=王多于-股之子; like=0; reply=3; source_type=comment; yeren_signal_id=; parent_comment_text=,14:15,抖音评论,video,五月份怎么感觉这么难啊#内容过于真实 #股民 #基金,今晚早点睡🌈,7641072798412890021,https://www.douyin.com/video/7641072798412890021,,7641111689700098865,14:15,未纳入,中性,自动映射到抖音视频评论池。,,false
2026-05-18,wangduoyu,抖音评论 12:10,长电k，欢迎各位来插眼👀👀,,,,否,video_id=7641072798412890021; video_url=https://www.douyin.com/video/7641072798412890021; creator=王多于-股之子; like=4; reply=5; source_type=comment; yeren_signal_id=; parent_comment_text=,12:10,抖音评论,video,五月份怎么感觉这么难啊#内容过于真实 #股民 #基金,王乐乐,7641072798412890021,https://www.douyin.com/video/7641072798412890021,,7641079383205217061,12:10,未纳入,中性,自动映射到抖音视频评论池。,,false
2026-05-18,wangduoyu,抖音评论 15:03,宝信吃到周五[微笑]超短,,,,否,video_id=7641072798412890021; video_url=https://www.douyin.com/video/7641072798412890021; creator=王多于-股之子; like=0; reply=0; source_type=comment; yeren_signal_id=; parent_comment_text=,15:03,抖音评论,video,五月份怎么感觉这么难啊#内容过于真实 #股民 #基金,胖胖诺的爸爸,7641072798412890021,https://www.douyin.com/video/7641072798412890021,,7641124064866435890,15:03,未纳入,中性,自动映射到抖音视频评论池。,,false
2026-05-18,wangduoyu,抖音评论 13:49,我在巨力，开盘就下班，美滋滋[杀马特],,,,否,video_id=7641072798412890021; video_url=https://www.douyin.com/video/7641072798412890021; creator=王多于-股之子; like=1; reply=3; source_type=comment; yeren_signal_id=; parent_comment_text=,13:49,抖音评论,video,五月份怎么感觉这么难啊#内容过于真实 #股民 #基金,瘦猴儿,7641072798412890021,https://www.douyin.com/video/7641072798412890021,,7641104944934011685,13:49,未纳入,中性,自动映射到抖音视频评论池。,,false
2026-05-18,wangduoyu,抖音评论 15:31,三天七万,,,,否,video_id=7641072798412890021; video_url=https://www.douyin.com/video/7641072798412890021; creator=王多于-股之子; like=0; reply=0; source_type=comment; yeren_signal_id=; parent_comment_text=,15:31,抖音评论,video,五月份怎么感觉这么难啊#内容过于真实 #股民 #基金,星&辰,7641072798412890021,https://www.douyin.com/video/7641072798412890021,,7641131254767993609,15:31,未纳入,中性,自动映射到抖音视频评论池。,,false
2026-05-18,wangduoyu,抖音评论 15:33,账户绿的不行[尬笑][尬笑],,,,否,video_id=7641072798412890021; video_url=https://www.douyin.com/video/7641072798412890021; creator=王多于-股之子; like=0; reply=0; source_type=comment; yeren_signal_id=; parent_comment_text=,15:33,抖音评论,video,五月份怎么感觉这么难啊#内容过于真实 #股民 #基金,甜心♥小公举,7641072798412890021,https://www.douyin.com/video/7641072798412890021,,7641131795820823334,15:33,未纳入,中性,自动映射到抖音视频评论池。,,false
2026-05-18,wangduoyu,抖音评论 15:26,英唐智控，说五次了,英唐智控(300131),,英唐智控(300131) 被提及 1 次，有效评论 1 条，来源 1 个，单视频线索，情绪 中性，当前判断：保留观察。,待确认,video_id=7641072798412890021; video_url=https://www.douyin.com/video/7641072798412890021; creator=王多于-股之子; like=0; reply=0; source_type=comment; yeren_signal_id=; parent_comment_text=,15:26,抖音评论,video,五月份怎么感觉这么难啊#内容过于真实 #股民 #基金,可以了,7641072798412890021,https://www.douyin.com/video/7641072798412890021,,7641129918994498362,15:26,待确认,中性,自动映射到抖音视频评论池。,6.4,false
2026-05-18,wangduoyu,抖音评论 15:22,浙江荣泰说了一个月了,浙江荣泰(603119),,浙江荣泰(603119) 被提及 1 次，有效评论 1 条，来源 1 个，单视频线索，情绪 中性，当前判断：保留观察。,待确认,video_id=7641072798412890021; video_url=https://www.douyin.com/video/7641072798412890021; creator=王多于-股之子; like=0; reply=1; source_type=comment; yeren_signal_id=; parent_comment_text=,15:22,抖音评论,video,五月份怎么感觉这么难啊#内容过于真实 #股民 #基金,C1hance,7641072798412890021,https://www.douyin.com/video/7641072798412890021,,7641128852945011507,15:22,待确认,中性,自动映射到抖音视频评论池。,6.4,false
2026-05-18,wangduoyu,抖音评论 15:20,干东山精密,东山精密(002384),,东山精密(002384) 被提及 1 次，有效评论 1 条，来源 1 个，单视频线索，情绪 中性，当前判断：保留观察。,待确认,video_id=7641072798412890021; video_url=https://www.douyin.com/video/7641072798412890021; creator=王多于-股之子; like=0; reply=0; source_type=comment; yeren_signal_id=; parent_comment_text=,15:20,抖音评论,video,五月份怎么感觉这么难啊#内容过于真实 #股民 #基金,Up Only,7641072798412890021,https://www.douyin.com/video/7641072798412890021,,7641128358331532083,15:20,待确认,中性,自动映射到抖音视频评论池。,6.4,false
2026-05-18,wangduoyu,抖音评论 15:13,妈的老美来了一天跌停一天涨停圣阳两次跌停粤一个涨停一个跌停！一个星期里面吃了四个跌停离谱的行情,,,,否,video_id=7641072798412890021; video_url=https://www.douyin.com/video/7641072798412890021; creator=王多于-股之子; like=0; reply=0; source_type=comment; yeren_signal_id=; parent_comment_text=,15:13,抖音评论,video,五月份怎么感觉这么难啊#内容过于真实 #股民 #基金,C。。,7641072798412890021,https://www.douyin.com/video/7641072798412890021,,7641126650260554534,15:13,未纳入,中性,自动映射到抖音视频评论池。,,false
2026-05-18,wangduoyu,抖音评论 15:13,华天月底看,,,,否,video_id=7641072798412890021; video_url=https://www.douyin.com/video/7641072798412890021; creator=王多于-股之子; like=0; reply=0; source_type=comment; yeren_signal_id=; parent_comment_text=,15:13,抖音评论,video,五月份怎么感觉这么难啊#内容过于真实 #股民 #基金,章丘区王家味农家菜馆,7641072798412890021,https://www.douyin.com/video/7641072798412890021,,7641126646188213029,15:13,未纳入,中性,自动映射到抖音视频评论池。,,false
2026-05-18,wangduoyu,抖音评论 15:11,zskj,,,,否,video_id=7641072798412890021; video_url=https://www.douyin.com/video/7641072798412890021; creator=王多于-股之子; like=0; reply=0; source_type=comment; yeren_signal_id=; parent_comment_text=,15:11,抖音评论,video,五月份怎么感觉这么难啊#内容过于真实 #股民 #基金,不想吃泡面,7641072798412890021,https://www.douyin.com/video/7641072798412890021,,7641126059970560817,15:11,未纳入,中性,自动映射到抖音视频评论池。,,false
2026-05-18,wangduoyu,抖音评论 15:10,晋控电力,晋控电力(000767),,晋控电力(000767) 被提及 1 次，有效评论 1 条，来源 1 个，单视频线索，情绪 中性，当前判断：保留观察。,待确认,video_id=7641072798412890021; video_url=https://www.douyin.com/video/7641072798412890021; creator=王多于-股之子; like=0; reply=0; source_type=comment; yeren_signal_id=; parent_comment_text=,15:10,抖音评论,video,五月份怎么感觉这么难啊#内容过于真实 #股民 #基金,@大迷毛,7641072798412890021,https://www.douyin.com/video/7641072798412890021,,7641125743422473009,15:10,待确认,中性,自动映射到抖音视频评论池。,6.4,false
2026-05-18,wangduoyu,抖音评论 14:53,国风国风[杀马特][杀马特][杀马特],,,,否,video_id=7641072798412890021; video_url=https://www.douyin.com/video/7641072798412890021; creator=王多于-股之子; like=0; reply=0; source_type=comment; yeren_signal_id=; parent_comment_text=,14:53,抖音评论,video,五月份怎么感觉这么难啊#内容过于真实 #股民 #基金,可愛而有魅力嘅反派,7641072798412890021,https://www.douyin.com/video/7641072798412890021,,7641121455564702521,14:53,未纳入,中性,自动映射到抖音视频评论池。,,false
2026-05-18,wangduoyu,抖音评论 14:41,上天汽模把,天汽模(002510),,天汽模(002510) 被提及 1 次，有效评论 1 条，来源 1 个，单视频线索，情绪 中性，当前判断：保留观察。,待确认,video_id=7641072798412890021; video_url=https://www.douyin.com/video/7641072798412890021; creator=王多于-股之子; like=0; reply=2; source_type=comment; yeren_signal_id=; parent_comment_text=,14:41,抖音评论,video,五月份怎么感觉这么难啊#内容过于真实 #股民 #基金,☞灰灰,7641072798412890021,https://www.douyin.com/video/7641072798412890021,,7641118322755945253,14:41,待确认,中性,自动映射到抖音视频评论池。,6.4,false
2026-05-18,wangduoyu,抖音评论 14:41,协鑫集成还有晶科科技，我亏了几天了，想出，又怕第二天涨停,协鑫集成(002506);晶科科技(601778),电力;光伏,协鑫集成(002506) 被提及 2 次，有效评论 2 条，来源 2 个，跨来源共振，情绪 谨慎，当前判断：偏风险观察。；晶科科技(601778) 被提及 2 次，有效评论 2 条，来源 2 个，跨来源共振，情绪 谨慎，当前判断：偏风险观察。,否,video_id=7641072798412890021; video_url=https://www.douyin.com/video/7641072798412890021; creator=王多于-股之子; like=0; reply=6; source_type=comment; yeren_signal_id=; parent_comment_text=,14:41,抖音评论,video,五月份怎么感觉这么难啊#内容过于真实 #股民 #基金,没昵称,7641072798412890021,https://www.douyin.com/video/7641072798412890021,,7641118241218233142,14:41,未纳入,谨慎,自动映射到抖音视频评论池。,7.0,false
2026-05-18,wangduoyu,抖音评论 14:36,领益zz,,,,否,video_id=7641072798412890021; video_url=https://www.douyin.com/video/7641072798412890021; creator=王多于-股之子; like=0; reply=0; source_type=comment; yeren_signal_id=; parent_comment_text=,14:36,抖音评论,video,五月份怎么感觉这么难啊#内容过于真实 #股民 #基金,珠玑满堂,7641072798412890021,https://www.douyin.com/video/7641072798412890021,,7641116888201970490,14:36,未纳入,中性,自动映射到抖音视频评论池。,,false
2026-05-18,wangduoyu,抖音评论 14:33,肯定是市场的问题，跟你关系不大,,,,否,video_id=7641072798412890021; video_url=https://www.douyin.com/video/7641072798412890021; creator=王多于-股之子; like=0; reply=0; source_type=comment; yeren_signal_id=; parent_comment_text=,14:33,抖音评论,video,五月份怎么感觉这么难啊#内容过于真实 #股民 #基金,哟,7641072798412890021,https://www.douyin.com/video/7641072798412890021,,7641113584597402402,14:33,未纳入,中性,自动映射到抖音视频评论池。,,false
2026-05-18,wangduoyu,抖音评论 14:33,天娱数科 涨停了,天娱数科(002354),,天娱数科(002354) 被提及 2 次，有效评论 2 条，来源 2 个，跨来源共振，情绪 看多，当前判断：保留观察。,待确认,video_id=7641072798412890021; video_url=https://www.douyin.com/video/7641072798412890021; creator=王多于-股之子; like=0; reply=0; source_type=comment; yeren_signal_id=; parent_comment_text=,14:33,抖音评论,video,五月份怎么感觉这么难啊#内容过于真实 #股民 #基金,桑吉馒头,7641072798412890021,https://www.douyin.com/video/7641072798412890021,,7641116147303678729,14:33,待确认,看多,自动映射到抖音视频评论池。,7.6,false
2026-05-18,wangduoyu,抖音评论 14:30,绿色动力，哥们呢[呲牙],,,,否,video_id=7641072798412890021; video_url=https://www.douyin.com/video/7641072798412890021; creator=王多于-股之子; like=0; reply=1; source_type=comment; yeren_signal_id=; parent_comment_text=,14:30,抖音评论,video,五月份怎么感觉这么难啊#内容过于真实 #股民 #基金,毛豆,7641072798412890021,https://www.douyin.com/video/7641072798412890021,,7641115416748393265,14:30,未纳入,中性,自动映射到抖音视频评论池。,,false
2026-05-18,wangduoyu,抖音评论 14:28,买趋势股最好。在涨幅榜里挑,,,,否,video_id=7641072798412890021; video_url=https://www.douyin.com/video/7641072798412890021; creator=王多于-股之子; like=1; reply=0; source_type=comment; yeren_signal_id=; parent_comment_text=,14:28,抖音评论,video,五月份怎么感觉这么难啊#内容过于真实 #股民 #基金,诸葛文奕,7641072798412890021,https://www.douyin.com/video/7641072798412890021,,7641114883816211251,14:28,未纳入,中性,自动映射到抖音视频评论池。,,false
2026-05-18,wangduoyu,抖音评论 14:27,利欧，华天，蓝色，温州,,,,否,video_id=7641072798412890021; video_url=https://www.douyin.com/video/7641072798412890021; creator=王多于-股之子; like=0; reply=1; source_type=comment; yeren_signal_id=; parent_comment_text=,14:27,抖音评论,video,五月份怎么感觉这么难啊#内容过于真实 #股民 #基金,舒都用时方恨少,7641072798412890021,https://www.douyin.com/video/7641072798412890021,,7641114660272702254,14:27,未纳入,中性,自动映射到抖音视频评论池。,,false
2026-05-18,wangduoyu,抖音评论 14:27,江特电机怎么办,江特电机(002176),,江特电机(002176) 被提及 6 次，有效评论 6 条，来源 2 个，跨来源共振，情绪 看多，当前判断：保留观察。,待确认,video_id=7641072798412890021; video_url=https://www.douyin.com/video/7641072798412890021; creator=王多于-股之子; like=1; reply=0; source_type=comment; yeren_signal_id=; parent_comment_text=,14:27,抖音评论,video,五月份怎么感觉这么难啊#内容过于真实 #股民 #基金,吴纯,7641072798412890021,https://www.douyin.com/video/7641072798412890021,,7641114663148946202,14:27,待确认,看多,自动映射到抖音视频评论池。,9.1,false
2026-05-18,wangduoyu,抖音评论 14:26,最近你的评论区捡不到票了，大佬们就新鲜那段时间[捂脸],,,,否,video_id=7641072798412890021; video_url=https://www.douyin.com/video/7641072798412890021; creator=王多于-股之子; like=1; reply=0; source_type=comment; yeren_signal_id=; parent_comment_text=,14:26,抖音评论,video,五月份怎么感觉这么难啊#内容过于真实 #股民 #基金,跑风的牙（关必回）,7641072798412890021,https://www.douyin.com/video/7641072798412890021,,7641114406441714489,14:26,未纳入,中性,自动映射到抖音视频评论池。,,false
2026-05-18,wangduoyu,抖音评论 14:24,波导，恒星,,,,否,video_id=7641072798412890021; video_url=https://www.douyin.com/video/7641072798412890021; creator=王多于-股之子; like=0; reply=3; source_type=comment; yeren_signal_id=; parent_comment_text=,14:24,抖音评论,video,五月份怎么感觉这么难啊#内容过于真实 #股民 #基金,Zero.,7641072798412890021,https://www.douyin.com/video/7641072798412890021,,7641113985718518528,14:24,未纳入,中性,自动映射到抖音视频评论池。,,false
2026-05-18,wangduoyu,抖音评论 14:41,协鑫集成还有晶科科技，我亏了几天了，想出，又怕第二天涨停,协鑫集成(002506);晶科科技(601778),电力;光伏,协鑫集成(002506) 被提及 2 次，有效评论 2 条，来源 2 个，跨来源共振，情绪 谨慎，当前判断：偏风险观察。；晶科科技(601778) 被提及 2 次，有效评论 2 条，来源 2 个，跨来源共振，情绪 谨慎，当前判断：偏风险观察。,否,video_id=7641072798412890021; video_url=https://www.douyin.com/video/7641072798412890021; creator=王多于-股之子; like=0; reply=6; source_type=comment; yeren_signal_id=; parent_comment_text=,14:41,抖音评论,video,五月份怎么感觉这么难啊#内容过于真实 #股民 #基金,没昵称,7641072798412890021,https://www.douyin.com/video/7641072798412890021,,7641118241218233142,14:41,未纳入,谨慎,自动映射到抖音视频评论池。,7.0,false
2026-05-18,wangduoyu,抖音评论 14:36,领益zz,,,,否,video_id=7641072798412890021; video_url=https://www.douyin.com/video/7641072798412890021; creator=王多于-股之子; like=0; reply=0; source_type=comment; yeren_signal_id=; parent_comment_text=,14:36,抖音评论,video,五月份怎么感觉这么难啊#内容过于真实 #股民 #基金,珠玑满堂,7641072798412890021,https://www.douyin.com/video/7641072798412890021,,7641116888201970490,14:36,未纳入,中性,自动映射到抖音视频评论池。,,false
2026-05-18,wangduoyu,抖音评论 14:33,肯定是市场的问题，跟你关系不大,,,,否,video_id=7641072798412890021; video_url=https://www.douyin.com/video/7641072798412890021; creator=王多于-股之子; like=0; reply=0; source_type=comment; yeren_signal_id=; parent_comment_text=,14:33,抖音评论,video,五月份怎么感觉这么难啊#内容过于真实 #股民 #基金,哟,7641072798412890021,https://www.douyin.com/video/7641072798412890021,,7641113584597402402,14:33,未纳入,中性,自动映射到抖音视频评论池。,,false
2026-05-18,wangduoyu,抖音评论 14:33,天娱数科 涨停了,天娱数科(002354),,天娱数科(002354) 被提及 2 次，有效评论 2 条，来源 2 个，跨来源共振，情绪 看多，当前判断：保留观察。,待确认,video_id=7641072798412890021; video_url=https://www.douyin.com/video/7641072798412890021; creator=王多于-股之子; like=0; reply=0; source_type=comment; yeren_signal_id=; parent_comment_text=,14:33,抖音评论,video,五月份怎么感觉这么难啊#内容过于真实 #股民 #基金,桑吉馒头,7641072798412890021,https://www.douyin.com/video/7641072798412890021,,7641116147303678729,14:33,待确认,看多,自动映射到抖音视频评论池。,7.6,false
2026-05-18,wangduoyu,抖音评论 14:30,绿色动力，哥们呢[呲牙],,,,否,video_id=7641072798412890021; video_url=https://www.douyin.com/video/7641072798412890021; creator=王多于-股之子; like=0; reply=1; source_type=comment; yeren_signal_id=; parent_comment_text=,14:30,抖音评论,video,五月份怎么感觉这么难啊#内容过于真实 #股民 #基金,毛豆,7641072798412890021,https://www.douyin.com/video/7641072798412890021,,7641115416748393265,14:30,未纳入,中性,自动映射到抖音视频评论池。,,false
2026-05-18,wangduoyu,抖音评论 14:28,买趋势股最好。在涨幅榜里挑,,,,否,video_id=7641072798412890021; video_url=https://www.douyin.com/video/7641072798412890021; creator=王多于-股之子; like=1; reply=0; source_type=comment; yeren_signal_id=; parent_comment_text=,14:28,抖音评论,video,五月份怎么感觉这么难啊#内容过于真实 #股民 #基金,诸葛文奕,7641072798412890021,https://www.douyin.com/video/7641072798412890021,,7641114883816211251,14:28,未纳入,中性,自动映射到抖音视频评论池。,,false
2026-05-18,wangduoyu,抖音评论 14:27,利欧，华天，蓝色，温州,,,,否,video_id=7641072798412890021; video_url=https://www.douyin.com/video/7641072798412890021; creator=王多于-股之子; like=0; reply=1; source_type=comment; yeren_signal_id=; parent_comment_text=,14:27,抖音评论,video,五月份怎么感觉这么难啊#内容过于真实 #股民 #基金,舒都用时方恨少,7641072798412890021,https://www.douyin.com/video/7641072798412890021,,7641114660272702254,14:27,未纳入,中性,自动映射到抖音视频评论池。,,false
2026-05-18,wangduoyu,抖音评论 14:27,江特电机怎么办,江特电机(002176),,江特电机(002176) 被提及 6 次，有效评论 6 条，来源 2 个，跨来源共振，情绪 看多，当前判断：保留观察。,待确认,video_id=7641072798412890021; video_url=https://www.douyin.com/video/7641072798412890021; creator=王多于-股之子; like=1; reply=0; source_type=comment; yeren_signal_id=; parent_comment_text=,14:27,抖音评论,video,五月份怎么感觉这么难啊#内容过于真实 #股民 #基金,吴纯,7641072798412890021,https://www.douyin.com/video/7641072798412890021,,7641114663148946202,14:27,待确认,看多,自动映射到抖音视频评论池。,9.1,false
2026-05-18,wangduoyu,抖音评论 14:26,最近你的评论区捡不到票了，大佬们就新鲜那段时间[捂脸],,,,否,video_id=7641072798412890021; video_url=https://www.douyin.com/video/7641072798412890021; creator=王多于-股之子; like=1; reply=0; source_type=comment; yeren_signal_id=; parent_comment_text=,14:26,抖音评论,video,五月份怎么感觉这么难啊#内容过于真实 #股民 #基金,跑风的牙（关必回）,7641072798412890021,https://www.douyin.com/video/7641072798412890021,,7641114406441714489,14:26,未纳入,中性,自动映射到抖音视频评论池。,,false
2026-05-18,wangduoyu,抖音评论 14:24,波导，恒星,,,,否,video_id=7641072798412890021; video_url=https://www.douyin.com/video/7641072798412890021; creator=王多于-股之子; like=0; reply=3; source_type=comment; yeren_signal_id=; parent_comment_text=,14:24,抖音评论,video,五月份怎么感觉这么难啊#内容过于真实 #股民 #基金,Zero.,7641072798412890021,https://www.douyin.com/video/7641072798412890021,,7641113985718518528,14:24,未纳入,中性,自动映射到抖音视频评论池。,,false
2026-05-18,wangduoyu,抖音评论 14:23,三花拿好！,,,,否,video_id=7641072798412890021; video_url=https://www.douyin.com/video/7641072798412890021; creator=王多于-股之子; like=0; reply=0; source_type=comment; yeren_signal_id=; parent_comment_text=,14:23,抖音评论,video,五月份怎么感觉这么难啊#内容过于真实 #股民 #基金,林瞰,7641072798412890021,https://www.douyin.com/video/7641072798412890021,,7641113695934038810,14:23,未纳入,中性,自动映射到抖音视频评论池。,,false
2026-05-18,wangduoyu,抖音评论 14:21,赛腾股份[黑脸],赛腾股份(603283),,赛腾股份(603283) 被提及 1 次，有效评论 1 条，来源 1 个，单视频线索，情绪 中性，当前判断：保留观察。,待确认,video_id=7641072798412890021; video_url=https://www.douyin.com/video/7641072798412890021; creator=王多于-股之子; like=0; reply=0; source_type=comment; yeren_signal_id=; parent_comment_text=,14:21,抖音评论,video,五月份怎么感觉这么难啊#内容过于真实 #股民 #基金,Dipsy,7641072798412890021,https://www.douyin.com/video/7641072798412890021,,7641113215984976675,14:21,待确认,中性,自动映射到抖音视频评论池。,6.4,false
2026-05-18,wangduoyu,抖音评论 14:21,亏了11%五月份[灵机一动],,,,否,video_id=7641072798412890021; video_url=https://www.douyin.com/video/7641072798412890021; creator=王多于-股之子; like=0; reply=0; source_type=comment; yeren_signal_id=; parent_comment_text=,14:21,抖音评论,video,五月份怎么感觉这么难啊#内容过于真实 #股民 #基金,相约长马，做合格对手,7641072798412890021,https://www.douyin.com/video/7641072798412890021,,7641113064800551729,14:21,未纳入,中性,自动映射到抖音视频评论池。,,false
2026-05-18,wangduoyu,抖音评论 14:14,这个月亏的最多！,,,,否,video_id=7641072798412890021; video_url=https://www.douyin.com/video/7641072798412890021; creator=王多于-股之子; like=0; reply=0; source_type=comment; yeren_signal_id=; parent_comment_text=,14:14,抖音评论,video,五月份怎么感觉这么难啊#内容过于真实 #股民 #基金,一路长 虹,7641072798412890021,https://www.douyin.com/video/7641072798412890021,,7641111373699138323,14:14,未纳入,中性,自动映射到抖音视频评论池。,,false
2026-05-18,wangduoyu,抖音评论 14:13,中国dx[黄脸干杯],,,,否,video_id=7641072798412890021; video_url=https://www.douyin.com/video/7641072798412890021; creator=王多于-股之子; like=0; reply=0; source_type=comment; yeren_signal_id=; parent_comment_text=,14:13,抖音评论,video,五月份怎么感觉这么难啊#内容过于真实 #股民 #基金,镜头毁灭者,7641072798412890021,https://www.douyin.com/video/7641072798412890021,,7641111126322955014,14:13,未纳入,中性,自动映射到抖音视频评论池。,,false
2026-05-18,wangduoyu,抖音评论 14:13,通达股份有人同车吗？亏麻了[流泪],通达股份(002560),,通达股份(002560) 被提及 2 次，有效评论 2 条，来源 2 个，跨来源共振，情绪 谨慎，当前判断：偏风险观察。,否,video_id=7641072798412890021; video_url=https://www.douyin.com/video/7641072798412890021; creator=王多于-股之子; like=0; reply=3; source_type=comment; yeren_signal_id=; parent_comment_text=,14:13,抖音评论,video,五月份怎么感觉这么难啊#内容过于真实 #股民 #基金,🍒不说再见🍒,7641072798412890021,https://www.douyin.com/video/7641072798412890021,,7641111044992287525,14:13,未纳入,谨慎,自动映射到抖音视频评论池。,7.0,false
2026-05-18,wangduoyu,抖音评论 13:59,不听劝，自己选股，大佬不多,,,,否,video_id=7641072798412890021; video_url=https://www.douyin.com/video/7641072798412890021; creator=王多于-股之子; like=0; reply=0; source_type=comment; yeren_signal_id=; parent_comment_text=,13:59,抖音评论,video,五月份怎么感觉这么难啊#内容过于真实 #股民 #基金,🌹紫罗兰🌹209,7641072798412890021,https://www.douyin.com/video/7641072798412890021,,7641107566375174946,13:59,未纳入,中性,自动映射到抖音视频评论池。,,false
2026-05-18,wangduoyu,抖音评论 13:55,大哥，帮忙给看下盈峰环境呗,盈峰环境(000967),环保设备,盈峰环境(000967) 被提及 1 次，有效评论 1 条，来源 1 个，单视频线索，情绪 中性，当前判断：保留观察。,待确认,video_id=7641072798412890021; video_url=https://www.douyin.com/video/7641072798412890021; creator=王多于-股之子; like=0; reply=1; source_type=comment; yeren_signal_id=; parent_comment_text=,13:55,抖音评论,video,五月份怎么感觉这么难啊#内容过于真实 #股民 #基金,可爱的发芽了i,7641072798412890021,https://www.douyin.com/video/7641072798412890021,,7641106297459671843,13:55,待确认,中性,自动映射到抖音视频评论池。,6.4,false
2026-05-18,wangduoyu,抖音评论 13:52,我也亏怕了，现在买基金了,,,,否,video_id=7641072798412890021; video_url=https://www.douyin.com/video/7641072798412890021; creator=王多于-股之子; like=0; reply=0; source_type=comment; yeren_signal_id=; parent_comment_text=,13:52,抖音评论,video,五月份怎么感觉这么难啊#内容过于真实 #股民 #基金,挣钱,7641072798412890021,https://www.douyin.com/video/7641072798412890021,,7641105714505876233,13:52,未纳入,中性,自动映射到抖音视频评论池。,,false
2026-05-18,wangduoyu,抖音评论 13:52,301171易点已经进场，坐到月底,易点天下(301171),,易点天下(301171) 被提及 1 次，有效评论 1 条，来源 1 个，单视频线索，情绪 中性，当前判断：保留观察。,待确认,video_id=7641072798412890021; video_url=https://www.douyin.com/video/7641072798412890021; creator=王多于-股之子; like=0; reply=0; source_type=comment; yeren_signal_id=; parent_comment_text=,13:52,抖音评论,video,五月份怎么感觉这么难啊#内容过于真实 #股民 #基金,夏目没有猫,7641072798412890021,https://www.douyin.com/video/7641072798412890021,,7641105597358801716,13:52,待确认,中性,自动映射到抖音视频评论池。,6.4,false
2026-05-18,wangduoyu,抖音评论 13:47,中视传媒咋办？,中视传媒(600088),,中视传媒(600088) 被提及 3 次，有效评论 3 条，来源 2 个，跨来源共振，情绪 中性，当前判断：保留观察。,待确认,video_id=7641072798412890021; video_url=https://www.douyin.com/video/7641072798412890021; creator=王多于-股之子; like=1; reply=1; source_type=comment; yeren_signal_id=; parent_comment_text=,13:47,抖音评论,video,五月份怎么感觉这么难啊#内容过于真实 #股民 #基金,赏风景喝果汁,7641072798412890021,https://www.douyin.com/video/7641072798412890021,,7641104281357370170,13:47,待确认,中性,自动映射到抖音视频评论池。,8.0,false
2026-05-18,wangduoyu,抖音评论 13:47,上周四买了江苏新能，今天涨停把我的账户拉红了[比心],江苏新能(603693),,江苏新能(603693) 被提及 1 次，有效评论 1 条，来源 1 个，单视频线索，情绪 看多，当前判断：保留观察。,待确认,video_id=7641072798412890021; video_url=https://www.douyin.com/video/7641072798412890021; creator=王多于-股之子; like=0; reply=0; source_type=comment; yeren_signal_id=; parent_comment_text=,13:47,抖音评论,video,五月份怎么感觉这么难啊#内容过于真实 #股民 #基金,羊羊七,7641072798412890021,https://www.douyin.com/video/7641072798412890021,,7641104257202783011,13:47,待确认,看多,自动映射到抖音视频评论池。,6.4,false
2026-05-18,wangduoyu,抖音评论 13:46,万润科技，好好拿着,万润科技(002654),,万润科技(002654) 被提及 1 次，有效评论 1 条，来源 1 个，单视频线索，情绪 看多，当前判断：保留观察。,待确认,video_id=7641072798412890021; video_url=https://www.douyin.com/video/7641072798412890021; creator=王多于-股之子; like=0; reply=4; source_type=comment; yeren_signal_id=; parent_comment_text=,13:46,抖音评论,video,五月份怎么感觉这么难啊#内容过于真实 #股民 #基金,忍,7641072798412890021,https://www.douyin.com/video/7641072798412890021,,7641104184775787301,13:46,待确认,看多,自动映射到抖音视频评论池。,6.4,false
2026-05-18,wangduoyu,抖音评论 13:44,我在黄河旋风[流泪],黄河旋风(600172),,黄河旋风(600172) 被提及 4 次，有效评论 4 条，来源 2 个，跨来源共振，情绪 中性，当前判断：保留观察。,待确认,video_id=7641072798412890021; video_url=https://www.douyin.com/video/7641072798412890021; creator=王多于-股之子; like=0; reply=2; source_type=comment; yeren_signal_id=; parent_comment_text=,13:44,抖音评论,video,五月份怎么感觉这么难啊#内容过于真实 #股民 #基金,赚16,7641072798412890021,https://www.douyin.com/video/7641072798412890021,,7641103526613484325,13:44,待确认,中性,自动映射到抖音视频评论池。,8.3,false
2026-05-18,wangduoyu,抖音评论 13:43,哪位大佬帮我看看盛世科技要走吗？昨天进的，今天吃面了,,,,否,video_id=7641072798412890021; video_url=https://www.douyin.com/video/7641072798412890021; creator=王多于-股之子; like=0; reply=0; source_type=comment; yeren_signal_id=; parent_comment_text=,13:43,抖音评论,video,五月份怎么感觉这么难啊#内容过于真实 #股民 #基金,释然,7641072798412890021,https://www.douyin.com/video/7641072798412890021,,7641103428391928591,13:43,未纳入,中性,自动映射到抖音视频评论池。,,false
2026-05-18,wangduoyu,抖音评论 13:38,只要你别把手机锁起来，一切好说,,,,否,video_id=7641072798412890021; video_url=https://www.douyin.com/video/7641072798412890021; creator=王多于-股之子; like=0; reply=0; source_type=comment; yeren_signal_id=; parent_comment_text=,13:38,抖音评论,video,五月份怎么感觉这么难啊#内容过于真实 #股民 #基金,阿巴阿巴,7641072798412890021,https://www.douyin.com/video/7641072798412890021,,7641102088524530490,13:38,未纳入,中性,自动映射到抖音视频评论池。,,false
2026-05-18,wangduoyu,抖音评论 13:32,我今天红的,,,,否,video_id=7641072798412890021; video_url=https://www.douyin.com/video/7641072798412890021; creator=王多于-股之子; like=0; reply=0; source_type=comment; yeren_signal_id=; parent_comment_text=,13:32,抖音评论,video,五月份怎么感觉这么难啊#内容过于真实 #股民 #基金,小小领,7641072798412890021,https://www.douyin.com/video/7641072798412890021,,7641100478344725307,13:32,未纳入,中性,自动映射到抖音视频评论池。,,false
2026-05-18,wangduoyu,抖音评论 13:31,[比心],,,,否,video_id=7641072798412890021; video_url=https://www.douyin.com/video/7641072798412890021; creator=王多于-股之子; like=0; reply=0; source_type=comment; yeren_signal_id=; parent_comment_text=,13:31,抖音评论,video,五月份怎么感觉这么难啊#内容过于真实 #股民 #基金,一路长虹,7641072798412890021,https://www.douyin.com/video/7641072798412890021,,7641100136161280808,13:31,未纳入,中性,自动映射到抖音视频评论池。,,false
2026-05-18,wangduoyu,抖音评论 13:30,挺好做的[抠鼻]，满手涨停[泪奔],,,,否,video_id=7641072798412890021; video_url=https://www.douyin.com/video/7641072798412890021; creator=王多于-股之子; like=0; reply=0; source_type=comment; yeren_signal_id=; parent_comment_text=,13:30,抖音评论,video,五月份怎么感觉这么难啊#内容过于真实 #股民 #基金,光耀,7641072798412890021,https://www.douyin.com/video/7641072798412890021,,7641099892434043688,13:30,未纳入,中性,自动映射到抖音视频评论池。,,false
2026-05-18,wangduoyu,抖音评论 13:22,我在巨力[流泪],,,,否,video_id=7641072798412890021; video_url=https://www.douyin.com/video/7641072798412890021; creator=王多于-股之子; like=0; reply=5; source_type=comment; yeren_signal_id=; parent_comment_text=,13:22,抖音评论,video,五月份怎么感觉这么难啊#内容过于真实 #股民 #基金,简❤️爱,7641072798412890021,https://www.douyin.com/video/7641072798412890021,,7641097926978519857,13:22,未纳入,中性,自动映射到抖音视频评论池。,,false
2026-05-18,wangduoyu,抖音评论 13:08,襄阳轴承还能拿吗义父们？,襄阳轴承(000678),,襄阳轴承(000678) 被提及 1 次，有效评论 1 条，来源 1 个，单视频线索，情绪 中性，当前判断：保留观察。,待确认,video_id=7641072798412890021; video_url=https://www.douyin.com/video/7641072798412890021; creator=王多于-股之子; like=0; reply=0; source_type=comment; yeren_signal_id=; parent_comment_text=,13:08,抖音评论,video,五月份怎么感觉这么难啊#内容过于真实 #股民 #基金,适可而止,7641072798412890021,https://www.douyin.com/video/7641072798412890021,,7641094258874680101,13:08,待确认,中性,自动映射到抖音视频评论池。,6.4,false
2026-05-18,wangduoyu,抖音评论 13:00,力量源头,,,,否,video_id=7641072798412890021; video_url=https://www.douyin.com/video/7641072798412890021; creator=王多于-股之子; like=0; reply=0; source_type=comment; yeren_signal_id=; parent_comment_text=,13:00,抖音评论,video,五月份怎么感觉这么难啊#内容过于真实 #股民 #基金,🌈始于颜值,7641072798412890021,https://www.douyin.com/video/7641072798412890021,,7641092147541885742,13:00,未纳入,中性,自动映射到抖音视频评论池。,,false
2026-05-18,wangduoyu,抖音评论 12:58,来首开,,,,否,video_id=7641072798412890021; video_url=https://www.douyin.com/video/7641072798412890021; creator=王多于-股之子; like=0; reply=0; source_type=comment; yeren_signal_id=; parent_comment_text=,12:58,抖音评论,video,五月份怎么感觉这么难啊#内容过于真实 #股民 #基金,旺旺~,7641072798412890021,https://www.douyin.com/video/7641072798412890021,,7641091617185973029,12:58,未纳入,中性,自动映射到抖音视频评论池。,,false
2026-05-18,wangduoyu,抖音评论 12:54,小队来人 私信我,,,,否,video_id=7641072798412890021; video_url=https://www.douyin.com/video/7641072798412890021; creator=王多于-股之子; like=0; reply=1; source_type=comment; yeren_signal_id=; parent_comment_text=,12:54,抖音评论,video,五月份怎么感觉这么难啊#内容过于真实 #股民 #基金,一直吃不饱,7641072798412890021,https://www.douyin.com/video/7641072798412890021,,7641090582320448262,12:54,未纳入,中性,自动映射到抖音视频评论池。,,false
2026-05-18,wangduoyu,抖音评论 12:53,奥飞数据,奥飞数据(300738),,奥飞数据(300738) 被提及 2 次，有效评论 2 条，来源 2 个，跨来源共振，情绪 中性，当前判断：保留观察。,待确认,video_id=7641072798412890021; video_url=https://www.douyin.com/video/7641072798412890021; creator=王多于-股之子; like=0; reply=0; source_type=comment; yeren_signal_id=; parent_comment_text=,12:53,抖音评论,video,五月份怎么感觉这么难啊#内容过于真实 #股民 #基金,Mr,7641072798412890021,https://www.douyin.com/video/7641072798412890021,,7641090461092479781,12:53,待确认,中性,自动映射到抖音视频评论池。,7.6,false
2026-05-18,wangduoyu,抖音评论 13:32,中电电机明天涨,中电电机(603988),,中电电机(603988) 被提及 1 次，有效评论 1 条，来源 1 个，单视频线索，情绪 中性，当前判断：保留观察。,待确认,video_id=7641072798412890021; video_url=https://www.douyin.com/video/7641072798412890021; creator=王多于-股之子; like=0; reply=2; source_type=comment; yeren_signal_id=; parent_comment_text=,13:32,抖音评论,video,五月份怎么感觉这么难啊#内容过于真实 #股民 #基金,🍒不说再见🍒,7641072798412890021,https://www.douyin.com/video/7641072798412890021,,7641100585559720763,13:32,待确认,中性,自动映射到抖音视频评论池。,6.4,false
2026-05-18,wangduoyu,抖音评论 12:53,这个月连红7天以为会来一个涨停，哪知道来个跌停  又还回去了[捂脸][捂脸][捂脸],,,,否,video_id=7641072798412890021; video_url=https://www.douyin.com/video/7641072798412890021; creator=王多于-股之子; like=0; reply=0; source_type=comment; yeren_signal_id=; parent_comment_text=,12:53,抖音评论,video,五月份怎么感觉这么难啊#内容过于真实 #股民 #基金,南,7641072798412890021,https://www.douyin.com/video/7641072798412890021,,7641090345031402298,12:53,未纳入,中性,自动映射到抖音视频评论池。,,false
2026-05-18,wangduoyu,抖音评论 12:46,"支付宝赚钱12个超市
股票亏一点6个超市早上入了2个
你说我今天是赚钱还是亏钱",,,,否,video_id=7641072798412890021; video_url=https://www.douyin.com/video/7641072798412890021; creator=王多于-股之子; like=0; reply=0; source_type=comment; yeren_signal_id=; parent_comment_text=,12:46,抖音评论,video,五月份怎么感觉这么难啊#内容过于真实 #股民 #基金,用户1992486504731,7641072798412890021,https://www.douyin.com/video/7641072798412890021,,7641088719416509233,12:46,未纳入,中性,自动映射到抖音视频评论池。,,false
2026-05-18,wangduoyu,抖音评论 12:40,三天亏了10个点了[抱抱你],,,,否,video_id=7641072798412890021; video_url=https://www.douyin.com/video/7641072798412890021; creator=王多于-股之子; like=0; reply=0; source_type=comment; yeren_signal_id=; parent_comment_text=,12:40,抖音评论,video,五月份怎么感觉这么难啊#内容过于真实 #股民 #基金,夏染。,7641072798412890021,https://www.douyin.com/video/7641072798412890021,,7641087181734757179,12:40,未纳入,中性,自动映射到抖音视频评论池。,,false
2026-05-18,wangduoyu,抖音评论 12:40,我也是想清仓了，赚一万多不跑倒亏出去了还倒亏七八千,,,,否,video_id=7641072798412890021; video_url=https://www.douyin.com/video/7641072798412890021; creator=王多于-股之子; like=1; reply=2; source_type=comment; yeren_signal_id=; parent_comment_text=,12:40,抖音评论,video,五月份怎么感觉这么难啊#内容过于真实 #股民 #基金,维,7641072798412890021,https://www.douyin.com/video/7641072798412890021,,7641087133391029041,12:40,未纳入,中性,自动映射到抖音视频评论池。,,false
2026-05-18,wangduoyu,抖音评论 12:40,今天体育板块大杀特杀，这周还能回本吗,,,,否,video_id=7641072798412890021; video_url=https://www.douyin.com/video/7641072798412890021; creator=王多于-股之子; like=1; reply=2; source_type=comment; yeren_signal_id=; parent_comment_text=,12:40,抖音评论,video,五月份怎么感觉这么难啊#内容过于真实 #股民 #基金,👄倔强的蚂蚁⭐,7641072798412890021,https://www.douyin.com/video/7641072798412890021,,7641087019888608050,12:40,未纳入,中性,自动映射到抖音视频评论池。,,false
2026-05-18,wangduoyu,抖音评论 12:35,一样一样的啊，心累啊,,,,否,video_id=7641072798412890021; video_url=https://www.douyin.com/video/7641072798412890021; creator=王多于-股之子; like=0; reply=0; source_type=comment; yeren_signal_id=; parent_comment_text=,12:35,抖音评论,video,五月份怎么感觉这么难啊#内容过于真实 #股民 #基金,🫧,7641072798412890021,https://www.douyin.com/video/7641072798412890021,,7641085799391462179,12:35,未纳入,中性,自动映射到抖音视频评论池。,,false
2026-05-18,wangduoyu,抖音评论 12:31,赚了一个月的钱 三天亏完 还亏本金的有嘛 我真是谢谢了 太难受了,,,评论热度较高，但暂未自动识别到明确股票线索，保留人工复核。,待确认,video_id=7641072798412890021; video_url=https://www.douyin.com/video/7641072798412890021; creator=王多于-股之子; like=4; reply=8; source_type=comment; yeren_signal_id=; parent_comment_text=,12:31,抖音评论,video,五月份怎么感觉这么难啊#内容过于真实 #股民 #基金,立儿,7641072798412890021,https://www.douyin.com/video/7641072798412890021,,7641084836769809189,12:31,待确认,中性,自动映射到抖音视频评论池。,6.2,false
2026-05-18,wangduoyu,抖音评论 12:31,天孚 豪恩 拓普 一个月后看,,,,否,video_id=7641072798412890021; video_url=https://www.douyin.com/video/7641072798412890021; creator=王多于-股之子; like=0; reply=1; source_type=comment; yeren_signal_id=; parent_comment_text=,12:31,抖音评论,video,五月份怎么感觉这么难啊#内容过于真实 #股民 #基金,不言不语,7641072798412890021,https://www.douyin.com/video/7641072798412890021,,7641084810396697393,12:31,未纳入,中性,自动映射到抖音视频评论池。,,false
2026-05-18,wangduoyu,抖音评论 12:31,快来真视通,真视通(002771),,真视通(002771) 被提及 1 次，有效评论 1 条，来源 1 个，单视频线索，情绪 中性，当前判断：保留观察。,待确认,video_id=7641072798412890021; video_url=https://www.douyin.com/video/7641072798412890021; creator=王多于-股之子; like=0; reply=1; source_type=comment; yeren_signal_id=; parent_comment_text=,12:31,抖音评论,video,五月份怎么感觉这么难啊#内容过于真实 #股民 #基金,forget forever,7641072798412890021,https://www.douyin.com/video/7641072798412890021,,7641084812626772785,12:31,待确认,中性,自动映射到抖音视频评论池。,6.4,false
2026-05-18,wangduoyu,抖音评论 12:28,每天都来问一下 立讯怎么办[泪奔]浮赢加仓了 有没有义父说一下,,,,否,video_id=7641072798412890021; video_url=https://www.douyin.com/video/7641072798412890021; creator=王多于-股之子; like=0; reply=3; source_type=comment; yeren_signal_id=; parent_comment_text=,12:28,抖音评论,video,五月份怎么感觉这么难啊#内容过于真实 #股民 #基金,梅月,7641072798412890021,https://www.douyin.com/video/7641072798412890021,,7641084100137026355,12:28,未纳入,中性,自动映射到抖音视频评论池。,,false
2026-05-18,wangduoyu,抖音评论 12:26,要不要看看晋控,,,评论热度较高，但暂未自动识别到明确股票线索，保留人工复核。,待确认,video_id=7641072798412890021; video_url=https://www.douyin.com/video/7641072798412890021; creator=王多于-股之子; like=0; reply=6; source_type=comment; yeren_signal_id=; parent_comment_text=,12:26,抖音评论,video,五月份怎么感觉这么难啊#内容过于真实 #股民 #基金,愿时光不弃,7641072798412890021,https://www.douyin.com/video/7641072798412890021,,7641083535747482414,12:26,待确认,中性,自动映射到抖音视频评论池。,6.2,false
2026-05-18,wangduoyu,抖音评论 12:26,美股怎么办[杀马特],,,,否,video_id=7641072798412890021; video_url=https://www.douyin.com/video/7641072798412890021; creator=王多于-股之子; like=0; reply=0; source_type=comment; yeren_signal_id=; parent_comment_text=,12:26,抖音评论,video,五月份怎么感觉这么难啊#内容过于真实 #股民 #基金,@K.,7641072798412890021,https://www.douyin.com/video/7641072798412890021,,7641083466532684590,12:26,未纳入,中性,自动映射到抖音视频评论池。,,false
2026-05-18,wangduoyu,抖音评论 12:25,特不靠普来了，那能靠谱吗,,,,否,video_id=7641072798412890021; video_url=https://www.douyin.com/video/7641072798412890021; creator=王多于-股之子; like=1; reply=0; source_type=comment; yeren_signal_id=; parent_comment_text=,12:25,抖音评论,video,五月份怎么感觉这么难啊#内容过于真实 #股民 #基金,吞金兽的百果园,7641072798412890021,https://www.douyin.com/video/7641072798412890021,,7641083357413606185,12:25,未纳入,中性,自动映射到抖音视频评论池。,,false
2026-05-18,wangduoyu,抖音评论 12:25,说数据港的，怎么说阿,数据港(603881),,数据港(603881) 被提及 1 次，有效评论 1 条，来源 1 个，单视频线索，情绪 中性，当前判断：保留观察。,待确认,video_id=7641072798412890021; video_url=https://www.douyin.com/video/7641072798412890021; creator=王多于-股之子; like=0; reply=1; source_type=comment; yeren_signal_id=; parent_comment_text=,12:25,抖音评论,video,五月份怎么感觉这么难啊#内容过于真实 #股民 #基金,静静静静啊,7641072798412890021,https://www.douyin.com/video/7641072798412890021,,7641083163216724785,12:25,待确认,中性,自动映射到抖音视频评论池。,6.4,false
2026-05-18,wangduoyu,抖音评论 12:24,江丰电子,江丰电子(300666),,江丰电子(300666) 被提及 1 次，有效评论 1 条，来源 1 个，单视频线索，情绪 中性，当前判断：保留观察。,待确认,video_id=7641072798412890021; video_url=https://www.douyin.com/video/7641072798412890021; creator=王多于-股之子; like=0; reply=0; source_type=comment; yeren_signal_id=; parent_comment_text=,12:24,抖音评论,video,五月份怎么感觉这么难啊#内容过于真实 #股民 #基金,王崽崽,7641072798412890021,https://www.douyin.com/video/7641072798412890021,,7641083026059559739,12:24,待确认,中性,自动映射到抖音视频评论池。,6.4,false
2026-05-18,wangduoyu,抖音评论 12:24,两天全仓2个跌停，半个月亏了40%，义父救命,,,,否,video_id=7641072798412890021; video_url=https://www.douyin.com/video/7641072798412890021; creator=王多于-股之子; like=0; reply=0; source_type=comment; yeren_signal_id=; parent_comment_text=,12:24,抖音评论,video,五月份怎么感觉这么难啊#内容过于真实 #股民 #基金,degree,7641072798412890021,https://www.douyin.com/video/7641072798412890021,,7641082971335951156,12:24,未纳入,中性,自动映射到抖音视频评论池。,,false
2026-05-18,wangduoyu,抖音评论 12:24,不好意思[666]我的一直新高不断就可以了[666],,,,否,video_id=7641072798412890021; video_url=https://www.douyin.com/video/7641072798412890021; creator=王多于-股之子; like=0; reply=0; source_type=comment; yeren_signal_id=; parent_comment_text=,12:24,抖音评论,video,五月份怎么感觉这么难啊#内容过于真实 #股民 #基金,麦田守望者,7641072798412890021,https://www.douyin.com/video/7641072798412890021,,7641082846509876006,12:24,未纳入,中性,自动映射到抖音视频评论池。,,false
2026-05-18,wangduoyu,抖音评论 12:23,五穷六绝七翻身,,,,否,video_id=7641072798412890021; video_url=https://www.douyin.com/video/7641072798412890021; creator=王多于-股之子; like=0; reply=0; source_type=comment; yeren_signal_id=; parent_comment_text=,12:23,抖音评论,video,五月份怎么感觉这么难啊#内容过于真实 #股民 #基金,陕南炒家,7641072798412890021,https://www.douyin.com/video/7641072798412890021,,7641082693391860529,12:23,未纳入,中性,自动映射到抖音视频评论池。,,false
2026-05-18,wangduoyu,抖音评论 12:23,五月难做跟我机器人有什么关系[看],机器人(300024),,机器人(300024) 被提及 16 次，有效评论 16 条，来源 3 个，跨来源共振，情绪 中性，当前判断：已进入推荐候选。,是,video_id=7641072798412890021; video_url=https://www.douyin.com/video/7641072798412890021; creator=王多于-股之子; like=0; reply=0; source_type=comment; yeren_signal_id=; parent_comment_text=,12:23,抖音评论,video,五月份怎么感觉这么难啊#内容过于真实 #股民 #基金,Dust丶暮冬,7641072798412890021,https://www.douyin.com/video/7641072798412890021,,7641082621120594703,12:23,已纳入,中性,自动映射到抖音视频评论池。,9.6,true
2026-05-18,wangduoyu,抖音评论 12:21,莲花还能拿吗？亏7个点,,,,否,video_id=7641072798412890021; video_url=https://www.douyin.com/video/7641072798412890021; creator=王多于-股之子; like=1; reply=2; source_type=comment; yeren_signal_id=; parent_comment_text=,12:21,抖音评论,video,五月份怎么感觉这么难啊#内容过于真实 #股民 #基金,小题做镇家,7641072798412890021,https://www.douyin.com/video/7641072798412890021,,7641082271751963402,12:21,未纳入,中性,自动映射到抖音视频评论池。,,false
2026-05-18,wangduoyu,抖音评论 12:20,我只有五月挣……[泣不成声],,,,否,video_id=7641072798412890021; video_url=https://www.douyin.com/video/7641072798412890021; creator=王多于-股之子; like=0; reply=0; source_type=comment; yeren_signal_id=; parent_comment_text=,12:20,抖音评论,video,五月份怎么感觉这么难啊#内容过于真实 #股民 #基金,小阿易_,7641072798412890021,https://www.douyin.com/video/7641072798412890021,,7641081892661445425,12:20,未纳入,中性,自动映射到抖音视频评论池。,,false
2026-05-18,wangduoyu,抖音评论 12:19,特别麻,,,,否,video_id=7641072798412890021; video_url=https://www.douyin.com/video/7641072798412890021; creator=王多于-股之子; like=0; reply=0; source_type=comment; yeren_signal_id=; parent_comment_text=,12:19,抖音评论,video,五月份怎么感觉这么难啊#内容过于真实 #股民 #基金,你好王不二,7641072798412890021,https://www.douyin.com/video/7641072798412890021,,7641081812269515579,12:19,未纳入,中性,自动映射到抖音视频评论池。,,false
2026-05-18,wangduoyu,抖音评论 12:17,巨轮智能。,巨轮智能(002031),,巨轮智能(002031) 被提及 3 次，有效评论 3 条，来源 2 个，跨来源共振，情绪 中性，当前判断：保留观察。,待确认,video_id=7641072798412890021; video_url=https://www.douyin.com/video/7641072798412890021; creator=王多于-股之子; like=1; reply=0; source_type=comment; yeren_signal_id=; parent_comment_text=,12:17,抖音评论,video,五月份怎么感觉这么难啊#内容过于真实 #股民 #基金,但哥,7641072798412890021,https://www.douyin.com/video/7641072798412890021,,7641081128044069647,12:17,待确认,中性,自动映射到抖音视频评论池。,8.0,false
2026-05-18,wangduoyu,抖音评论 12:17,麻了,,,,否,video_id=7641072798412890021; video_url=https://www.douyin.com/video/7641072798412890021; creator=王多于-股之子; like=1; reply=4; source_type=comment; yeren_signal_id=; parent_comment_text=,12:17,抖音评论,video,五月份怎么感觉这么难啊#内容过于真实 #股民 #基金,忙人_i,7641072798412890021,https://www.douyin.com/video/7641072798412890021,,7641081076853097268,12:17,未纳入,中性,自动映射到抖音视频评论池。,,false
2026-05-18,wangduoyu,抖音评论 12:16,主要大盘不行,,,,否,video_id=7641072798412890021; video_url=https://www.douyin.com/video/7641072798412890021; creator=王多于-股之子; like=0; reply=0; source_type=comment; yeren_signal_id=; parent_comment_text=,12:16,抖音评论,video,五月份怎么感觉这么难啊#内容过于真实 #股民 #基金,🌈🍌🍌🍌,7641072798412890021,https://www.douyin.com/video/7641072798412890021,,7641080990765663027,12:16,未纳入,中性,自动映射到抖音视频评论池。,,false
2026-05-18,wangduoyu,抖音评论 12:15,"卓朗智能还能拿吗？
大佬们[比心]",,,,否,video_id=7641072798412890021; video_url=https://www.douyin.com/video/7641072798412890021; creator=王多于-股之子; like=0; reply=4; source_type=comment; yeren_signal_id=; parent_comment_text=,12:15,抖音评论,video,五月份怎么感觉这么难啊#内容过于真实 #股民 #基金,辻弌,7641072798412890021,https://www.douyin.com/video/7641072798412890021,,7641080713505719089,12:15,未纳入,中性,自动映射到抖音视频评论池。,,false
2026-05-18,wangduoyu,抖音评论 12:15,踩雷了。[苦涩][苦涩][苦涩],,,,否,video_id=7641072798412890021; video_url=https://www.douyin.com/video/7641072798412890021; creator=王多于-股之子; like=0; reply=0; source_type=comment; yeren_signal_id=; parent_comment_text=,12:15,抖音评论,video,五月份怎么感觉这么难啊#内容过于真实 #股民 #基金,🧧見来,7641072798412890021,https://www.douyin.com/video/7641072798412890021,,7641080619568579374,12:15,未纳入,中性,自动映射到抖音视频评论池。,,false
2026-05-18,wangduoyu,抖音评论 12:14,中体真疼😣,,,,否,video_id=7641072798412890021; video_url=https://www.douyin.com/video/7641072798412890021; creator=王多于-股之子; like=0; reply=0; source_type=comment; yeren_signal_id=; parent_comment_text=,12:14,抖音评论,video,五月份怎么感觉这么难啊#内容过于真实 #股民 #基金,浪客,7641072798412890021,https://www.douyin.com/video/7641072798412890021,,7641080325020386111,12:14,未纳入,中性,自动映射到抖音视频评论池。,,false
2026-05-18,wangduoyu,抖音评论 12:12,中体也跌停了[流泪],,,,否,video_id=7641072798412890021; video_url=https://www.douyin.com/video/7641072798412890021; creator=王多于-股之子; like=0; reply=0; source_type=comment; yeren_signal_id=; parent_comment_text=,12:12,抖音评论,video,五月份怎么感觉这么难啊#内容过于真实 #股民 #基金,寒露🍑🍑🍑,7641072798412890021,https://www.douyin.com/video/7641072798412890021,,7641079831610983210,12:12,未纳入,中性,自动映射到抖音视频评论池。,,false
2026-05-18,wangduoyu,抖音评论 12:12,彤程新材  长电科技[微笑],长电科技(600584);彤程新材(603650),,长电科技(600584) 被提及 4 次，有效评论 4 条，来源 2 个，跨来源共振，情绪 中性，当前判断：保留观察。；彤程新材(603650) 被提及 1 次，有效评论 1 条，来源 1 个，单视频线索，情绪 中性，当前判断：保留观察。,待确认,video_id=7641072798412890021; video_url=https://www.douyin.com/video/7641072798412890021; creator=王多于-股之子; like=0; reply=0; source_type=comment; yeren_signal_id=; parent_comment_text=,12:12,抖音评论,video,五月份怎么感觉这么难啊#内容过于真实 #股民 #基金,西安.联想智能门锁(鄠邑区),7641072798412890021,https://www.douyin.com/video/7641072798412890021,,7641079756029723429,12:12,待确认,中性,自动映射到抖音视频评论池。,8.3,false
2026-05-18,wangduoyu,抖音评论 12:11,零点有数,零点有数(301169),,零点有数(301169) 被提及 1 次，有效评论 1 条，来源 1 个，单视频线索，情绪 中性，当前判断：保留观察。,待确认,video_id=7641072798412890021; video_url=https://www.douyin.com/video/7641072798412890021; creator=王多于-股之子; like=0; reply=0; source_type=comment; yeren_signal_id=; parent_comment_text=,12:11,抖音评论,video,五月份怎么感觉这么难啊#内容过于真实 #股民 #基金,晴空万李,7641072798412890021,https://www.douyin.com/video/7641072798412890021,,7641079724262064933,12:11,待确认,中性,自动映射到抖音视频评论池。,6.4,false
2026-05-18,wangduoyu,抖音评论 12:11,今天运气好，三个涨停，西部打开了，不知道是不是要跑。,,,,否,video_id=7641072798412890021; video_url=https://www.douyin.com/video/7641072798412890021; creator=王多于-股之子; like=0; reply=0; source_type=comment; yeren_signal_id=; parent_comment_text=,12:11,抖音评论,video,五月份怎么感觉这么难啊#内容过于真实 #股民 #基金,9898,7641072798412890021,https://www.douyin.com/video/7641072798412890021,,7641079624004305698,12:11,未纳入,中性,自动映射到抖音视频评论池。,,false
2026-05-18,wangduoyu,抖音评论 12:11,五穷六绝七翻身[捂脸][捂脸][捂脸],,,,否,video_id=7641072798412890021; video_url=https://www.douyin.com/video/7641072798412890021; creator=王多于-股之子; like=0; reply=0; source_type=comment; yeren_signal_id=; parent_comment_text=,12:11,抖音评论,video,五月份怎么感觉这么难啊#内容过于真实 #股民 #基金,布鲁本鲁,7641072798412890021,https://www.douyin.com/video/7641072798412890021,,7641079584575210297,12:11,未纳入,中性,自动映射到抖音视频评论池。,,false
2026-05-18,wangduoyu,抖音评论 12:10,大佬们，大位科技13块多入的，要不要割肉？懂的帮忙看看,大位科技(600589),AIDC;算力,大位科技(600589) 被提及 1 次，有效评论 1 条，来源 1 个，单视频线索，情绪 谨慎，当前判断：偏风险观察。,否,video_id=7641072798412890021; video_url=https://www.douyin.com/video/7641072798412890021; creator=王多于-股之子; like=0; reply=4; source_type=comment; yeren_signal_id=; parent_comment_text=,12:10,抖音评论,video,五月份怎么感觉这么难啊#内容过于真实 #股民 #基金,要快乐呀,7641072798412890021,https://www.douyin.com/video/7641072798412890021,,7641079413979546417,12:10,未纳入,谨慎,自动映射到抖音视频评论池。,5.9,false
2026-05-18,wangduoyu,抖音评论 12:10,你自己的原因，还是科技啊,,,,否,video_id=7641072798412890021; video_url=https://www.douyin.com/video/7641072798412890021; creator=王多于-股之子; like=0; reply=0; source_type=comment; yeren_signal_id=; parent_comment_text=,12:10,抖音评论,video,五月份怎么感觉这么难啊#内容过于真实 #股民 #基金,炎炎夏日,7641072798412890021,https://www.douyin.com/video/7641072798412890021,,7641079407994946353,12:10,未纳入,中性,自动映射到抖音视频评论池。,,false
2026-05-18,wangduoyu,抖音评论 12:10,巨轮,,,,否,video_id=7641072798412890021; video_url=https://www.douyin.com/video/7641072798412890021; creator=王多于-股之子; like=0; reply=0; source_type=comment; yeren_signal_id=; parent_comment_text=,12:10,抖音评论,video,五月份怎么感觉这么难啊#内容过于真实 #股民 #基金,凡星qm,7641072798412890021,https://www.douyin.com/video/7641072798412890021,,7641079387149124415,12:10,未纳入,中性,自动映射到抖音视频评论池。,,false
2026-05-18,wangduoyu,抖音评论 12:09,太极,,,,否,video_id=7641072798412890021; video_url=https://www.douyin.com/video/7641072798412890021; creator=王多于-股之子; like=0; reply=0; source_type=comment; yeren_signal_id=; parent_comment_text=,12:09,抖音评论,video,五月份怎么感觉这么难啊#内容过于真实 #股民 #基金,火锅底料,7641072798412890021,https://www.douyin.com/video/7641072798412890021,,7641079215361688369,12:09,未纳入,中性,自动映射到抖音视频评论池。,,false
2026-05-18,wangduoyu,抖音评论 12:08,这个月建议空仓,,,,否,video_id=7641072798412890021; video_url=https://www.douyin.com/video/7641072798412890021; creator=王多于-股之子; like=0; reply=0; source_type=comment; yeren_signal_id=; parent_comment_text=,12:08,抖音评论,video,五月份怎么感觉这么难啊#内容过于真实 #股民 #基金,烤地瓜,7641072798412890021,https://www.douyin.com/video/7641072798412890021,,7641078773856633657,12:08,未纳入,中性,自动映射到抖音视频评论池。,,false
2026-05-18,wangduoyu,抖音评论 12:07,机器人有没有可能成主线[抠鼻],,,,否,video_id=7641072798412890021; video_url=https://www.douyin.com/video/7641072798412890021; creator=王多于-股之子; like=0; reply=3; source_type=comment; yeren_signal_id=; parent_comment_text=,12:07,抖音评论,video,五月份怎么感觉这么难啊#内容过于真实 #股民 #基金,你是在,7641072798412890021,https://www.douyin.com/video/7641072798412890021,,7641078674066228017,12:07,未纳入,中性,自动映射到抖音视频评论池。,,false
2026-05-18,wangduoyu,抖音评论 12:07,这个月好像就红了一天[酷拽]账户都不敢打开看[酷拽],,,,否,video_id=7641072798412890021; video_url=https://www.douyin.com/video/7641072798412890021; creator=王多于-股之子; like=0; reply=0; source_type=comment; yeren_signal_id=; parent_comment_text=,12:07,抖音评论,video,五月份怎么感觉这么难啊#内容过于真实 #股民 #基金,来财,7641072798412890021,https://www.douyin.com/video/7641072798412890021,,7641078629929894715,12:07,未纳入,中性,自动映射到抖音视频评论池。,,false
2026-05-18,wangduoyu,抖音评论 12:06,我女儿的账号股票都是我在评论区找的，个个都赚钱，我自己的基本都是绿，因为都是北证[捂脸],,,,否,video_id=7641072798412890021; video_url=https://www.douyin.com/video/7641072798412890021; creator=王多于-股之子; like=0; reply=0; source_type=comment; yeren_signal_id=; parent_comment_text=,12:06,抖音评论,video,五月份怎么感觉这么难啊#内容过于真实 #股民 #基金,午后和煦的阳光,7641072798412890021,https://www.douyin.com/video/7641072798412890021,,7641078379479696187,12:06,未纳入,中性,自动映射到抖音视频评论池。,,false
2026-05-18,wangduoyu,抖音评论 12:05,我来感谢义父，义祖父们[比心],,,,否,video_id=7641072798412890021; video_url=https://www.douyin.com/video/7641072798412890021; creator=王多于-股之子; like=0; reply=0; source_type=comment; yeren_signal_id=; parent_comment_text=,12:05,抖音评论,video,五月份怎么感觉这么难啊#内容过于真实 #股民 #基金,朝酒晚舞,7641072798412890021,https://www.douyin.com/video/7641072798412890021,,7641078157105644323,12:05,未纳入,中性,自动映射到抖音视频评论池。,,false
2026-05-18,wangduoyu,抖音评论 12:03,开盘就是两个跌停[流泪][流泪],,,,否,video_id=7641072798412890021; video_url=https://www.douyin.com/video/7641072798412890021; creator=王多于-股之子; like=0; reply=0; source_type=comment; yeren_signal_id=; parent_comment_text=,12:03,抖音评论,video,五月份怎么感觉这么难啊#内容过于真实 #股民 #基金,碧空万李,7641072798412890021,https://www.douyin.com/video/7641072798412890021,,7641077647275443001,12:03,未纳入,中性,自动映射到抖音视频评论池。,,false
2026-05-18,wangduoyu,抖音评论 12:03,粤传媒怎么办啊,,,,否,video_id=7641072798412890021; video_url=https://www.douyin.com/video/7641072798412890021; creator=王多于-股之子; like=0; reply=3; source_type=comment; yeren_signal_id=; parent_comment_text=,12:03,抖音评论,video,五月份怎么感觉这么难啊#内容过于真实 #股民 #基金,汤姆大王,7641072798412890021,https://www.douyin.com/video/7641072798412890021,,7641077445923242795,12:03,未纳入,中性,自动映射到抖音视频评论池。,,false
2026-05-18,wangduoyu,抖音评论 12:02,五月前十天赚了10几个点，三天亏没了,,,,否,video_id=7641072798412890021; video_url=https://www.douyin.com/video/7641072798412890021; creator=王多于-股之子; like=4; reply=2; source_type=comment; yeren_signal_id=; parent_comment_text=,12:02,抖音评论,video,五月份怎么感觉这么难啊#内容过于真实 #股民 #基金,超凡,7641072798412890021,https://www.douyin.com/video/7641072798412890021,,7641077417117385515,12:02,未纳入,中性,自动映射到抖音视频评论池。,,false
2026-05-18,wangduoyu,抖音评论 12:02,大佬们 贵州燃气是跑还是继续留啊,贵州燃气(600903),,贵州燃气(600903) 被提及 6 次，有效评论 6 条，来源 2 个，跨来源共振，情绪 中性，当前判断：保留观察。,待确认,video_id=7641072798412890021; video_url=https://www.douyin.com/video/7641072798412890021; creator=王多于-股之子; like=0; reply=5; source_type=comment; yeren_signal_id=; parent_comment_text=,12:02,抖音评论,video,五月份怎么感觉这么难啊#内容过于真实 #股民 #基金,陆拾陆,7641072798412890021,https://www.douyin.com/video/7641072798412890021,,7641077273638683450,12:02,待确认,中性,自动映射到抖音视频评论池。,9.1,false
2026-05-18,wangduoyu,抖音评论 12:02,科技,,,,否,video_id=7641072798412890021; video_url=https://www.douyin.com/video/7641072798412890021; creator=王多于-股之子; like=0; reply=0; source_type=comment; yeren_signal_id=; parent_comment_text=,12:02,抖音评论,video,五月份怎么感觉这么难啊#内容过于真实 #股民 #基金,m橘子海,7641072798412890021,https://www.douyin.com/video/7641072798412890021,,7641077196366332721,12:02,未纳入,中性,自动映射到抖音视频评论池。,,false
2026-05-18,wangduoyu,抖音评论 12:01,来存储,,,,否,video_id=7641072798412890021; video_url=https://www.douyin.com/video/7641072798412890021; creator=王多于-股之子; like=0; reply=3; source_type=comment; yeren_signal_id=; parent_comment_text=,12:01,抖音评论,video,五月份怎么感觉这么难啊#内容过于真实 #股民 #基金,浅浅(德妃),7641072798412890021,https://www.douyin.com/video/7641072798412890021,,7641076931995878163,12:01,未纳入,中性,自动映射到抖音视频评论池。,,false
2026-05-18,wangduoyu,抖音评论 11:59,深科技 中天吃肉肉 [呲牙][呲牙][呲牙],深科技(000021),,深科技(000021) 被提及 8 次，有效评论 8 条，来源 2 个，跨来源共振，情绪 中性，当前判断：保留观察。,待确认,video_id=7641072798412890021; video_url=https://www.douyin.com/video/7641072798412890021; creator=王多于-股之子; like=1; reply=0; source_type=comment; yeren_signal_id=; parent_comment_text=,11:59,抖音评论,video,五月份怎么感觉这么难啊#内容过于真实 #股民 #基金,我困,7641072798412890021,https://www.douyin.com/video/7641072798412890021,,7641076472149082929,11:59,待确认,中性,自动映射到抖音视频评论池。,9.6,false
2026-05-18,wangduoyu,抖音评论 11:58,五月份还可以嘛,,,,否,video_id=7641072798412890021; video_url=https://www.douyin.com/video/7641072798412890021; creator=王多于-股之子; like=0; reply=0; source_type=comment; yeren_signal_id=; parent_comment_text=,11:58,抖音评论,video,五月份怎么感觉这么难啊#内容过于真实 #股民 #基金,神马情况,7641072798412890021,https://www.douyin.com/video/7641072798412890021,,7641076367181759241,11:58,未纳入,中性,自动映射到抖音视频评论池。,,false
2026-05-18,wangduoyu,抖音评论 11:56,[舔屏],,,,否,video_id=7641072798412890021; video_url=https://www.douyin.com/video/7641072798412890021; creator=王多于-股之子; like=0; reply=2; source_type=comment; yeren_signal_id=; parent_comment_text=,11:56,抖音评论,video,五月份怎么感觉这么难啊#内容过于真实 #股民 #基金,🪿哒哒哒,7641072798412890021,https://www.douyin.com/video/7641072798412890021,,7641075675096843060,11:56,未纳入,中性,自动映射到抖音视频评论池。,,false
2026-05-18,wangduoyu,抖音评论 11:55,3天，亏了两个月的利润。无语,,,,否,video_id=7641072798412890021; video_url=https://www.douyin.com/video/7641072798412890021; creator=王多于-股之子; like=0; reply=0; source_type=comment; yeren_signal_id=; parent_comment_text=,11:55,抖音评论,video,五月份怎么感觉这么难啊#内容过于真实 #股民 #基金,小汪同学,7641072798412890021,https://www.douyin.com/video/7641072798412890021,,7641075510177825563,11:55,未纳入,中性,自动映射到抖音视频评论池。,,false
2026-05-18,wangduoyu,抖音评论 11:55,沧州明珠吸吸吸[尬笑],,,评论热度较高，但暂未自动识别到明确股票线索，保留人工复核。,待确认,video_id=7641072798412890021; video_url=https://www.douyin.com/video/7641072798412890021; creator=王多于-股之子; like=0; reply=10; source_type=comment; yeren_signal_id=; parent_comment_text=,11:55,抖音评论,video,五月份怎么感觉这么难啊#内容过于真实 #股民 #基金,沵算what°,7641072798412890021,https://www.douyin.com/video/7641072798412890021,,7641075429777113915,11:55,待确认,中性,自动映射到抖音视频评论池。,6.2,false
2026-05-18,wangduoyu,抖音评论 11:54,大业,,,,否,video_id=7641072798412890021; video_url=https://www.douyin.com/video/7641072798412890021; creator=王多于-股之子; like=0; reply=0; source_type=comment; yeren_signal_id=; parent_comment_text=,11:54,抖音评论,video,五月份怎么感觉这么难啊#内容过于真实 #股民 #基金,#,7641072798412890021,https://www.douyin.com/video/7641072798412890021,,7641075286369125169,11:54,未纳入,中性,自动映射到抖音视频评论池。,,false
2026-05-18,wangduoyu,抖音评论 11:53,机器人都挺好的啊,,,,否,video_id=7641072798412890021; video_url=https://www.douyin.com/video/7641072798412890021; creator=王多于-股之子; like=0; reply=2; source_type=comment; yeren_signal_id=; parent_comment_text=,11:53,抖音评论,video,五月份怎么感觉这么难啊#内容过于真实 #股民 #基金,妮诺,7641072798412890021,https://www.douyin.com/video/7641072798412890021,,7641075091485770505,11:53,未纳入,中性,自动映射到抖音视频评论池。,,false
2026-05-18,wangduoyu,抖音评论 11:53,我割了[流泪][流泪]肉疼,,,,否,video_id=7641072798412890021; video_url=https://www.douyin.com/video/7641072798412890021; creator=王多于-股之子; like=2; reply=0; source_type=comment; yeren_signal_id=; parent_comment_text=,11:53,抖音评论,video,五月份怎么感觉这么难啊#内容过于真实 #股民 #基金,无敌幸运星,7641072798412890021,https://www.douyin.com/video/7641072798412890021,,7641075008299795250,11:53,未纳入,中性,自动映射到抖音视频评论池。,,false
2026-05-18,wangduoyu,抖音评论 11:53,我也是[绝望的凝视],,,,否,video_id=7641072798412890021; video_url=https://www.douyin.com/video/7641072798412890021; creator=王多于-股之子; like=1; reply=0; source_type=comment; yeren_signal_id=; parent_comment_text=,11:53,抖音评论,video,五月份怎么感觉这么难啊#内容过于真实 #股民 #基金,77🌸,7641072798412890021,https://www.douyin.com/video/7641072798412890021,,7641074959112176435,11:53,未纳入,中性,自动映射到抖音视频评论池。,,false
2026-05-18,wangduoyu,抖音评论 11:52,[流泪]感觉被监视了买啥亏啥,,,,否,video_id=7641072798412890021; video_url=https://www.douyin.com/video/7641072798412890021; creator=王多于-股之子; like=2; reply=1; source_type=comment; yeren_signal_id=; parent_comment_text=,11:52,抖音评论,video,五月份怎么感觉这么难啊#内容过于真实 #股民 #基金,🌈旭旭手串🌈🌈,7641072798412890021,https://www.douyin.com/video/7641072798412890021,,7641074853629936421,11:52,未纳入,中性,自动映射到抖音视频评论池。,,false
2026-05-18,wangduoyu,抖音评论 11:52,南大和让他有义父要看吗？,,,,否,video_id=7641072798412890021; video_url=https://www.douyin.com/video/7641072798412890021; creator=王多于-股之子; like=0; reply=0; source_type=comment; yeren_signal_id=; parent_comment_text=,11:52,抖音评论,video,五月份怎么感觉这么难啊#内容过于真实 #股民 #基金,一尺悟道,7641072798412890021,https://www.douyin.com/video/7641072798412890021,,7641074793026847538,11:52,未纳入,中性,自动映射到抖音视频评论池。,,false
2026-05-18,wangduoyu,抖音评论 11:52,市场没有问题 错的是自己[流泪],,,,否,video_id=7641072798412890021; video_url=https://www.douyin.com/video/7641072798412890021; creator=王多于-股之子; like=0; reply=0; source_type=comment; yeren_signal_id=; parent_comment_text=,11:52,抖音评论,video,五月份怎么感觉这么难啊#内容过于真实 #股民 #基金,榴莲味的榴莲🥞,7641072798412890021,https://www.douyin.com/video/7641072798412890021,,7641074726815302442,11:52,未纳入,中性,自动映射到抖音视频评论池。,,false
2026-05-18,wangduoyu,抖音评论 11:51,太难了[裂开][裂开][裂开],,,,否,video_id=7641072798412890021; video_url=https://www.douyin.com/video/7641072798412890021; creator=王多于-股之子; like=0; reply=0; source_type=comment; yeren_signal_id=; parent_comment_text=,11:51,抖音评论,video,五月份怎么感觉这么难啊#内容过于真实 #股民 #基金,绫濑遥,7641072798412890021,https://www.douyin.com/video/7641072798412890021,,7641074490957120293,11:51,未纳入,中性,自动映射到抖音视频评论池。,,false
2026-05-18,wangduoyu,抖音评论 11:51,我的仓位降下来了，黄毛来之前70的仓位赚了，加仓到90，黄毛一来亏惨了，现在降到30的仓位了,,,,否,video_id=7641072798412890021; video_url=https://www.douyin.com/video/7641072798412890021; creator=王多于-股之子; like=0; reply=0; source_type=comment; yeren_signal_id=; parent_comment_text=,11:51,抖音评论,video,五月份怎么感觉这么难啊#内容过于真实 #股民 #基金,＋愉,7641072798412890021,https://www.douyin.com/video/7641072798412890021,,7641074454247818043,11:51,未纳入,中性,自动映射到抖音视频评论池。,,false
2026-05-18,wangduoyu,抖音评论 11:51,盯紧次新就行 别乱跑,,,,否,video_id=7641072798412890021; video_url=https://www.douyin.com/video/7641072798412890021; creator=王多于-股之子; like=0; reply=0; source_type=comment; yeren_signal_id=; parent_comment_text=,11:51,抖音评论,video,五月份怎么感觉这么难啊#内容过于真实 #股民 #基金,Oakley,7641072798412890021,https://www.douyin.com/video/7641072798412890021,,7641074396757279515,11:51,未纳入,中性,自动映射到抖音视频评论池。,,false
2026-05-18,wangduoyu,抖音评论 11:51,早上三个涨停，我都懵了[捂脸],,,,否,video_id=7641072798412890021; video_url=https://www.douyin.com/video/7641072798412890021; creator=王多于-股之子; like=0; reply=0; source_type=comment; yeren_signal_id=; parent_comment_text=,11:51,抖音评论,video,五月份怎么感觉这么难啊#内容过于真实 #股民 #基金,开心亿亿点,7641072798412890021,https://www.douyin.com/video/7641072798412890021,,7641074353161470779,11:51,未纳入,中性,自动映射到抖音视频评论池。,,false
2026-05-18,wangduoyu,抖音评论 11:50,我就在我的两个华里躺平[躺平],,,评论热度较高，但暂未自动识别到明确股票线索，保留人工复核。,待确认,video_id=7641072798412890021; video_url=https://www.douyin.com/video/7641072798412890021; creator=王多于-股之子; like=0; reply=8; source_type=comment; yeren_signal_id=; parent_comment_text=,11:50,抖音评论,video,五月份怎么感觉这么难啊#内容过于真实 #股民 #基金,momo鱼,7641072798412890021,https://www.douyin.com/video/7641072798412890021,,7641074210357691173,11:50,待确认,中性,自动映射到抖音视频评论池。,6.2,false
2026-05-18,wangduoyu,抖音评论 11:50,我也是连续3天了,,,,否,video_id=7641072798412890021; video_url=https://www.douyin.com/video/7641072798412890021; creator=王多于-股之子; like=1; reply=0; source_type=comment; yeren_signal_id=; parent_comment_text=,11:50,抖音评论,video,五月份怎么感觉这么难啊#内容过于真实 #股民 #基金,定点,7641072798412890021,https://www.douyin.com/video/7641072798412890021,,7641074194449056571,11:50,未纳入,中性,自动映射到抖音视频评论池。,,false
2026-05-18,wangduoyu,抖音评论 11:49,发骨的人能不能说下逻辑啊[黄脸祈祷]太多了不敢随便买啊,,,,否,video_id=7641072798412890021; video_url=https://www.douyin.com/video/7641072798412890021; creator=王多于-股之子; like=0; reply=2; source_type=comment; yeren_signal_id=; parent_comment_text=,11:49,抖音评论,video,五月份怎么感觉这么难啊#内容过于真实 #股民 #基金,Doki♥,7641072798412890021,https://www.douyin.com/video/7641072798412890021,,7641074029664027429,11:49,未纳入,中性,自动映射到抖音视频评论池。,,false
2026-05-18,wangduoyu,抖音评论 11:49,来三丰智能。双林我也在,三丰智能(300276),,三丰智能(300276) 被提及 1 次，有效评论 1 条，来源 1 个，单视频线索，情绪 中性，当前判断：保留观察。,待确认,video_id=7641072798412890021; video_url=https://www.douyin.com/video/7641072798412890021; creator=王多于-股之子; like=1; reply=1; source_type=comment; yeren_signal_id=; parent_comment_text=,11:49,抖音评论,video,五月份怎么感觉这么难啊#内容过于真实 #股民 #基金,🌈火炎🔥圭,7641072798412890021,https://www.douyin.com/video/7641072798412890021,,7641074021229265673,11:49,待确认,中性,自动映射到抖音视频评论池。,6.4,false
2026-05-18,wangduoyu,抖音评论 11:49,信维,,,,否,video_id=7641072798412890021; video_url=https://www.douyin.com/video/7641072798412890021; creator=王多于-股之子; like=0; reply=0; source_type=comment; yeren_signal_id=; parent_comment_text=,11:49,抖音评论,video,五月份怎么感觉这么难啊#内容过于真实 #股民 #基金,等风来,7641072798412890021,https://www.douyin.com/video/7641072798412890021,,7641073978396246835,11:49,未纳入,中性,自动映射到抖音视频评论池。,,false
2026-05-18,wangduoyu,抖音评论 11:48,亏了40个点 太难了 天老爷,,,,否,video_id=7641072798412890021; video_url=https://www.douyin.com/video/7641072798412890021; creator=王多于-股之子; like=0; reply=0; source_type=comment; yeren_signal_id=; parent_comment_text=,11:48,抖音评论,video,五月份怎么感觉这么难啊#内容过于真实 #股民 #基金,阿鹏,7641072798412890021,https://www.douyin.com/video/7641072798412890021,,7641073775811330865,11:48,未纳入,中性,自动映射到抖音视频评论池。,,false
2026-05-18,wangduoyu,抖音评论 11:48,第一,,,,否,video_id=7641072798412890021; video_url=https://www.douyin.com/video/7641072798412890021; creator=王多于-股之子; like=0; reply=0; source_type=comment; yeren_signal_id=; parent_comment_text=,11:48,抖音评论,video,五月份怎么感觉这么难啊#内容过于真实 #股民 #基金,四川成都范冰冰,7641072798412890021,https://www.douyin.com/video/7641072798412890021,,7641073763211068197,11:48,未纳入,中性,自动映射到抖音视频评论池。,,false
2026-05-18,wangduoyu,抖音评论 11:48,粤传媒[裂开],,,,否,video_id=7641072798412890021; video_url=https://www.douyin.com/video/7641072798412890021; creator=王多于-股之子; like=4; reply=0; source_type=comment; yeren_signal_id=; parent_comment_text=,11:48,抖音评论,video,五月份怎么感觉这么难啊#内容过于真实 #股民 #基金,momo,7641072798412890021,https://www.douyin.com/video/7641072798412890021,,7641073699492070193,11:48,未纳入,中性,自动映射到抖音视频评论池。,,false
2026-05-18,wangduoyu,抖音评论 11:48,今天腰斩的第一天[流泪],,,,否,video_id=7641072798412890021; video_url=https://www.douyin.com/video/7641072798412890021; creator=王多于-股之子; like=0; reply=0; source_type=comment; yeren_signal_id=; parent_comment_text=,11:48,抖音评论,video,五月份怎么感觉这么难啊#内容过于真实 #股民 #基金,龙腾马跃,7641072798412890021,https://www.douyin.com/video/7641072798412890021,,7641073677874463537,11:48,未纳入,中性,自动映射到抖音视频评论池。,,false
2026-05-18,wangduoyu,抖音评论 11:48,今天亏惨了,,,,否,video_id=7641072798412890021; video_url=https://www.douyin.com/video/7641072798412890021; creator=王多于-股之子; like=0; reply=0; source_type=comment; yeren_signal_id=; parent_comment_text=,11:48,抖音评论,video,五月份怎么感觉这么难啊#内容过于真实 #股民 #基金,慧慧慧啊～,7641072798412890021,https://www.douyin.com/video/7641072798412890021,,7641073651592364858,11:48,未纳入,中性,自动映射到抖音视频评论池。,,false
2026-05-18,wangduoyu,抖音评论 11:48,领益智造小赚跑了,领益智造(002600),,领益智造(002600) 被提及 3 次，有效评论 3 条，来源 2 个，跨来源共振，情绪 谨慎，当前判断：已进入推荐候选。,是,video_id=7641072798412890021; video_url=https://www.douyin.com/video/7641072798412890021; creator=王多于-股之子; like=0; reply=0; source_type=comment; yeren_signal_id=; parent_comment_text=,11:48,抖音评论,video,五月份怎么感觉这么难啊#内容过于真实 #股民 #基金,嗯哼哼,7641072798412890021,https://www.douyin.com/video/7641072798412890021,,7641073595780137777,11:48,已纳入,谨慎,自动映射到抖音视频评论池。,8.2,true
2026-05-18,wangduoyu,抖音评论 11:48,五洲新春拿住！,五洲新春(603667),,五洲新春(603667) 被提及 1 次，有效评论 1 条，来源 1 个，单视频线索，情绪 看多，当前判断：保留观察。,待确认,video_id=7641072798412890021; video_url=https://www.douyin.com/video/7641072798412890021; creator=王多于-股之子; like=4; reply=7; source_type=comment; yeren_signal_id=; parent_comment_text=,11:48,抖音评论,video,五月份怎么感觉这么难啊#内容过于真实 #股民 #基金,小脑斧,7641072798412890021,https://www.douyin.com/video/7641072798412890021,,7641073591505437480,11:48,待确认,看多,自动映射到抖音视频评论池。,6.4,false
2026-05-18,wangduoyu,抖音评论 11:47,一直亏，五月小绿一天。,,,,否,video_id=7641072798412890021; video_url=https://www.douyin.com/video/7641072798412890021; creator=王多于-股之子; like=0; reply=0; source_type=comment; yeren_signal_id=; parent_comment_text=,11:47,抖音评论,video,五月份怎么感觉这么难啊#内容过于真实 #股民 #基金,夜幕,7641072798412890021,https://www.douyin.com/video/7641072798412890021,,7641073460605436729,11:47,未纳入,中性,自动映射到抖音视频评论池。,,false
2026-05-18,wangduoyu,抖音评论 11:47,谁说的这个月会很好做的，站出来！！[微笑][微笑],,,,否,video_id=7641072798412890021; video_url=https://www.douyin.com/video/7641072798412890021; creator=王多于-股之子; like=1; reply=0; source_type=comment; yeren_signal_id=; parent_comment_text=,11:47,抖音评论,video,五月份怎么感觉这么难啊#内容过于真实 #股民 #基金,王多于-股之子,7641072798412890021,https://www.douyin.com/video/7641072798412890021,,7641073409937376049,11:47,未纳入,中性,自动映射到抖音视频评论池。,,false
2026-05-18,wangduoyu,抖音评论 11:46,好难[流泪][流泪],,,,否,video_id=7641072798412890021; video_url=https://www.douyin.com/video/7641072798412890021; creator=王多于-股之子; like=0; reply=0; source_type=comment; yeren_signal_id=; parent_comment_text=,11:46,抖音评论,video,五月份怎么感觉这么难啊#内容过于真实 #股民 #基金,麦麦汁汁鸡,7641072798412890021,https://www.douyin.com/video/7641072798412890021,,7641073311598379813,11:46,未纳入,中性,自动映射到抖音视频评论池。,,false
2026-05-18,wangduoyu,抖音评论 11:46,今天我没亏[酷拽]跑出来就算可以了,,,,否,video_id=7641072798412890021; video_url=https://www.douyin.com/video/7641072798412890021; creator=王多于-股之子; like=0; reply=0; source_type=comment; yeren_signal_id=; parent_comment_text=,11:46,抖音评论,video,五月份怎么感觉这么难啊#内容过于真实 #股民 #基金,🌈浮生若梦几何忧,7641072798412890021,https://www.douyin.com/video/7641072798412890021,,7641073288135967537,11:46,未纳入,中性,自动映射到抖音视频评论池。,,false
2026-05-18,wangduoyu,抖音评论 11:46,[流泪][流泪][流泪]，真难,,,,否,video_id=7641072798412890021; video_url=https://www.douyin.com/video/7641072798412890021; creator=王多于-股之子; like=0; reply=0; source_type=comment; yeren_signal_id=; parent_comment_text=,11:46,抖音评论,video,五月份怎么感觉这么难啊#内容过于真实 #股民 #基金,许甜甜,7641072798412890021,https://www.douyin.com/video/7641072798412890021,,7641073140446298929,11:46,未纳入,中性,自动映射到抖音视频评论池。,,false
2026-05-18,wangduoyu,抖音评论 11:45,太难了[躺平][躺平][躺平],,,,否,video_id=7641072798412890021; video_url=https://www.douyin.com/video/7641072798412890021; creator=王多于-股之子; like=0; reply=0; source_type=comment; yeren_signal_id=; parent_comment_text=,11:45,抖音评论,video,五月份怎么感觉这么难啊#内容过于真实 #股民 #基金,沐冬晴✔,7641072798412890021,https://www.douyin.com/video/7641072798412890021,,7641073019058258746,11:45,未纳入,中性,自动映射到抖音视频评论池。,,false
2026-05-18,wangduoyu,抖音评论 11:46,大家今天都还好吗 发出来对比一下,,,评论热度较高，但暂未自动识别到明确股票线索，保留人工复核。,待确认,video_id=7641072798412890021; video_url=https://www.douyin.com/video/7641072798412890021; creator=王多于-股之子; like=2; reply=13; source_type=comment; yeren_signal_id=; parent_comment_text=,11:46,抖音评论,video,五月份怎么感觉这么难啊#内容过于真实 #股民 #基金,王多于-股之子,7641072798412890021,https://www.douyin.com/video/7641072798412890021,,7641073255159300913,11:46,待确认,中性,自动映射到抖音视频评论池。,6.2,false
2026-05-18,wangduoyu,抖音评论 12:05,周五说的祥龙电业，有人买了吗？快来感谢我,祥龙电业(600769),,祥龙电业(600769) 被提及 1 次，有效评论 1 条，来源 1 个，单视频线索，情绪 中性，当前判断：保留观察。,待确认,video_id=7641072798412890021; video_url=https://www.douyin.com/video/7641072798412890021; creator=王多于-股之子; like=3; reply=30; source_type=comment; yeren_signal_id=; parent_comment_text=,12:05,抖音评论,video,五月份怎么感觉这么难啊#内容过于真实 #股民 #基金,啊啊啊啊啊,7641072798412890021,https://www.douyin.com/video/7641072798412890021,,7641078067687228209,12:05,待确认,中性,自动映射到抖音视频评论池。,6.4,false
2026-05-18,longge,抖音评论 15:18,完了啊，绿色动力没涨停[捂脸],绿色动力(601330),,绿色动力(601330) 被提及 7 次，有效评论 7 条，来源 2 个，跨来源共振，情绪 中性，当前判断：保留观察。,待确认,video_id=7641127199756948133; video_url=https://www.douyin.com/video/7641127199756948133; creator=阿龙闯大A📈; like=3; reply=8; source_type=comment; yeren_signal_id=; parent_comment_text=,15:18,抖音评论,video,明天一起见证大哥的🎫#股票 #股民 #vlgo十亿流量扶持计划,剑来,7641127199756948133,https://www.douyin.com/video/7641127199756948133,,7641127714132935467,15:18,待确认,中性,自动映射到抖音视频评论池。,9.5,false
2026-05-18,longge,抖音评论 15:23,002192，明天直接入,融捷股份(002192),,融捷股份(002192) 被提及 1 次，有效评论 1 条，来源 1 个，单视频线索，情绪 中性，当前判断：保留观察。,待确认,video_id=7641127199756948133; video_url=https://www.douyin.com/video/7641127199756948133; creator=阿龙闯大A📈; like=2; reply=4; source_type=comment; yeren_signal_id=; parent_comment_text=,15:23,抖音评论,video,明天一起见证大哥的🎫#股票 #股民 #vlgo十亿流量扶持计划,想早日退休,7641127199756948133,https://www.douyin.com/video/7641127199756948133,,7641129086019470117,15:23,待确认,中性,自动映射到抖音视频评论池。,6.4,false
2026-05-18,longge,抖音评论 15:26,小商品城，月底会感谢我,小商品城(600415),,小商品城(600415) 被提及 4 次，有效评论 4 条，来源 1 个，单视频线索，情绪 中性，当前判断：已进入推荐候选。,是,video_id=7641127199756948133; video_url=https://www.douyin.com/video/7641127199756948133; creator=阿龙闯大A📈; like=0; reply=1; source_type=comment; yeren_signal_id=; parent_comment_text=,15:26,抖音评论,video,明天一起见证大哥的🎫#股票 #股民 #vlgo十亿流量扶持计划,武汉爱康雅装饰,7641127199756948133,https://www.douyin.com/video/7641127199756948133,,7641129820231975718,15:26,已纳入,中性,自动映射到抖音视频评论池。,8.4,true
2026-05-18,longge,抖音评论 15:19,小商品城进早了,小商品城(600415),,小商品城(600415) 被提及 4 次，有效评论 4 条，来源 1 个，单视频线索，情绪 中性，当前判断：已进入推荐候选。,是,video_id=7641127199756948133; video_url=https://www.douyin.com/video/7641127199756948133; creator=阿龙闯大A📈; like=0; reply=1; source_type=comment; yeren_signal_id=; parent_comment_text=,15:19,抖音评论,video,明天一起见证大哥的🎫#股票 #股民 #vlgo十亿流量扶持计划,❤️   萍,7641127199756948133,https://www.douyin.com/video/7641127199756948133,,7641127984279192357,15:19,已纳入,中性,自动映射到抖音视频评论池。,8.4,true
2026-05-18,longge,抖音评论 15:24,黄河旋风怎么说[流泪],黄河旋风(600172),,黄河旋风(600172) 被提及 4 次，有效评论 4 条，来源 2 个，跨来源共振，情绪 中性，当前判断：保留观察。,待确认,video_id=7641127199756948133; video_url=https://www.douyin.com/video/7641127199756948133; creator=阿龙闯大A📈; like=1; reply=1; source_type=comment; yeren_signal_id=; parent_comment_text=,15:24,抖音评论,video,明天一起见证大哥的🎫#股票 #股民 #vlgo十亿流量扶持计划,下雨天,7641127199756948133,https://www.douyin.com/video/7641127199756948133,,7641129416940749587,15:24,待确认,中性,自动映射到抖音视频评论池。,8.3,false
2026-05-18,longge,抖音评论 15:31,格林美冲啊,格林美(002340),,格林美(002340) 被提及 1 次，有效评论 1 条，来源 1 个，单视频线索，情绪 中性，当前判断：保留观察。,待确认,video_id=7641127199756948133; video_url=https://www.douyin.com/video/7641127199756948133; creator=阿龙闯大A📈; like=0; reply=0; source_type=comment; yeren_signal_id=; parent_comment_text=,15:31,抖音评论,video,明天一起见证大哥的🎫#股票 #股民 #vlgo十亿流量扶持计划,shimdaram,7641127199756948133,https://www.douyin.com/video/7641127199756948133,,7641131116388238137,15:31,待确认,中性,自动映射到抖音视频评论池。,6.4,false
2026-05-18,longge,抖音评论 15:18,"东/
方/
明/
珠。
来不及了",,,,否,video_id=7641127199756948133; video_url=https://www.douyin.com/video/7641127199756948133; creator=阿龙闯大A📈; like=0; reply=1; source_type=comment; yeren_signal_id=; parent_comment_text=,15:18,抖音评论,video,明天一起见证大哥的🎫#股票 #股民 #vlgo十亿流量扶持计划,朱,7641127199756948133,https://www.douyin.com/video/7641127199756948133,,7641127745825817386,15:18,未纳入,中性,自动映射到抖音视频评论池。,,false
2026-05-18,longge,抖音评论 15:17,多氟多,多氟多(002407),,多氟多(002407) 被提及 3 次，有效评论 3 条，来源 1 个，单视频线索，情绪 中性，当前判断：保留观察。,待确认,video_id=7641127199756948133; video_url=https://www.douyin.com/video/7641127199756948133; creator=阿龙闯大A📈; like=2; reply=0; source_type=comment; yeren_signal_id=; parent_comment_text=,15:17,抖音评论,video,明天一起见证大哥的🎫#股票 #股民 #vlgo十亿流量扶持计划,是点点呀🦋,7641127199756948133,https://www.douyin.com/video/7641127199756948133,,7641127661578011449,15:17,待确认,中性,自动映射到抖音视频评论池。,7.2,false
2026-05-18,longge,抖音评论 15:20,嘉美包装吗？,嘉美包装(002969),,嘉美包装(002969) 被提及 1 次，有效评论 1 条，来源 1 个，单视频线索，情绪 中性，当前判断：保留观察。,待确认,video_id=7641127199756948133; video_url=https://www.douyin.com/video/7641127199756948133; creator=阿龙闯大A📈; like=0; reply=0; source_type=comment; yeren_signal_id=; parent_comment_text=,15:20,抖音评论,video,明天一起见证大哥的🎫#股票 #股民 #vlgo十亿流量扶持计划,王  猛,7641127199756948133,https://www.douyin.com/video/7641127199756948133,,7641128301982303034,15:20,待确认,中性,自动映射到抖音视频评论池。,6.4,false
2026-05-18,longge,抖音评论 15:32,[流泪][流泪]津药莫名其妙两个跌停,,,,否,video_id=7641127199756948133; video_url=https://www.douyin.com/video/7641127199756948133; creator=阿龙闯大A📈; like=1; reply=1; source_type=comment; yeren_signal_id=; parent_comment_text=,15:32,抖音评论,video,明天一起见证大哥的🎫#股票 #股民 #vlgo十亿流量扶持计划,琳,7641127199756948133,https://www.douyin.com/video/7641127199756948133,,7641131345791746866,15:32,未纳入,中性,自动映射到抖音视频评论池。,,false
2026-05-18,longge,抖音评论 15:17,西部cl明天涨停[思考],,,,否,video_id=7641127199756948133; video_url=https://www.douyin.com/video/7641127199756948133; creator=阿龙闯大A📈; like=1; reply=4; source_type=comment; yeren_signal_id=; parent_comment_text=,15:17,抖音评论,video,明天一起见证大哥的🎫#股票 #股民 #vlgo十亿流量扶持计划,叶旋,7641127199756948133,https://www.douyin.com/video/7641127199756948133,,7641127573138015035,15:17,未纳入,中性,自动映射到抖音视频评论池。,,false
2026-05-18,longge,抖音评论 15:18,我说祥龙你们估计听都没听过[捂脸]偷偷吃,,,评论热度较高，但暂未自动识别到明确股票线索，保留人工复核。,待确认,video_id=7641127199756948133; video_url=https://www.douyin.com/video/7641127199756948133; creator=阿龙闯大A📈; like=3; reply=26; source_type=comment; yeren_signal_id=; parent_comment_text=,15:18,抖音评论,video,明天一起见证大哥的🎫#股票 #股民 #vlgo十亿流量扶持计划,¨G·z❀,7641127199756948133,https://www.douyin.com/video/7641127199756948133,,7641127855934243638,15:18,待确认,中性,自动映射到抖音视频评论池。,6.2,false
2026-05-18,longge,抖音评论 15:24,诚邦，诚邦，5月牛股！我四月底进的！等你上龙！,,,,否,video_id=7641127199756948133; video_url=https://www.douyin.com/video/7641127199756948133; creator=阿龙闯大A📈; like=1; reply=0; source_type=comment; yeren_signal_id=; parent_comment_text=,15:24,抖音评论,video,明天一起见证大哥的🎫#股票 #股民 #vlgo十亿流量扶持计划,寒九叔,7641127199756948133,https://www.douyin.com/video/7641127199756948133,,7641129462076179259,15:24,未纳入,中性,自动映射到抖音视频评论池。,,false
2026-05-18,longge,抖音评论 15:33,浙江新能谁拉的[泪奔],浙江新能(600032),,浙江新能(600032) 被提及 1 次，有效评论 1 条，来源 1 个，单视频线索，情绪 中性，当前判断：保留观察。,待确认,video_id=7641127199756948133; video_url=https://www.douyin.com/video/7641127199756948133; creator=阿龙闯大A📈; like=0; reply=0; source_type=comment; yeren_signal_id=; parent_comment_text=,15:33,抖音评论,video,明天一起见证大哥的🎫#股票 #股民 #vlgo十亿流量扶持计划,钱从四面八方来日进斗金锦绣前程家财万贯,7641127199756948133,https://www.douyin.com/video/7641127199756948133,,7641131715113124645,15:33,待确认,中性,自动映射到抖音视频评论池。,6.4,false
2026-05-18,longge,抖音评论 15:35,明阳！坐等验证,,,,否,video_id=7641127199756948133; video_url=https://www.douyin.com/video/7641127199756948133; creator=阿龙闯大A📈; like=0; reply=0; source_type=comment; yeren_signal_id=; parent_comment_text=,15:35,抖音评论,video,明天一起见证大哥的🎫#股票 #股民 #vlgo十亿流量扶持计划,广州彭于晏,7641127199756948133,https://www.douyin.com/video/7641127199756948133,,7641132075002118961,15:35,未纳入,中性,自动映射到抖音视频评论池。,,false
2026-05-18,longge,抖音评论 15:20,杭电怎么说,,,,否,video_id=7641127199756948133; video_url=https://www.douyin.com/video/7641127199756948133; creator=阿龙闯大A📈; like=1; reply=2; source_type=comment; yeren_signal_id=; parent_comment_text=,15:20,抖音评论,video,明天一起见证大哥的🎫#股票 #股民 #vlgo十亿流量扶持计划,考辛斯,7641127199756948133,https://www.douyin.com/video/7641127199756948133,,7641128239385314054,15:20,未纳入,中性,自动映射到抖音视频评论池。,,false
2026-05-18,longge,抖音评论 15:26,这只是什么？,,,,否,video_id=7641127199756948133; video_url=https://www.douyin.com/video/7641127199756948133; creator=阿龙闯大A📈; like=0; reply=0; source_type=comment; yeren_signal_id=; parent_comment_text=,15:26,抖音评论,video,明天一起见证大哥的🎫#股票 #股民 #vlgo十亿流量扶持计划,俊哥哥,7641127199756948133,https://www.douyin.com/video/7641127199756948133,,7641129810715509562,15:26,未纳入,中性,自动映射到抖音视频评论池。,,false
2026-05-18,longge,抖音评论 15:25,长城明天拉板吗[泪奔],,,,否,video_id=7641127199756948133; video_url=https://www.douyin.com/video/7641127199756948133; creator=阿龙闯大A📈; like=1; reply=2; source_type=comment; yeren_signal_id=; parent_comment_text=,15:25,抖音评论,video,明天一起见证大哥的🎫#股票 #股民 #vlgo十亿流量扶持计划,汉堡被咬了,7641127199756948133,https://www.douyin.com/video/7641127199756948133,,7641129518829421361,15:25,未纳入,中性,自动映射到抖音视频评论池。,,false
2026-05-18,longge,抖音评论 15:29,"阿龙也是亏多赚少
所谓的大哥无非就是说个股票💹引流，不要盲目相信所谓大哥。江特，赣峰的还好吗？
一个评论。引流。弄个专属群，充费298，限额100名。这是在补仓[捂脸][捂脸][捂脸]
自己多判断，赚钱的都是偷偷摸摸的",,,,否,video_id=7641127199756948133; video_url=https://www.douyin.com/video/7641127199756948133; creator=阿龙闯大A📈; like=2; reply=1; source_type=comment; yeren_signal_id=; parent_comment_text=,15:29,抖音评论,video,明天一起见证大哥的🎫#股票 #股民 #vlgo十亿流量扶持计划,周玥爸爸,7641127199756948133,https://www.douyin.com/video/7641127199756948133,,7641130590829593402,15:29,未纳入,中性,自动映射到抖音视频评论池。,,false
2026-05-18,longge,抖音评论 15:25,说天娱的大哥真牛啊，下午进去就涨停了[惊喜],,,,否,video_id=7641127199756948133; video_url=https://www.douyin.com/video/7641127199756948133; creator=阿龙闯大A📈; like=1; reply=0; source_type=comment; yeren_signal_id=; parent_comment_text=,15:25,抖音评论,video,明天一起见证大哥的🎫#股票 #股民 #vlgo十亿流量扶持计划,9275,7641127199756948133,https://www.douyin.com/video/7641127199756948133,,7641129514265838399,15:25,未纳入,中性,自动映射到抖音视频评论池。,,false
2026-05-18,longge,抖音评论 15:21,前面圣龙会T的 都四五元差价了 不T b的话也 3元多了 再来一个 002600 不要满 绿吸一周,领益智造(002600),,领益智造(002600) 被提及 3 次，有效评论 3 条，来源 2 个，跨来源共振，情绪 谨慎，当前判断：已进入推荐候选。,是,video_id=7641127199756948133; video_url=https://www.douyin.com/video/7641127199756948133; creator=阿龙闯大A📈; like=5; reply=2; source_type=comment; yeren_signal_id=; parent_comment_text=,15:21,抖音评论,video,明天一起见证大哥的🎫#股票 #股民 #vlgo十亿流量扶持计划,KeeP,7641127199756948133,https://www.douyin.com/video/7641127199756948133,,7641128479148671784,15:21,已纳入,谨慎,自动映射到抖音视频评论池。,8.2,true
2026-05-18,longge,抖音评论 15:18,买的哪个？,,,,否,video_id=7641127199756948133; video_url=https://www.douyin.com/video/7641127199756948133; creator=阿龙闯大A📈; like=0; reply=3; source_type=comment; yeren_signal_id=; parent_comment_text=,15:18,抖音评论,video,明天一起见证大哥的🎫#股票 #股民 #vlgo十亿流量扶持计划,Mr,7641127199756948133,https://www.douyin.com/video/7641127199756948133,,7641127799853433649,15:18,未纳入,中性,自动映射到抖音视频评论池。,,false
2026-05-18,longge,抖音评论 15:35,我在辽能吃大面[流泪],,,,否,video_id=7641127199756948133; video_url=https://www.douyin.com/video/7641127199756948133; creator=阿龙闯大A📈; like=0; reply=0; source_type=comment; yeren_signal_id=; parent_comment_text=,15:35,抖音评论,video,明天一起见证大哥的🎫#股票 #股民 #vlgo十亿流量扶持计划,姓名已重制,7641127199756948133,https://www.douyin.com/video/7641127199756948133,,7641132100149822245,15:35,未纳入,中性,自动映射到抖音视频评论池。,,false
2026-05-18,longge,抖音评论 15:23,主播买的啥，明天我去打板,,,,否,video_id=7641127199756948133; video_url=https://www.douyin.com/video/7641127199756948133; creator=阿龙闯大A📈; like=0; reply=0; source_type=comment; yeren_signal_id=; parent_comment_text=,15:23,抖音评论,video,明天一起见证大哥的🎫#股票 #股民 #vlgo十亿流量扶持计划,后会无期,7641127199756948133,https://www.douyin.com/video/7641127199756948133,,7641129024278266665,15:23,未纳入,中性,自动映射到抖音视频评论池。,,false
2026-05-18,longge,抖音评论 15:24,蹲个课代表出来说一下这是进了哪个,,,,否,video_id=7641127199756948133; video_url=https://www.douyin.com/video/7641127199756948133; creator=阿龙闯大A📈; like=0; reply=0; source_type=comment; yeren_signal_id=; parent_comment_text=,15:24,抖音评论,video,明天一起见证大哥的🎫#股票 #股民 #vlgo十亿流量扶持计划,邱 ～,7641127199756948133,https://www.douyin.com/video/7641127199756948133,,7641129338490127155,15:24,未纳入,中性,自动映射到抖音视频评论池。,,false
2026-05-18,longge,抖音评论 15:18,涨不停不停涨才好[呲牙],,,,否,video_id=7641127199756948133; video_url=https://www.douyin.com/video/7641127199756948133; creator=阿龙闯大A📈; like=0; reply=0; source_type=comment; yeren_signal_id=; parent_comment_text=,15:18,抖音评论,video,明天一起见证大哥的🎫#股票 #股民 #vlgo十亿流量扶持计划,蜡笔小新,7641127199756948133,https://www.douyin.com/video/7641127199756948133,,7641127871955829541,15:18,未纳入,中性,自动映射到抖音视频评论池。,,false
2026-05-18,longge,抖音评论 15:17,我今天我今天进了2支[捂脸][捂脸][捂脸],,,,否,video_id=7641127199756948133; video_url=https://www.douyin.com/video/7641127199756948133; creator=阿龙闯大A📈; like=0; reply=0; source_type=comment; yeren_signal_id=; parent_comment_text=,15:17,抖音评论,video,明天一起见证大哥的🎫#股票 #股民 #vlgo十亿流量扶持计划,浮生若梦,7641127199756948133,https://www.douyin.com/video/7641127199756948133,,7641127673293816634,15:17,未纳入,中性,自动映射到抖音视频评论池。,,false
2026-05-18,longge,抖音评论 15:25,买的啥？,,,,否,video_id=7641127199756948133; video_url=https://www.douyin.com/video/7641127199756948133; creator=阿龙闯大A📈; like=0; reply=0; source_type=comment; yeren_signal_id=; parent_comment_text=,15:25,抖音评论,video,明天一起见证大哥的🎫#股票 #股民 #vlgo十亿流量扶持计划,1125952872,7641127199756948133,https://www.douyin.com/video/7641127199756948133,,7641129502915904265,15:25,未纳入,中性,自动映射到抖音视频评论池。,,false
2026-05-18,longge,抖音评论 15:19,咋开始私信了吗，我等了一天，现在发的越来越少了[捂脸],,,,否,video_id=7641127199756948133; video_url=https://www.douyin.com/video/7641127199756948133; creator=阿龙闯大A📈; like=0; reply=0; source_type=comment; yeren_signal_id=; parent_comment_text=,15:19,抖音评论,video,明天一起见证大哥的🎫#股票 #股民 #vlgo十亿流量扶持计划,¿Q,7641127199756948133,https://www.douyin.com/video/7641127199756948133,,7641128180737229605,15:19,未纳入,中性,自动映射到抖音视频评论池。,,false
2026-05-18,longge,抖音评论 15:21,[酷拽]求大哥,,,,否,video_id=7641127199756948133; video_url=https://www.douyin.com/video/7641127199756948133; creator=阿龙闯大A📈; like=0; reply=0; source_type=comment; yeren_signal_id=; parent_comment_text=,15:21,抖音评论,video,明天一起见证大哥的🎫#股票 #股民 #vlgo十亿流量扶持计划,满船清梦压星河（王者荣耀世界版）,7641127199756948133,https://www.douyin.com/video/7641127199756948133,,7641128522631512891,15:21,未纳入,中性,自动映射到抖音视频评论池。,,false
2026-05-18,longge,抖音评论 15:23,是啥,,,,否,video_id=7641127199756948133; video_url=https://www.douyin.com/video/7641127199756948133; creator=阿龙闯大A📈; like=0; reply=1; source_type=comment; yeren_signal_id=; parent_comment_text=,15:23,抖音评论,video,明天一起见证大哥的🎫#股票 #股民 #vlgo十亿流量扶持计划,DDD_MV,7641127199756948133,https://www.douyin.com/video/7641127199756948133,,7641129027482534705,15:23,未纳入,中性,自动映射到抖音视频评论池。,,false
2026-05-18,longge,抖音评论 15:17,第三,,,,否,video_id=7641127199756948133; video_url=https://www.douyin.com/video/7641127199756948133; creator=阿龙闯大A📈; like=0; reply=0; source_type=comment; yeren_signal_id=; parent_comment_text=,15:17,抖音评论,video,明天一起见证大哥的🎫#股票 #股民 #vlgo十亿流量扶持计划,没心没肺丶,7641127199756948133,https://www.douyin.com/video/7641127199756948133,,7641127444729037574,15:17,未纳入,中性,自动映射到抖音视频评论池。,,false
2026-05-18,longge,抖音评论 15:16,沙发,,,,否,video_id=7641127199756948133; video_url=https://www.douyin.com/video/7641127199756948133; creator=阿龙闯大A📈; like=1; reply=0; source_type=comment; yeren_signal_id=; parent_comment_text=,15:16,抖音评论,video,明天一起见证大哥的🎫#股票 #股民 #vlgo十亿流量扶持计划,La Flame🔥,7641127199756948133,https://www.douyin.com/video/7641127199756948133,,7641127398792938292,15:16,未纳入,中性,自动映射到抖音视频评论池。,,false
2026-05-18,longge,抖音评论 15:16,第一,,,,否,video_id=7641127199756948133; video_url=https://www.douyin.com/video/7641127199756948133; creator=阿龙闯大A📈; like=0; reply=0; source_type=comment; yeren_signal_id=; parent_comment_text=,15:16,抖音评论,video,明天一起见证大哥的🎫#股票 #股民 #vlgo十亿流量扶持计划,后会无期,7641127199756948133,https://www.douyin.com/video/7641127199756948133,,7641127386830111542,15:16,未纳入,中性,自动映射到抖音视频评论池。,,false
2026-05-18,longge,抖音评论 15:18,🌈股份明天必涨停 欢迎来打脸,,,评论热度较高，但暂未自动识别到明确股票线索，保留人工复核。,待确认,video_id=7641127199756948133; video_url=https://www.douyin.com/video/7641127199756948133; creator=阿龙闯大A📈; like=3; reply=7; source_type=comment; yeren_signal_id=; parent_comment_text=,15:18,抖音评论,video,明天一起见证大哥的🎫#股票 #股民 #vlgo十亿流量扶持计划,加勒比海稻,7641127199756948133,https://www.douyin.com/video/7641127199756948133,,7641127863773692731,15:18,待确认,中性,自动映射到抖音视频评论池。,6.2,false
2026-05-18,longge,抖音评论 11:38,绿色动力下午拉板[黄脸干杯],绿色动力(601330),,绿色动力(601330) 被提及 7 次，有效评论 7 条，来源 2 个，跨来源共振，情绪 中性，当前判断：保留观察。,待确认,video_id=7641066778256261553; video_url=https://www.douyin.com/video/7641066778256261553; creator=阿龙闯大A📈; like=40; reply=39; source_type=comment; yeren_signal_id=; parent_comment_text=,11:38,抖音评论,video,来个真大哥，急需回血，感激不尽！#股票 #股民 #vlgo十亿流量扶持计划,剑来,7641066778256261553,https://www.douyin.com/video/7641066778256261553,,7641071109706908458,11:38,待确认,中性,自动映射到抖音视频评论池。,9.5,false
2026-05-18,longge,抖音评论 11:30,大唐发⚡️接着[灵机一动],,,,否,video_id=7641066778256261553; video_url=https://www.douyin.com/video/7641066778256261553; creator=阿龙闯大A📈; like=3; reply=3; source_type=comment; yeren_signal_id=; parent_comment_text=,11:30,抖音评论,video,来个真大哥，急需回血，感激不尽！#股票 #股民 #vlgo十亿流量扶持计划,励志小黄鸭🌈,7641066778256261553,https://www.douyin.com/video/7641066778256261553,,7641068972577899299,11:30,未纳入,中性,自动映射到抖音视频评论池。,,false
2026-05-18,longge,抖音评论 12:20,卓郎智能，是不是该清仓了,卓郎智能(600545),工业母机,卓郎智能(600545) 被提及 1 次，有效评论 1 条，来源 1 个，单视频线索，情绪 谨慎，当前判断：偏风险观察。,否,video_id=7641066778256261553; video_url=https://www.douyin.com/video/7641066778256261553; creator=阿龙闯大A📈; like=0; reply=5; source_type=comment; yeren_signal_id=; parent_comment_text=,12:20,抖音评论,video,来个真大哥，急需回血，感激不尽！#股票 #股民 #vlgo十亿流量扶持计划,photo,7641066778256261553,https://www.douyin.com/video/7641066778256261553,,7641082057343533865,12:20,未纳入,谨慎,自动映射到抖音视频评论池。,5.9,false
2026-05-18,longge,抖音评论 12:05,长鑫存储啊，给我涨粉[看],,,评论热度较高，但暂未自动识别到明确股票线索，保留人工复核。,待确认,video_id=7641066778256261553; video_url=https://www.douyin.com/video/7641066778256261553; creator=阿龙闯大A📈; like=4; reply=8; source_type=comment; yeren_signal_id=; parent_comment_text=,12:05,抖音评论,video,来个真大哥，急需回血，感激不尽！#股票 #股民 #vlgo十亿流量扶持计划,@秋风经过,7641066778256261553,https://www.douyin.com/video/7641066778256261553,,7641078059290051386,12:05,待确认,中性,自动映射到抖音视频评论池。,6.2,false
2026-05-18,longge,抖音评论 15:23,天娱数科60见,天娱数科(002354),,天娱数科(002354) 被提及 2 次，有效评论 2 条，来源 2 个，跨来源共振，情绪 看多，当前判断：保留观察。,待确认,video_id=7641066778256261553; video_url=https://www.douyin.com/video/7641066778256261553; creator=阿龙闯大A📈; like=0; reply=1; source_type=comment; yeren_signal_id=; parent_comment_text=,15:23,抖音评论,video,来个真大哥，急需回血，感激不尽！#股票 #股民 #vlgo十亿流量扶持计划,米妮宝,7641066778256261553,https://www.douyin.com/video/7641066778256261553,,7641129031802815278,15:23,待确认,看多,自动映射到抖音视频评论池。,7.6,false
2026-05-18,longge,抖音评论 11:23,今天龙🐉发视频都早了,,,,否,video_id=7641066778256261553; video_url=https://www.douyin.com/video/7641066778256261553; creator=阿龙闯大A📈; like=5; reply=1; source_type=comment; yeren_signal_id=; parent_comment_text=,11:23,抖音评论,video,来个真大哥，急需回血，感激不尽！#股票 #股民 #vlgo十亿流量扶持计划,你的朋友,7641066778256261553,https://www.douyin.com/video/7641066778256261553,,7641067377732780835,11:23,未纳入,中性,自动映射到抖音视频评论池。,,false
2026-05-18,longge,抖音评论 15:36,有没有大哥帮我看一下金开新能和美利云，要不要割肉？,美利云(000815);金开新能(600821),电力,美利云(000815) 被提及 2 次，有效评论 2 条，来源 1 个，单视频线索，情绪 谨慎，当前判断：偏风险观察。；金开新能(600821) 被提及 1 次，有效评论 1 条，来源 1 个，单视频线索，情绪 谨慎，当前判断：偏风险观察。,否,video_id=7641066778256261553; video_url=https://www.douyin.com/video/7641066778256261553; creator=阿龙闯大A📈; like=0; reply=0; source_type=comment; yeren_signal_id=; parent_comment_text=,15:36,抖音评论,video,来个真大哥，急需回血，感激不尽！#股票 #股民 #vlgo十亿流量扶持计划,猫猫小鱼富萌主🌈,7641066778256261553,https://www.douyin.com/video/7641066778256261553,,7641132378182337317,15:36,未纳入,谨慎,自动映射到抖音视频评论池。,6.3,false
2026-05-18,longge,抖音评论 14:13,巨力，洲际，闻泰，随便一个都是板,,,评论热度较高，但暂未自动识别到明确股票线索，保留人工复核。,待确认,video_id=7641066778256261553; video_url=https://www.douyin.com/video/7641066778256261553; creator=阿龙闯大A📈; like=6; reply=11; source_type=comment; yeren_signal_id=; parent_comment_text=,14:13,抖音评论,video,来个真大哥，急需回血，感激不尽！#股票 #股民 #vlgo十亿流量扶持计划,🌈圣诞星,7641066778256261553,https://www.douyin.com/video/7641066778256261553,,7641111000855315254,14:13,待确认,中性,自动映射到抖音视频评论池。,6.2,false
2026-05-18,longge,抖音评论 11:40,我被江特大哥害惨了，,,,,否,video_id=7641066778256261553; video_url=https://www.douyin.com/video/7641066778256261553; creator=阿龙闯大A📈; like=4; reply=3; source_type=comment; yeren_signal_id=; parent_comment_text=,11:40,抖音评论,video,来个真大哥，急需回血，感激不尽！#股票 #股民 #vlgo十亿流量扶持计划,一马当先,7641066778256261553,https://www.douyin.com/video/7641066778256261553,,7641071529783329585,11:40,未纳入,中性,自动映射到抖音视频评论池。,,false
2026-05-18,longge,抖音评论 11:38,当时我在周四说华盛昌，但是你给我评论删了他现在三天两板[看][看][看],华盛昌(002980),,华盛昌(002980) 被提及 3 次，有效评论 3 条，来源 1 个，单视频线索，情绪 中性，当前判断：保留观察。,待确认,video_id=7641066778256261553; video_url=https://www.douyin.com/video/7641066778256261553; creator=阿龙闯大A📈; like=3; reply=2; source_type=comment; yeren_signal_id=; parent_comment_text=,11:38,抖音评论,video,来个真大哥，急需回血，感激不尽！#股票 #股民 #vlgo十亿流量扶持计划,牧落,7641066778256261553,https://www.douyin.com/video/7641066778256261553,,7641071141964694321,11:38,待确认,中性,自动映射到抖音视频评论池。,7.2,false
2026-05-18,longge,抖音评论 12:57,蓝色光标,蓝色光标(300058),,蓝色光标(300058) 被提及 2 次，有效评论 2 条，来源 1 个，单视频线索，情绪 中性，当前判断：保留观察。,待确认,video_id=7641066778256261553; video_url=https://www.douyin.com/video/7641066778256261553; creator=阿龙闯大A📈; like=0; reply=0; source_type=comment; yeren_signal_id=; parent_comment_text=,12:57,抖音评论,video,来个真大哥，急需回血，感激不尽！#股票 #股民 #vlgo十亿流量扶持计划,不成功便成仁,7641066778256261553,https://www.douyin.com/video/7641066778256261553,,7641091470112768817,12:57,待确认,中性,自动映射到抖音视频评论池。,6.9,false
2026-05-18,longge,抖音评论 15:01,捡了西藏ly，江特dj，恩捷gf，都是10%以上的亏损[吐血],,,,否,video_id=7641066778256261553; video_url=https://www.douyin.com/video/7641066778256261553; creator=阿龙闯大A📈; like=3; reply=2; source_type=comment; yeren_signal_id=; parent_comment_text=,15:01,抖音评论,video,来个真大哥，急需回血，感激不尽！#股票 #股民 #vlgo十亿流量扶持计划,川渝酋长,7641066778256261553,https://www.douyin.com/video/7641066778256261553,,7641123354897089320,15:01,未纳入,中性,自动映射到抖音视频评论池。,,false
2026-05-18,longge,抖音评论 11:23,推荐江特的你出来，我给你寄点东西,,,评论热度较高，但暂未自动识别到明确股票线索，保留人工复核。,待确认,video_id=7641066778256261553; video_url=https://www.douyin.com/video/7641066778256261553; creator=阿龙闯大A📈; like=5; reply=6; source_type=comment; yeren_signal_id=; parent_comment_text=,11:23,抖音评论,video,来个真大哥，急需回血，感激不尽！#股票 #股民 #vlgo十亿流量扶持计划,狄更斯,7641066778256261553,https://www.douyin.com/video/7641066778256261553,,7641067194687734580,11:23,待确认,中性,自动映射到抖音视频评论池。,6.2,false
2026-05-18,longge,抖音评论 11:52,冷知识 大哥被封了一个月  如果之前持有蟑螂大哥推荐的票  到现在依然是盈利的,,,,否,video_id=7641066778256261553; video_url=https://www.douyin.com/video/7641066778256261553; creator=阿龙闯大A📈; like=4; reply=3; source_type=comment; yeren_signal_id=; parent_comment_text=,11:52,抖音评论,video,来个真大哥，急需回血，感激不尽！#股票 #股民 #vlgo十亿流量扶持计划,一萬萬个为什么,7641066778256261553,https://www.douyin.com/video/7641066778256261553,,7641074785824768825,11:52,未纳入,中性,自动映射到抖音视频评论池。,,false
2026-05-18,longge,抖音评论 14:38,看绿色这种横盘出货就知道明天完犊子了全仓搞里面了 哎,,,,否,video_id=7641066778256261553; video_url=https://www.douyin.com/video/7641066778256261553; creator=阿龙闯大A📈; like=1; reply=2; source_type=comment; yeren_signal_id=; parent_comment_text=,14:38,抖音评论,video,来个真大哥，急需回血，感激不尽！#股票 #股民 #vlgo十亿流量扶持计划,金麦郎,7641066778256261553,https://www.douyin.com/video/7641066778256261553,,7641115985826841387,14:38,未纳入,中性,自动映射到抖音视频评论池。,,false
2026-05-18,longge,抖音评论 14:27,锡业,,,,否,video_id=7641066778256261553; video_url=https://www.douyin.com/video/7641066778256261553; creator=阿龙闯大A📈; like=0; reply=0; source_type=comment; yeren_signal_id=; parent_comment_text=,14:27,抖音评论,video,来个真大哥，急需回血，感激不尽！#股票 #股民 #vlgo十亿流量扶持计划,一朝邂逅成欢赏,7641066778256261553,https://www.douyin.com/video/7641066778256261553,,7641114704694084401,14:27,未纳入,中性,自动映射到抖音视频评论池。,,false
2026-05-18,longge,抖音评论 11:28,我还是风华那个大哥[捂脸],,,评论热度较高，但暂未自动识别到明确股票线索，保留人工复核。,待确认,video_id=7641066778256261553; video_url=https://www.douyin.com/video/7641066778256261553; creator=阿龙闯大A📈; like=25; reply=38; source_type=comment; yeren_signal_id=; parent_comment_text=,11:28,抖音评论,video,来个真大哥，急需回血，感激不尽！#股票 #股民 #vlgo十亿流量扶持计划,一个哒不溜,7641066778256261553,https://www.douyin.com/video/7641066778256261553,,7641068523251073844,11:28,待确认,中性,自动映射到抖音视频评论池。,6.2,false
2026-05-18,longge,抖音评论 15:25,本来今天3板涨停 雅克炸了,,,,否,video_id=7641066778256261553; video_url=https://www.douyin.com/video/7641066778256261553; creator=阿龙闯大A📈; like=7; reply=1; source_type=comment; yeren_signal_id=; parent_comment_text=,15:25,抖音评论,video,来个真大哥，急需回血，感激不尽！#股票 #股民 #vlgo十亿流量扶持计划,kkk122,7641066778256261553,https://www.douyin.com/video/7641066778256261553,,7641129559598236474,15:25,未纳入,中性,自动映射到抖音视频评论池。,,false
2026-05-18,longge,抖音评论 11:38,帮忙看看广和通,广和通(300638),,广和通(300638) 被提及 1 次，有效评论 1 条，来源 1 个，单视频线索，情绪 中性，当前判断：保留观察。,待确认,video_id=7641066778256261553; video_url=https://www.douyin.com/video/7641066778256261553; creator=阿龙闯大A📈; like=1; reply=0; source_type=comment; yeren_signal_id=; parent_comment_text=,11:38,抖音评论,video,来个真大哥，急需回血，感激不尽！#股票 #股民 #vlgo十亿流量扶持计划,29704775514,7641066778256261553,https://www.douyin.com/video/7641066778256261553,,7641070995536790306,11:38,待确认,中性,自动映射到抖音视频评论池。,6.4,false
2026-05-18,longge,抖音评论 13:15,五月小队 已经85人了 还有一起的吗,,,,否,video_id=7641066778256261553; video_url=https://www.douyin.com/video/7641066778256261553; creator=阿龙闯大A📈; like=0; reply=3; source_type=comment; yeren_signal_id=; parent_comment_text=,13:15,抖音评论,video,来个真大哥，急需回血，感激不尽！#股票 #股民 #vlgo十亿流量扶持计划,iiiiiii,7641066778256261553,https://www.douyin.com/video/7641066778256261553,,7641096112695051045,13:15,未纳入,中性,自动映射到抖音视频评论池。,,false
2026-05-18,longge,抖音评论 14:48,海格！,,,,否,video_id=7641066778256261553; video_url=https://www.douyin.com/video/7641066778256261553; creator=阿龙闯大A📈; like=0; reply=0; source_type=comment; yeren_signal_id=; parent_comment_text=,14:48,抖音评论,video,来个真大哥，急需回血，感激不尽！#股票 #股民 #vlgo十亿流量扶持计划,弎叁,7641066778256261553,https://www.douyin.com/video/7641066778256261553,,7641120082410619685,14:48,未纳入,中性,自动映射到抖音视频评论池。,,false
2026-05-18,longge,抖音评论 11:48,今天手里两只全涨停[星星眼]开心,,,,否,video_id=7641066778256261553; video_url=https://www.douyin.com/video/7641066778256261553; creator=阿龙闯大A📈; like=0; reply=0; source_type=comment; yeren_signal_id=; parent_comment_text=,11:48,抖音评论,video,来个真大哥，急需回血，感激不尽！#股票 #股民 #vlgo十亿流量扶持计划,momo鱼,7641066778256261553,https://www.douyin.com/video/7641066778256261553,,7641073777967530811,11:48,未纳入,中性,自动映射到抖音视频评论池。,,false
2026-05-18,longge,抖音评论 11:46,群兴玩j怎么看，有哥哥帮忙看看么,,,,否,video_id=7641066778256261553; video_url=https://www.douyin.com/video/7641066778256261553; creator=阿龙闯大A📈; like=0; reply=1; source_type=comment; yeren_signal_id=; parent_comment_text=,11:46,抖音评论,video,来个真大哥，急需回血，感激不尽！#股票 #股民 #vlgo十亿流量扶持计划,瘾爱那距离,7641066778256261553,https://www.douyin.com/video/7641066778256261553,,7641073270561653546,11:46,未纳入,中性,自动映射到抖音视频评论池。,,false
2026-05-18,longge,抖音评论 14:11,套20个点了[微笑],,,,否,video_id=7641066778256261553; video_url=https://www.douyin.com/video/7641066778256261553; creator=阿龙闯大A📈; like=0; reply=0; source_type=comment; yeren_signal_id=; parent_comment_text=,14:11,抖音评论,video,来个真大哥，急需回血，感激不尽！#股票 #股民 #vlgo十亿流量扶持计划,Yf,7641066778256261553,https://www.douyin.com/video/7641066778256261553,,7641110663658259237,14:11,未纳入,中性,自动映射到抖音视频评论池。,,false
2026-05-18,longge,抖音评论 15:23,刚入股市两天亏了10个点[抱紧自己],,,评论热度较高，但暂未自动识别到明确股票线索，保留人工复核。,待确认,video_id=7641066778256261553; video_url=https://www.douyin.com/video/7641066778256261553; creator=阿龙闯大A📈; like=3; reply=14; source_type=comment; yeren_signal_id=; parent_comment_text=,15:23,抖音评论,video,来个真大哥，急需回血，感激不尽！#股票 #股民 #vlgo十亿流量扶持计划,叶子🍃…………,7641066778256261553,https://www.douyin.com/video/7641066778256261553,,7641129185578648358,15:23,待确认,中性,自动映射到抖音视频评论池。,6.2,false
2026-05-18,longge,抖音评论 15:36,顺灏还能不能持有[捂脸],,,,否,video_id=7641066778256261553; video_url=https://www.douyin.com/video/7641066778256261553; creator=阿龙闯大A📈; like=0; reply=0; source_type=comment; yeren_signal_id=; parent_comment_text=,15:36,抖音评论,video,来个真大哥，急需回血，感激不尽！#股票 #股民 #vlgo十亿流量扶持计划,晚风徐徐,7641066778256261553,https://www.douyin.com/video/7641066778256261553,,7641132392010482468,15:36,未纳入,中性,自动映射到抖音视频评论池。,,false
2026-05-18,longge,抖音评论 13:36,光标,,,,否,video_id=7641066778256261553; video_url=https://www.douyin.com/video/7641066778256261553; creator=阿龙闯大A📈; like=0; reply=0; source_type=comment; yeren_signal_id=; parent_comment_text=,13:36,抖音评论,video,来个真大哥，急需回血，感激不尽！#股票 #股民 #vlgo十亿流量扶持计划,668,7641066778256261553,https://www.douyin.com/video/7641066778256261553,,7641101625696224051,13:36,未纳入,中性,自动映射到抖音视频评论池。,,false
2026-05-18,longge,抖音评论 12:28,我第一次在评论区捡票，买了江特绿十天[泪奔],,,评论热度较高，但暂未自动识别到明确股票线索，保留人工复核。,待确认,video_id=7641066778256261553; video_url=https://www.douyin.com/video/7641066778256261553; creator=阿龙闯大A📈; like=15; reply=20; source_type=comment; yeren_signal_id=; parent_comment_text=,12:28,抖音评论,video,来个真大哥，急需回血，感激不尽！#股票 #股民 #vlgo十亿流量扶持计划,小华搬砖,7641066778256261553,https://www.douyin.com/video/7641066778256261553,,7641083997372056366,12:28,待确认,中性,自动映射到抖音视频评论池。,6.2,false
2026-05-18,longge,抖音评论 14:03,上星期说雪人和盐湖的姐姐呢？怎么我信了就被埋呢,,,,否,video_id=7641066778256261553; video_url=https://www.douyin.com/video/7641066778256261553; creator=阿龙闯大A📈; like=2; reply=3; source_type=comment; yeren_signal_id=; parent_comment_text=,14:03,抖音评论,video,来个真大哥，急需回血，感激不尽！#股票 #股民 #vlgo十亿流量扶持计划,海洋家具 窗帘,7641066778256261553,https://www.douyin.com/video/7641066778256261553,,7641108552212775717,14:03,未纳入,中性,自动映射到抖音视频评论池。,,false
2026-05-18,longge,抖音评论 11:28,江特的大哥还在吗我亏麻了[流泪],,,评论热度较高，但暂未自动识别到明确股票线索，保留人工复核。,待确认,video_id=7641066778256261553; video_url=https://www.douyin.com/video/7641066778256261553; creator=阿龙闯大A📈; like=2; reply=11; source_type=comment; yeren_signal_id=; parent_comment_text=,11:28,抖音评论,video,来个真大哥，急需回血，感激不尽！#股票 #股民 #vlgo十亿流量扶持计划,八方来财健康平安貌美如花事事顺利暴富玉女,7641066778256261553,https://www.douyin.com/video/7641066778256261553,,7641068574384325435,11:28,待确认,中性,自动映射到抖音视频评论池。,6.2,false
2026-05-18,longge,抖音评论 15:36,深科技,,,,否,video_id=7641066778256261553; video_url=https://www.douyin.com/video/7641066778256261553; creator=阿龙闯大A📈; like=0; reply=0; source_type=comment; yeren_signal_id=; parent_comment_text=,15:36,抖音评论,video,来个真大哥，急需回血，感激不尽！#股票 #股民 #vlgo十亿流量扶持计划,潇洒哥,7641066778256261553,https://www.douyin.com/video/7641066778256261553,,7641132395710989110,15:36,未纳入,中性,自动映射到抖音视频评论池。,,false
2026-05-18,longge,抖音评论 15:35,今天亏10个点，记录一下[流泪],,,,否,video_id=7641066778256261553; video_url=https://www.douyin.com/video/7641066778256261553; creator=阿龙闯大A📈; like=0; reply=0; source_type=comment; yeren_signal_id=; parent_comment_text=,15:35,抖音评论,video,来个真大哥，急需回血，感激不尽！#股票 #股民 #vlgo十亿流量扶持计划,辉哥哥,7641066778256261553,https://www.douyin.com/video/7641066778256261553,,7641132093892789041,15:35,未纳入,中性,自动映射到抖音视频评论池。,,false
2026-05-18,longge,抖音评论 15:34,同款大哥[疑问],,,,否,video_id=7641066778256261553; video_url=https://www.douyin.com/video/7641066778256261553; creator=阿龙闯大A📈; like=0; reply=0; source_type=comment; yeren_signal_id=; parent_comment_text=,15:34,抖音评论,video,来个真大哥，急需回血，感激不尽！#股票 #股民 #vlgo十亿流量扶持计划,shaomf,7641066778256261553,https://www.douyin.com/video/7641066778256261553,,7641131940946838308,15:34,未纳入,中性,自动映射到抖音视频评论池。,,false
2026-05-18,longge,抖音评论 15:33,昨晚有一个大哥让我买弘信，手上仓位不够，今天直接涨20个点,,,,否,video_id=7641066778256261553; video_url=https://www.douyin.com/video/7641066778256261553; creator=阿龙闯大A📈; like=0; reply=0; source_type=comment; yeren_signal_id=; parent_comment_text=,15:33,抖音评论,video,来个真大哥，急需回血，感激不尽！#股票 #股民 #vlgo十亿流量扶持计划,大神教我挣钱,7641066778256261553,https://www.douyin.com/video/7641066778256261553,,7641131572309984049,15:33,未纳入,中性,自动映射到抖音视频评论池。,,false
2026-05-18,longge,抖音评论 15:31,去机器人啊,,,,否,video_id=7641066778256261553; video_url=https://www.douyin.com/video/7641066778256261553; creator=阿龙闯大A📈; like=0; reply=0; source_type=comment; yeren_signal_id=; parent_comment_text=,15:31,抖音评论,video,来个真大哥，急需回血，感激不尽！#股票 #股民 #vlgo十亿流量扶持计划,105016348995,7641066778256261553,https://www.douyin.com/video/7641066778256261553,,7641131078949880634,15:31,未纳入,中性,自动映射到抖音视频评论池。,,false
2026-05-18,longge,抖音评论 15:30,华天或者东方[抠鼻][抠鼻][抠鼻],,,,否,video_id=7641066778256261553; video_url=https://www.douyin.com/video/7641066778256261553; creator=阿龙闯大A📈; like=0; reply=0; source_type=comment; yeren_signal_id=; parent_comment_text=,15:30,抖音评论,video,来个真大哥，急需回血，感激不尽！#股票 #股民 #vlgo十亿流量扶持计划,大掌柜,7641066778256261553,https://www.douyin.com/video/7641066778256261553,,7641130999765533489,15:30,未纳入,中性,自动映射到抖音视频评论池。,,false
2026-05-18,longge,抖音评论 15:29,生益科技啊,生益科技(600183),,生益科技(600183) 被提及 1 次，有效评论 1 条，来源 1 个，单视频线索，情绪 中性，当前判断：保留观察。,待确认,video_id=7641066778256261553; video_url=https://www.douyin.com/video/7641066778256261553; creator=阿龙闯大A📈; like=0; reply=0; source_type=comment; yeren_signal_id=; parent_comment_text=,15:29,抖音评论,video,来个真大哥，急需回血，感激不尽！#股票 #股民 #vlgo十亿流量扶持计划,神一样存在，神也不过如此,7641066778256261553,https://www.douyin.com/video/7641066778256261553,,7641130618306822969,15:29,待确认,中性,自动映射到抖音视频评论池。,6.4,false
2026-05-18,longge,抖音评论 15:28,有色明天咋样有没有大佬告诉我 抗跌好多天了[流泪],,,,否,video_id=7641066778256261553; video_url=https://www.douyin.com/video/7641066778256261553; creator=阿龙闯大A📈; like=0; reply=2; source_type=comment; yeren_signal_id=; parent_comment_text=,15:28,抖音评论,video,来个真大哥，急需回血，感激不尽！#股票 #股民 #vlgo十亿流量扶持计划,顺遂瑾,7641066778256261553,https://www.douyin.com/video/7641066778256261553,,7641130478145766181,15:28,未纳入,中性,自动映射到抖音视频评论池。,,false
2026-05-18,longge,抖音评论 15:28,有一头狮子,,,,否,video_id=7641066778256261553; video_url=https://www.douyin.com/video/7641066778256261553; creator=阿龙闯大A📈; like=0; reply=0; source_type=comment; yeren_signal_id=; parent_comment_text=,15:28,抖音评论,video,来个真大哥，急需回血，感激不尽！#股票 #股民 #vlgo十亿流量扶持计划,社会主义的接班人,7641066778256261553,https://www.douyin.com/video/7641066778256261553,,7641130305651688219,15:28,未纳入,中性,自动映射到抖音视频评论池。,,false
2026-05-18,longge,抖音评论 15:27,就信了个江特把我这个月利润全亏完了,,,,否,video_id=7641066778256261553; video_url=https://www.douyin.com/video/7641066778256261553; creator=阿龙闯大A📈; like=0; reply=0; source_type=comment; yeren_signal_id=; parent_comment_text=,15:27,抖音评论,video,来个真大哥，急需回血，感激不尽！#股票 #股民 #vlgo十亿流量扶持计划,煮碗面,7641066778256261553,https://www.douyin.com/video/7641066778256261553,,7641130064767189810,15:27,未纳入,中性,自动映射到抖音视频评论池。,,false
2026-05-18,longge,抖音评论 15:25,什么票？才八九个点？,,,,否,video_id=7641066778256261553; video_url=https://www.douyin.com/video/7641066778256261553; creator=阿龙闯大A📈; like=0; reply=0; source_type=comment; yeren_signal_id=; parent_comment_text=,15:25,抖音评论,video,来个真大哥，急需回血，感激不尽！#股票 #股民 #vlgo十亿流量扶持计划,QMz-明智,7641066778256261553,https://www.douyin.com/video/7641066778256261553,,7641129685112718139,15:25,未纳入,中性,自动映射到抖音视频评论池。,,false
2026-05-18,longge,抖音评论 15:25,谁是哪个真大哥，叫小弟也回回血,,,,否,video_id=7641066778256261553; video_url=https://www.douyin.com/video/7641066778256261553; creator=阿龙闯大A📈; like=0; reply=0; source_type=comment; yeren_signal_id=; parent_comment_text=,15:25,抖音评论,video,来个真大哥，急需回血，感激不尽！#股票 #股民 #vlgo十亿流量扶持计划,来给生活比个叶         🍂,7641066778256261553,https://www.douyin.com/video/7641066778256261553,,7641129608800518963,15:25,未纳入,中性,自动映射到抖音视频评论池。,,false
2026-05-18,longge,抖音评论 15:25,拿半年科沃斯吧,科沃斯(603486),,科沃斯(603486) 被提及 2 次，有效评论 2 条，来源 1 个，单视频线索，情绪 看多，当前判断：保留观察。,待确认,video_id=7641066778256261553; video_url=https://www.douyin.com/video/7641066778256261553; creator=阿龙闯大A📈; like=0; reply=0; source_type=comment; yeren_signal_id=; parent_comment_text=,15:25,抖音评论,video,来个真大哥，急需回血，感激不尽！#股票 #股民 #vlgo十亿流量扶持计划,三七丶,7641066778256261553,https://www.douyin.com/video/7641066778256261553,,7641129592166417211,15:25,待确认,看多,自动映射到抖音视频评论池。,6.9,false
2026-05-18,longge,抖音评论 15:25,我以为只是请他们吃饭花我五六个点，谁知道他们走了还去夜总，花更多了[流泪],,,,否,video_id=7641066778256261553; video_url=https://www.douyin.com/video/7641066778256261553; creator=阿龙闯大A📈; like=0; reply=0; source_type=comment; yeren_signal_id=; parent_comment_text=,15:25,抖音评论,video,来个真大哥，急需回血，感激不尽！#股票 #股民 #vlgo十亿流量扶持计划,一剑落旄头,7641066778256261553,https://www.douyin.com/video/7641066778256261553,,7641129534826529585,15:25,未纳入,中性,自动映射到抖音视频评论池。,,false
2026-05-18,longge,抖音评论 15:25,江特是真扛不住[笑哭][笑哭][笑哭] 一直跌,,,,否,video_id=7641066778256261553; video_url=https://www.douyin.com/video/7641066778256261553; creator=阿龙闯大A📈; like=0; reply=0; source_type=comment; yeren_signal_id=; parent_comment_text=,15:25,抖音评论,video,来个真大哥，急需回血，感激不尽！#股票 #股民 #vlgo十亿流量扶持计划,周同学。,7641066778256261553,https://www.douyin.com/video/7641066778256261553,,7641129508385440561,15:25,未纳入,中性,自动映射到抖音视频评论池。,,false
2026-05-18,longge,抖音评论 15:25,我第一天就亏了10.5个点[黑脸],,,,否,video_id=7641066778256261553; video_url=https://www.douyin.com/video/7641066778256261553; creator=阿龙闯大A📈; like=0; reply=0; source_type=comment; yeren_signal_id=; parent_comment_text=,15:25,抖音评论,video,来个真大哥，急需回血，感激不尽！#股票 #股民 #vlgo十亿流量扶持计划,小辉,7641066778256261553,https://www.douyin.com/video/7641066778256261553,,7641129513874817829,15:25,未纳入,中性,自动映射到抖音视频评论池。,,false
2026-05-18,longge,抖音评论 15:24,歌尔软件，,,,,否,video_id=7641066778256261553; video_url=https://www.douyin.com/video/7641066778256261553; creator=阿龙闯大A📈; like=0; reply=0; source_type=comment; yeren_signal_id=; parent_comment_text=,15:24,抖音评论,video,来个真大哥，急需回血，感激不尽！#股票 #股民 #vlgo十亿流量扶持计划,慕江白,7641066778256261553,https://www.douyin.com/video/7641066778256261553,,7641129375266521893,15:24,未纳入,中性,自动映射到抖音视频评论池。,,false
2026-05-18,longge,抖音评论 15:24,恩捷你们还不割吗,,,,否,video_id=7641066778256261553; video_url=https://www.douyin.com/video/7641066778256261553; creator=阿龙闯大A📈; like=2; reply=2; source_type=comment; yeren_signal_id=; parent_comment_text=,15:24,抖音评论,video,来个真大哥，急需回血，感激不尽！#股票 #股民 #vlgo十亿流量扶持计划,种满折耳根,7641066778256261553,https://www.douyin.com/video/7641066778256261553,,7641129264595632945,15:24,未纳入,中性,自动映射到抖音视频评论池。,,false
2026-05-18,longge,抖音评论 15:23,XDS,,,,否,video_id=7641066778256261553; video_url=https://www.douyin.com/video/7641066778256261553; creator=阿龙闯大A📈; like=0; reply=0; source_type=comment; yeren_signal_id=; parent_comment_text=,15:23,抖音评论,video,来个真大哥，急需回血，感激不尽！#股票 #股民 #vlgo十亿流量扶持计划,不如送场梦境给我。,7641066778256261553,https://www.douyin.com/video/7641066778256261553,,7641129197943145265,15:23,未纳入,中性,自动映射到抖音视频评论池。,,false
2026-05-18,longge,抖音评论 15:21,洲际油气[杀马特],,,,否,video_id=7641066778256261553; video_url=https://www.douyin.com/video/7641066778256261553; creator=阿龙闯大A📈; like=0; reply=0; source_type=comment; yeren_signal_id=; parent_comment_text=,15:21,抖音评论,video,来个真大哥，急需回血，感激不尽！#股票 #股民 #vlgo十亿流量扶持计划,小海绵,7641066778256261553,https://www.douyin.com/video/7641066778256261553,,7641128643280978747,15:21,未纳入,中性,自动映射到抖音视频评论池。,,false
2026-05-18,longge,抖音评论 15:20,洛阳钼业，3天回撤了15个点[捂脸],洛阳钼业(603993),,洛阳钼业(603993) 被提及 1 次，有效评论 1 条，来源 1 个，单视频线索，情绪 中性，当前判断：保留观察。,待确认,video_id=7641066778256261553; video_url=https://www.douyin.com/video/7641066778256261553; creator=阿龙闯大A📈; like=1; reply=2; source_type=comment; yeren_signal_id=; parent_comment_text=,15:20,抖音评论,video,来个真大哥，急需回血，感激不尽！#股票 #股民 #vlgo十亿流量扶持计划,257157965478,7641066778256261553,https://www.douyin.com/video/7641066778256261553,,7641128395300913978,15:20,待确认,中性,自动映射到抖音视频评论池。,6.4,false
2026-05-18,longge,抖音评论 15:20,星德胜[玫瑰][玫瑰][玫瑰],星德胜(603344),,星德胜(603344) 被提及 1 次，有效评论 1 条，来源 1 个，单视频线索，情绪 中性，当前判断：保留观察。,待确认,video_id=7641066778256261553; video_url=https://www.douyin.com/video/7641066778256261553; creator=阿龙闯大A📈; like=0; reply=0; source_type=comment; yeren_signal_id=; parent_comment_text=,15:20,抖音评论,video,来个真大哥，急需回血，感激不尽！#股票 #股民 #vlgo十亿流量扶持计划,果然自助水果捞,7641066778256261553,https://www.douyin.com/video/7641066778256261553,,7641128359473382181,15:20,待确认,中性,自动映射到抖音视频评论池。,6.4,false
2026-05-18,longge,抖音评论 15:20,明天19号买茅台白酒，欢迎大家明天回来喷我,,,,否,video_id=7641066778256261553; video_url=https://www.douyin.com/video/7641066778256261553; creator=阿龙闯大A📈; like=0; reply=0; source_type=comment; yeren_signal_id=; parent_comment_text=,15:20,抖音评论,video,来个真大哥，急需回血，感激不尽！#股票 #股民 #vlgo十亿流量扶持计划,心有所属°C,7641066778256261553,https://www.douyin.com/video/7641066778256261553,,7641128291358081851,15:20,未纳入,中性,自动映射到抖音视频评论池。,,false
2026-05-18,longge,抖音评论 15:20,4月底喊买合肥城建那个是真大哥，[捂脸],合肥城建(002208),,合肥城建(002208) 被提及 3 次，有效评论 3 条，来源 1 个，单视频线索，情绪 看多，当前判断：保留观察。,待确认,video_id=7641066778256261553; video_url=https://www.douyin.com/video/7641066778256261553; creator=阿龙闯大A📈; like=0; reply=0; source_type=comment; yeren_signal_id=; parent_comment_text=,15:20,抖音评论,video,来个真大哥，急需回血，感激不尽！#股票 #股民 #vlgo十亿流量扶持计划,向风爱自由,7641066778256261553,https://www.douyin.com/video/7641066778256261553,,7641128268393071397,15:20,待确认,看多,自动映射到抖音视频评论池。,7.2,false
2026-05-18,longge,抖音评论 15:20,赣锋LY。[偷笑],,,,否,video_id=7641066778256261553; video_url=https://www.douyin.com/video/7641066778256261553; creator=阿龙闯大A📈; like=0; reply=0; source_type=comment; yeren_signal_id=; parent_comment_text=,15:20,抖音评论,video,来个真大哥，急需回血，感激不尽！#股票 #股民 #vlgo十亿流量扶持计划,🙂 。,7641066778256261553,https://www.douyin.com/video/7641066778256261553,,7641128220616721190,15:20,未纳入,中性,自动映射到抖音视频评论池。,,false
2026-05-18,longge,抖音评论 15:19,大哥们，金开还能拿嘛？,,,,否,video_id=7641066778256261553; video_url=https://www.douyin.com/video/7641066778256261553; creator=阿龙闯大A📈; like=0; reply=0; source_type=comment; yeren_signal_id=; parent_comment_text=,15:19,抖音评论,video,来个真大哥，急需回血，感激不尽！#股票 #股民 #vlgo十亿流量扶持计划,单調^_^,7641066778256261553,https://www.douyin.com/video/7641066778256261553,,7641128162902606650,15:19,未纳入,中性,自动映射到抖音视频评论池。,,false
2026-05-18,longge,抖音评论 15:19,冬煤夏电你为啥不买电力板块啊[捂脸],,,,否,video_id=7641066778256261553; video_url=https://www.douyin.com/video/7641066778256261553; creator=阿龙闯大A📈; like=0; reply=0; source_type=comment; yeren_signal_id=; parent_comment_text=,15:19,抖音评论,video,来个真大哥，急需回血，感激不尽！#股票 #股民 #vlgo十亿流量扶持计划,夜夜,7641066778256261553,https://www.douyin.com/video/7641066778256261553,,7641128078333149978,15:19,未纳入,中性,自动映射到抖音视频评论池。,,false
2026-05-18,longge,抖音评论 15:17,扫扫脸，摇摇头，张张嘴[黄脸干杯],,,,否,video_id=7641066778256261553; video_url=https://www.douyin.com/video/7641066778256261553; creator=阿龙闯大A📈; like=0; reply=0; source_type=comment; yeren_signal_id=; parent_comment_text=,15:17,抖音评论,video,来个真大哥，急需回血，感激不尽！#股票 #股民 #vlgo十亿流量扶持计划,未知歌手,7641066778256261553,https://www.douyin.com/video/7641066778256261553,,7641127523971367737,15:17,未纳入,中性,自动映射到抖音视频评论池。,,false
2026-05-18,longge,抖音评论 15:16,卖了冰轮进了永鼎有没有大哥说一下怎么样[黑脸][捂脸],,,,否,video_id=7641066778256261553; video_url=https://www.douyin.com/video/7641066778256261553; creator=阿龙闯大A📈; like=0; reply=0; source_type=comment; yeren_signal_id=; parent_comment_text=,15:16,抖音评论,video,来个真大哥，急需回血，感激不尽！#股票 #股民 #vlgo十亿流量扶持计划,如是,7641066778256261553,https://www.douyin.com/video/7641066778256261553,,7641127414634136369,15:16,未纳入,中性,自动映射到抖音视频评论池。,,false
2026-05-18,longge,抖音评论 15:16,捡了江特和深科技，结果买数量买反了[捂脸],深科技(000021),,深科技(000021) 被提及 8 次，有效评论 8 条，来源 2 个，跨来源共振，情绪 中性，当前判断：保留观察。,待确认,video_id=7641066778256261553; video_url=https://www.douyin.com/video/7641066778256261553; creator=阿龙闯大A📈; like=1; reply=1; source_type=comment; yeren_signal_id=; parent_comment_text=,15:16,抖音评论,video,来个真大哥，急需回血，感激不尽！#股票 #股民 #vlgo十亿流量扶持计划,邱美美,7641066778256261553,https://www.douyin.com/video/7641066778256261553,,7641127253501592372,15:16,待确认,中性,自动映射到抖音视频评论池。,9.6,false
2026-05-18,longge,抖音评论 15:16,"尾盘入了江钨，13-14左右进,15左右跑",,,,否,video_id=7641066778256261553; video_url=https://www.douyin.com/video/7641066778256261553; creator=阿龙闯大A📈; like=0; reply=0; source_type=comment; yeren_signal_id=; parent_comment_text=,15:16,抖音评论,video,来个真大哥，急需回血，感激不尽！#股票 #股民 #vlgo十亿流量扶持计划,一生蒙恩,7641066778256261553,https://www.douyin.com/video/7641066778256261553,,7641127201111098170,15:16,未纳入,中性,自动映射到抖音视频评论池。,,false
2026-05-18,longge,抖音评论 15:15,这行情，哪个大哥敢说[捂脸],,,,否,video_id=7641066778256261553; video_url=https://www.douyin.com/video/7641066778256261553; creator=阿龙闯大A📈; like=0; reply=0; source_type=comment; yeren_signal_id=; parent_comment_text=,15:15,抖音评论,video,来个真大哥，急需回血，感激不尽！#股票 #股民 #vlgo十亿流量扶持计划,今天开始早点睡,7641066778256261553,https://www.douyin.com/video/7641066778256261553,,7641127166054826810,15:15,未纳入,中性,自动映射到抖音视频评论池。,,false
2026-05-18,longge,抖音评论 15:15,通宇通讯帮忙指点一下,通宇通讯(002792),,通宇通讯(002792) 被提及 1 次，有效评论 1 条，来源 1 个，单视频线索，情绪 中性，当前判断：保留观察。,待确认,video_id=7641066778256261553; video_url=https://www.douyin.com/video/7641066778256261553; creator=阿龙闯大A📈; like=0; reply=0; source_type=comment; yeren_signal_id=; parent_comment_text=,15:15,抖音评论,video,来个真大哥，急需回血，感激不尽！#股票 #股民 #vlgo十亿流量扶持计划,恒兴达,7641066778256261553,https://www.douyin.com/video/7641066778256261553,,7641127158345843466,15:15,待确认,中性,自动映射到抖音视频评论池。,6.4,false
2026-05-18,longge,抖音评论 15:15,这是哪个[懵],,,,否,video_id=7641066778256261553; video_url=https://www.douyin.com/video/7641066778256261553; creator=阿龙闯大A📈; like=0; reply=0; source_type=comment; yeren_signal_id=; parent_comment_text=,15:15,抖音评论,video,来个真大哥，急需回血，感激不尽！#股票 #股民 #vlgo十亿流量扶持计划,998,7641066778256261553,https://www.douyin.com/video/7641066778256261553,,7641127150262715194,15:15,未纳入,中性,自动映射到抖音视频评论池。,,false
2026-05-18,longge,抖音评论 15:14,今天进粤传媒，吃个跌停,,,,否,video_id=7641066778256261553; video_url=https://www.douyin.com/video/7641066778256261553; creator=阿龙闯大A📈; like=1; reply=1; source_type=comment; yeren_signal_id=; parent_comment_text=,15:14,抖音评论,video,来个真大哥，急需回血，感激不尽！#股票 #股民 #vlgo十亿流量扶持计划,刘哥-现炒浇头面,7641066778256261553,https://www.douyin.com/video/7641066778256261553,,7641126870445425435,15:14,未纳入,中性,自动映射到抖音视频评论池。,,false
2026-05-18,longge,抖音评论 15:14,我今天一天亏12个点,,,,否,video_id=7641066778256261553; video_url=https://www.douyin.com/video/7641066778256261553; creator=阿龙闯大A📈; like=0; reply=0; source_type=comment; yeren_signal_id=; parent_comment_text=,15:14,抖音评论,video,来个真大哥，急需回血，感激不尽！#股票 #股民 #vlgo十亿流量扶持计划,@股界黄药师,7641066778256261553,https://www.douyin.com/video/7641066778256261553,,7641126814064853770,15:14,未纳入,中性,自动映射到抖音视频评论池。,,false
2026-05-18,longge,抖音评论 15:13,不知道买啥就买东山啊,,,,否,video_id=7641066778256261553; video_url=https://www.douyin.com/video/7641066778256261553; creator=阿龙闯大A📈; like=0; reply=0; source_type=comment; yeren_signal_id=; parent_comment_text=,15:13,抖音评论,video,来个真大哥，急需回血，感激不尽！#股票 #股民 #vlgo十亿流量扶持计划,Rm,7641066778256261553,https://www.douyin.com/video/7641066778256261553,,7641126639557378854,15:13,未纳入,中性,自动映射到抖音视频评论池。,,false
2026-05-18,longge,抖音评论 15:12,002031应该是大哥，我买了好多！！[抱拳],巨轮智能(002031),,巨轮智能(002031) 被提及 3 次，有效评论 3 条，来源 2 个，跨来源共振，情绪 中性，当前判断：保留观察。,待确认,video_id=7641066778256261553; video_url=https://www.douyin.com/video/7641066778256261553; creator=阿龙闯大A📈; like=0; reply=0; source_type=comment; yeren_signal_id=; parent_comment_text=,15:12,抖音评论,video,来个真大哥，急需回血，感激不尽！#股票 #股民 #vlgo十亿流量扶持计划,乡村青荷,7641066778256261553,https://www.douyin.com/video/7641066778256261553,,7641126369179550473,15:12,待确认,中性,自动映射到抖音视频评论池。,8.0,false
2026-05-18,longge,抖音评论 15:12,"这几天空仓吧
大盘下跌",,,,否,video_id=7641066778256261553; video_url=https://www.douyin.com/video/7641066778256261553; creator=阿龙闯大A📈; like=0; reply=0; source_type=comment; yeren_signal_id=; parent_comment_text=,15:12,抖音评论,video,来个真大哥，急需回血，感激不尽！#股票 #股民 #vlgo十亿流量扶持计划,1008611@,7641066778256261553,https://www.douyin.com/video/7641066778256261553,,7641126203077198618,15:12,未纳入,中性,自动映射到抖音视频评论池。,,false
2026-05-18,longge,抖音评论 15:10,长鑫存储下游兆易深科北方雅克合肥。消息出来上的飞天要不就买不进去买的进去弄不好是个坑太难了,,,,否,video_id=7641066778256261553; video_url=https://www.douyin.com/video/7641066778256261553; creator=阿龙闯大A📈; like=0; reply=0; source_type=comment; yeren_signal_id=; parent_comment_text=,15:10,抖音评论,video,来个真大哥，急需回血，感激不尽！#股票 #股民 #vlgo十亿流量扶持计划,user9966864449509,7641066778256261553,https://www.douyin.com/video/7641066778256261553,,7641125816705090350,15:10,未纳入,中性,自动映射到抖音视频评论池。,,false
2026-05-18,longge,抖音评论 15:10,这个江特，活见鬼了，十连阴，真牛批,,,,否,video_id=7641066778256261553; video_url=https://www.douyin.com/video/7641066778256261553; creator=阿龙闯大A📈; like=0; reply=2; source_type=comment; yeren_signal_id=; parent_comment_text=,15:10,抖音评论,video,来个真大哥，急需回血，感激不尽！#股票 #股民 #vlgo十亿流量扶持计划,杉谷源生态散养富硒土鸡蛋,7641066778256261553,https://www.douyin.com/video/7641066778256261553,,7641125619481477940,15:10,未纳入,中性,自动映射到抖音视频评论池。,,false
2026-05-18,longge,抖音评论 15:09,我还扛着呢，10连绿了，江特和赣锋。大哥啊大哥，我的好大哥，你在哪里啊赶紧拉起来，没两个板都回不来本[图片表情],,,,否,video_id=7641066778256261553; video_url=https://www.douyin.com/video/7641066778256261553; creator=阿龙闯大A📈; like=2; reply=4; source_type=comment; yeren_signal_id=; parent_comment_text=,15:09,抖音评论,video,来个真大哥，急需回血，感激不尽！#股票 #股民 #vlgo十亿流量扶持计划,牛-MF,7641066778256261553,https://www.douyin.com/video/7641066778256261553,,7641125594609533734,15:09,未纳入,中性,自动映射到抖音视频评论池。,,false
2026-05-18,longge,抖音评论 15:09,江特还有人拿着吗………拿了10天就跌了10天[无语流汗],,,,否,video_id=7641066778256261553; video_url=https://www.douyin.com/video/7641066778256261553; creator=阿龙闯大A📈; like=2; reply=2; source_type=comment; yeren_signal_id=; parent_comment_text=,15:09,抖音评论,video,来个真大哥，急需回血，感激不尽！#股票 #股民 #vlgo十亿流量扶持计划,心碎小饼干,7641066778256261553,https://www.douyin.com/video/7641066778256261553,,7641125566805263153,15:09,未纳入,中性,自动映射到抖音视频评论池。,,false
2026-05-18,longge,抖音评论 15:08,机器人方向物理Al绝对值得拥有,,,,否,video_id=7641066778256261553; video_url=https://www.douyin.com/video/7641066778256261553; creator=阿龙闯大A📈; like=0; reply=0; source_type=comment; yeren_signal_id=; parent_comment_text=,15:08,抖音评论,video,来个真大哥，急需回血，感激不尽！#股票 #股民 #vlgo十亿流量扶持计划,浮沉,7641066778256261553,https://www.douyin.com/video/7641066778256261553,,7641125356388385594,15:08,未纳入,中性,自动映射到抖音视频评论池。,,false
2026-05-18,longge,抖音评论 15:08,两三天亏8-9个点已经非常稳了，两三天亏25个点,,,,否,video_id=7641066778256261553; video_url=https://www.douyin.com/video/7641066778256261553; creator=阿龙闯大A📈; like=0; reply=0; source_type=comment; yeren_signal_id=; parent_comment_text=,15:08,抖音评论,video,来个真大哥，急需回血，感激不尽！#股票 #股民 #vlgo十亿流量扶持计划,豁然开朗,7641066778256261553,https://www.douyin.com/video/7641066778256261553,,7641125230295581476,15:08,未纳入,中性,自动映射到抖音视频评论池。,,false
2026-05-18,longge,抖音评论 15:08,来领益智造，回一波血,领益智造(002600),,领益智造(002600) 被提及 3 次，有效评论 3 条，来源 2 个，跨来源共振，情绪 谨慎，当前判断：已进入推荐候选。,是,video_id=7641066778256261553; video_url=https://www.douyin.com/video/7641066778256261553; creator=阿龙闯大A📈; like=0; reply=0; source_type=comment; yeren_signal_id=; parent_comment_text=,15:08,抖音评论,video,来个真大哥，急需回血，感激不尽！#股票 #股民 #vlgo十亿流量扶持计划,？。。？,7641066778256261553,https://www.douyin.com/video/7641066778256261553,,7641125209768821542,15:08,已纳入,谨慎,自动映射到抖音视频评论池。,8.2,true
2026-05-18,longge,抖音评论 15:08,大盘不好了，休息吧，学会空仓,,,,否,video_id=7641066778256261553; video_url=https://www.douyin.com/video/7641066778256261553; creator=阿龙闯大A📈; like=0; reply=0; source_type=comment; yeren_signal_id=; parent_comment_text=,15:08,抖音评论,video,来个真大哥，急需回血，感激不尽！#股票 #股民 #vlgo十亿流量扶持计划,董小姐❤️❤️,7641066778256261553,https://www.douyin.com/video/7641066778256261553,,7641125148204663610,15:08,未纳入,中性,自动映射到抖音视频评论池。,,false
2026-05-18,longge,抖音评论 15:07,再升油起,,,,否,video_id=7641066778256261553; video_url=https://www.douyin.com/video/7641066778256261553; creator=阿龙闯大A📈; like=0; reply=0; source_type=comment; yeren_signal_id=; parent_comment_text=,15:07,抖音评论,video,来个真大哥，急需回血，感激不尽！#股票 #股民 #vlgo十亿流量扶持计划,呼呼啦,7641066778256261553,https://www.douyin.com/video/7641066778256261553,,7641125059507077898,15:07,未纳入,中性,自动映射到抖音视频评论池。,,false
2026-05-18,longge,抖音评论 15:06,这几天行情算好的了,,,,否,video_id=7641066778256261553; video_url=https://www.douyin.com/video/7641066778256261553; creator=阿龙闯大A📈; like=0; reply=0; source_type=comment; yeren_signal_id=; parent_comment_text=,15:06,抖音评论,video,来个真大哥，急需回血，感激不尽！#股票 #股民 #vlgo十亿流量扶持计划,🐯,7641066778256261553,https://www.douyin.com/video/7641066778256261553,,7641124719857337147,15:06,未纳入,中性,自动映射到抖音视频评论池。,,false
2026-05-18,longge,抖音评论 15:06,盈新,,,,否,video_id=7641066778256261553; video_url=https://www.douyin.com/video/7641066778256261553; creator=阿龙闯大A📈; like=0; reply=0; source_type=comment; yeren_signal_id=; parent_comment_text=,15:06,抖音评论,video,来个真大哥，急需回血，感激不尽！#股票 #股民 #vlgo十亿流量扶持计划,蒸蒸日上🍎,7641066778256261553,https://www.douyin.com/video/7641066778256261553,,7641124602237125425,15:06,未纳入,中性,自动映射到抖音视频评论池。,,false
2026-05-18,longge,抖音评论 15:05,株冶集团，洗的差不多了，二次主升浪马上就起来,株冶集团(600961),,株冶集团(600961) 被提及 1 次，有效评论 1 条，来源 1 个，单视频线索，情绪 中性，当前判断：保留观察。,待确认,video_id=7641066778256261553; video_url=https://www.douyin.com/video/7641066778256261553; creator=阿龙闯大A📈; like=0; reply=0; source_type=comment; yeren_signal_id=; parent_comment_text=,15:05,抖音评论,video,来个真大哥，急需回血，感激不尽！#股票 #股民 #vlgo十亿流量扶持计划,欲海难平,7641066778256261553,https://www.douyin.com/video/7641066778256261553,,7641124500721648442,15:05,待确认,中性,自动映射到抖音视频评论池。,6.4,false
2026-05-18,longge,抖音评论 15:04,"科沃斯，第一，他是江苏苏州的。第2，他是做小家电的。第一点不用多说,第二点是我们跟美国的关系越来越好，小家电必须好卖",科沃斯(603486),,科沃斯(603486) 被提及 2 次，有效评论 2 条，来源 1 个，单视频线索，情绪 看多，当前判断：保留观察。,待确认,video_id=7641066778256261553; video_url=https://www.douyin.com/video/7641066778256261553; creator=阿龙闯大A📈; like=0; reply=0; source_type=comment; yeren_signal_id=; parent_comment_text=,15:04,抖音评论,video,来个真大哥，急需回血，感激不尽！#股票 #股民 #vlgo十亿流量扶持计划,心动心想事成,7641066778256261553,https://www.douyin.com/video/7641066778256261553,,7641124320560120633,15:04,待确认,看多,自动映射到抖音视频评论池。,6.9,false
2026-05-18,longge,抖音评论 15:04,每日互动，明天吃点小肉,每日互动(300766),,每日互动(300766) 被提及 1 次，有效评论 1 条，来源 1 个，单视频线索，情绪 中性，当前判断：保留观察。,待确认,video_id=7641066778256261553; video_url=https://www.douyin.com/video/7641066778256261553; creator=阿龙闯大A📈; like=0; reply=0; source_type=comment; yeren_signal_id=; parent_comment_text=,15:04,抖音评论,video,来个真大哥，急需回血，感激不尽！#股票 #股民 #vlgo十亿流量扶持计划,风吹落叶,7641066778256261553,https://www.douyin.com/video/7641066778256261553,,7641124259355673402,15:04,待确认,中性,自动映射到抖音视频评论池。,6.4,false
2026-05-18,longge,抖音评论 15:04,有大佬指点下长电吗？明明是回踩五日线拉伸破前高的走势怎么就一路砸到水下啊？,,,,否,video_id=7641066778256261553; video_url=https://www.douyin.com/video/7641066778256261553; creator=阿龙闯大A📈; like=2; reply=1; source_type=comment; yeren_signal_id=; parent_comment_text=,15:04,抖音评论,video,来个真大哥，急需回血，感激不尽！#股票 #股民 #vlgo十亿流量扶持计划,sirna,7641066778256261553,https://www.douyin.com/video/7641066778256261553,,7641124215818634030,15:04,未纳入,中性,自动映射到抖音视频评论池。,,false
2026-05-18,longge,抖音评论 15:04,中国西图现在已经到地点，虽然现在溪头在跌落，但是Q22业绩已经爆炸，而且也重点管制，所以可以问一下保守一点就买保肝强弹性大一点就買中國,,,,否,video_id=7641066778256261553; video_url=https://www.douyin.com/video/7641066778256261553; creator=阿龙闯大A📈; like=0; reply=0; source_type=comment; yeren_signal_id=; parent_comment_text=,15:04,抖音评论,video,来个真大哥，急需回血，感激不尽！#股票 #股民 #vlgo十亿流量扶持计划,超,7641066778256261553,https://www.douyin.com/video/7641066778256261553,,7641124176565519142,15:04,未纳入,中性,自动映射到抖音视频评论池。,,false
2026-05-18,longge,抖音评论 15:04,买点领益制造吧,,,,否,video_id=7641066778256261553; video_url=https://www.douyin.com/video/7641066778256261553; creator=阿龙闯大A📈; like=0; reply=0; source_type=comment; yeren_signal_id=; parent_comment_text=,15:04,抖音评论,video,来个真大哥，急需回血，感激不尽！#股票 #股民 #vlgo十亿流量扶持计划,aimeili,7641066778256261553,https://www.douyin.com/video/7641066778256261553,,7641124172316263202,15:04,未纳入,中性,自动映射到抖音视频评论池。,,false
2026-05-18,longge,抖音评论 15:04,我套在巨力和中利里面出不来[捂脸]，哪位大哥推荐一下[感谢],,,,否,video_id=7641066778256261553; video_url=https://www.douyin.com/video/7641066778256261553; creator=阿龙闯大A📈; like=1; reply=0; source_type=comment; yeren_signal_id=; parent_comment_text=,15:04,抖音评论,video,来个真大哥，急需回血，感激不尽！#股票 #股民 #vlgo十亿流量扶持计划,肖满哥,7641066778256261553,https://www.douyin.com/video/7641066778256261553,,7641124173485884160,15:04,未纳入,中性,自动映射到抖音视频评论池。,,false
2026-05-18,longge,抖音评论 15:04,万向钱潮 回撤跑了两年 360天看涨95％ 看到35元[奸笑],万向钱潮(000559),,万向钱潮(000559) 被提及 3 次，有效评论 3 条，来源 1 个，单视频线索，情绪 谨慎，当前判断：已进入推荐候选。,是,video_id=7641066778256261553; video_url=https://www.douyin.com/video/7641066778256261553; creator=阿龙闯大A📈; like=1; reply=3; source_type=comment; yeren_signal_id=; parent_comment_text=,15:04,抖音评论,video,来个真大哥，急需回血，感激不尽！#股票 #股民 #vlgo十亿流量扶持计划,夏季,7641066778256261553,https://www.douyin.com/video/7641066778256261553,,7641124156646097723,15:04,已纳入,谨慎,自动映射到抖音视频评论池。,7.5,true
2026-05-18,longge,抖音评论 15:03,看评论区炒股，就算侥幸涨了一次，后面还有五支跌的在等你，本人亲测，这个月亏了十个点,,,,否,video_id=7641066778256261553; video_url=https://www.douyin.com/video/7641066778256261553; creator=阿龙闯大A📈; like=1; reply=0; source_type=comment; yeren_signal_id=; parent_comment_text=,15:03,抖音评论,video,来个真大哥，急需回血，感激不尽！#股票 #股民 #vlgo十亿流量扶持计划,8614,7641066778256261553,https://www.douyin.com/video/7641066778256261553,,7641124068078928689,15:03,未纳入,中性,自动映射到抖音视频评论池。,,false
2026-05-18,longge,抖音评论 15:03,扛不住大亏就不会大赚,,,,否,video_id=7641066778256261553; video_url=https://www.douyin.com/video/7641066778256261553; creator=阿龙闯大A📈; like=0; reply=0; source_type=comment; yeren_signal_id=; parent_comment_text=,15:03,抖音评论,video,来个真大哥，急需回血，感激不尽！#股票 #股民 #vlgo十亿流量扶持计划,不长的光年,7641066778256261553,https://www.douyin.com/video/7641066778256261553,,7641123927402185472,15:03,未纳入,中性,自动映射到抖音视频评论池。,,false
2026-05-18,longge,抖音评论 15:03,贵州燃气明日继续涨停,贵州燃气(600903),,贵州燃气(600903) 被提及 6 次，有效评论 6 条，来源 2 个，跨来源共振，情绪 中性，当前判断：保留观察。,待确认,video_id=7641066778256261553; video_url=https://www.douyin.com/video/7641066778256261553; creator=阿龙闯大A📈; like=1; reply=0; source_type=comment; yeren_signal_id=; parent_comment_text=,15:03,抖音评论,video,来个真大哥，急需回血，感激不尽！#股票 #股民 #vlgo十亿流量扶持计划,🌈胆小鬼王,7641066778256261553,https://www.douyin.com/video/7641066778256261553,,7641123834083394362,15:03,待确认,中性,自动映射到抖音视频评论池。,9.1,false
2026-05-18,longge,抖音评论 15:02,奥德[呲牙]准备好麻袋,,,,否,video_id=7641066778256261553; video_url=https://www.douyin.com/video/7641066778256261553; creator=阿龙闯大A📈; like=0; reply=3; source_type=comment; yeren_signal_id=; parent_comment_text=,15:02,抖音评论,video,来个真大哥，急需回血，感激不尽！#股票 #股民 #vlgo十亿流量扶持计划,ㅤ用户8518666,7641066778256261553,https://www.douyin.com/video/7641066778256261553,,7641123764344963899,15:02,未纳入,中性,自动映射到抖音视频评论池。,,false
2026-05-18,longge,抖音评论 15:02,雪人股份上周回本没走。现在埋里面了。。。[泪奔][泪奔],,,,否,video_id=7641066778256261553; video_url=https://www.douyin.com/video/7641066778256261553; creator=阿龙闯大A📈; like=1; reply=3; source_type=comment; yeren_signal_id=; parent_comment_text=,15:02,抖音评论,video,来个真大哥，急需回血，感激不尽！#股票 #股民 #vlgo十亿流量扶持计划,我不陈认,7641066778256261553,https://www.douyin.com/video/7641066778256261553,,7641123695540962090,15:02,未纳入,中性,自动映射到抖音视频评论池。,,false
2026-05-18,longge,抖音评论 15:02,39进的华强[流泪][流泪],,,,否,video_id=7641066778256261553; video_url=https://www.douyin.com/video/7641066778256261553; creator=阿龙闯大A📈; like=0; reply=0; source_type=comment; yeren_signal_id=; parent_comment_text=,15:02,抖音评论,video,来个真大哥，急需回血，感激不尽！#股票 #股民 #vlgo十亿流量扶持计划,追风看日落,7641066778256261553,https://www.douyin.com/video/7641066778256261553,,7641123674338345777,15:02,未纳入,中性,自动映射到抖音视频评论池。,,false
2026-05-18,longge,抖音评论 15:01,刚进了合力泰[捂脸][捂脸][捂脸],合力泰(002217),消费电子;光学光电子,合力泰(002217) 被提及 6 次，有效评论 6 条，来源 1 个，单视频线索，情绪 中性，当前判断：保留观察。,待确认,video_id=7641066778256261553; video_url=https://www.douyin.com/video/7641066778256261553; creator=阿龙闯大A📈; like=0; reply=5; source_type=comment; yeren_signal_id=; parent_comment_text=,15:01,抖音评论,video,来个真大哥，急需回血，感激不尽！#股票 #股民 #vlgo十亿流量扶持计划,吉吉国王👑,7641066778256261553,https://www.douyin.com/video/7641066778256261553,,7641123560233239353,15:01,待确认,中性,自动映射到抖音视频评论池。,8.4,false
2026-05-18,longge,抖音评论 15:01,真大哥就是绿的,,,,否,video_id=7641066778256261553; video_url=https://www.douyin.com/video/7641066778256261553; creator=阿龙闯大A📈; like=0; reply=0; source_type=comment; yeren_signal_id=; parent_comment_text=,15:01,抖音评论,video,来个真大哥，急需回血，感激不尽！#股票 #股民 #vlgo十亿流量扶持计划,～～Ready,7641066778256261553,https://www.douyin.com/video/7641066778256261553,,7641123417286984454,15:01,未纳入,中性,自动映射到抖音视频评论池。,,false
2026-05-18,longge,抖音评论 15:01,百达精工的大哥呢[捂脸]我走不走啊,百达精工(603331),,百达精工(603331) 被提及 3 次，有效评论 3 条，来源 1 个，单视频线索，情绪 中性，当前判断：已进入推荐候选。,是,video_id=7641066778256261553; video_url=https://www.douyin.com/video/7641066778256261553; creator=阿龙闯大A📈; like=0; reply=0; source_type=comment; yeren_signal_id=; parent_comment_text=,15:01,抖音评论,video,来个真大哥，急需回血，感激不尽！#股票 #股民 #vlgo十亿流量扶持计划,小福满载.,7641066778256261553,https://www.douyin.com/video/7641066778256261553,,7641123355698119473,15:01,已纳入,中性,自动映射到抖音视频评论池。,8.1,true
2026-05-18,longge,抖音评论 15:01,我2天亏了26个点,,,,否,video_id=7641066778256261553; video_url=https://www.douyin.com/video/7641066778256261553; creator=阿龙闯大A📈; like=4; reply=2; source_type=comment; yeren_signal_id=; parent_comment_text=,15:01,抖音评论,video,来个真大哥，急需回血，感激不尽！#股票 #股民 #vlgo十亿流量扶持计划,政有才儿¥,7641066778256261553,https://www.douyin.com/video/7641066778256261553,,7641123330066465599,15:01,未纳入,中性,自动映射到抖音视频评论池。,,false
2026-05-18,longge,抖音评论 15:00,我左手江特，右手长城，头顶顺钠，来个大哥救救我[流泪],,,,否,video_id=7641066778256261553; video_url=https://www.douyin.com/video/7641066778256261553; creator=阿龙闯大A📈; like=0; reply=0; source_type=comment; yeren_signal_id=; parent_comment_text=,15:00,抖音评论,video,来个真大哥，急需回血，感激不尽！#股票 #股民 #vlgo十亿流量扶持计划,CLi,7641066778256261553,https://www.douyin.com/video/7641066778256261553,,7641123281571136310,15:00,未纳入,中性,自动映射到抖音视频评论池。,,false
2026-05-18,longge,抖音评论 15:00,我在圣阳吃面[流泪][流泪],,,,否,video_id=7641066778256261553; video_url=https://www.douyin.com/video/7641066778256261553; creator=阿龙闯大A📈; like=0; reply=0; source_type=comment; yeren_signal_id=; parent_comment_text=,15:00,抖音评论,video,来个真大哥，急需回血，感激不尽！#股票 #股民 #vlgo十亿流量扶持计划,躺赢⚡️,7641066778256261553,https://www.douyin.com/video/7641066778256261553,,7641123161333007150,15:00,未纳入,中性,自动映射到抖音视频评论池。,,false
2026-05-18,longge,抖音评论 15:00,去圣阳拉我一波吧[捂脸][捂脸][捂脸]我3天亏26个多点了[尬笑][尬笑],,,,否,video_id=7641066778256261553; video_url=https://www.douyin.com/video/7641066778256261553; creator=阿龙闯大A📈; like=3; reply=2; source_type=comment; yeren_signal_id=; parent_comment_text=,15:00,抖音评论,video,来个真大哥，急需回血，感激不尽！#股票 #股民 #vlgo十亿流量扶持计划,匿名回复,7641066778256261553,https://www.douyin.com/video/7641066778256261553,,7641123082481419057,15:00,未纳入,中性,自动映射到抖音视频评论池。,,false
2026-05-18,longge,抖音评论 14:59,zero大哥在哪,,,,否,video_id=7641066778256261553; video_url=https://www.douyin.com/video/7641066778256261553; creator=阿龙闯大A📈; like=0; reply=1; source_type=comment; yeren_signal_id=; parent_comment_text=,14:59,抖音评论,video,来个真大哥，急需回血，感激不尽！#股票 #股民 #vlgo十亿流量扶持计划,dyfly,7641066778256261553,https://www.douyin.com/video/7641066778256261553,,7641122923726848831,14:59,未纳入,中性,自动映射到抖音视频评论池。,,false
2026-05-18,longge,抖音评论 14:59,水发,,,,否,video_id=7641066778256261553; video_url=https://www.douyin.com/video/7641066778256261553; creator=阿龙闯大A📈; like=0; reply=0; source_type=comment; yeren_signal_id=; parent_comment_text=,14:59,抖音评论,video,来个真大哥，急需回血，感激不尽！#股票 #股民 #vlgo十亿流量扶持计划,宇宙To,7641066778256261553,https://www.douyin.com/video/7641066778256261553,,7641122912691323697,14:59,未纳入,中性,自动映射到抖音视频评论池。,,false
2026-05-18,longge,抖音评论 14:58,多氟多怎么样有没有大哥看一些[哭哭][哭哭],多氟多(002407),,多氟多(002407) 被提及 3 次，有效评论 3 条，来源 1 个，单视频线索，情绪 中性，当前判断：保留观察。,待确认,video_id=7641066778256261553; video_url=https://www.douyin.com/video/7641066778256261553; creator=阿龙闯大A📈; like=0; reply=2; source_type=comment; yeren_signal_id=; parent_comment_text=,14:58,抖音评论,video,来个真大哥，急需回血，感激不尽！#股票 #股民 #vlgo十亿流量扶持计划,礼榆,7641066778256261553,https://www.douyin.com/video/7641066778256261553,,7641122784114574117,14:58,待确认,中性,自动映射到抖音视频评论池。,7.2,false
2026-05-18,longge,抖音评论 14:58,[流泪],,,,否,video_id=7641066778256261553; video_url=https://www.douyin.com/video/7641066778256261553; creator=阿龙闯大A📈; like=0; reply=0; source_type=comment; yeren_signal_id=; parent_comment_text=,14:58,抖音评论,video,来个真大哥，急需回血，感激不尽！#股票 #股民 #vlgo十亿流量扶持计划,暂且叫我王涨涨吧♥,7641066778256261553,https://www.douyin.com/video/7641066778256261553,,7641122609170973489,14:58,未纳入,中性,自动映射到抖音视频评论池。,,false
2026-05-18,longge,抖音评论 14:58,中超KG 拿一周,,,,否,video_id=7641066778256261553; video_url=https://www.douyin.com/video/7641066778256261553; creator=阿龙闯大A📈; like=0; reply=0; source_type=comment; yeren_signal_id=; parent_comment_text=,14:58,抖音评论,video,来个真大哥，急需回血，感激不尽！#股票 #股民 #vlgo十亿流量扶持计划,→_→渔翁,7641066778256261553,https://www.douyin.com/video/7641066778256261553,,7641122579143426853,14:58,未纳入,中性,自动映射到抖音视频评论池。,,false
2026-05-18,longge,抖音评论 14:57,再升来一波,,,,否,video_id=7641066778256261553; video_url=https://www.douyin.com/video/7641066778256261553; creator=阿龙闯大A📈; like=0; reply=0; source_type=comment; yeren_signal_id=; parent_comment_text=,14:57,抖音评论,video,来个真大哥，急需回血，感激不尽！#股票 #股民 #vlgo十亿流量扶持计划,呼呼啦,7641066778256261553,https://www.douyin.com/video/7641066778256261553,,7641122426805404443,14:57,未纳入,中性,自动映射到抖音视频评论池。,,false
2026-05-18,longge,抖音评论 14:56,水发燃气,水发燃气(603318),,水发燃气(603318) 被提及 1 次，有效评论 1 条，来源 1 个，单视频线索，情绪 中性，当前判断：保留观察。,待确认,video_id=7641066778256261553; video_url=https://www.douyin.com/video/7641066778256261553; creator=阿龙闯大A📈; like=0; reply=0; source_type=comment; yeren_signal_id=; parent_comment_text=,14:56,抖音评论,video,来个真大哥，急需回血，感激不尽！#股票 #股民 #vlgo十亿流量扶持计划,余岁安,7641066778256261553,https://www.douyin.com/video/7641066778256261553,,7641122203648181042,14:56,待确认,中性,自动映射到抖音视频评论池。,6.4,false
2026-05-18,longge,抖音评论 14:56,有大哥点评下新强联吗？好急人,新强联(300850),,新强联(300850) 被提及 1 次，有效评论 1 条，来源 1 个，单视频线索，情绪 中性，当前判断：保留观察。,待确认,video_id=7641066778256261553; video_url=https://www.douyin.com/video/7641066778256261553; creator=阿龙闯大A📈; like=0; reply=0; source_type=comment; yeren_signal_id=; parent_comment_text=,14:56,抖音评论,video,来个真大哥，急需回血，感激不尽！#股票 #股民 #vlgo十亿流量扶持计划,用户1390433039875,7641066778256261553,https://www.douyin.com/video/7641066778256261553,,7641122166738993957,14:56,待确认,中性,自动映射到抖音视频评论池。,6.4,false
2026-05-18,longge,抖音评论 14:56,我说的贵州燃气怎么没上龙啊[尬笑],贵州燃气(600903),,贵州燃气(600903) 被提及 6 次，有效评论 6 条，来源 2 个，跨来源共振，情绪 中性，当前判断：保留观察。,待确认,video_id=7641066778256261553; video_url=https://www.douyin.com/video/7641066778256261553; creator=阿龙闯大A📈; like=0; reply=4; source_type=comment; yeren_signal_id=; parent_comment_text=,14:56,抖音评论,video,来个真大哥，急需回血，感激不尽！#股票 #股民 #vlgo十亿流量扶持计划,大叔难得起名,7641066778256261553,https://www.douyin.com/video/7641066778256261553,,7641122131477234490,14:56,待确认,中性,自动映射到抖音视频评论池。,9.1,false
2026-05-18,longge,抖音评论 14:55,002034，那2天，最少红8点,旺能环境(002034),,旺能环境(002034) 被提及 1 次，有效评论 1 条，来源 1 个，单视频线索，情绪 中性，当前判断：保留观察。,待确认,video_id=7641066778256261553; video_url=https://www.douyin.com/video/7641066778256261553; creator=阿龙闯大A📈; like=0; reply=0; source_type=comment; yeren_signal_id=; parent_comment_text=,14:55,抖音评论,video,来个真大哥，急需回血，感激不尽！#股票 #股民 #vlgo十亿流量扶持计划,小许。。。,7641066778256261553,https://www.douyin.com/video/7641066778256261553,,7641121947796357925,14:55,待确认,中性,自动映射到抖音视频评论池。,6.4,false
2026-05-18,longge,抖音评论 14:55,合肥城建现在能进去吗？,合肥城建(002208),,合肥城建(002208) 被提及 3 次，有效评论 3 条，来源 1 个，单视频线索，情绪 看多，当前判断：保留观察。,待确认,video_id=7641066778256261553; video_url=https://www.douyin.com/video/7641066778256261553; creator=阿龙闯大A📈; like=0; reply=5; source_type=comment; yeren_signal_id=; parent_comment_text=,14:55,抖音评论,video,来个真大哥，急需回血，感激不尽！#股票 #股民 #vlgo十亿流量扶持计划,🌻随心𓆩♡𓆪,7641066778256261553,https://www.douyin.com/video/7641066778256261553,,7641121768627143460,14:55,待确认,看多,自动映射到抖音视频评论池。,7.2,false
2026-05-18,longge,抖音评论 14:53,低西 byxc,,,,否,video_id=7641066778256261553; video_url=https://www.douyin.com/video/7641066778256261553; creator=阿龙闯大A📈; like=0; reply=0; source_type=comment; yeren_signal_id=; parent_comment_text=,14:53,抖音评论,video,来个真大哥，急需回血，感激不尽！#股票 #股民 #vlgo十亿流量扶持计划,Red,7641066778256261553,https://www.douyin.com/video/7641066778256261553,,7641121477866013455,14:53,未纳入,中性,自动映射到抖音视频评论池。,,false
2026-05-18,longge,抖音评论 14:53,欧皇,,,,否,video_id=7641066778256261553; video_url=https://www.douyin.com/video/7641066778256261553; creator=阿龙闯大A📈; like=0; reply=0; source_type=comment; yeren_signal_id=; parent_comment_text=,14:53,抖音评论,video,来个真大哥，急需回血，感激不尽！#股票 #股民 #vlgo十亿流量扶持计划,好自为之,7641066778256261553,https://www.douyin.com/video/7641066778256261553,,7641121385510847290,14:53,未纳入,中性,自动映射到抖音视频评论池。,,false
2026-05-18,longge,抖音评论 14:53,真大哥都被封完了[微笑],,,,否,video_id=7641066778256261553; video_url=https://www.douyin.com/video/7641066778256261553; creator=阿龙闯大A📈; like=0; reply=0; source_type=comment; yeren_signal_id=; parent_comment_text=,14:53,抖音评论,video,来个真大哥，急需回血，感激不尽！#股票 #股民 #vlgo十亿流量扶持计划,阿苏1,7641066778256261553,https://www.douyin.com/video/7641066778256261553,,7641121351466353467,14:53,未纳入,中性,自动映射到抖音视频评论池。,,false
2026-05-18,longge,抖音评论 14:53,谁来管管江特DJ,,,,否,video_id=7641066778256261553; video_url=https://www.douyin.com/video/7641066778256261553; creator=阿龙闯大A📈; like=0; reply=3; source_type=comment; yeren_signal_id=; parent_comment_text=,14:53,抖音评论,video,来个真大哥，急需回血，感激不尽！#股票 #股民 #vlgo十亿流量扶持计划,火爆的后槽牙,7641066778256261553,https://www.douyin.com/video/7641066778256261553,,7641121311762531123,14:53,未纳入,中性,自动映射到抖音视频评论池。,,false
2026-05-18,longge,抖音评论 14:52,上海电气[捂脸],上海电气(601727),,上海电气(601727) 被提及 1 次，有效评论 1 条，来源 1 个，单视频线索，情绪 中性，当前判断：保留观察。,待确认,video_id=7641066778256261553; video_url=https://www.douyin.com/video/7641066778256261553; creator=阿龙闯大A📈; like=0; reply=0; source_type=comment; yeren_signal_id=; parent_comment_text=,14:52,抖音评论,video,来个真大哥，急需回血，感激不尽！#股票 #股民 #vlgo十亿流量扶持计划,韭菜幼儿园,7641066778256261553,https://www.douyin.com/video/7641066778256261553,,7641121193777660731,14:52,待确认,中性,自动映射到抖音视频评论池。,6.4,false
2026-05-18,longge,抖音评论 14:52,尾盘我进利欧 和立讯精密,立讯精密(002475),,立讯精密(002475) 被提及 1 次，有效评论 1 条，来源 1 个，单视频线索，情绪 中性，当前判断：保留观察。,待确认,video_id=7641066778256261553; video_url=https://www.douyin.com/video/7641066778256261553; creator=阿龙闯大A📈; like=0; reply=5; source_type=comment; yeren_signal_id=; parent_comment_text=,14:52,抖音评论,video,来个真大哥，急需回血，感激不尽！#股票 #股民 #vlgo十亿流量扶持计划,舒畅,7641066778256261553,https://www.douyin.com/video/7641066778256261553,,7641121193789031205,14:52,待确认,中性,自动映射到抖音视频评论池。,6.4,false
2026-05-18,longge,抖音评论 14:52,绿欧,,,,否,video_id=7641066778256261553; video_url=https://www.douyin.com/video/7641066778256261553; creator=阿龙闯大A📈; like=0; reply=0; source_type=comment; yeren_signal_id=; parent_comment_text=,14:52,抖音评论,video,来个真大哥，急需回血，感激不尽！#股票 #股民 #vlgo十亿流量扶持计划,𓃰,7641066778256261553,https://www.douyin.com/video/7641066778256261553,,7641121172310360866,14:52,未纳入,中性,自动映射到抖音视频评论池。,,false
2026-05-18,longge,抖音评论 14:51,长城咋办[躺平],,,,否,video_id=7641066778256261553; video_url=https://www.douyin.com/video/7641066778256261553; creator=阿龙闯大A📈; like=0; reply=3; source_type=comment; yeren_signal_id=; parent_comment_text=,14:51,抖音评论,video,来个真大哥，急需回血，感激不尽！#股票 #股民 #vlgo十亿流量扶持计划,洲洲,7641066778256261553,https://www.douyin.com/video/7641066778256261553,,7641120887224107811,14:51,未纳入,中性,自动映射到抖音视频评论池。,,false
2026-05-18,longge,抖音评论 14:50,5.19号进蔚蓝,,,,否,video_id=7641066778256261553; video_url=https://www.douyin.com/video/7641066778256261553; creator=阿龙闯大A📈; like=0; reply=0; source_type=comment; yeren_signal_id=; parent_comment_text=,14:50,抖音评论,video,来个真大哥，急需回血，感激不尽！#股票 #股民 #vlgo十亿流量扶持计划,静能生慧,7641066778256261553,https://www.douyin.com/video/7641066778256261553,,7641120585893298980,14:50,未纳入,中性,自动映射到抖音视频评论池。,,false
2026-05-18,longge,抖音评论 14:50,大普微去吧,,,,否,video_id=7641066778256261553; video_url=https://www.douyin.com/video/7641066778256261553; creator=阿龙闯大A📈; like=0; reply=0; source_type=comment; yeren_signal_id=; parent_comment_text=,14:50,抖音评论,video,来个真大哥，急需回血，感激不尽！#股票 #股民 #vlgo十亿流量扶持计划,三品蜗牛 （大雄）,7641066778256261553,https://www.douyin.com/video/7641066778256261553,,7641120523758797605,14:50,未纳入,中性,自动映射到抖音视频评论池。,,false
2026-05-18,longge,抖音评论 14:49,长电科技怎么办,长电科技(600584),,长电科技(600584) 被提及 4 次，有效评论 4 条，来源 2 个，跨来源共振，情绪 中性，当前判断：保留观察。,待确认,video_id=7641066778256261553; video_url=https://www.douyin.com/video/7641066778256261553; creator=阿龙闯大A📈; like=0; reply=0; source_type=comment; yeren_signal_id=; parent_comment_text=,14:49,抖音评论,video,来个真大哥，急需回血，感激不尽！#股票 #股民 #vlgo十亿流量扶持计划,两颗星✨,7641066778256261553,https://www.douyin.com/video/7641066778256261553,,7641120246824289050,14:49,待确认,中性,自动映射到抖音视频评论池。,8.3,false
2026-05-18,longge,抖音评论 14:47,SPX再升,,,,否,video_id=7641066778256261553; video_url=https://www.douyin.com/video/7641066778256261553; creator=阿龙闯大A📈; like=0; reply=0; source_type=comment; yeren_signal_id=; parent_comment_text=,14:47,抖音评论,video,来个真大哥，急需回血，感激不尽！#股票 #股民 #vlgo十亿流量扶持计划,锅盖,7641066778256261553,https://www.douyin.com/video/7641066778256261553,,7641119841080754981,14:47,未纳入,中性,自动映射到抖音视频评论池。,,false
2026-05-18,longge,抖音评论 14:47,3 天亏了 5K 感觉明天还得跌 涨的没感觉对，每次跌感觉对对的,,,,否,video_id=7641066778256261553; video_url=https://www.douyin.com/video/7641066778256261553; creator=阿龙闯大A📈; like=0; reply=0; source_type=comment; yeren_signal_id=; parent_comment_text=,14:47,抖音评论,video,来个真大哥，急需回血，感激不尽！#股票 #股民 #vlgo十亿流量扶持计划,哒咩～,7641066778256261553,https://www.douyin.com/video/7641066778256261553,,7641119821698188069,14:47,未纳入,中性,自动映射到抖音视频评论池。,,false
2026-05-18,longge,抖音评论 14:47,阳光,,,,否,video_id=7641066778256261553; video_url=https://www.douyin.com/video/7641066778256261553; creator=阿龙闯大A📈; like=0; reply=0; source_type=comment; yeren_signal_id=; parent_comment_text=,14:47,抖音评论,video,来个真大哥，急需回血，感激不尽！#股票 #股民 #vlgo十亿流量扶持计划,我的世界,7641066778256261553,https://www.douyin.com/video/7641066778256261553,,7641119715574252325,14:47,未纳入,中性,自动映射到抖音视频评论池。,,false
2026-05-18,longge,抖音评论 14:47,宏昌电子看到30[得意],宏昌电子(603002),,宏昌电子(603002) 被提及 2 次，有效评论 2 条，来源 1 个，单视频线索，情绪 中性，当前判断：保留观察。,待确认,video_id=7641066778256261553; video_url=https://www.douyin.com/video/7641066778256261553; creator=阿龙闯大A📈; like=2; reply=5; source_type=comment; yeren_signal_id=; parent_comment_text=,14:47,抖音评论,video,来个真大哥，急需回血，感激不尽！#股票 #股民 #vlgo十亿流量扶持计划,Ruins K1,7641066778256261553,https://www.douyin.com/video/7641066778256261553,,7641119705956172602,14:47,待确认,中性,自动映射到抖音视频评论池。,6.9,false
2026-05-18,longge,抖音评论 14:45,买长鑫存储相关的票，长鑫上市其他的跟着喝汤,,,,否,video_id=7641066778256261553; video_url=https://www.douyin.com/video/7641066778256261553; creator=阿龙闯大A📈; like=0; reply=0; source_type=comment; yeren_signal_id=; parent_comment_text=,14:45,抖音评论,video,来个真大哥，急需回血，感激不尽！#股票 #股民 #vlgo十亿流量扶持计划,柏事可乐,7641066778256261553,https://www.douyin.com/video/7641066778256261553,,7641119312883581706,14:45,未纳入,中性,自动映射到抖音视频评论池。,,false
2026-05-18,longge,抖音评论 14:45,这行情，谁说你也别信[呆无辜],,,,否,video_id=7641066778256261553; video_url=https://www.douyin.com/video/7641066778256261553; creator=阿龙闯大A📈; like=0; reply=0; source_type=comment; yeren_signal_id=; parent_comment_text=,14:45,抖音评论,video,来个真大哥，急需回血，感激不尽！#股票 #股民 #vlgo十亿流量扶持计划,书羽爸爸,7641066778256261553,https://www.douyin.com/video/7641066778256261553,,7641119223833838393,14:45,未纳入,中性,自动映射到抖音视频评论池。,,false
2026-05-18,longge,抖音评论 14:44,哪位大哥推荐一票，埋伏到月底的,,,,否,video_id=7641066778256261553; video_url=https://www.douyin.com/video/7641066778256261553; creator=阿龙闯大A📈; like=0; reply=4; source_type=comment; yeren_signal_id=; parent_comment_text=,14:44,抖音评论,video,来个真大哥，急需回血，感激不尽！#股票 #股民 #vlgo十亿流量扶持计划,Hey  来年后。,7641066778256261553,https://www.douyin.com/video/7641066778256261553,,7641119047300236072,14:44,未纳入,中性,自动映射到抖音视频评论池。,,false
2026-05-18,longge,抖音评论 14:44,多某多！速度上车。洗码洗好了,,,,否,video_id=7641066778256261553; video_url=https://www.douyin.com/video/7641066778256261553; creator=阿龙闯大A📈; like=1; reply=2; source_type=comment; yeren_signal_id=; parent_comment_text=,14:44,抖音评论,video,来个真大哥，急需回血，感激不尽！#股票 #股民 #vlgo十亿流量扶持计划,泳丶,7641066778256261553,https://www.douyin.com/video/7641066778256261553,,7641118993697030954,14:44,未纳入,中性,自动映射到抖音视频评论池。,,false
2026-05-18,longge,抖音评论 14:44,有大佬告诉我，合力泰会怎么走啊,合力泰(002217),消费电子;光学光电子,合力泰(002217) 被提及 6 次，有效评论 6 条，来源 1 个，单视频线索，情绪 中性，当前判断：保留观察。,待确认,video_id=7641066778256261553; video_url=https://www.douyin.com/video/7641066778256261553; creator=阿龙闯大A📈; like=1; reply=0; source_type=comment; yeren_signal_id=; parent_comment_text=,14:44,抖音评论,video,来个真大哥，急需回血，感激不尽！#股票 #股民 #vlgo十亿流量扶持计划,云鹤,7641066778256261553,https://www.douyin.com/video/7641066778256261553,,7641118958834565942,14:44,待确认,中性,自动映射到抖音视频评论池。,8.4,false
2026-05-18,longge,抖音评论 14:43,哪位大佬说说天银啊？还有没有预期啊？[流泪][流泪],,,,否,video_id=7641066778256261553; video_url=https://www.douyin.com/video/7641066778256261553; creator=阿龙闯大A📈; like=0; reply=0; source_type=comment; yeren_signal_id=; parent_comment_text=,14:43,抖音评论,video,来个真大哥，急需回血，感激不尽！#股票 #股民 #vlgo十亿流量扶持计划,🌈念念吖,7641066778256261553,https://www.douyin.com/video/7641066778256261553,,7641118890432594747,14:43,未纳入,中性,自动映射到抖音视频评论池。,,false
2026-05-18,longge,抖音评论 14:43,黄河旋风,黄河旋风(600172),,黄河旋风(600172) 被提及 4 次，有效评论 4 条，来源 2 个，跨来源共振，情绪 中性，当前判断：保留观察。,待确认,video_id=7641066778256261553; video_url=https://www.douyin.com/video/7641066778256261553; creator=阿龙闯大A📈; like=0; reply=0; source_type=comment; yeren_signal_id=; parent_comment_text=,14:43,抖音评论,video,来个真大哥，急需回血，感激不尽！#股票 #股民 #vlgo十亿流量扶持计划,so、执念,7641066778256261553,https://www.douyin.com/video/7641066778256261553,,7641118732353307426,14:43,待确认,中性,自动映射到抖音视频评论池。,8.3,false
2026-05-18,longge,抖音评论 14:43,002915,中欣氟材(002915),,中欣氟材(002915) 被提及 1 次，有效评论 1 条，来源 1 个，单视频线索，情绪 中性，当前判断：保留观察。,待确认,video_id=7641066778256261553; video_url=https://www.douyin.com/video/7641066778256261553; creator=阿龙闯大A📈; like=0; reply=0; source_type=comment; yeren_signal_id=; parent_comment_text=,14:43,抖音评论,video,来个真大哥，急需回血，感激不尽！#股票 #股民 #vlgo十亿流量扶持计划,大眼瞪小眼,7641066778256261553,https://www.douyin.com/video/7641066778256261553,,7641118721322795776,14:43,待确认,中性,自动映射到抖音视频评论池。,6.4,false
2026-05-18,longge,抖音评论 14:43,马斯克板块啊 集体全红,,,,否,video_id=7641066778256261553; video_url=https://www.douyin.com/video/7641066778256261553; creator=阿龙闯大A📈; like=0; reply=0; source_type=comment; yeren_signal_id=; parent_comment_text=,14:43,抖音评论,video,来个真大哥，急需回血，感激不尽！#股票 #股民 #vlgo十亿流量扶持计划,长沙实物质押🚗🚗🚗,7641066778256261553,https://www.douyin.com/video/7641066778256261553,,7641118686825694001,14:43,未纳入,中性,自动映射到抖音视频评论池。,,false
2026-05-18,longge,抖音评论 14:43,万顺新材，感觉快调整到位了[绝望的凝视],万顺新材(300057),,万顺新材(300057) 被提及 1 次，有效评论 1 条，来源 1 个，单视频线索，情绪 中性，当前判断：保留观察。,待确认,video_id=7641066778256261553; video_url=https://www.douyin.com/video/7641066778256261553; creator=阿龙闯大A📈; like=0; reply=0; source_type=comment; yeren_signal_id=; parent_comment_text=,14:43,抖音评论,video,来个真大哥，急需回血，感激不尽！#股票 #股民 #vlgo十亿流量扶持计划,梦想岛,7641066778256261553,https://www.douyin.com/video/7641066778256261553,,7641118668034032384,14:43,待确认,中性,自动映射到抖音视频评论池。,6.4,false
2026-05-18,longge,抖音评论 14:42,江化微拿一个月,江化微(603078),,江化微(603078) 被提及 2 次，有效评论 2 条，来源 1 个，单视频线索，情绪 看多，当前判断：保留观察。,待确认,video_id=7641066778256261553; video_url=https://www.douyin.com/video/7641066778256261553; creator=阿龙闯大A📈; like=0; reply=0; source_type=comment; yeren_signal_id=; parent_comment_text=,14:42,抖音评论,video,来个真大哥，急需回血，感激不尽！#股票 #股民 #vlgo十亿流量扶持计划,烘焙原材料供应商,7641066778256261553,https://www.douyin.com/video/7641066778256261553,,7641118551084843834,14:42,待确认,看多,自动映射到抖音视频评论池。,6.9,false
2026-05-18,longge,抖音评论 14:42,这大哥真是无影无踪，我也亏够呛,,,,否,video_id=7641066778256261553; video_url=https://www.douyin.com/video/7641066778256261553; creator=阿龙闯大A📈; like=0; reply=0; source_type=comment; yeren_signal_id=; parent_comment_text=,14:42,抖音评论,video,来个真大哥，急需回血，感激不尽！#股票 #股民 #vlgo十亿流量扶持计划,🌞雷锋张,7641066778256261553,https://www.douyin.com/video/7641066778256261553,,7641118514498224906,14:42,未纳入,中性,自动映射到抖音视频评论池。,,false
2026-05-18,longge,抖音评论 14:41,你个25仔，今天跟这个明天跟那个大哥，家法伺候[呲牙][呲牙],,,,否,video_id=7641066778256261553; video_url=https://www.douyin.com/video/7641066778256261553; creator=阿龙闯大A📈; like=0; reply=0; source_type=comment; yeren_signal_id=; parent_comment_text=,14:41,抖音评论,video,来个真大哥，急需回血，感激不尽！#股票 #股民 #vlgo十亿流量扶持计划,☜大王巡山☞,7641066778256261553,https://www.douyin.com/video/7641066778256261553,,7641118375195738929,14:41,未纳入,中性,自动映射到抖音视频评论池。,,false
2026-05-18,longge,抖音评论 14:41,现在这个评论区已经不健康了[捂脸][捂脸]到处都是坑[闭嘴][闭嘴],,,,否,video_id=7641066778256261553; video_url=https://www.douyin.com/video/7641066778256261553; creator=阿龙闯大A📈; like=0; reply=0; source_type=comment; yeren_signal_id=; parent_comment_text=,14:41,抖音评论,video,来个真大哥，急需回血，感激不尽！#股票 #股民 #vlgo十亿流量扶持计划,泇涵🥳🌸🌈,7641066778256261553,https://www.douyin.com/video/7641066778256261553,,7641118215028884281,14:41,未纳入,中性,自动映射到抖音视频评论池。,,false
2026-05-18,longge,抖音评论 14:40,快就是慢，慢就是快,,,,否,video_id=7641066778256261553; video_url=https://www.douyin.com/video/7641066778256261553; creator=阿龙闯大A📈; like=0; reply=0; source_type=comment; yeren_signal_id=; parent_comment_text=,14:40,抖音评论,video,来个真大哥，急需回血，感激不尽！#股票 #股民 #vlgo十亿流量扶持计划,中登,7641066778256261553,https://www.douyin.com/video/7641066778256261553,,7641117986673673017,14:40,未纳入,中性,自动映射到抖音视频评论池。,,false
2026-05-18,longge,抖音评论 14:39,2天亏12个点，拿住[捂脸],,,,否,video_id=7641066778256261553; video_url=https://www.douyin.com/video/7641066778256261553; creator=阿龙闯大A📈; like=0; reply=0; source_type=comment; yeren_signal_id=; parent_comment_text=,14:39,抖音评论,video,来个真大哥，急需回血，感激不尽！#股票 #股民 #vlgo十亿流量扶持计划,W-,7641066778256261553,https://www.douyin.com/video/7641066778256261553,,7641117848924242734,14:39,未纳入,中性,自动映射到抖音视频评论池。,,false
2026-05-18,longge,抖音评论 14:38,中国电信你不会买的,中国电信(601728),,中国电信(601728) 被提及 2 次，有效评论 2 条，来源 1 个，单视频线索，情绪 看多，当前判断：保留观察。,待确认,video_id=7641066778256261553; video_url=https://www.douyin.com/video/7641066778256261553; creator=阿龙闯大A📈; like=0; reply=0; source_type=comment; yeren_signal_id=; parent_comment_text=,14:38,抖音评论,video,来个真大哥，急需回血，感激不尽！#股票 #股民 #vlgo十亿流量扶持计划,书剑飘零,7641066778256261553,https://www.douyin.com/video/7641066778256261553,,7641117537774928675,14:38,待确认,看多,自动映射到抖音视频评论池。,6.9,false
2026-05-18,longge,抖音评论 14:37,我买的康美药业亏40个点了[流泪][流泪][流泪],康美药业(600518),,康美药业(600518) 被提及 1 次，有效评论 1 条，来源 1 个，单视频线索，情绪 谨慎，当前判断：偏风险观察。,否,video_id=7641066778256261553; video_url=https://www.douyin.com/video/7641066778256261553; creator=阿龙闯大A📈; like=0; reply=2; source_type=comment; yeren_signal_id=; parent_comment_text=,14:37,抖音评论,video,来个真大哥，急需回血，感激不尽！#股票 #股民 #vlgo十亿流量扶持计划,我真没招了,7641066778256261553,https://www.douyin.com/video/7641066778256261553,,7641117175856235274,14:37,未纳入,谨慎,自动映射到抖音视频评论池。,5.9,false
2026-05-18,longge,抖音评论 14:36,那个说江特的大哥呢说拿一个月的呢 现在十连跌了,,,,否,video_id=7641066778256261553; video_url=https://www.douyin.com/video/7641066778256261553; creator=阿龙闯大A📈; like=1; reply=0; source_type=comment; yeren_signal_id=; parent_comment_text=,14:36,抖音评论,video,来个真大哥，急需回血，感激不尽！#股票 #股民 #vlgo十亿流量扶持计划,钱涂璀璨,7641066778256261553,https://www.douyin.com/video/7641066778256261553,,7641117065873392433,14:36,未纳入,中性,自动映射到抖音视频评论池。,,false
2026-05-18,longge,抖音评论 14:36,智微智能。,智微智能(001339),,智微智能(001339) 被提及 2 次，有效评论 2 条，来源 1 个，单视频线索，情绪 中性，当前判断：保留观察。,待确认,video_id=7641066778256261553; video_url=https://www.douyin.com/video/7641066778256261553; creator=阿龙闯大A📈; like=0; reply=0; source_type=comment; yeren_signal_id=; parent_comment_text=,14:36,抖音评论,video,来个真大哥，急需回血，感激不尽！#股票 #股民 #vlgo十亿流量扶持计划,逃之夭夭,7641066778256261553,https://www.douyin.com/video/7641066778256261553,,7641117042842420005,14:36,待确认,中性,自动映射到抖音视频评论池。,6.9,false
2026-05-18,longge,抖音评论 14:36,今天不是很好吗,,,,否,video_id=7641066778256261553; video_url=https://www.douyin.com/video/7641066778256261553; creator=阿龙闯大A📈; like=0; reply=0; source_type=comment; yeren_signal_id=; parent_comment_text=,14:36,抖音评论,video,来个真大哥，急需回血，感激不尽！#股票 #股民 #vlgo十亿流量扶持计划,回本的路上,7641066778256261553,https://www.douyin.com/video/7641066778256261553,,7641116908687344430,14:36,未纳入,中性,自动映射到抖音视频评论池。,,false
2026-05-18,longge,抖音评论 14:35,我捡的天富能源亏了十五个点没跑，盈利了25个点走的[呲牙],天富能源(600509),,天富能源(600509) 被提及 1 次，有效评论 1 条，来源 1 个，单视频线索，情绪 谨慎，当前判断：偏风险观察。,否,video_id=7641066778256261553; video_url=https://www.douyin.com/video/7641066778256261553; creator=阿龙闯大A📈; like=0; reply=0; source_type=comment; yeren_signal_id=; parent_comment_text=,14:35,抖音评论,video,来个真大哥，急需回血，感激不尽！#股票 #股民 #vlgo十亿流量扶持计划,渡,7641066778256261553,https://www.douyin.com/video/7641066778256261553,,7641116769855701819,14:35,未纳入,谨慎,自动映射到抖音视频评论池。,5.9,false
2026-05-18,longge,抖音评论 14:33,小商品城 世界杯前后有一波行情,小商品城(600415),,小商品城(600415) 被提及 4 次，有效评论 4 条，来源 1 个，单视频线索，情绪 中性，当前判断：已进入推荐候选。,是,video_id=7641066778256261553; video_url=https://www.douyin.com/video/7641066778256261553; creator=阿龙闯大A📈; like=0; reply=0; source_type=comment; yeren_signal_id=; parent_comment_text=,14:33,抖音评论,video,来个真大哥，急需回血，感激不尽！#股票 #股民 #vlgo十亿流量扶持计划,申玖杰🧜‍♂️,7641066778256261553,https://www.douyin.com/video/7641066778256261553,,7641116284633416494,14:33,已纳入,中性,自动映射到抖音视频评论池。,8.4,true
2026-05-18,longge,抖音评论 14:33,福晶科技还有人在吗？,福晶科技(002222),,福晶科技(002222) 被提及 2 次，有效评论 2 条，来源 1 个，单视频线索，情绪 中性，当前判断：保留观察。,待确认,video_id=7641066778256261553; video_url=https://www.douyin.com/video/7641066778256261553; creator=阿龙闯大A📈; like=0; reply=0; source_type=comment; yeren_signal_id=; parent_comment_text=,14:33,抖音评论,video,来个真大哥，急需回血，感激不尽！#股票 #股民 #vlgo十亿流量扶持计划,爱哭鼻子的小孩,7641066778256261553,https://www.douyin.com/video/7641066778256261553,,7641116165058396938,14:33,待确认,中性,自动映射到抖音视频评论池。,6.9,false
2026-05-18,longge,抖音评论 14:32,今天还有在 江特 抗的吗 [流泪][图片表情],,,评论热度较高，但暂未自动识别到明确股票线索，保留人工复核。,待确认,video_id=7641066778256261553; video_url=https://www.douyin.com/video/7641066778256261553; creator=阿龙闯大A📈; like=3; reply=6; source_type=comment; yeren_signal_id=; parent_comment_text=,14:32,抖音评论,video,来个真大哥，急需回血，感激不尽！#股票 #股民 #vlgo十亿流量扶持计划,白乐,7641066778256261553,https://www.douyin.com/video/7641066778256261553,,7641114335460508451,14:32,待确认,中性,自动映射到抖音视频评论池。,6.2,false
2026-05-18,longge,抖音评论 14:31,说新能泰的还在吗！,,,,否,video_id=7641066778256261553; video_url=https://www.douyin.com/video/7641066778256261553; creator=阿龙闯大A📈; like=0; reply=0; source_type=comment; yeren_signal_id=; parent_comment_text=,14:31,抖音评论,video,来个真大哥，急需回血，感激不尽！#股票 #股民 #vlgo十亿流量扶持计划,香蕉你个巴拉,7641066778256261553,https://www.douyin.com/video/7641066778256261553,,7641115592573436682,14:31,未纳入,中性,自动映射到抖音视频评论池。,,false
2026-05-18,longge,抖音评论 14:29,有色咋办呀？铜陵和中金岭南都在手,中金岭南(000060),,中金岭南(000060) 被提及 1 次，有效评论 1 条，来源 1 个，单视频线索，情绪 中性，当前判断：保留观察。,待确认,video_id=7641066778256261553; video_url=https://www.douyin.com/video/7641066778256261553; creator=阿龙闯大A📈; like=2; reply=4; source_type=comment; yeren_signal_id=; parent_comment_text=,14:29,抖音评论,video,来个真大哥，急需回血，感激不尽！#股票 #股民 #vlgo十亿流量扶持计划,睿伢子,7641066778256261553,https://www.douyin.com/video/7641066778256261553,,7641115229837804339,14:29,待确认,中性,自动映射到抖音视频评论池。,6.4,false
2026-05-18,longge,抖音评论 14:29,赵姨。明天低开进,,,,否,video_id=7641066778256261553; video_url=https://www.douyin.com/video/7641066778256261553; creator=阿龙闯大A📈; like=0; reply=0; source_type=comment; yeren_signal_id=; parent_comment_text=,14:29,抖音评论,video,来个真大哥，急需回血，感激不尽！#股票 #股民 #vlgo十亿流量扶持计划,皓玮,7641066778256261553,https://www.douyin.com/video/7641066778256261553,,7641115190150611761,14:29,未纳入,中性,自动映射到抖音视频评论池。,,false
2026-05-18,longge,抖音评论 14:29,泰晶kj 有大佬帮看一下怎么弄吗,,,,否,video_id=7641066778256261553; video_url=https://www.douyin.com/video/7641066778256261553; creator=阿龙闯大A📈; like=0; reply=0; source_type=comment; yeren_signal_id=; parent_comment_text=,14:29,抖音评论,video,来个真大哥，急需回血，感激不尽！#股票 #股民 #vlgo十亿流量扶持计划,Red,7641066778256261553,https://www.douyin.com/video/7641066778256261553,,7641115159771644707,14:29,未纳入,中性,自动映射到抖音视频评论池。,,false
2026-05-18,longge,抖音评论 14:29,金牛,,,,否,video_id=7641066778256261553; video_url=https://www.douyin.com/video/7641066778256261553; creator=阿龙闯大A📈; like=0; reply=0; source_type=comment; yeren_signal_id=; parent_comment_text=,14:29,抖音评论,video,来个真大哥，急需回血，感激不尽！#股票 #股民 #vlgo十亿流量扶持计划,AS,7641066778256261553,https://www.douyin.com/video/7641066778256261553,,7641115098135921465,14:29,未纳入,中性,自动映射到抖音视频评论池。,,false
2026-05-18,longge,抖音评论 14:28,,,,,否,video_id=7641066778256261553; video_url=https://www.douyin.com/video/7641066778256261553; creator=阿龙闯大A📈; like=0; reply=0; source_type=comment; yeren_signal_id=; parent_comment_text=,14:28,抖音评论,video,来个真大哥，急需回血，感激不尽！#股票 #股民 #vlgo十亿流量扶持计划,财源广进,7641066778256261553,https://www.douyin.com/video/7641066778256261553,,7641114992453206847,14:28,未纳入,中性,自动映射到抖音视频评论池。,,false
2026-05-18,longge,抖音评论 14:28,哪位大佬，帮我看看辽宁能源今天要走还是留,辽宁能源(600758),,辽宁能源(600758) 被提及 3 次，有效评论 3 条，来源 1 个，单视频线索，情绪 中性，当前判断：保留观察。,待确认,video_id=7641066778256261553; video_url=https://www.douyin.com/video/7641066778256261553; creator=阿龙闯大A📈; like=0; reply=0; source_type=comment; yeren_signal_id=; parent_comment_text=,14:28,抖音评论,video,来个真大哥，急需回血，感激不尽！#股票 #股民 #vlgo十亿流量扶持计划,欣欣妈,7641066778256261553,https://www.douyin.com/video/7641066778256261553,,7641115018784424754,14:28,待确认,中性,自动映射到抖音视频评论池。,7.2,false
2026-05-18,longge,抖音评论 14:26,周末不是和你说了吗？易点和南威。,,,,否,video_id=7641066778256261553; video_url=https://www.douyin.com/video/7641066778256261553; creator=阿龙闯大A📈; like=0; reply=0; source_type=comment; yeren_signal_id=; parent_comment_text=,14:26,抖音评论,video,来个真大哥，急需回血，感激不尽！#股票 #股民 #vlgo十亿流量扶持计划,大白菜,7641066778256261553,https://www.douyin.com/video/7641066778256261553,,7641114511349039921,14:26,未纳入,中性,自动映射到抖音视频评论池。,,false
2026-05-18,longge,抖音评论 14:26,一大堆假大哥,,,,否,video_id=7641066778256261553; video_url=https://www.douyin.com/video/7641066778256261553; creator=阿龙闯大A📈; like=0; reply=0; source_type=comment; yeren_signal_id=; parent_comment_text=,14:26,抖音评论,video,来个真大哥，急需回血，感激不尽！#股票 #股民 #vlgo十亿流量扶持计划,虞苏,7641066778256261553,https://www.douyin.com/video/7641066778256261553,,7641114320353379131,14:26,未纳入,中性,自动映射到抖音视频评论池。,,false
2026-05-18,longge,抖音评论 14:25,尾盘买点啥啊，求大哥喂票绿麻了[流泪],,,,否,video_id=7641066778256261553; video_url=https://www.douyin.com/video/7641066778256261553; creator=阿龙闯大A📈; like=0; reply=0; source_type=comment; yeren_signal_id=; parent_comment_text=,14:25,抖音评论,video,来个真大哥，急需回血，感激不尽！#股票 #股民 #vlgo十亿流量扶持计划,原来名字太长就会有傻子读,7641066778256261553,https://www.douyin.com/video/7641066778256261553,,7641114276472734514,14:25,未纳入,中性,自动映射到抖音视频评论池。,,false
2026-05-18,longge,抖音评论 14:25,平潭发展要割肉吗？求指导[流泪][流泪],平潭发展(000592),林业;福建自贸区,平潭发展(000592) 被提及 1 次，有效评论 1 条，来源 1 个，单视频线索，情绪 谨慎，当前判断：偏风险观察。,否,video_id=7641066778256261553; video_url=https://www.douyin.com/video/7641066778256261553; creator=阿龙闯大A📈; like=1; reply=8; source_type=comment; yeren_signal_id=; parent_comment_text=,14:25,抖音评论,video,来个真大哥，急需回血，感激不尽！#股票 #股民 #vlgo十亿流量扶持计划,蓝灵う,7641066778256261553,https://www.douyin.com/video/7641066778256261553,,7641114213028610835,14:25,未纳入,谨慎,自动映射到抖音视频评论池。,5.9,false
2026-05-18,longge,抖音评论 14:25,再生科技,,,,否,video_id=7641066778256261553; video_url=https://www.douyin.com/video/7641066778256261553; creator=阿龙闯大A📈; like=0; reply=0; source_type=comment; yeren_signal_id=; parent_comment_text=,14:25,抖音评论,video,来个真大哥，急需回血，感激不尽！#股票 #股民 #vlgo十亿流量扶持计划,蓝色的海,7641066778256261553,https://www.douyin.com/video/7641066778256261553,,7641114053054579513,14:25,未纳入,中性,自动映射到抖音视频评论池。,,false
2026-05-18,longge,抖音评论 14:25,今天一天没了16个点，我都想申请未成年退款了[酷拽],,,,否,video_id=7641066778256261553; video_url=https://www.douyin.com/video/7641066778256261553; creator=阿龙闯大A📈; like=0; reply=0; source_type=comment; yeren_signal_id=; parent_comment_text=,14:25,抖音评论,video,来个真大哥，急需回血，感激不尽！#股票 #股民 #vlgo十亿流量扶持计划,常威打来福,7641066778256261553,https://www.douyin.com/video/7641066778256261553,,7641114043252867877,14:25,未纳入,中性,自动映射到抖音视频评论池。,,false
2026-05-18,longge,抖音评论 14:25,大佬们，中马早上忘记走了，还有戏吗？,,,,否,video_id=7641066778256261553; video_url=https://www.douyin.com/video/7641066778256261553; creator=阿龙闯大A📈; like=0; reply=0; source_type=comment; yeren_signal_id=; parent_comment_text=,14:25,抖音评论,video,来个真大哥，急需回血，感激不尽！#股票 #股民 #vlgo十亿流量扶持计划,熙湖云邸|陈淑平（奥莉沃）,7641066778256261553,https://www.douyin.com/video/7641066778256261553,,7641114031403778873,14:25,未纳入,中性,自动映射到抖音视频评论池。,,false
2026-05-18,longge,抖音评论 14:24,辽能吃了一个跌停[泣不成声],,,,否,video_id=7641066778256261553; video_url=https://www.douyin.com/video/7641066778256261553; creator=阿龙闯大A📈; like=0; reply=2; source_type=comment; yeren_signal_id=; parent_comment_text=,14:24,抖音评论,video,来个真大哥，急需回血，感激不尽！#股票 #股民 #vlgo十亿流量扶持计划,轻抚雪,7641066778256261553,https://www.douyin.com/video/7641066778256261553,,7641114016342098688,14:24,未纳入,中性,自动映射到抖音视频评论池。,,false
2026-05-18,longge,抖音评论 14:24,合力[微笑],,,,否,video_id=7641066778256261553; video_url=https://www.douyin.com/video/7641066778256261553; creator=阿龙闯大A📈; like=0; reply=0; source_type=comment; yeren_signal_id=; parent_comment_text=,14:24,抖音评论,video,来个真大哥，急需回血，感激不尽！#股票 #股民 #vlgo十亿流量扶持计划,白      .,7641066778256261553,https://www.douyin.com/video/7641066778256261553,,7641113933101450024,14:24,未纳入,中性,自动映射到抖音视频评论池。,,false
2026-05-18,longge,抖音评论 14:24,青龙管业今天进的，感谢大哥,青龙管业(002457),,青龙管业(002457) 被提及 1 次，有效评论 1 条，来源 1 个，单视频线索，情绪 中性，当前判断：保留观察。,待确认,video_id=7641066778256261553; video_url=https://www.douyin.com/video/7641066778256261553; creator=阿龙闯大A📈; like=1; reply=2; source_type=comment; yeren_signal_id=; parent_comment_text=,14:24,抖音评论,video,来个真大哥，急需回血，感激不尽！#股票 #股民 #vlgo十亿流量扶持计划,T-papa,7641066778256261553,https://www.douyin.com/video/7641066778256261553,,7641113934849770289,14:24,待确认,中性,自动映射到抖音视频评论池。,6.4,false
2026-05-18,longge,抖音评论 14:24,全仓三角,,,,否,video_id=7641066778256261553; video_url=https://www.douyin.com/video/7641066778256261553; creator=阿龙闯大A📈; like=0; reply=0; source_type=comment; yeren_signal_id=; parent_comment_text=,14:24,抖音评论,video,来个真大哥，急需回血，感激不尽！#股票 #股民 #vlgo十亿流量扶持计划,左侧all in,7641066778256261553,https://www.douyin.com/video/7641066778256261553,,7641113888549536561,14:24,未纳入,中性,自动映射到抖音视频评论池。,,false
2026-05-18,longge,抖音评论 14:24,说赣锋锂业的那个哥呢[微笑],赣锋锂业(002460),,赣锋锂业(002460) 被提及 2 次，有效评论 2 条，来源 1 个，单视频线索，情绪 中性，当前判断：保留观察。,待确认,video_id=7641066778256261553; video_url=https://www.douyin.com/video/7641066778256261553; creator=阿龙闯大A📈; like=6; reply=6; source_type=comment; yeren_signal_id=; parent_comment_text=,14:24,抖音评论,video,来个真大哥，急需回血，感激不尽！#股票 #股民 #vlgo十亿流量扶持计划,鹿鹿子,7641066778256261553,https://www.douyin.com/video/7641066778256261553,,7641113840663266097,14:24,待确认,中性,自动映射到抖音视频评论池。,6.9,false
2026-05-18,longge,抖音评论 14:24,说中国巨石的ch不是说不涨吃了它吗？,中国巨石(600176),,中国巨石(600176) 被提及 1 次，有效评论 1 条，来源 1 个，单视频线索，情绪 中性，当前判断：保留观察。,待确认,video_id=7641066778256261553; video_url=https://www.douyin.com/video/7641066778256261553; creator=阿龙闯大A📈; like=0; reply=0; source_type=comment; yeren_signal_id=; parent_comment_text=,14:24,抖音评论,video,来个真大哥，急需回血，感激不尽！#股票 #股民 #vlgo十亿流量扶持计划,糊糊,7641066778256261553,https://www.douyin.com/video/7641066778256261553,,7641113841057235749,14:24,待确认,中性,自动映射到抖音视频评论池。,6.4,false
2026-05-18,longge,抖音评论 14:22,我听了一个票黄河，早盘跌早盘清了，又冲高，又跌，扛不住了,,,,否,video_id=7641066778256261553; video_url=https://www.douyin.com/video/7641066778256261553; creator=阿龙闯大A📈; like=0; reply=0; source_type=comment; yeren_signal_id=; parent_comment_text=,14:22,抖音评论,video,来个真大哥，急需回血，感激不尽！#股票 #股民 #vlgo十亿流量扶持计划,华明,7641066778256261553,https://www.douyin.com/video/7641066778256261553,,7641113460935639843,14:22,未纳入,中性,自动映射到抖音视频评论池。,,false
2026-05-18,longge,抖音评论 14:22,江特你只发瘟，今天割肉跑路了，从我拿连跌七天,,,,否,video_id=7641066778256261553; video_url=https://www.douyin.com/video/7641066778256261553; creator=阿龙闯大A📈; like=0; reply=4; source_type=comment; yeren_signal_id=; parent_comment_text=,14:22,抖音评论,video,来个真大哥，急需回血，感激不尽！#股票 #股民 #vlgo十亿流量扶持计划,咖啡🐱,7641066778256261553,https://www.douyin.com/video/7641066778256261553,,7641113355625562939,14:22,未纳入,中性,自动映射到抖音视频评论池。,,false
2026-05-18,longge,抖音评论 14:21,做哪个类型的,,,,否,video_id=7641066778256261553; video_url=https://www.douyin.com/video/7641066778256261553; creator=阿龙闯大A📈; like=0; reply=0; source_type=comment; yeren_signal_id=; parent_comment_text=,14:21,抖音评论,video,来个真大哥，急需回血，感激不尽！#股票 #股民 #vlgo十亿流量扶持计划,明总,7641066778256261553,https://www.douyin.com/video/7641066778256261553,,7641113245155902257,14:21,未纳入,中性,自动映射到抖音视频评论池。,,false
2026-05-18,longge,抖音评论 14:19,众生药业，多拿几天,众生药业(002317),,众生药业(002317) 被提及 1 次，有效评论 1 条，来源 1 个，单视频线索，情绪 看多，当前判断：保留观察。,待确认,video_id=7641066778256261553; video_url=https://www.douyin.com/video/7641066778256261553; creator=阿龙闯大A📈; like=0; reply=0; source_type=comment; yeren_signal_id=; parent_comment_text=,14:19,抖音评论,video,来个真大哥，急需回血，感激不尽！#股票 #股民 #vlgo十亿流量扶持计划,嘉禾宝贝,7641066778256261553,https://www.douyin.com/video/7641066778256261553,,7641112609258210074,14:19,待确认,看多,自动映射到抖音视频评论池。,6.4,false
2026-05-18,longge,抖音评论 14:18,问下盐湖大哥帮忙看下 水下13咯[噢买尬],,,,否,video_id=7641066778256261553; video_url=https://www.douyin.com/video/7641066778256261553; creator=阿龙闯大A📈; like=0; reply=0; source_type=comment; yeren_signal_id=; parent_comment_text=,14:18,抖音评论,video,来个真大哥，急需回血，感激不尽！#股票 #股民 #vlgo十亿流量扶持计划,白羊人🐑,7641066778256261553,https://www.douyin.com/video/7641066778256261553,,7641112361155232571,14:18,未纳入,中性,自动映射到抖音视频评论池。,,false
2026-05-18,longge,抖音评论 14:18,今天买啥呀亏麻了[苦涩][苦涩][苦涩],,,,否,video_id=7641066778256261553; video_url=https://www.douyin.com/video/7641066778256261553; creator=阿龙闯大A📈; like=0; reply=0; source_type=comment; yeren_signal_id=; parent_comment_text=,14:18,抖音评论,video,来个真大哥，急需回血，感激不尽！#股票 #股民 #vlgo十亿流量扶持计划,🍊🍊🍊,7641066778256261553,https://www.douyin.com/video/7641066778256261553,,7641112227248096035,14:18,未纳入,中性,自动映射到抖音视频评论池。,,false
2026-05-18,longge,抖音评论 14:17,我还在等中南的那位，我还在中南啊，后续怎么操作[举手][举手][举手],,,,否,video_id=7641066778256261553; video_url=https://www.douyin.com/video/7641066778256261553; creator=阿龙闯大A📈; like=0; reply=0; source_type=comment; yeren_signal_id=; parent_comment_text=,14:17,抖音评论,video,来个真大哥，急需回血，感激不尽！#股票 #股民 #vlgo十亿流量扶持计划,一二三知五,7641066778256261553,https://www.douyin.com/video/7641066778256261553,,7641112139943428873,14:17,未纳入,中性,自动映射到抖音视频评论池。,,false
2026-05-18,longge,抖音评论 14:17,我也想回血[捂脸],,,,否,video_id=7641066778256261553; video_url=https://www.douyin.com/video/7641066778256261553; creator=阿龙闯大A📈; like=0; reply=0; source_type=comment; yeren_signal_id=; parent_comment_text=,14:17,抖音评论,video,来个真大哥，急需回血，感激不尽！#股票 #股民 #vlgo十亿流量扶持计划,淡奶,7641066778256261553,https://www.douyin.com/video/7641066778256261553,,7641112031461917467,14:17,未纳入,中性,自动映射到抖音视频评论池。,,false
2026-05-18,longge,抖音评论 14:16,下班前进彩虹🌈,,,,否,video_id=7641066778256261553; video_url=https://www.douyin.com/video/7641066778256261553; creator=阿龙闯大A📈; like=0; reply=0; source_type=comment; yeren_signal_id=; parent_comment_text=,14:16,抖音评论,video,来个真大哥，急需回血，感激不尽！#股票 #股民 #vlgo十亿流量扶持计划,One two 丝嘞,7641066778256261553,https://www.douyin.com/video/7641066778256261553,,7641111827221742373,14:16,未纳入,中性,自动映射到抖音视频评论池。,,false
2026-05-18,longge,抖音评论 14:15,25进的长城，亏麻了[泪奔],,,,否,video_id=7641066778256261553; video_url=https://www.douyin.com/video/7641066778256261553; creator=阿龙闯大A📈; like=0; reply=4; source_type=comment; yeren_signal_id=; parent_comment_text=,14:15,抖音评论,video,来个真大哥，急需回血，感激不尽！#股票 #股民 #vlgo十亿流量扶持计划,馨荷。。。,7641066778256261553,https://www.douyin.com/video/7641066778256261553,,7641111706945585963,14:15,未纳入,中性,自动映射到抖音视频评论池。,,false
2026-05-18,longge,抖音评论 14:14,中视cm还拿着吗[戳手手],,,,否,video_id=7641066778256261553; video_url=https://www.douyin.com/video/7641066778256261553; creator=阿龙闯大A📈; like=1; reply=5; source_type=comment; yeren_signal_id=; parent_comment_text=,14:14,抖音评论,video,来个真大哥，急需回血，感激不尽！#股票 #股民 #vlgo十亿流量扶持计划,白念生,7641066778256261553,https://www.douyin.com/video/7641066778256261553,,7641111446994780955,14:14,未纳入,中性,自动映射到抖音视频评论池。,,false
2026-05-18,longge,抖音评论 14:14,删了[呲牙]，有人看到没有,,,评论热度较高，但暂未自动识别到明确股票线索，保留人工复核。,待确认,video_id=7641066778256261553; video_url=https://www.douyin.com/video/7641066778256261553; creator=阿龙闯大A📈; like=0; reply=12; source_type=comment; yeren_signal_id=; parent_comment_text=,14:14,抖音评论,video,来个真大哥，急需回血，感激不尽！#股票 #股民 #vlgo十亿流量扶持计划,亿万添,7641066778256261553,https://www.douyin.com/video/7641066778256261553,,7641111393895596850,14:14,待确认,中性,自动映射到抖音视频评论池。,6.2,false
2026-05-18,longge,抖音评论 14:14,这是新能泰山，我差点买了[看],新能泰山(000720),电网设备;电力,新能泰山(000720) 被提及 3 次，有效评论 3 条，来源 1 个，单视频线索，情绪 中性，当前判断：已进入推荐候选。,是,video_id=7641066778256261553; video_url=https://www.douyin.com/video/7641066778256261553; creator=阿龙闯大A📈; like=0; reply=0; source_type=comment; yeren_signal_id=; parent_comment_text=,14:14,抖音评论,video,来个真大哥，急需回血，感激不尽！#股票 #股民 #vlgo十亿流量扶持计划,🌈在哪丢了,7641066778256261553,https://www.douyin.com/video/7641066778256261553,,7641111354422330155,14:14,已纳入,中性,自动映射到抖音视频评论池。,8.1,true
2026-05-18,longge,抖音评论 14:12,我记得前几天来留言过，无人问津,,,,否,video_id=7641066778256261553; video_url=https://www.douyin.com/video/7641066778256261553; creator=阿龙闯大A📈; like=0; reply=3; source_type=comment; yeren_signal_id=; parent_comment_text=,14:12,抖音评论,video,来个真大哥，急需回血，感激不尽！#股票 #股民 #vlgo十亿流量扶持计划,小白啦,7641066778256261553,https://www.douyin.com/video/7641066778256261553,,7641110873050956603,14:12,未纳入,中性,自动映射到抖音视频评论池。,,false
2026-05-18,longge,抖音评论 14:11,江特电机的大哥呢，出来说两句啊,,,评论热度较高，但暂未自动识别到明确股票线索，保留人工复核。,待确认,video_id=7641066778256261553; video_url=https://www.douyin.com/video/7641066778256261553; creator=阿龙闯大A📈; like=8; reply=3; source_type=comment; yeren_signal_id=; parent_comment_text=,14:11,抖音评论,video,来个真大哥，急需回血，感激不尽！#股票 #股民 #vlgo十亿流量扶持计划,阿伟,7641066778256261553,https://www.douyin.com/video/7641066778256261553,,7641110559199560485,14:11,待确认,中性,自动映射到抖音视频评论池。,6.2,false
2026-05-18,longge,抖音评论 14:11,有没有大哥看看晶科？,,,,否,video_id=7641066778256261553; video_url=https://www.douyin.com/video/7641066778256261553; creator=阿龙闯大A📈; like=0; reply=0; source_type=comment; yeren_signal_id=; parent_comment_text=,14:11,抖音评论,video,来个真大哥，急需回血，感激不尽！#股票 #股民 #vlgo十亿流量扶持计划,爱喝生椰耶✌,7641066778256261553,https://www.douyin.com/video/7641066778256261553,,7641110547078038298,14:11,未纳入,中性,自动映射到抖音视频评论池。,,false
2026-05-18,longge,抖音评论 14:11,☯️,,,,否,video_id=7641066778256261553; video_url=https://www.douyin.com/video/7641066778256261553; creator=阿龙闯大A📈; like=0; reply=0; source_type=comment; yeren_signal_id=; parent_comment_text=,14:11,抖音评论,video,来个真大哥，急需回血，感激不尽！#股票 #股民 #vlgo十亿流量扶持计划,Dialog,7641066778256261553,https://www.douyin.com/video/7641066778256261553,,7641110469029397299,14:11,未纳入,中性,自动映射到抖音视频评论池。,,false
2026-05-18,longge,抖音评论 14:10,大族 洗盘几天了 现在入手刚好,,,评论热度较高，但暂未自动识别到明确股票线索，保留人工复核。,待确认,video_id=7641066778256261553; video_url=https://www.douyin.com/video/7641066778256261553; creator=阿龙闯大A📈; like=0; reply=9; source_type=comment; yeren_signal_id=; parent_comment_text=,14:10,抖音评论,video,来个真大哥，急需回血，感激不尽！#股票 #股民 #vlgo十亿流量扶持计划,等风来.🏝🌈,7641066778256261553,https://www.douyin.com/video/7641066778256261553,,7641110404592141107,14:10,待确认,中性,自动映射到抖音视频评论池。,6.2,false
2026-05-18,longge,抖音评论 14:09,最近机器人，万向钱潮，董事长国宴也在,万向钱潮(000559),,万向钱潮(000559) 被提及 3 次，有效评论 3 条，来源 1 个，单视频线索，情绪 谨慎，当前判断：已进入推荐候选。,是,video_id=7641066778256261553; video_url=https://www.douyin.com/video/7641066778256261553; creator=阿龙闯大A📈; like=0; reply=0; source_type=comment; yeren_signal_id=; parent_comment_text=,14:09,抖音评论,video,来个真大哥，急需回血，感激不尽！#股票 #股民 #vlgo十亿流量扶持计划,半称心。,7641066778256261553,https://www.douyin.com/video/7641066778256261553,,7641110139244200741,14:09,已纳入,谨慎,自动映射到抖音视频评论池。,7.5,true
2026-05-18,longge,抖音评论 14:09,小商品城怎么回事，开盘进的，加绿了,小商品城(600415),,小商品城(600415) 被提及 4 次，有效评论 4 条，来源 1 个，单视频线索，情绪 中性，当前判断：已进入推荐候选。,是,video_id=7641066778256261553; video_url=https://www.douyin.com/video/7641066778256261553; creator=阿龙闯大A📈; like=0; reply=0; source_type=comment; yeren_signal_id=; parent_comment_text=,14:09,抖音评论,video,来个真大哥，急需回血，感激不尽！#股票 #股民 #vlgo十亿流量扶持计划,❤️   萍,7641066778256261553,https://www.douyin.com/video/7641066778256261553,,7641110108617343781,14:09,已纳入,中性,自动映射到抖音视频评论池。,8.4,true
2026-05-18,longge,抖音评论 14:09,苏州高新 天天跌 人麻了,苏州高新(600736),,苏州高新(600736) 被提及 2 次，有效评论 2 条，来源 1 个，单视频线索，情绪 谨慎，当前判断：偏风险观察。,否,video_id=7641066778256261553; video_url=https://www.douyin.com/video/7641066778256261553; creator=阿龙闯大A📈; like=0; reply=0; source_type=comment; yeren_signal_id=; parent_comment_text=,14:09,抖音评论,video,来个真大哥，急需回血，感激不尽！#股票 #股民 #vlgo十亿流量扶持计划,绝影,7641066778256261553,https://www.douyin.com/video/7641066778256261553,,7641109999083373349,14:09,未纳入,谨慎,自动映射到抖音视频评论池。,6.3,false
2026-05-18,longge,抖音评论 14:08,江特，珠峰，顺颢，杀死我了[流泪][流泪][流泪][流泪],,,,否,video_id=7641066778256261553; video_url=https://www.douyin.com/video/7641066778256261553; creator=阿龙闯大A📈; like=3; reply=2; source_type=comment; yeren_signal_id=; parent_comment_text=,14:08,抖音评论,video,来个真大哥，急需回血，感激不尽！#股票 #股民 #vlgo十亿流量扶持计划,叽里咕噜说啥呢～,7641066778256261553,https://www.douyin.com/video/7641066778256261553,,7641109659097449274,14:08,未纳入,中性,自动映射到抖音视频评论池。,,false
2026-05-18,longge,抖音评论 14:07,？？？我亏40个点都没说啥那,,,,否,video_id=7641066778256261553; video_url=https://www.douyin.com/video/7641066778256261553; creator=阿龙闯大A📈; like=0; reply=0; source_type=comment; yeren_signal_id=; parent_comment_text=,14:07,抖音评论,video,来个真大哥，急需回血，感激不尽！#股票 #股民 #vlgo十亿流量扶持计划,南烛,7641066778256261553,https://www.douyin.com/video/7641066778256261553,,7641109594736329521,14:07,未纳入,中性,自动映射到抖音视频评论池。,,false
2026-05-18,longge,抖音评论 14:07,去机器人,,,,否,video_id=7641066778256261553; video_url=https://www.douyin.com/video/7641066778256261553; creator=阿龙闯大A📈; like=0; reply=0; source_type=comment; yeren_signal_id=; parent_comment_text=,14:07,抖音评论,video,来个真大哥，急需回血，感激不尽！#股票 #股民 #vlgo十亿流量扶持计划,37°（看样子不太聪明减脂版）,7641066778256261553,https://www.douyin.com/video/7641066778256261553,,7641109604914955045,14:07,未纳入,中性,自动映射到抖音视频评论池。,,false
2026-05-18,longge,抖音评论 14:05,露笑记得上龙,,,,否,video_id=7641066778256261553; video_url=https://www.douyin.com/video/7641066778256261553; creator=阿龙闯大A📈; like=0; reply=3; source_type=comment; yeren_signal_id=; parent_comment_text=,14:05,抖音评论,video,来个真大哥，急需回血，感激不尽！#股票 #股民 #vlgo十亿流量扶持计划,壹零壹,7641066778256261553,https://www.douyin.com/video/7641066778256261553,,7641109010347066175,14:05,未纳入,中性,自动映射到抖音视频评论池。,,false
2026-05-18,longge,抖音评论 14:04,我也是十天十绿 没红过,,,,否,video_id=7641066778256261553; video_url=https://www.douyin.com/video/7641066778256261553; creator=阿龙闯大A📈; like=0; reply=4; source_type=comment; yeren_signal_id=; parent_comment_text=,14:04,抖音评论,video,来个真大哥，急需回血，感激不尽！#股票 #股民 #vlgo十亿流量扶持计划,请叫我大蕊,7641066778256261553,https://www.douyin.com/video/7641066778256261553,,7641108703739691782,14:04,未纳入,中性,自动映射到抖音视频评论池。,,false
2026-05-18,longge,抖音评论 14:03,给辽宁能源的大哥上龙,辽宁能源(600758),,辽宁能源(600758) 被提及 3 次，有效评论 3 条，来源 1 个，单视频线索，情绪 中性，当前判断：保留观察。,待确认,video_id=7641066778256261553; video_url=https://www.douyin.com/video/7641066778256261553; creator=阿龙闯大A📈; like=0; reply=0; source_type=comment; yeren_signal_id=; parent_comment_text=,14:03,抖音评论,video,来个真大哥，急需回血，感激不尽！#股票 #股民 #vlgo十亿流量扶持计划,˗ˋˏᰔᩚˎˊ˗,7641066778256261553,https://www.douyin.com/video/7641066778256261553,,7641108607720211249,14:03,待确认,中性,自动映射到抖音视频评论池。,7.2,false
2026-05-18,longge,抖音评论 14:03,一手金螳螂一手雅博，人多亏麻了,,,,否,video_id=7641066778256261553; video_url=https://www.douyin.com/video/7641066778256261553; creator=阿龙闯大A📈; like=0; reply=2; source_type=comment; yeren_signal_id=; parent_comment_text=,14:03,抖音评论,video,来个真大哥，急需回血，感激不尽！#股票 #股民 #vlgo十亿流量扶持计划,小新的🌈,7641066778256261553,https://www.douyin.com/video/7641066778256261553,,7641108478711186226,14:03,未纳入,中性,自动映射到抖音视频评论池。,,false
2026-05-18,longge,抖音评论 14:01,这个怎么办,,,,否,video_id=7641066778256261553; video_url=https://www.douyin.com/video/7641066778256261553; creator=阿龙闯大A📈; like=0; reply=2; source_type=comment; yeren_signal_id=; parent_comment_text=,14:01,抖音评论,video,来个真大哥，急需回血，感激不尽！#股票 #股民 #vlgo十亿流量扶持计划,x²     5,7641066778256261553,https://www.douyin.com/video/7641066778256261553,,7641108028451767097,14:01,未纳入,中性,自动映射到抖音视频评论池。,,false
2026-05-18,longge,抖音评论 13:59,我还在蓝色光标,蓝色光标(300058),,蓝色光标(300058) 被提及 2 次，有效评论 2 条，来源 1 个，单视频线索，情绪 中性，当前判断：保留观察。,待确认,video_id=7641066778256261553; video_url=https://www.douyin.com/video/7641066778256261553; creator=阿龙闯大A📈; like=0; reply=0; source_type=comment; yeren_signal_id=; parent_comment_text=,13:59,抖音评论,video,来个真大哥，急需回血，感激不尽！#股票 #股民 #vlgo十亿流量扶持计划,168,7641066778256261553,https://www.douyin.com/video/7641066778256261553,,7641107491052684089,13:59,待确认,中性,自动映射到抖音视频评论池。,6.9,false
2026-05-18,longge,抖音评论 13:59,那个干爹说的中体，出来，我不打你,,,,否,video_id=7641066778256261553; video_url=https://www.douyin.com/video/7641066778256261553; creator=阿龙闯大A📈; like=0; reply=2; source_type=comment; yeren_signal_id=; parent_comment_text=,13:59,抖音评论,video,来个真大哥，急需回血，感激不尽！#股票 #股民 #vlgo十亿流量扶持计划,熙湖云邸|陈淑平（奥莉沃）,7641066778256261553,https://www.douyin.com/video/7641066778256261553,,7641107447482581809,13:59,未纳入,中性,自动映射到抖音视频评论池。,,false
2026-05-18,longge,抖音评论 13:59,拿的合力泰，江特电机，[流泪][流泪][流泪][流泪],江特电机(002176);合力泰(002217),消费电子;光学光电子,江特电机(002176) 被提及 6 次，有效评论 6 条，来源 2 个，跨来源共振，情绪 看多，当前判断：保留观察。；合力泰(002217) 被提及 6 次，有效评论 6 条，来源 1 个，单视频线索，情绪 中性，当前判断：保留观察。,待确认,video_id=7641066778256261553; video_url=https://www.douyin.com/video/7641066778256261553; creator=阿龙闯大A📈; like=7; reply=6; source_type=comment; yeren_signal_id=; parent_comment_text=,13:59,抖音评论,video,来个真大哥，急需回血，感激不尽！#股票 #股民 #vlgo十亿流量扶持计划,江南的萳,7641066778256261553,https://www.douyin.com/video/7641066778256261553,,7641107407000027930,13:59,待确认,看多,自动映射到抖音视频评论池。,9.1,false
2026-05-18,longge,抖音评论 13:57,信捷电气 自动化设备，才是最近真龙头,信捷电气(603416),,信捷电气(603416) 被提及 1 次，有效评论 1 条，来源 1 个，单视频线索，情绪 看多，当前判断：保留观察。,待确认,video_id=7641066778256261553; video_url=https://www.douyin.com/video/7641066778256261553; creator=阿龙闯大A📈; like=0; reply=0; source_type=comment; yeren_signal_id=; parent_comment_text=,13:57,抖音评论,video,来个真大哥，急需回血，感激不尽！#股票 #股民 #vlgo十亿流量扶持计划,Mr.张先生,7641066778256261553,https://www.douyin.com/video/7641066778256261553,,7641106984456815418,13:57,待确认,看多,自动映射到抖音视频评论池。,6.4,false
2026-05-18,longge,抖音评论 13:57,联德股份还有救吗,联德股份(605060),,联德股份(605060) 被提及 1 次，有效评论 1 条，来源 1 个，单视频线索，情绪 中性，当前判断：保留观察。,待确认,video_id=7641066778256261553; video_url=https://www.douyin.com/video/7641066778256261553; creator=阿龙闯大A📈; like=0; reply=0; source_type=comment; yeren_signal_id=; parent_comment_text=,13:57,抖音评论,video,来个真大哥，急需回血，感激不尽！#股票 #股民 #vlgo十亿流量扶持计划,芏小帥,7641066778256261553,https://www.douyin.com/video/7641066778256261553,,7641106948490920713,13:57,待确认,中性,自动映射到抖音视频评论池。,6.4,false
2026-05-18,longge,抖音评论 13:57,深科技,,,,否,video_id=7641066778256261553; video_url=https://www.douyin.com/video/7641066778256261553; creator=阿龙闯大A📈; like=0; reply=0; source_type=comment; yeren_signal_id=; parent_comment_text=,13:57,抖音评论,video,来个真大哥，急需回血，感激不尽！#股票 #股民 #vlgo十亿流量扶持计划,Xxx-,7641066778256261553,https://www.douyin.com/video/7641066778256261553,,7641106847642600249,13:57,未纳入,中性,自动映射到抖音视频评论池。,,false
2026-05-18,longge,抖音评论 13:56,你都亏少了，我2天亏15个点,,,,否,video_id=7641066778256261553; video_url=https://www.douyin.com/video/7641066778256261553; creator=阿龙闯大A📈; like=0; reply=0; source_type=comment; yeren_signal_id=; parent_comment_text=,13:56,抖音评论,video,来个真大哥，急需回血，感激不尽！#股票 #股民 #vlgo十亿流量扶持计划,洋芋,7641066778256261553,https://www.douyin.com/video/7641066778256261553,,7641106786401518373,13:56,未纳入,中性,自动映射到抖音视频评论池。,,false
2026-05-18,longge,抖音评论 13:56,雅克科技，未来会涨到你怀疑人生[呲牙],雅克科技(002409),,雅克科技(002409) 被提及 1 次，有效评论 1 条，来源 1 个，单视频线索，情绪 中性，当前判断：保留观察。,待确认,video_id=7641066778256261553; video_url=https://www.douyin.com/video/7641066778256261553; creator=阿龙闯大A📈; like=3; reply=7; source_type=comment; yeren_signal_id=; parent_comment_text=,13:56,抖音评论,video,来个真大哥，急需回血，感激不尽！#股票 #股民 #vlgo十亿流量扶持计划,ddq,7641066778256261553,https://www.douyin.com/video/7641066778256261553,,7641106684331524913,13:56,待确认,中性,自动映射到抖音视频评论池。,6.4,false
2026-05-18,longge,抖音评论 13:56,亏 20个点,,,,否,video_id=7641066778256261553; video_url=https://www.douyin.com/video/7641066778256261553; creator=阿龙闯大A📈; like=0; reply=0; source_type=comment; yeren_signal_id=; parent_comment_text=,13:56,抖音评论,video,来个真大哥，急需回血，感激不尽！#股票 #股民 #vlgo十亿流量扶持计划,全屋定制工厂,7641066778256261553,https://www.douyin.com/video/7641066778256261553,,7641106670953972529,13:56,未纳入,中性,自动映射到抖音视频评论池。,,false
2026-05-18,longge,抖音评论 13:56,夏天来了，电和排水该动动了,,,,否,video_id=7641066778256261553; video_url=https://www.douyin.com/video/7641066778256261553; creator=阿龙闯大A📈; like=0; reply=0; source_type=comment; yeren_signal_id=; parent_comment_text=,13:56,抖音评论,video,来个真大哥，急需回血，感激不尽！#股票 #股民 #vlgo十亿流量扶持计划,青苹果,7641066778256261553,https://www.douyin.com/video/7641066778256261553,,7641106654662050570,13:56,未纳入,中性,自动映射到抖音视频评论池。,,false
2026-05-18,longge,抖音评论 13:54,明天依旧板,,,,否,video_id=7641066778256261553; video_url=https://www.douyin.com/video/7641066778256261553; creator=阿龙闯大A📈; like=0; reply=0; source_type=comment; yeren_signal_id=; parent_comment_text=,13:54,抖音评论,video,来个真大哥，急需回血，感激不尽！#股票 #股民 #vlgo十亿流量扶持计划,H👣Y👣H,7641066778256261553,https://www.douyin.com/video/7641066778256261553,,7641106207738757937,13:54,未纳入,中性,自动映射到抖音视频评论池。,,false
2026-05-18,longge,抖音评论 13:54,利通,,,,否,video_id=7641066778256261553; video_url=https://www.douyin.com/video/7641066778256261553; creator=阿龙闯大A📈; like=0; reply=0; source_type=comment; yeren_signal_id=; parent_comment_text=,13:54,抖音评论,video,来个真大哥，急需回血，感激不尽！#股票 #股民 #vlgo十亿流量扶持计划,秋风知我意🙏,7641066778256261553,https://www.douyin.com/video/7641066778256261553,,7641106206668997433,13:54,未纳入,中性,自动映射到抖音视频评论池。,,false
2026-05-18,longge,抖音评论 13:54,长电进去就被埋了，可还行[捂脸][捂脸],,,,否,video_id=7641066778256261553; video_url=https://www.douyin.com/video/7641066778256261553; creator=阿龙闯大A📈; like=0; reply=0; source_type=comment; yeren_signal_id=; parent_comment_text=,13:54,抖音评论,video,来个真大哥，急需回血，感激不尽！#股票 #股民 #vlgo十亿流量扶持计划,奥润吉🍊,7641066778256261553,https://www.douyin.com/video/7641066778256261553,,7641106182489162554,13:54,未纳入,中性,自动映射到抖音视频评论池。,,false
2026-05-18,longge,抖音评论 13:54,中国电信,中国电信(601728),,中国电信(601728) 被提及 2 次，有效评论 2 条，来源 1 个，单视频线索，情绪 看多，当前判断：保留观察。,待确认,video_id=7641066778256261553; video_url=https://www.douyin.com/video/7641066778256261553; creator=阿龙闯大A📈; like=0; reply=0; source_type=comment; yeren_signal_id=; parent_comment_text=,13:54,抖音评论,video,来个真大哥，急需回血，感激不尽！#股票 #股民 #vlgo十亿流量扶持计划,小确幸,7641066778256261553,https://www.douyin.com/video/7641066778256261553,,7641106143548949300,13:54,待确认,看多,自动映射到抖音视频评论池。,6.9,false
2026-05-18,longge,抖音评论 13:53,汉缆，咋看，大佬,,,,否,video_id=7641066778256261553; video_url=https://www.douyin.com/video/7641066778256261553; creator=阿龙闯大A📈; like=0; reply=0; source_type=comment; yeren_signal_id=; parent_comment_text=,13:53,抖音评论,video,来个真大哥，急需回血，感激不尽！#股票 #股民 #vlgo十亿流量扶持计划,月亮打烊了,7641066778256261553,https://www.douyin.com/video/7641066778256261553,,7641105980861072165,13:53,未纳入,中性,自动映射到抖音视频评论池。,,false
2026-05-18,longge,抖音评论 13:53,都说烂了，光迅科技！你跟没看到一样,光迅科技(002281),,光迅科技(002281) 被提及 1 次，有效评论 1 条，来源 1 个，单视频线索，情绪 中性，当前判断：保留观察。,待确认,video_id=7641066778256261553; video_url=https://www.douyin.com/video/7641066778256261553; creator=阿龙闯大A📈; like=4; reply=11; source_type=comment; yeren_signal_id=; parent_comment_text=,13:53,抖音评论,video,来个真大哥，急需回血，感激不尽！#股票 #股民 #vlgo十亿流量扶持计划,青天大老爷,7641066778256261553,https://www.douyin.com/video/7641066778256261553,,7641105916124906277,13:53,待确认,中性,自动映射到抖音视频评论池。,6.4,false
2026-05-18,longge,抖音评论 13:53,[握手]可以hezuo吗,,,,否,video_id=7641066778256261553; video_url=https://www.douyin.com/video/7641066778256261553; creator=阿龙闯大A📈; like=0; reply=0; source_type=comment; yeren_signal_id=; parent_comment_text=,13:53,抖音评论,video,来个真大哥，急需回血，感激不尽！#股票 #股民 #vlgo十亿流量扶持计划,塔布,7641066778256261553,https://www.douyin.com/video/7641066778256261553,,7641105849209094949,13:53,未纳入,中性,自动映射到抖音视频评论池。,,false
2026-05-18,longge,抖音评论 13:52,哪位大佬能说说新疆交建[懵],新疆交建(002941),,新疆交建(002941) 被提及 1 次，有效评论 1 条，来源 1 个，单视频线索，情绪 中性，当前判断：保留观察。,待确认,video_id=7641066778256261553; video_url=https://www.douyin.com/video/7641066778256261553; creator=阿龙闯大A📈; like=1; reply=4; source_type=comment; yeren_signal_id=; parent_comment_text=,13:52,抖音评论,video,来个真大哥，急需回血，感激不尽！#股票 #股民 #vlgo十亿流量扶持计划,起个名字可真难（全职妈妈瘦身记）,7641066778256261553,https://www.douyin.com/video/7641066778256261553,,7641105751892722469,13:52,待确认,中性,自动映射到抖音视频评论池。,6.4,false
2026-05-18,longge,抖音评论 13:52,深科技,,,,否,video_id=7641066778256261553; video_url=https://www.douyin.com/video/7641066778256261553; creator=阿龙闯大A📈; like=0; reply=0; source_type=comment; yeren_signal_id=; parent_comment_text=,13:52,抖音评论,video,来个真大哥，急需回血，感激不尽！#股票 #股民 #vlgo十亿流量扶持计划,16号,7641066778256261553,https://www.douyin.com/video/7641066778256261553,,7641105585782473530,13:52,未纳入,中性,自动映射到抖音视频评论池。,,false
2026-05-18,longge,抖音评论 13:52,顺钠股份后面怎么走哇,顺钠股份(000533),,顺钠股份(000533) 被提及 1 次，有效评论 1 条，来源 1 个，单视频线索，情绪 谨慎，当前判断：偏风险观察。,否,video_id=7641066778256261553; video_url=https://www.douyin.com/video/7641066778256261553; creator=阿龙闯大A📈; like=1; reply=0; source_type=comment; yeren_signal_id=; parent_comment_text=,13:52,抖音评论,video,来个真大哥，急需回血，感激不尽！#股票 #股民 #vlgo十亿流量扶持计划,游鱼,7641066778256261553,https://www.douyin.com/video/7641066778256261553,,7641105560763925297,13:52,未纳入,谨慎,自动映射到抖音视频评论池。,5.9,false
2026-05-18,longge,抖音评论 13:51,去零食板块选个底部的票，感觉会有一波，快则一个月，慢则3个月,,,,否,video_id=7641066778256261553; video_url=https://www.douyin.com/video/7641066778256261553; creator=阿龙闯大A📈; like=2; reply=2; source_type=comment; yeren_signal_id=; parent_comment_text=,13:51,抖音评论,video,来个真大哥，急需回血，感激不尽！#股票 #股民 #vlgo十亿流量扶持计划,平凡尔赛,7641066778256261553,https://www.douyin.com/video/7641066778256261553,,7641105515754521393,13:51,未纳入,中性,自动映射到抖音视频评论池。,,false
2026-05-18,longge,抖音评论 13:51,北大荒是一个好机会啊,北大荒(600598),,北大荒(600598) 被提及 1 次，有效评论 1 条，来源 1 个，单视频线索，情绪 中性，当前判断：保留观察。,待确认,video_id=7641066778256261553; video_url=https://www.douyin.com/video/7641066778256261553; creator=阿龙闯大A📈; like=2; reply=7; source_type=comment; yeren_signal_id=; parent_comment_text=,13:51,抖音评论,video,来个真大哥，急需回血，感激不尽！#股票 #股民 #vlgo十亿流量扶持计划,澜川,7641066778256261553,https://www.douyin.com/video/7641066778256261553,,7641105358492123941,13:51,待确认,中性,自动映射到抖音视频评论池。,6.4,false
2026-05-18,longge,抖音评论 13:50,我都十个,,,,否,video_id=7641066778256261553; video_url=https://www.douyin.com/video/7641066778256261553; creator=阿龙闯大A📈; like=0; reply=0; source_type=comment; yeren_signal_id=; parent_comment_text=,13:50,抖音评论,video,来个真大哥，急需回血，感激不尽！#股票 #股民 #vlgo十亿流量扶持计划,篠彬彬,7641066778256261553,https://www.douyin.com/video/7641066778256261553,,7641105145489408805,13:50,未纳入,中性,自动映射到抖音视频评论池。,,false
2026-05-18,longge,抖音评论 13:50,中电鑫龙这几天有涨停的可能吗,中电鑫龙(002298),,中电鑫龙(002298) 被提及 1 次，有效评论 1 条，来源 1 个，单视频线索，情绪 中性，当前判断：保留观察。,待确认,video_id=7641066778256261553; video_url=https://www.douyin.com/video/7641066778256261553; creator=阿龙闯大A📈; like=0; reply=0; source_type=comment; yeren_signal_id=; parent_comment_text=,13:50,抖音评论,video,来个真大哥，急需回血，感激不尽！#股票 #股民 #vlgo十亿流量扶持计划,月亮🌙,7641066778256261553,https://www.douyin.com/video/7641066778256261553,,7641105071418114816,13:50,待确认,中性,自动映射到抖音视频评论池。,6.4,false
2026-05-18,longge,抖音评论 13:50,利欧,,,,否,video_id=7641066778256261553; video_url=https://www.douyin.com/video/7641066778256261553; creator=阿龙闯大A📈; like=0; reply=0; source_type=comment; yeren_signal_id=; parent_comment_text=,13:50,抖音评论,video,来个真大哥，急需回血，感激不尽！#股票 #股民 #vlgo十亿流量扶持计划,离舍,7641066778256261553,https://www.douyin.com/video/7641066778256261553,,7641105043711099685,13:50,未纳入,中性,自动映射到抖音视频评论池。,,false
2026-05-18,longge,抖音评论 13:50,江特亏的不行,,,,否,video_id=7641066778256261553; video_url=https://www.douyin.com/video/7641066778256261553; creator=阿龙闯大A📈; like=0; reply=2; source_type=comment; yeren_signal_id=; parent_comment_text=,13:50,抖音评论,video,来个真大哥，急需回血，感激不尽！#股票 #股民 #vlgo十亿流量扶持计划,林,7641066778256261553,https://www.douyin.com/video/7641066778256261553,,7641105049015337764,13:50,未纳入,中性,自动映射到抖音视频评论池。,,false
2026-05-18,longge,抖音评论 13:49,来佳力图来帮我拉拉[捂脸],佳力图(603912),,佳力图(603912) 被提及 1 次，有效评论 1 条，来源 1 个，单视频线索，情绪 中性，当前判断：保留观察。,待确认,video_id=7641066778256261553; video_url=https://www.douyin.com/video/7641066778256261553; creator=阿龙闯大A📈; like=0; reply=0; source_type=comment; yeren_signal_id=; parent_comment_text=,13:49,抖音评论,video,来个真大哥，急需回血，感激不尽！#股票 #股民 #vlgo十亿流量扶持计划,@晴晴她爸,7641066778256261553,https://www.douyin.com/video/7641066778256261553,,7641104899351249722,13:49,待确认,中性,自动映射到抖音视频评论池。,6.4,false
2026-05-18,longge,抖音评论 13:48,模塑科技不要被洗下去,模塑科技(000700),,模塑科技(000700) 被提及 1 次，有效评论 1 条，来源 1 个，单视频线索，情绪 中性，当前判断：保留观察。,待确认,video_id=7641066778256261553; video_url=https://www.douyin.com/video/7641066778256261553; creator=阿龙闯大A📈; like=2; reply=4; source_type=comment; yeren_signal_id=; parent_comment_text=,13:48,抖音评论,video,来个真大哥，急需回血，感激不尽！#股票 #股民 #vlgo十亿流量扶持计划,卌歡,7641066778256261553,https://www.douyin.com/video/7641066778256261553,,7641104677815681849,13:48,待确认,中性,自动映射到抖音视频评论池。,6.4,false
2026-05-18,longge,抖音评论 13:48,红板,,,,否,video_id=7641066778256261553; video_url=https://www.douyin.com/video/7641066778256261553; creator=阿龙闯大A📈; like=0; reply=0; source_type=comment; yeren_signal_id=; parent_comment_text=,13:48,抖音评论,video,来个真大哥，急需回血，感激不尽！#股票 #股民 #vlgo十亿流量扶持计划,某某。,7641066778256261553,https://www.douyin.com/video/7641066778256261553,,7641104623227487022,13:48,未纳入,中性,自动映射到抖音视频评论池。,,false
2026-05-18,longge,抖音评论 13:47,"我进去了
9.89进去的",,,,否,video_id=7641066778256261553; video_url=https://www.douyin.com/video/7641066778256261553; creator=阿龙闯大A📈; like=0; reply=0; source_type=comment; yeren_signal_id=; parent_comment_text=,13:47,抖音评论,video,来个真大哥，急需回血，感激不尽！#股票 #股民 #vlgo十亿流量扶持计划,金光闪闪,7641066778256261553,https://www.douyin.com/video/7641066778256261553,,7641104424412562218,13:47,未纳入,中性,自动映射到抖音视频评论池。,,false
2026-05-18,longge,抖音评论 13:47,中视传媒咋办？,,,,否,video_id=7641066778256261553; video_url=https://www.douyin.com/video/7641066778256261553; creator=阿龙闯大A📈; like=0; reply=0; source_type=comment; yeren_signal_id=; parent_comment_text=,13:47,抖音评论,video,来个真大哥，急需回血，感激不尽！#股票 #股民 #vlgo十亿流量扶持计划,赏风景喝果汁,7641066778256261553,https://www.douyin.com/video/7641066778256261553,,7641104423062651697,13:47,未纳入,中性,自动映射到抖音视频评论池。,,false
2026-05-18,longge,抖音评论 13:46,真大哥在哪里，十八个点没了,,,,否,video_id=7641066778256261553; video_url=https://www.douyin.com/video/7641066778256261553; creator=阿龙闯大A📈; like=0; reply=0; source_type=comment; yeren_signal_id=; parent_comment_text=,13:46,抖音评论,video,来个真大哥，急需回血，感激不尽！#股票 #股民 #vlgo十亿流量扶持计划,李满仓！,7641066778256261553,https://www.douyin.com/video/7641066778256261553,,7641104075132224275,13:46,未纳入,中性,自动映射到抖音视频评论池。,,false
2026-05-18,longge,抖音评论 13:46,我只说一次，金牛,,,,否,video_id=7641066778256261553; video_url=https://www.douyin.com/video/7641066778256261553; creator=阿龙闯大A📈; like=1; reply=0; source_type=comment; yeren_signal_id=; parent_comment_text=,13:46,抖音评论,video,来个真大哥，急需回血，感激不尽！#股票 #股民 #vlgo十亿流量扶持计划,阿杰88688,7641066778256261553,https://www.douyin.com/video/7641066778256261553,,7641104064978436901,13:46,未纳入,中性,自动映射到抖音视频评论池。,,false
2026-05-18,longge,抖音评论 13:45,贵州燃气,,,,否,video_id=7641066778256261553; video_url=https://www.douyin.com/video/7641066778256261553; creator=阿龙闯大A📈; like=0; reply=1; source_type=comment; yeren_signal_id=; parent_comment_text=,13:45,抖音评论,video,来个真大哥，急需回血，感激不尽！#股票 #股民 #vlgo十亿流量扶持计划,不急,7641066778256261553,https://www.douyin.com/video/7641066778256261553,,7641103972442768177,13:45,未纳入,中性,自动映射到抖音视频评论池。,,false
2026-05-18,longge,抖音评论 13:45,莲花 有没有大佬 意见,,,,否,video_id=7641066778256261553; video_url=https://www.douyin.com/video/7641066778256261553; creator=阿龙闯大A📈; like=0; reply=0; source_type=comment; yeren_signal_id=; parent_comment_text=,13:45,抖音评论,video,来个真大哥，急需回血，感激不尽！#股票 #股民 #vlgo十亿流量扶持计划,鑫潮优品,7641066778256261553,https://www.douyin.com/video/7641066778256261553,,7641103908723344177,13:45,未纳入,中性,自动映射到抖音视频评论池。,,false
2026-05-18,longge,抖音评论 13:45,易点,,,,否,video_id=7641066778256261553; video_url=https://www.douyin.com/video/7641066778256261553; creator=阿龙闯大A📈; like=0; reply=0; source_type=comment; yeren_signal_id=; parent_comment_text=,13:45,抖音评论,video,来个真大哥，急需回血，感激不尽！#股票 #股民 #vlgo十亿流量扶持计划,fashion轻奢馆,7641066778256261553,https://www.douyin.com/video/7641066778256261553,,7641103834887193353,13:45,未纳入,中性,自动映射到抖音视频评论池。,,false
2026-05-18,longge,抖音评论 13:45,实力不够,,,评论热度较高，但暂未自动识别到明确股票线索，保留人工复核。,待确认,video_id=7641066778256261553; video_url=https://www.douyin.com/video/7641066778256261553; creator=阿龙闯大A📈; like=2; reply=6; source_type=comment; yeren_signal_id=; parent_comment_text=,13:45,抖音评论,video,来个真大哥，急需回血，感激不尽！#股票 #股民 #vlgo十亿流量扶持计划,黑化肥发灰,7641066778256261553,https://www.douyin.com/video/7641066778256261553,,7641103773817340698,13:45,待确认,中性,自动映射到抖音视频评论池。,6.2,false
2026-05-18,longge,抖音评论 13:44,来西部,,,,否,video_id=7641066778256261553; video_url=https://www.douyin.com/video/7641066778256261553; creator=阿龙闯大A📈; like=0; reply=0; source_type=comment; yeren_signal_id=; parent_comment_text=,13:44,抖音评论,video,来个真大哥，急需回血，感激不尽！#股票 #股民 #vlgo十亿流量扶持计划,满天星,7641066778256261553,https://www.douyin.com/video/7641066778256261553,,7641103531505140529,13:44,未纳入,中性,自动映射到抖音视频评论池。,,false
2026-05-18,longge,抖音评论 13:43,这几天亏了三十多个点[流泪],,,,否,video_id=7641066778256261553; video_url=https://www.douyin.com/video/7641066778256261553; creator=阿龙闯大A📈; like=0; reply=0; source_type=comment; yeren_signal_id=; parent_comment_text=,13:43,抖音评论,video,来个真大哥，急需回血，感激不尽！#股票 #股民 #vlgo十亿流量扶持计划,咿呀,7641066778256261553,https://www.douyin.com/video/7641066778256261553,,7641103454815077161,13:43,未纳入,中性,自动映射到抖音视频评论池。,,false
2026-05-18,longge,抖音评论 13:43,通达有人通车吗,,,,否,video_id=7641066778256261553; video_url=https://www.douyin.com/video/7641066778256261553; creator=阿龙闯大A📈; like=0; reply=2; source_type=comment; yeren_signal_id=; parent_comment_text=,13:43,抖音评论,video,来个真大哥，急需回血，感激不尽！#股票 #股民 #vlgo十亿流量扶持计划,🍒不说再见🍒,7641066778256261553,https://www.douyin.com/video/7641066778256261553,,7641103278730642233,13:43,未纳入,中性,自动映射到抖音视频评论池。,,false
2026-05-18,longge,抖音评论 13:43,黄河旋风怎么说[赞],黄河旋风(600172),,黄河旋风(600172) 被提及 4 次，有效评论 4 条，来源 2 个，跨来源共振，情绪 中性，当前判断：保留观察。,待确认,video_id=7641066778256261553; video_url=https://www.douyin.com/video/7641066778256261553; creator=阿龙闯大A📈; like=0; reply=0; source_type=comment; yeren_signal_id=; parent_comment_text=,13:43,抖音评论,video,来个真大哥，急需回血，感激不尽！#股票 #股民 #vlgo十亿流量扶持计划,下雨天,7641066778256261553,https://www.douyin.com/video/7641066778256261553,,7641103216995205942,13:43,待确认,中性,自动映射到抖音视频评论池。,8.3,false
2026-05-18,longge,抖音评论 13:42,2.3天8，9个不是很正常吗,,,,否,video_id=7641066778256261553; video_url=https://www.douyin.com/video/7641066778256261553; creator=阿龙闯大A📈; like=1; reply=1; source_type=comment; yeren_signal_id=; parent_comment_text=,13:42,抖音评论,video,来个真大哥，急需回血，感激不尽！#股票 #股民 #vlgo十亿流量扶持计划,敌杀死,7641066778256261553,https://www.douyin.com/video/7641066778256261553,,7641103176238007077,13:42,未纳入,中性,自动映射到抖音视频评论池。,,false
2026-05-18,longge,抖音评论 13:42,特斯拉机器人,,,,否,video_id=7641066778256261553; video_url=https://www.douyin.com/video/7641066778256261553; creator=阿龙闯大A📈; like=0; reply=0; source_type=comment; yeren_signal_id=; parent_comment_text=,13:42,抖音评论,video,来个真大哥，急需回血，感激不尽！#股票 #股民 #vlgo十亿流量扶持计划,丅佽,7641066778256261553,https://www.douyin.com/video/7641066778256261553,,7641103117811237669,13:42,未纳入,中性,自动映射到抖音视频评论池。,,false
2026-05-18,longge,抖音评论 13:39,有没有大哥看看，兆新股份，达安基因咋样。,达安基因(002030);兆新股份(002256),,达安基因(002030) 被提及 1 次，有效评论 1 条，来源 1 个，单视频线索，情绪 中性，当前判断：保留观察。；兆新股份(002256) 被提及 1 次，有效评论 1 条，来源 1 个，单视频线索，情绪 中性，当前判断：保留观察。,待确认,video_id=7641066778256261553; video_url=https://www.douyin.com/video/7641066778256261553; creator=阿龙闯大A📈; like=0; reply=0; source_type=comment; yeren_signal_id=; parent_comment_text=,13:39,抖音评论,video,来个真大哥，急需回血，感激不尽！#股票 #股民 #vlgo十亿流量扶持计划,草丛飞,7641066778256261553,https://www.douyin.com/video/7641066778256261553,,7641102210579383089,13:39,待确认,中性,自动映射到抖音视频评论池。,6.4,false
2026-05-18,longge,抖音评论 13:37,评论区捡的巨力[泣不成声][泣不成声]亏麻了,,,,否,video_id=7641066778256261553; video_url=https://www.douyin.com/video/7641066778256261553; creator=阿龙闯大A📈; like=0; reply=0; source_type=comment; yeren_signal_id=; parent_comment_text=,13:37,抖音评论,video,来个真大哥，急需回血，感激不尽！#股票 #股民 #vlgo十亿流量扶持计划,意外啊呀,7641066778256261553,https://www.douyin.com/video/7641066778256261553,,7641101881217549093,13:37,未纳入,中性,自动映射到抖音视频评论池。,,false
2026-05-18,longge,抖音评论 13:37,蟑螂大哥啥时候解封呀,,,,否,video_id=7641066778256261553; video_url=https://www.douyin.com/video/7641066778256261553; creator=阿龙闯大A📈; like=0; reply=0; source_type=comment; yeren_signal_id=; parent_comment_text=,13:37,抖音评论,video,来个真大哥，急需回血，感激不尽！#股票 #股民 #vlgo十亿流量扶持计划,小露露,7641066778256261553,https://www.douyin.com/video/7641066778256261553,,7641101808715170609,13:37,未纳入,中性,自动映射到抖音视频评论池。,,false
2026-05-18,longge,抖音评论 13:37,有没有大哥说下华电辽[流泪],,,,否,video_id=7641066778256261553; video_url=https://www.douyin.com/video/7641066778256261553; creator=阿龙闯大A📈; like=0; reply=0; source_type=comment; yeren_signal_id=; parent_comment_text=,13:37,抖音评论,video,来个真大哥，急需回血，感激不尽！#股票 #股民 #vlgo十亿流量扶持计划,一生所爱 ʚ,7641066778256261553,https://www.douyin.com/video/7641066778256261553,,7641101770995188499,13:37,未纳入,中性,自动映射到抖音视频评论池。,,false
2026-05-18,longge,抖音评论 13:37,来来来,,,,否,video_id=7641066778256261553; video_url=https://www.douyin.com/video/7641066778256261553; creator=阿龙闯大A📈; like=0; reply=0; source_type=comment; yeren_signal_id=; parent_comment_text=,13:37,抖音评论,video,来个真大哥，急需回血，感激不尽！#股票 #股民 #vlgo十亿流量扶持计划,久久七,7641066778256261553,https://www.douyin.com/video/7641066778256261553,,7641101718914581285,13:37,未纳入,中性,自动映射到抖音视频评论池。,,false
2026-05-18,longge,抖音评论 13:35,雷赛从50看到64没敢买[流泪],,,,否,video_id=7641066778256261553; video_url=https://www.douyin.com/video/7641066778256261553; creator=阿龙闯大A📈; like=0; reply=0; source_type=comment; yeren_signal_id=; parent_comment_text=,13:35,抖音评论,video,来个真大哥，急需回血，感激不尽！#股票 #股民 #vlgo十亿流量扶持计划,东阳森文潮牌鞋服,7641066778256261553,https://www.douyin.com/video/7641066778256261553,,7641101252084777786,13:35,未纳入,中性,自动映射到抖音视频评论池。,,false
2026-05-18,longge,抖音评论 13:35,中体产业，还能补仓吗？,中体产业(600158),,中体产业(600158) 被提及 1 次，有效评论 1 条，来源 1 个，单视频线索，情绪 中性，当前判断：保留观察。,待确认,video_id=7641066778256261553; video_url=https://www.douyin.com/video/7641066778256261553; creator=阿龙闯大A📈; like=1; reply=0; source_type=comment; yeren_signal_id=; parent_comment_text=,13:35,抖音评论,video,来个真大哥，急需回血，感激不尽！#股票 #股民 #vlgo十亿流量扶持计划,袁天霸,7641066778256261553,https://www.douyin.com/video/7641066778256261553,,7641101188087284517,13:35,待确认,中性,自动映射到抖音视频评论池。,6.4,false
2026-05-18,longge,抖音评论 13:32,天娱sk真大哥在下面，加自选涨停了没买[流泪],,,,否,video_id=7641066778256261553; video_url=https://www.douyin.com/video/7641066778256261553; creator=阿龙闯大A📈; like=0; reply=0; source_type=comment; yeren_signal_id=; parent_comment_text=,13:32,抖音评论,video,来个真大哥，急需回血，感激不尽！#股票 #股民 #vlgo十亿流量扶持计划,属那小癞蛤蟆不咬人膈应人,7641066778256261553,https://www.douyin.com/video/7641066778256261553,,7641100546586428219,13:32,未纳入,中性,自动映射到抖音视频评论池。,,false
2026-05-18,longge,抖音评论 13:32,腾龙[蜜蜂狗],,,,否,video_id=7641066778256261553; video_url=https://www.douyin.com/video/7641066778256261553; creator=阿龙闯大A📈; like=0; reply=2; source_type=comment; yeren_signal_id=; parent_comment_text=,13:32,抖音评论,video,来个真大哥，急需回血，感激不尽！#股票 #股民 #vlgo十亿流量扶持计划,叭鸽,7641066778256261553,https://www.douyin.com/video/7641066778256261553,,7641100457020539685,13:32,未纳入,中性,自动映射到抖音视频评论池。,,false
2026-05-18,longge,抖音评论 13:30,30-0-0-0-7,,,,否,video_id=7641066778256261553; video_url=https://www.douyin.com/video/7641066778256261553; creator=阿龙闯大A📈; like=1; reply=0; source_type=comment; yeren_signal_id=; parent_comment_text=,13:30,抖音评论,video,来个真大哥，急需回血，感激不尽！#股票 #股民 #vlgo十亿流量扶持计划,开九代凯美瑞炒股换豪车,7641066778256261553,https://www.douyin.com/video/7641066778256261553,,7641099988374700857,13:30,未纳入,中性,自动映射到抖音视频评论池。,,false
2026-05-18,longge,抖音评论 13:30,水发燃气,,,评论热度较高，但暂未自动识别到明确股票线索，保留人工复核。,待确认,video_id=7641066778256261553; video_url=https://www.douyin.com/video/7641066778256261553; creator=阿龙闯大A📈; like=3; reply=7; source_type=comment; yeren_signal_id=; parent_comment_text=,13:30,抖音评论,video,来个真大哥，急需回血，感激不尽！#股票 #股民 #vlgo十亿流量扶持计划,佛系路亚,7641066778256261553,https://www.douyin.com/video/7641066778256261553,,7641099974554223409,13:30,待确认,中性,自动映射到抖音视频评论池。,6.2,false
2026-05-18,longge,抖音评论 13:30,有没有大哥帮忙看看中国长城接下来如何操作[流泪],中国长城(000066),,中国长城(000066) 被提及 1 次，有效评论 1 条，来源 1 个，单视频线索，情绪 中性，当前判断：保留观察。,待确认,video_id=7641066778256261553; video_url=https://www.douyin.com/video/7641066778256261553; creator=阿龙闯大A📈; like=1; reply=3; source_type=comment; yeren_signal_id=; parent_comment_text=,13:30,抖音评论,video,来个真大哥，急需回血，感激不尽！#股票 #股民 #vlgo十亿流量扶持计划,哈哈,7641066778256261553,https://www.douyin.com/video/7641066778256261553,,7641099914693542706,13:30,待确认,中性,自动映射到抖音视频评论池。,6.4,false
2026-05-18,longge,抖音评论 13:30,阿龙啊，我在你的评论区从豫能跳到绿动去了，看看能不能行，能行，我就@你,,,,否,video_id=7641066778256261553; video_url=https://www.douyin.com/video/7641066778256261553; creator=阿龙闯大A📈; like=1; reply=4; source_type=comment; yeren_signal_id=; parent_comment_text=,13:30,抖音评论,video,来个真大哥，急需回血，感激不尽！#股票 #股民 #vlgo十亿流量扶持计划,老陈,7641066778256261553,https://www.douyin.com/video/7641066778256261553,,7641099897232114490,13:30,未纳入,中性,自动映射到抖音视频评论池。,,false
2026-05-18,longge,抖音评论 13:28,莫名其妙又进了天赐，本来就在锂电亏着出来了，我晕死了,,,,否,video_id=7641066778256261553; video_url=https://www.douyin.com/video/7641066778256261553; creator=阿龙闯大A📈; like=0; reply=0; source_type=comment; yeren_signal_id=; parent_comment_text=,13:28,抖音评论,video,来个真大哥，急需回血，感激不尽！#股票 #股民 #vlgo十亿流量扶持计划,嗨咯宝,7641066778256261553,https://www.douyin.com/video/7641066778256261553,,7641099454812078885,13:28,未纳入,中性,自动映射到抖音视频评论池。,,false
2026-05-18,longge,抖音评论 13:27,评论区3割推绿色电力，你们说是真大哥吗,,,,否,video_id=7641066778256261553; video_url=https://www.douyin.com/video/7641066778256261553; creator=阿龙闯大A📈; like=1; reply=2; source_type=comment; yeren_signal_id=; parent_comment_text=,13:27,抖音评论,video,来个真大哥，急需回血，感激不尽！#股票 #股民 #vlgo十亿流量扶持计划,✨木木唉✨,7641066778256261553,https://www.douyin.com/video/7641066778256261553,,7641099171999499017,13:27,未纳入,中性,自动映射到抖音视频评论池。,,false
2026-05-18,longge,抖音评论 13:27,共达电声咋搞呀大哥们[哭哭],共达电声(002655),,共达电声(002655) 被提及 2 次，有效评论 2 条，来源 1 个，单视频线索，情绪 看多，当前判断：保留观察。,待确认,video_id=7641066778256261553; video_url=https://www.douyin.com/video/7641066778256261553; creator=阿龙闯大A📈; like=0; reply=4; source_type=comment; yeren_signal_id=; parent_comment_text=,13:27,抖音评论,video,来个真大哥，急需回血，感激不尽！#股票 #股民 #vlgo十亿流量扶持计划,pp…,7641066778256261553,https://www.douyin.com/video/7641066778256261553,,7641099135139906361,13:27,待确认,看多,自动映射到抖音视频评论池。,6.9,false
2026-05-18,longge,抖音评论 13:26,恒通冲,,,,否,video_id=7641066778256261553; video_url=https://www.douyin.com/video/7641066778256261553; creator=阿龙闯大A📈; like=0; reply=0; source_type=comment; yeren_signal_id=; parent_comment_text=,13:26,抖音评论,video,来个真大哥，急需回血，感激不尽！#股票 #股民 #vlgo十亿流量扶持计划,心宽体不胖🐯,7641066778256261553,https://www.douyin.com/video/7641066778256261553,,7641098992105636645,13:26,未纳入,中性,自动映射到抖音视频评论池。,,false
2026-05-18,longge,抖音评论 13:26,平潭是真该死啊,,,,否,video_id=7641066778256261553; video_url=https://www.douyin.com/video/7641066778256261553; creator=阿龙闯大A📈; like=0; reply=0; source_type=comment; yeren_signal_id=; parent_comment_text=,13:26,抖音评论,video,来个真大哥，急需回血，感激不尽！#股票 #股民 #vlgo十亿流量扶持计划,Pain and desire,7641066778256261553,https://www.douyin.com/video/7641066778256261553,,7641098923609309989,13:26,未纳入,中性,自动映射到抖音视频评论池。,,false
2026-05-18,longge,抖音评论 13:26,抖音炒股第一人哈哈哈哈,,,,否,video_id=7641066778256261553; video_url=https://www.douyin.com/video/7641066778256261553; creator=阿龙闯大A📈; like=0; reply=0; source_type=comment; yeren_signal_id=; parent_comment_text=,13:26,抖音评论,video,来个真大哥，急需回血，感激不尽！#股票 #股民 #vlgo十亿流量扶持计划,gvc,7641066778256261553,https://www.douyin.com/video/7641066778256261553,,7641098862543536902,13:26,未纳入,中性,自动映射到抖音视频评论池。,,false
2026-05-18,longge,抖音评论 13:26,大普微  大帝[赞],,,,否,video_id=7641066778256261553; video_url=https://www.douyin.com/video/7641066778256261553; creator=阿龙闯大A📈; like=0; reply=0; source_type=comment; yeren_signal_id=; parent_comment_text=,13:26,抖音评论,video,来个真大哥，急需回血，感激不尽！#股票 #股民 #vlgo十亿流量扶持计划,嘻嘻嘻西瓜,7641066778256261553,https://www.douyin.com/video/7641066778256261553,,7641098857556509449,13:26,未纳入,中性,自动映射到抖音视频评论池。,,false
2026-05-18,longge,抖音评论 13:26,说新能泰山那大哥呢？[捂脸][捂脸],新能泰山(000720),电网设备;电力,新能泰山(000720) 被提及 3 次，有效评论 3 条，来源 1 个，单视频线索，情绪 中性，当前判断：已进入推荐候选。,是,video_id=7641066778256261553; video_url=https://www.douyin.com/video/7641066778256261553; creator=阿龙闯大A📈; like=1; reply=4; source_type=comment; yeren_signal_id=; parent_comment_text=,13:26,抖音评论,video,来个真大哥，急需回血，感激不尽！#股票 #股民 #vlgo十亿流量扶持计划,肉多帅的很安心,7641066778256261553,https://www.douyin.com/video/7641066778256261553,,7641098833234314020,13:26,已纳入,中性,自动映射到抖音视频评论池。,8.1,true
2026-05-18,longge,抖音评论 13:25,江海,,,,否,video_id=7641066778256261553; video_url=https://www.douyin.com/video/7641066778256261553; creator=阿龙闯大A📈; like=0; reply=0; source_type=comment; yeren_signal_id=; parent_comment_text=,13:25,抖音评论,video,来个真大哥，急需回血，感激不尽！#股票 #股民 #vlgo十亿流量扶持计划,橘🍊,7641066778256261553,https://www.douyin.com/video/7641066778256261553,,7641098616241947427,13:25,未纳入,中性,自动映射到抖音视频评论池。,,false
2026-05-18,longge,抖音评论 13:25,不是，我啥你们都不看一下合肥CJ[戳手手],,,,否,video_id=7641066778256261553; video_url=https://www.douyin.com/video/7641066778256261553; creator=阿龙闯大A📈; like=0; reply=0; source_type=comment; yeren_signal_id=; parent_comment_text=,13:25,抖音评论,video,来个真大哥，急需回血，感激不尽！#股票 #股民 #vlgo十亿流量扶持计划,想啥,7641066778256261553,https://www.douyin.com/video/7641066778256261553,,7641098569899098917,13:25,未纳入,中性,自动映射到抖音视频评论池。,,false
2026-05-18,longge,抖音评论 13:24,石大胜华大哥帮忙看看[尬笑],石大胜华(603026),,石大胜华(603026) 被提及 1 次，有效评论 1 条，来源 1 个，单视频线索，情绪 中性，当前判断：保留观察。,待确认,video_id=7641066778256261553; video_url=https://www.douyin.com/video/7641066778256261553; creator=阿龙闯大A📈; like=0; reply=0; source_type=comment; yeren_signal_id=; parent_comment_text=,13:24,抖音评论,video,来个真大哥，急需回血，感激不尽！#股票 #股民 #vlgo十亿流量扶持计划,哎哟喂🥰,7641066778256261553,https://www.douyin.com/video/7641066778256261553,,7641098434686419722,13:24,待确认,中性,自动映射到抖音视频评论池。,6.4,false
2026-05-18,longge,抖音评论 13:23,说江特电机出来，我拿刀给你上天,江特电机(002176),,江特电机(002176) 被提及 6 次，有效评论 6 条，来源 2 个，跨来源共振，情绪 看多，当前判断：保留观察。,待确认,video_id=7641066778256261553; video_url=https://www.douyin.com/video/7641066778256261553; creator=阿龙闯大A📈; like=5; reply=6; source_type=comment; yeren_signal_id=; parent_comment_text=,13:23,抖音评论,video,来个真大哥，急需回血，感激不尽！#股票 #股民 #vlgo十亿流量扶持计划,君醉相思,7641066778256261553,https://www.douyin.com/video/7641066778256261553,,7641098264008098597,13:23,待确认,看多,自动映射到抖音视频评论池。,9.1,false
2026-05-18,longge,抖音评论 13:33,我的票全部是评论区捡的，全部是亏没有一只赚，赚的加了自选没买，我特么是股票天选之女,,,,否,video_id=7641066778256261553; video_url=https://www.douyin.com/video/7641066778256261553; creator=阿龙闯大A📈; like=0; reply=0; source_type=comment; yeren_signal_id=; parent_comment_text=,13:33,抖音评论,video,来个真大哥，急需回血，感激不尽！#股票 #股民 #vlgo十亿流量扶持计划,东阳森文潮牌鞋服,7641066778256261553,https://www.douyin.com/video/7641066778256261553,,7641100748801999673,13:33,未纳入,中性,自动映射到抖音视频评论池。,,false
2026-05-18,longge,抖音评论 13:23,奕东早上给机会了,,,,否,video_id=7641066778256261553; video_url=https://www.douyin.com/video/7641066778256261553; creator=阿龙闯大A📈; like=0; reply=0; source_type=comment; yeren_signal_id=; parent_comment_text=,13:23,抖音评论,video,来个真大哥，急需回血，感激不尽！#股票 #股民 #vlgo十亿流量扶持计划,叮当呀,7641066778256261553,https://www.douyin.com/video/7641066778256261553,,7641098218202022706,13:23,未纳入,中性,自动映射到抖音视频评论池。,,false
2026-05-18,longge,抖音评论 13:23,给我上龙，风范股份[玫瑰][玫瑰],风范股份(601700),,风范股份(601700) 被提及 1 次，有效评论 1 条，来源 1 个，单视频线索，情绪 中性，当前判断：保留观察。,待确认,video_id=7641066778256261553; video_url=https://www.douyin.com/video/7641066778256261553; creator=阿龙闯大A📈; like=2; reply=1; source_type=comment; yeren_signal_id=; parent_comment_text=,13:23,抖音评论,video,来个真大哥，急需回血，感激不尽！#股票 #股民 #vlgo十亿流量扶持计划,最好的都给你,7641066778256261553,https://www.douyin.com/video/7641066778256261553,,7641098182734938929,13:23,待确认,中性,自动映射到抖音视频评论池。,6.4,false
2026-05-18,longge,抖音评论 13:23,那个说合力泰的大哥还在吗？快拿不住了,合力泰(002217),消费电子;光学光电子,合力泰(002217) 被提及 6 次，有效评论 6 条，来源 1 个，单视频线索，情绪 中性，当前判断：保留观察。,待确认,video_id=7641066778256261553; video_url=https://www.douyin.com/video/7641066778256261553; creator=阿龙闯大A📈; like=0; reply=3; source_type=comment; yeren_signal_id=; parent_comment_text=,13:23,抖音评论,video,来个真大哥，急需回血，感激不尽！#股票 #股民 #vlgo十亿流量扶持计划,SU7,7641066778256261553,https://www.douyin.com/video/7641066778256261553,,7641098114909160207,13:23,待确认,中性,自动映射到抖音视频评论池。,8.4,false
2026-05-18,longge,抖音评论 13:29,300---666,,,,否,video_id=7641066778256261553; video_url=https://www.douyin.com/video/7641066778256261553; creator=阿龙闯大A📈; like=0; reply=0; source_type=comment; yeren_signal_id=; parent_comment_text=,13:29,抖音评论,video,来个真大哥，急需回血，感激不尽！#股票 #股民 #vlgo十亿流量扶持计划,开九代凯美瑞炒股换豪车,7641066778256261553,https://www.douyin.com/video/7641066778256261553,,7641099772908110649,13:29,未纳入,中性,自动映射到抖音视频评论池。,,false
2026-05-18,longge,抖音评论 13:23,圣阳和神剑还有机会吗[流泪][流泪],,,,否,video_id=7641066778256261553; video_url=https://www.douyin.com/video/7641066778256261553; creator=阿龙闯大A📈; like=0; reply=0; source_type=comment; yeren_signal_id=; parent_comment_text=,13:23,抖音评论,video,来个真大哥，急需回血，感激不尽！#股票 #股民 #vlgo十亿流量扶持计划,我想要一块草莓蛋糕!!!,7641066778256261553,https://www.douyin.com/video/7641066778256261553,,7641098071095460643,13:23,未纳入,中性,自动映射到抖音视频评论池。,,false
2026-05-18,longge,抖音评论 13:22,有没有大哥说说美利云,美利云(000815),,美利云(000815) 被提及 2 次，有效评论 2 条，来源 1 个，单视频线索，情绪 谨慎，当前判断：偏风险观察。,否,video_id=7641066778256261553; video_url=https://www.douyin.com/video/7641066778256261553; creator=阿龙闯大A📈; like=0; reply=0; source_type=comment; yeren_signal_id=; parent_comment_text=,13:22,抖音评论,video,来个真大哥，急需回血，感激不尽！#股票 #股民 #vlgo十亿流量扶持计划,CHENS,7641066778256261553,https://www.douyin.com/video/7641066778256261553,,7641098034169054001,13:22,未纳入,谨慎,自动映射到抖音视频评论池。,6.3,false
2026-05-18,longge,抖音评论 13:22,有没有大哥说一下合力泰,合力泰(002217),消费电子;光学光电子,合力泰(002217) 被提及 6 次，有效评论 6 条，来源 1 个，单视频线索，情绪 中性，当前判断：保留观察。,待确认,video_id=7641066778256261553; video_url=https://www.douyin.com/video/7641066778256261553; creator=阿龙闯大A📈; like=1; reply=3; source_type=comment; yeren_signal_id=; parent_comment_text=,13:22,抖音评论,video,来个真大哥，急需回血，感激不尽！#股票 #股民 #vlgo十亿流量扶持计划,云鹤,7641066778256261553,https://www.douyin.com/video/7641066778256261553,,7641098030603567908,13:22,待确认,中性,自动映射到抖音视频评论池。,8.4,false
2026-05-18,longge,抖音评论 13:22,华致,,,,否,video_id=7641066778256261553; video_url=https://www.douyin.com/video/7641066778256261553; creator=阿龙闯大A📈; like=0; reply=0; source_type=comment; yeren_signal_id=; parent_comment_text=,13:22,抖音评论,video,来个真大哥，急需回血，感激不尽！#股票 #股民 #vlgo十亿流量扶持计划,山野村夫,7641066778256261553,https://www.douyin.com/video/7641066778256261553,,7641097865867658003,13:22,未纳入,中性,自动映射到抖音视频评论池。,,false
2026-05-18,longge,抖音评论 13:21,威龙,,,,否,video_id=7641066778256261553; video_url=https://www.douyin.com/video/7641066778256261553; creator=阿龙闯大A📈; like=0; reply=0; source_type=comment; yeren_signal_id=; parent_comment_text=,13:21,抖音评论,video,来个真大哥，急需回血，感激不尽！#股票 #股民 #vlgo十亿流量扶持计划,《九九婚车婚庆广告》🏊🏻🏸徐教练,7641066778256261553,https://www.douyin.com/video/7641066778256261553,,7641097649697063739,13:21,未纳入,中性,自动映射到抖音视频评论池。,,false
2026-05-18,longge,抖音评论 13:20,来，方正电机，多氟多，给我上龙,多氟多(002407);方正电机(002196),,多氟多(002407) 被提及 3 次，有效评论 3 条，来源 1 个，单视频线索，情绪 中性，当前判断：保留观察。；方正电机(002196) 被提及 2 次，有效评论 2 条，来源 1 个，单视频线索，情绪 中性，当前判断：保留观察。,待确认,video_id=7641066778256261553; video_url=https://www.douyin.com/video/7641066778256261553; creator=阿龙闯大A📈; like=8; reply=9; source_type=comment; yeren_signal_id=; parent_comment_text=,13:20,抖音评论,video,来个真大哥，急需回血，感激不尽！#股票 #股民 #vlgo十亿流量扶持计划,哈哈哈哈哈哈哈哈哈,7641066778256261553,https://www.douyin.com/video/7641066778256261553,,7641097473298105146,13:20,待确认,中性,自动映射到抖音视频评论池。,7.2,false
2026-05-18,longge,抖音评论 13:20,滨化，永和,,,,否,video_id=7641066778256261553; video_url=https://www.douyin.com/video/7641066778256261553; creator=阿龙闯大A📈; like=0; reply=0; source_type=comment; yeren_signal_id=; parent_comment_text=,13:20,抖音评论,video,来个真大哥，急需回血，感激不尽！#股票 #股民 #vlgo十亿流量扶持计划,🌾枕山栖谷,7641066778256261553,https://www.douyin.com/video/7641066778256261553,,7641097287079428914,13:20,未纳入,中性,自动映射到抖音视频评论池。,,false
2026-05-18,longge,抖音评论 13:19,我在汇洁等反包,,,,否,video_id=7641066778256261553; video_url=https://www.douyin.com/video/7641066778256261553; creator=阿龙闯大A📈; like=0; reply=0; source_type=comment; yeren_signal_id=; parent_comment_text=,13:19,抖音评论,video,来个真大哥，急需回血，感激不尽！#股票 #股民 #vlgo十亿流量扶持计划,猛踹瘸子那条好腿,7641066778256261553,https://www.douyin.com/video/7641066778256261553,,7641097237660975872,13:19,未纳入,中性,自动映射到抖音视频评论池。,,false
2026-05-18,longge,抖音评论 13:19,我也在沧州明珠，跌死了[捂脸],,,,否,video_id=7641066778256261553; video_url=https://www.douyin.com/video/7641066778256261553; creator=阿龙闯大A📈; like=1; reply=3; source_type=comment; yeren_signal_id=; parent_comment_text=,13:19,抖音评论,video,来个真大哥，急需回血，感激不尽！#股票 #股民 #vlgo十亿流量扶持计划,涨胖了,7641066778256261553,https://www.douyin.com/video/7641066778256261553,,7641097190953452325,13:19,未纳入,中性,自动映射到抖音视频评论池。,,false
2026-05-18,longge,抖音评论 13:19,大哥大哥,,,,否,video_id=7641066778256261553; video_url=https://www.douyin.com/video/7641066778256261553; creator=阿龙闯大A📈; like=0; reply=0; source_type=comment; yeren_signal_id=; parent_comment_text=,13:19,抖音评论,video,来个真大哥，急需回血，感激不尽！#股票 #股民 #vlgo十亿流量扶持计划,超级霸王龙战士,7641066778256261553,https://www.douyin.com/video/7641066778256261553,,7641097038545634074,13:19,未纳入,中性,自动映射到抖音视频评论池。,,false
2026-05-18,longge,抖音评论 13:18,利欧今天还可以啊,,,,否,video_id=7641066778256261553; video_url=https://www.douyin.com/video/7641066778256261553; creator=阿龙闯大A📈; like=0; reply=0; source_type=comment; yeren_signal_id=; parent_comment_text=,13:18,抖音评论,video,来个真大哥，急需回血，感激不尽！#股票 #股民 #vlgo十亿流量扶持计划,昭怀,7641066778256261553,https://www.douyin.com/video/7641066778256261553,,7641096834866135857,13:18,未纳入,中性,自动映射到抖音视频评论池。,,false
2026-05-18,longge,抖音评论 13:17,我的两个小仓位票这几天都是红的。别的都绿……,,,,否,video_id=7641066778256261553; video_url=https://www.douyin.com/video/7641066778256261553; creator=阿龙闯大A📈; like=0; reply=0; source_type=comment; yeren_signal_id=; parent_comment_text=,13:17,抖音评论,video,来个真大哥，急需回血，感激不尽！#股票 #股民 #vlgo十亿流量扶持计划,dyvvvvvvyi,7641066778256261553,https://www.douyin.com/video/7641066778256261553,,7641096650135487282,13:17,未纳入,中性,自动映射到抖音视频评论池。,,false
2026-05-18,longge,抖音评论 13:17,北京君正准备,北京君正(300223),,北京君正(300223) 被提及 1 次，有效评论 1 条，来源 1 个，单视频线索，情绪 中性，当前判断：保留观察。,待确认,video_id=7641066778256261553; video_url=https://www.douyin.com/video/7641066778256261553; creator=阿龙闯大A📈; like=0; reply=4; source_type=comment; yeren_signal_id=; parent_comment_text=,13:17,抖音评论,video,来个真大哥，急需回血，感激不尽！#股票 #股民 #vlgo十亿流量扶持计划,🌈celestial🌌,7641066778256261553,https://www.douyin.com/video/7641066778256261553,,7641096619643601701,13:17,待确认,中性,自动映射到抖音视频评论池。,6.4,false
2026-05-18,longge,抖音评论 13:17,中视传媒今天进的，明天能活着走吗？,中视传媒(600088),,中视传媒(600088) 被提及 3 次，有效评论 3 条，来源 2 个，跨来源共振，情绪 中性，当前判断：保留观察。,待确认,video_id=7641066778256261553; video_url=https://www.douyin.com/video/7641066778256261553; creator=阿龙闯大A📈; like=1; reply=8; source_type=comment; yeren_signal_id=; parent_comment_text=,13:17,抖音评论,video,来个真大哥，急需回血，感激不尽！#股票 #股民 #vlgo十亿流量扶持计划,仄言,7641066778256261553,https://www.douyin.com/video/7641066778256261553,,7641096536990810917,13:17,待确认,中性,自动映射到抖音视频评论池。,8.0,false
2026-05-18,longge,抖音评论 13:16,你他妈上龙跟他妈给别人上香一样、你到是来点实际的、整天瞎白话,,,,否,video_id=7641066778256261553; video_url=https://www.douyin.com/video/7641066778256261553; creator=阿龙闯大A📈; like=0; reply=0; source_type=comment; yeren_signal_id=; parent_comment_text=,13:16,抖音评论,video,来个真大哥，急需回血，感激不尽！#股票 #股民 #vlgo十亿流量扶持计划,大东昇,7641066778256261553,https://www.douyin.com/video/7641066778256261553,,7641096336141828870,13:16,未纳入,中性,自动映射到抖音视频评论池。,,false
2026-05-18,longge,抖音评论 13:16,晶科科技要割肉吗,晶科科技(601778),电力;光伏,晶科科技(601778) 被提及 2 次，有效评论 2 条，来源 2 个，跨来源共振，情绪 谨慎，当前判断：偏风险观察。,否,video_id=7641066778256261553; video_url=https://www.douyin.com/video/7641066778256261553; creator=阿龙闯大A📈; like=0; reply=2; source_type=comment; yeren_signal_id=; parent_comment_text=,13:16,抖音评论,video,来个真大哥，急需回血，感激不尽！#股票 #股民 #vlgo十亿流量扶持计划,辣椒xx,7641066778256261553,https://www.douyin.com/video/7641066778256261553,,7641096312608244522,13:16,未纳入,谨慎,自动映射到抖音视频评论池。,7.0,false
2026-05-18,longge,抖音评论 13:15,[捂脸]八九个点算啥啊,,,,否,video_id=7641066778256261553; video_url=https://www.douyin.com/video/7641066778256261553; creator=阿龙闯大A📈; like=0; reply=0; source_type=comment; yeren_signal_id=; parent_comment_text=,13:15,抖音评论,video,来个真大哥，急需回血，感激不尽！#股票 #股民 #vlgo十亿流量扶持计划,-             無,7641066778256261553,https://www.douyin.com/video/7641066778256261553,,7641096166356812581,13:15,未纳入,中性,自动映射到抖音视频评论池。,,false
2026-05-18,longge,抖音评论 13:14,华友,,,,否,video_id=7641066778256261553; video_url=https://www.douyin.com/video/7641066778256261553; creator=阿龙闯大A📈; like=0; reply=0; source_type=comment; yeren_signal_id=; parent_comment_text=,13:14,抖音评论,video,来个真大哥，急需回血，感激不尽！#股票 #股民 #vlgo十亿流量扶持计划,成都四川麻将,7641066778256261553,https://www.douyin.com/video/7641066778256261553,,7641095851771052815,13:14,未纳入,中性,自动映射到抖音视频评论池。,,false
2026-05-18,longge,抖音评论 13:14,中超快到分歧点了，可以埋伏一手，周三大概率拉一波,,,,否,video_id=7641066778256261553; video_url=https://www.douyin.com/video/7641066778256261553; creator=阿龙闯大A📈; like=0; reply=4; source_type=comment; yeren_signal_id=; parent_comment_text=,13:14,抖音评论,video,来个真大哥，急需回血，感激不尽！#股票 #股民 #vlgo十亿流量扶持计划,因木会此,7641066778256261553,https://www.douyin.com/video/7641066778256261553,,7641095780322116352,13:14,未纳入,中性,自动映射到抖音视频评论池。,,false
2026-05-18,longge,抖音评论 13:13,上峰水泥不就板了,上峰水泥(000672),,上峰水泥(000672) 被提及 1 次，有效评论 1 条，来源 1 个，单视频线索，情绪 中性，当前判断：保留观察。,待确认,video_id=7641066778256261553; video_url=https://www.douyin.com/video/7641066778256261553; creator=阿龙闯大A📈; like=0; reply=0; source_type=comment; yeren_signal_id=; parent_comment_text=,13:13,抖音评论,video,来个真大哥，急需回血，感激不尽！#股票 #股民 #vlgo十亿流量扶持计划,那些你很冒险的梦,7641066778256261553,https://www.douyin.com/video/7641066778256261553,,7641095629917143866,13:13,待确认,中性,自动映射到抖音视频评论池。,6.4,false
2026-05-18,longge,抖音评论 13:12,牛逼,,,,否,video_id=7641066778256261553; video_url=https://www.douyin.com/video/7641066778256261553; creator=阿龙闯大A📈; like=0; reply=0; source_type=comment; yeren_signal_id=; parent_comment_text=,13:12,抖音评论,video,来个真大哥，急需回血，感激不尽！#股票 #股民 #vlgo十亿流量扶持计划,江浙沪电脑上门回收(当天直达),7641066778256261553,https://www.douyin.com/video/7641066778256261553,,7641095353987416889,13:12,未纳入,中性,自动映射到抖音视频评论池。,,false
2026-05-18,longge,抖音评论 13:11,今天开盘买了三瑞智能，知行合一[不失礼貌的微笑],三瑞智能(301696),,三瑞智能(301696) 被提及 1 次，有效评论 1 条，来源 1 个，单视频线索，情绪 看多，当前判断：保留观察。,待确认,video_id=7641066778256261553; video_url=https://www.douyin.com/video/7641066778256261553; creator=阿龙闯大A📈; like=0; reply=0; source_type=comment; yeren_signal_id=; parent_comment_text=,13:11,抖音评论,video,来个真大哥，急需回血，感激不尽！#股票 #股民 #vlgo十亿流量扶持计划,菜腿破风手诺伊,7641066778256261553,https://www.douyin.com/video/7641066778256261553,,7641095181323879217,13:11,待确认,看多,自动映射到抖音视频评论池。,6.4,false
2026-05-18,longge,抖音评论 13:08,你买点江特电机吧，那个又跌回来了[捂脸],江特电机(002176),,江特电机(002176) 被提及 6 次，有效评论 6 条，来源 2 个，跨来源共振，情绪 看多，当前判断：保留观察。,待确认,video_id=7641066778256261553; video_url=https://www.douyin.com/video/7641066778256261553; creator=阿龙闯大A📈; like=1; reply=0; source_type=comment; yeren_signal_id=; parent_comment_text=,13:08,抖音评论,video,来个真大哥，急需回血，感激不尽！#股票 #股民 #vlgo十亿流量扶持计划,宏威,7641066778256261553,https://www.douyin.com/video/7641066778256261553,,7641094395970863912,13:08,待确认,看多,自动映射到抖音视频评论池。,9.1,false
2026-05-18,longge,抖音评论 13:08,评论区绿色动力好厉害啊，一点直接拉6个点[抱紧自己][抱紧自己],绿色动力(601330),,绿色动力(601330) 被提及 7 次，有效评论 7 条，来源 2 个，跨来源共振，情绪 中性，当前判断：保留观察。,待确认,video_id=7641066778256261553; video_url=https://www.douyin.com/video/7641066778256261553; creator=阿龙闯大A📈; like=4; reply=6; source_type=comment; yeren_signal_id=; parent_comment_text=,13:08,抖音评论,video,来个真大哥，急需回血，感激不尽！#股票 #股民 #vlgo十亿流量扶持计划,💄阳阳💃🏻麻麻📣,7641066778256261553,https://www.douyin.com/video/7641066778256261553,,7641094338961638201,13:08,待确认,中性,自动映射到抖音视频评论池。,9.5,false
2026-05-18,longge,抖音评论 13:08,我左手江特，右手亨通，谁来救救我，买在最高位了[捂脸],,,,否,video_id=7641066778256261553; video_url=https://www.douyin.com/video/7641066778256261553; creator=阿龙闯大A📈; like=0; reply=0; source_type=comment; yeren_signal_id=; parent_comment_text=,13:08,抖音评论,video,来个真大哥，急需回血，感激不尽！#股票 #股民 #vlgo十亿流量扶持计划,煜宁,7641066778256261553,https://www.douyin.com/video/7641066778256261553,,7641094276377510691,13:08,未纳入,中性,自动映射到抖音视频评论池。,,false
2026-05-18,longge,抖音评论 13:07,长电科技,长电科技(600584),,长电科技(600584) 被提及 4 次，有效评论 4 条，来源 2 个，跨来源共振，情绪 中性，当前判断：保留观察。,待确认,video_id=7641066778256261553; video_url=https://www.douyin.com/video/7641066778256261553; creator=阿龙闯大A📈; like=0; reply=0; source_type=comment; yeren_signal_id=; parent_comment_text=,13:07,抖音评论,video,来个真大哥，急需回血，感激不尽！#股票 #股民 #vlgo十亿流量扶持计划,Stp,7641066778256261553,https://www.douyin.com/video/7641066778256261553,,7641094078974001954,13:07,待确认,中性,自动映射到抖音视频评论池。,8.3,false
2026-05-18,longge,抖音评论 13:06,杭电今天算买点 下午资金做多,,,,否,video_id=7641066778256261553; video_url=https://www.douyin.com/video/7641066778256261553; creator=阿龙闯大A📈; like=1; reply=0; source_type=comment; yeren_signal_id=; parent_comment_text=,13:06,抖音评论,video,来个真大哥，急需回血，感激不尽！#股票 #股民 #vlgo十亿流量扶持计划,发财椰青,7641066778256261553,https://www.douyin.com/video/7641066778256261553,,7641093739839341369,13:06,未纳入,中性,自动映射到抖音视频评论池。,,false
2026-05-18,longge,抖音评论 13:06,工业母鸡准备趋势[看][看][看],,,,否,video_id=7641066778256261553; video_url=https://www.douyin.com/video/7641066778256261553; creator=阿龙闯大A📈; like=0; reply=0; source_type=comment; yeren_signal_id=; parent_comment_text=,13:06,抖音评论,video,来个真大哥，急需回血，感激不尽！#股票 #股民 #vlgo十亿流量扶持计划,小法,7641066778256261553,https://www.douyin.com/video/7641066778256261553,,7641093696809878309,13:06,未纳入,中性,自动映射到抖音视频评论池。,,false
2026-05-18,longge,抖音评论 13:04,说粵传媒几版的大哥在哪里，明天得不得行,,,,否,video_id=7641066778256261553; video_url=https://www.douyin.com/video/7641066778256261553; creator=阿龙闯大A📈; like=1; reply=5; source_type=comment; yeren_signal_id=; parent_comment_text=,13:04,抖音评论,video,来个真大哥，急需回血，感激不尽！#股票 #股民 #vlgo十亿流量扶持计划,爱吃的程程,7641066778256261553,https://www.douyin.com/video/7641066778256261553,,7641093283104441125,13:04,未纳入,中性,自动映射到抖音视频评论池。,,false
2026-05-18,longge,抖音评论 13:04,我有金螳螂，辽能，大唐。哪位大哥给我说一下呀，他啥时候能起来呀？现在要跑不[捂脸][捂脸][捂脸],,,评论热度较高，但暂未自动识别到明确股票线索，保留人工复核。,待确认,video_id=7641066778256261553; video_url=https://www.douyin.com/video/7641066778256261553; creator=阿龙闯大A📈; like=4; reply=9; source_type=comment; yeren_signal_id=; parent_comment_text=,13:04,抖音评论,video,来个真大哥，急需回血，感激不尽！#股票 #股民 #vlgo十亿流量扶持计划,ღ⑅⃟蓝࿐鸢ꦾᩚ꯭💞,7641066778256261553,https://www.douyin.com/video/7641066778256261553,,7641093175751721765,13:04,待确认,中性,自动映射到抖音视频评论池。,6.2,false
2026-05-18,longge,抖音评论 13:04,不顺的时候先休息两天，再慢慢找机会。越急越容易亏钱,,,,否,video_id=7641066778256261553; video_url=https://www.douyin.com/video/7641066778256261553; creator=阿龙闯大A📈; like=0; reply=0; source_type=comment; yeren_signal_id=; parent_comment_text=,13:04,抖音评论,video,来个真大哥，急需回血，感激不尽！#股票 #股民 #vlgo十亿流量扶持计划,拾叁,7641066778256261553,https://www.douyin.com/video/7641066778256261553,,7641093155392504635,13:04,未纳入,中性,自动映射到抖音视频评论池。,,false
2026-05-18,longge,抖音评论 13:03,阿龙你买的那支股，我去抄底,,,,否,video_id=7641066778256261553; video_url=https://www.douyin.com/video/7641066778256261553; creator=阿龙闯大A📈; like=0; reply=0; source_type=comment; yeren_signal_id=; parent_comment_text=,13:03,抖音评论,video,来个真大哥，急需回血，感激不尽！#股票 #股民 #vlgo十亿流量扶持计划,一竿风月,7641066778256261553,https://www.douyin.com/video/7641066778256261553,,7641093150799708966,13:03,未纳入,中性,自动映射到抖音视频评论池。,,false
2026-05-18,longge,抖音评论 13:03,圣阳割了,,,,否,video_id=7641066778256261553; video_url=https://www.douyin.com/video/7641066778256261553; creator=阿龙闯大A📈; like=0; reply=0; source_type=comment; yeren_signal_id=; parent_comment_text=,13:03,抖音评论,video,来个真大哥，急需回血，感激不尽！#股票 #股民 #vlgo十亿流量扶持计划,꧁༺风禾尽起·聚财༻꧂,7641066778256261553,https://www.douyin.com/video/7641066778256261553,,7641093134751040271,13:03,未纳入,中性,自动映射到抖音视频评论池。,,false
2026-05-18,longge,抖音评论 13:03,来,,,,否,video_id=7641066778256261553; video_url=https://www.douyin.com/video/7641066778256261553; creator=阿龙闯大A📈; like=0; reply=0; source_type=comment; yeren_signal_id=; parent_comment_text=,13:03,抖音评论,video,来个真大哥，急需回血，感激不尽！#股票 #股民 #vlgo十亿流量扶持计划,꧁༺风禾尽起·聚财༻꧂,7641066778256261553,https://www.douyin.com/video/7641066778256261553,,7641093078359737123,13:03,未纳入,中性,自动映射到抖音视频评论池。,,false
2026-05-18,longge,抖音评论 13:03,说百达精工的大哥还在吗,百达精工(603331),,百达精工(603331) 被提及 3 次，有效评论 3 条，来源 1 个，单视频线索，情绪 中性，当前判断：已进入推荐候选。,是,video_id=7641066778256261553; video_url=https://www.douyin.com/video/7641066778256261553; creator=阿龙闯大A📈; like=0; reply=0; source_type=comment; yeren_signal_id=; parent_comment_text=,13:03,抖音评论,video,来个真大哥，急需回血，感激不尽！#股票 #股民 #vlgo十亿流量扶持计划,用户4977331498906,7641066778256261553,https://www.douyin.com/video/7641066778256261553,,7641093045551727417,13:03,已纳入,中性,自动映射到抖音视频评论池。,8.1,true
2026-05-18,longge,抖音评论 13:03,上周说的广信，今天拉了,,,,否,video_id=7641066778256261553; video_url=https://www.douyin.com/video/7641066778256261553; creator=阿龙闯大A📈; like=0; reply=0; source_type=comment; yeren_signal_id=; parent_comment_text=,13:03,抖音评论,video,来个真大哥，急需回血，感激不尽！#股票 #股民 #vlgo十亿流量扶持计划,山野村夫,7641066778256261553,https://www.douyin.com/video/7641066778256261553,,7641093003764335403,13:03,未纳入,中性,自动映射到抖音视频评论池。,,false
2026-05-18,longge,抖音评论 13:03,京运通是不是该反弹了[懵],京运通(601908),,京运通(601908) 被提及 1 次，有效评论 1 条，来源 1 个，单视频线索，情绪 中性，当前判断：保留观察。,待确认,video_id=7641066778256261553; video_url=https://www.douyin.com/video/7641066778256261553; creator=阿龙闯大A📈; like=1; reply=0; source_type=comment; yeren_signal_id=; parent_comment_text=,13:03,抖音评论,video,来个真大哥，急需回血，感激不尽！#股票 #股民 #vlgo十亿流量扶持计划,昀牵孟绕今天领证了吗,7641066778256261553,https://www.douyin.com/video/7641066778256261553,,7641092973636158265,13:03,待确认,中性,自动映射到抖音视频评论池。,6.4,false
2026-05-18,longge,抖音评论 13:13,锂矿有反弹。拿住。,,,,否,video_id=7641066778256261553; video_url=https://www.douyin.com/video/7641066778256261553; creator=阿龙闯大A📈; like=0; reply=2; source_type=comment; yeren_signal_id=; parent_comment_text=,13:13,抖音评论,video,来个真大哥，急需回血，感激不尽！#股票 #股民 #vlgo十亿流量扶持计划,成都四川麻将,7641066778256261553,https://www.douyin.com/video/7641066778256261553,,7641095476935213858,13:13,未纳入,中性,自动映射到抖音视频评论池。,,false
2026-05-18,longge,抖音评论 13:02,福晶科技111的本 能回得去吗[举手],福晶科技(002222),,福晶科技(002222) 被提及 2 次，有效评论 2 条，来源 1 个，单视频线索，情绪 中性，当前判断：保留观察。,待确认,video_id=7641066778256261553; video_url=https://www.douyin.com/video/7641066778256261553; creator=阿龙闯大A📈; like=0; reply=0; source_type=comment; yeren_signal_id=; parent_comment_text=,13:02,抖音评论,video,来个真大哥，急需回血，感激不尽！#股票 #股民 #vlgo十亿流量扶持计划,你住在风里,7641066778256261553,https://www.douyin.com/video/7641066778256261553,,7641092671692522297,13:02,待确认,中性,自动映射到抖音视频评论池。,6.9,false
2026-05-18,longge,抖音评论 13:01,早上冲高就走了,,,,否,video_id=7641066778256261553; video_url=https://www.douyin.com/video/7641066778256261553; creator=阿龙闯大A📈; like=0; reply=0; source_type=comment; yeren_signal_id=; parent_comment_text=,13:01,抖音评论,video,来个真大哥，急需回血，感激不尽！#股票 #股民 #vlgo十亿流量扶持计划,“九思”,7641066778256261553,https://www.douyin.com/video/7641066778256261553,,7641092602662880049,13:01,未纳入,中性,自动映射到抖音视频评论池。,,false
2026-05-18,longge,抖音评论 13:01,哪位大哥帮我看看，大连热电要割吗，重仓在里面,大连热电(600719),,大连热电(600719) 被提及 2 次，有效评论 2 条，来源 1 个，单视频线索，情绪 谨慎，当前判断：偏风险观察。,否,video_id=7641066778256261553; video_url=https://www.douyin.com/video/7641066778256261553; creator=阿龙闯大A📈; like=0; reply=0; source_type=comment; yeren_signal_id=; parent_comment_text=,13:01,抖音评论,video,来个真大哥，急需回血，感激不尽！#股票 #股民 #vlgo十亿流量扶持计划,孙倩倩,7641066778256261553,https://www.douyin.com/video/7641066778256261553,,7641092517304091442,13:01,未纳入,谨慎,自动映射到抖音视频评论池。,6.3,false
2026-05-18,longge,抖音评论 13:01,津药两天亏了18个点[捂脸][捂脸][捂脸],,,,否,video_id=7641066778256261553; video_url=https://www.douyin.com/video/7641066778256261553; creator=阿龙闯大A📈; like=0; reply=1; source_type=comment; yeren_signal_id=; parent_comment_text=,13:01,抖音评论,video,来个真大哥，急需回血，感激不尽！#股票 #股民 #vlgo十亿流量扶持计划,A辉,7641066778256261553,https://www.douyin.com/video/7641066778256261553,,7641092463344829193,13:01,未纳入,中性,自动映射到抖音视频评论池。,,false
2026-05-18,longge,抖音评论 13:00,洞洞2298,,,,否,video_id=7641066778256261553; video_url=https://www.douyin.com/video/7641066778256261553; creator=阿龙闯大A📈; like=0; reply=0; source_type=comment; yeren_signal_id=; parent_comment_text=,13:00,抖音评论,video,来个真大哥，急需回血，感激不尽！#股票 #股民 #vlgo十亿流量扶持计划,1034401328,7641066778256261553,https://www.douyin.com/video/7641066778256261553,,7641092325142053678,13:00,未纳入,中性,自动映射到抖音视频评论池。,,false
2026-05-18,longge,抖音评论 13:00,我上周五跑的这个电机恶心人,,,,否,video_id=7641066778256261553; video_url=https://www.douyin.com/video/7641066778256261553; creator=阿龙闯大A📈; like=0; reply=0; source_type=comment; yeren_signal_id=; parent_comment_text=,13:00,抖音评论,video,来个真大哥，急需回血，感激不尽！#股票 #股民 #vlgo十亿流量扶持计划,整点薯条☆,7641066778256261553,https://www.douyin.com/video/7641066778256261553,,7641092185199362866,13:00,未纳入,中性,自动映射到抖音视频评论池。,,false
2026-05-18,longge,抖音评论 12:59,巨化股份放量了,巨化股份(600160),,巨化股份(600160) 被提及 1 次，有效评论 1 条，来源 1 个，单视频线索，情绪 中性，当前判断：保留观察。,待确认,video_id=7641066778256261553; video_url=https://www.douyin.com/video/7641066778256261553; creator=阿龙闯大A📈; like=1; reply=5; source_type=comment; yeren_signal_id=; parent_comment_text=,12:59,抖音评论,video,来个真大哥，急需回血，感激不尽！#股票 #股民 #vlgo十亿流量扶持计划,黄某人,7641066778256261553,https://www.douyin.com/video/7641066778256261553,,7641091963630912305,12:59,待确认,中性,自动映射到抖音视频评论池。,6.4,false
2026-05-18,longge,抖音评论 12:59,我的爱旭还有希望吗，连续九天都在跌，扛不住了,,,,否,video_id=7641066778256261553; video_url=https://www.douyin.com/video/7641066778256261553; creator=阿龙闯大A📈; like=0; reply=0; source_type=comment; yeren_signal_id=; parent_comment_text=,12:59,抖音评论,video,来个真大哥，急需回血，感激不尽！#股票 #股民 #vlgo十亿流量扶持计划,摘舅子,7641066778256261553,https://www.douyin.com/video/7641066778256261553,,7641091957389345588,12:59,未纳入,中性,自动映射到抖音视频评论池。,,false
2026-05-18,longge,抖音评论 12:58,周三说的和远气体周四也说了周五也说了没人进啊今天就别来了看看圣龙跟华东,和远气体(002971),,和远气体(002971) 被提及 1 次，有效评论 1 条，来源 1 个，单视频线索，情绪 中性，当前判断：保留观察。,待确认,video_id=7641066778256261553; video_url=https://www.douyin.com/video/7641066778256261553; creator=阿龙闯大A📈; like=1; reply=4; source_type=comment; yeren_signal_id=; parent_comment_text=,12:58,抖音评论,video,来个真大哥，急需回血，感激不尽！#股票 #股民 #vlgo十亿流量扶持计划,心跳r               水,7641066778256261553,https://www.douyin.com/video/7641066778256261553,,7641091787859510067,12:58,待确认,中性,自动映射到抖音视频评论池。,6.4,false
2026-05-18,longge,抖音评论 12:58,上周五进的再升科技，今天早盘进的深科技，两支都涨停了，不过我是蒙的，没得技术含量[呲牙],再升科技(603601),,再升科技(603601) 被提及 3 次，有效评论 3 条，来源 2 个，跨来源共振，情绪 中性，当前判断：保留观察。,待确认,video_id=7641066778256261553; video_url=https://www.douyin.com/video/7641066778256261553; creator=阿龙闯大A📈; like=1; reply=2; source_type=comment; yeren_signal_id=; parent_comment_text=,12:58,抖音评论,video,来个真大哥，急需回血，感激不尽！#股票 #股民 #vlgo十亿流量扶持计划,秋尽江南,7641066778256261553,https://www.douyin.com/video/7641066778256261553,,7641091738223903545,12:58,待确认,中性,自动映射到抖音视频评论池。,8.0,false
2026-05-18,longge,抖音评论 12:58,利欧[尬笑],,,,否,video_id=7641066778256261553; video_url=https://www.douyin.com/video/7641066778256261553; creator=阿龙闯大A📈; like=0; reply=0; source_type=comment; yeren_signal_id=; parent_comment_text=,12:58,抖音评论,video,来个真大哥，急需回血，感激不尽！#股票 #股民 #vlgo十亿流量扶持计划,永安月儿湾托育中心,7641066778256261553,https://www.douyin.com/video/7641066778256261553,,7641091624848212785,12:58,未纳入,中性,自动映射到抖音视频评论池。,,false
2026-05-18,longge,抖音评论 12:58,还是要相信达实。。,,,,否,video_id=7641066778256261553; video_url=https://www.douyin.com/video/7641066778256261553; creator=阿龙闯大A📈; like=0; reply=0; source_type=comment; yeren_signal_id=; parent_comment_text=,12:58,抖音评论,video,来个真大哥，急需回血，感激不尽！#股票 #股民 #vlgo十亿流量扶持计划,有恃无恐,7641066778256261553,https://www.douyin.com/video/7641066778256261553,,7641091619227878202,12:58,未纳入,中性,自动映射到抖音视频评论池。,,false
2026-05-18,longge,抖音评论 12:57,张小泉啊，上周骂我的人呢，今天是不是拉升了[呲牙],张小泉(301055),,张小泉(301055) 被提及 1 次，有效评论 1 条，来源 1 个，单视频线索，情绪 中性，当前判断：保留观察。,待确认,video_id=7641066778256261553; video_url=https://www.douyin.com/video/7641066778256261553; creator=阿龙闯大A📈; like=0; reply=0; source_type=comment; yeren_signal_id=; parent_comment_text=,12:57,抖音评论,video,来个真大哥，急需回血，感激不尽！#股票 #股民 #vlgo十亿流量扶持计划,玉秀于林,7641066778256261553,https://www.douyin.com/video/7641066778256261553,,7641091586798437158,12:57,待确认,中性,自动映射到抖音视频评论池。,6.4,false
2026-05-18,longge,抖音评论 12:57,说节能那个，你过来，我不把你掏一顿,,,,否,video_id=7641066778256261553; video_url=https://www.douyin.com/video/7641066778256261553; creator=阿龙闯大A📈; like=0; reply=0; source_type=comment; yeren_signal_id=; parent_comment_text=,12:57,抖音评论,video,来个真大哥，急需回血，感激不尽！#股票 #股民 #vlgo十亿流量扶持计划,天黑不闭眼,7641066778256261553,https://www.douyin.com/video/7641066778256261553,,7641091590261736241,12:57,未纳入,中性,自动映射到抖音视频评论池。,,false
2026-05-18,longge,抖音评论 12:57,华电辽能没人提了呀[发呆],华电辽能(600396),电力,华电辽能(600396) 被提及 2 次，有效评论 2 条，来源 1 个，单视频线索，情绪 中性，当前判断：保留观察。,待确认,video_id=7641066778256261553; video_url=https://www.douyin.com/video/7641066778256261553; creator=阿龙闯大A📈; like=0; reply=0; source_type=comment; yeren_signal_id=; parent_comment_text=,12:57,抖音评论,video,来个真大哥，急需回血，感激不尽！#股票 #股民 #vlgo十亿流量扶持计划,李大壮,7641066778256261553,https://www.douyin.com/video/7641066778256261553,,7641091524054516529,12:57,待确认,中性,自动映射到抖音视频评论池。,6.9,false
2026-05-18,longge,抖音评论 12:57,深科技埋伏一周了，终于让我吃到肉了[呲牙],深科技(000021),,深科技(000021) 被提及 8 次，有效评论 8 条，来源 2 个，跨来源共振，情绪 中性，当前判断：保留观察。,待确认,video_id=7641066778256261553; video_url=https://www.douyin.com/video/7641066778256261553; creator=阿龙闯大A📈; like=3; reply=9; source_type=comment; yeren_signal_id=; parent_comment_text=,12:57,抖音评论,video,来个真大哥，急需回血，感激不尽！#股票 #股民 #vlgo十亿流量扶持计划,悠,7641066778256261553,https://www.douyin.com/video/7641066778256261553,,7641091466106012465,12:57,待确认,中性,自动映射到抖音视频评论池。,9.6,false
2026-05-18,longge,抖音评论 12:57,存储芯片,,,,否,video_id=7641066778256261553; video_url=https://www.douyin.com/video/7641066778256261553; creator=阿龙闯大A📈; like=0; reply=0; source_type=comment; yeren_signal_id=; parent_comment_text=,12:57,抖音评论,video,来个真大哥，急需回血，感激不尽！#股票 #股民 #vlgo十亿流量扶持计划,A放手一搏A,7641066778256261553,https://www.douyin.com/video/7641066778256261553,,7641091390768694050,12:57,未纳入,中性,自动映射到抖音视频评论池。,,false
2026-05-18,longge,抖音评论 12:57,很明显，宝鼎，明天直接开盘进，哈哈哈，不是明摆说了，还有三个板吗[看],,,,否,video_id=7641066778256261553; video_url=https://www.douyin.com/video/7641066778256261553; creator=阿龙闯大A📈; like=0; reply=1; source_type=comment; yeren_signal_id=; parent_comment_text=,12:57,抖音评论,video,来个真大哥，急需回血，感激不尽！#股票 #股民 #vlgo十亿流量扶持计划,O,7641066778256261553,https://www.douyin.com/video/7641066778256261553,,7641091380772897585,12:57,未纳入,中性,自动映射到抖音视频评论池。,,false
2026-05-18,longge,抖音评论 12:56,奥飞数据发不出去吗,奥飞数据(300738),,奥飞数据(300738) 被提及 2 次，有效评论 2 条，来源 2 个，跨来源共振，情绪 中性，当前判断：保留观察。,待确认,video_id=7641066778256261553; video_url=https://www.douyin.com/video/7641066778256261553; creator=阿龙闯大A📈; like=1; reply=1; source_type=comment; yeren_signal_id=; parent_comment_text=,12:56,抖音评论,video,来个真大哥，急需回血，感激不尽！#股票 #股民 #vlgo十亿流量扶持计划,Mr,7641066778256261553,https://www.douyin.com/video/7641066778256261553,,7641091184790176561,12:56,待确认,中性,自动映射到抖音视频评论池。,7.6,false
2026-05-18,longge,抖音评论 12:56,长电科技记得上龙,长电科技(600584),,长电科技(600584) 被提及 4 次，有效评论 4 条，来源 2 个，跨来源共振，情绪 中性，当前判断：保留观察。,待确认,video_id=7641066778256261553; video_url=https://www.douyin.com/video/7641066778256261553; creator=阿龙闯大A📈; like=2; reply=4; source_type=comment; yeren_signal_id=; parent_comment_text=,12:56,抖音评论,video,来个真大哥，急需回血，感激不尽！#股票 #股民 #vlgo十亿流量扶持计划,新,7641066778256261553,https://www.douyin.com/video/7641066778256261553,,7641091181082624805,12:56,待确认,中性,自动映射到抖音视频评论池。,8.3,false
2026-05-18,longge,抖音评论 12:56,中视传媒还好早上跑得快,中视传媒(600088),,中视传媒(600088) 被提及 3 次，有效评论 3 条，来源 2 个，跨来源共振，情绪 中性，当前判断：保留观察。,待确认,video_id=7641066778256261553; video_url=https://www.douyin.com/video/7641066778256261553; creator=阿龙闯大A📈; like=0; reply=0; source_type=comment; yeren_signal_id=; parent_comment_text=,12:56,抖音评论,video,来个真大哥，急需回血，感激不尽！#股票 #股民 #vlgo十亿流量扶持计划,seven,7641066778256261553,https://www.douyin.com/video/7641066778256261553,,7641091122799330106,12:56,待确认,中性,自动映射到抖音视频评论池。,8.0,false
2026-05-18,longge,抖音评论 12:55,天岳先进！！！！明天给我上龙！！,天岳先进(688234),,天岳先进(688234) 被提及 1 次，有效评论 1 条，来源 1 个，单视频线索，情绪 中性，当前判断：保留观察。,待确认,video_id=7641066778256261553; video_url=https://www.douyin.com/video/7641066778256261553; creator=阿龙闯大A📈; like=1; reply=0; source_type=comment; yeren_signal_id=; parent_comment_text=,12:55,抖音评论,video,来个真大哥，急需回血，感激不尽！#股票 #股民 #vlgo十亿流量扶持计划,魔术师红雨,7641066778256261553,https://www.douyin.com/video/7641066778256261553,,7641091083137434405,12:55,待确认,中性,自动映射到抖音视频评论池。,6.4,false
2026-05-18,longge,抖音评论 12:55,津药是什么问题，吃几个跌停了，什么问题啊，每天直接跌停,,,,否,video_id=7641066778256261553; video_url=https://www.douyin.com/video/7641066778256261553; creator=阿龙闯大A📈; like=0; reply=1; source_type=comment; yeren_signal_id=; parent_comment_text=,12:55,抖音评论,video,来个真大哥，急需回血，感激不尽！#股票 #股民 #vlgo十亿流量扶持计划,东坡肉不肉,7641066778256261553,https://www.douyin.com/video/7641066778256261553,,7641091054187316005,12:55,未纳入,中性,自动映射到抖音视频评论池。,,false
2026-05-18,longge,抖音评论 12:55,中瓷电子长拿光讯科技、华工kj长电kj这么多好票你随便买呀[捂脸],中瓷电子(003031),,中瓷电子(003031) 被提及 1 次，有效评论 1 条，来源 1 个，单视频线索，情绪 看多，当前判断：保留观察。,待确认,video_id=7641066778256261553; video_url=https://www.douyin.com/video/7641066778256261553; creator=阿龙闯大A📈; like=0; reply=0; source_type=comment; yeren_signal_id=; parent_comment_text=,12:55,抖音评论,video,来个真大哥，急需回血，感激不尽！#股票 #股民 #vlgo十亿流量扶持计划,杭州市上城区小一立理发店,7641066778256261553,https://www.douyin.com/video/7641066778256261553,,7641091031899472699,12:55,待确认,看多,自动映射到抖音视频评论池。,6.4,false
2026-05-18,longge,抖音评论 12:55,请教一下各位老师，长线买啥靠谱[抱拳]一直拿着不用看的那种！,,,,否,video_id=7641066778256261553; video_url=https://www.douyin.com/video/7641066778256261553; creator=阿龙闯大A📈; like=0; reply=1; source_type=comment; yeren_signal_id=; parent_comment_text=,12:55,抖音评论,video,来个真大哥，急需回血，感激不尽！#股票 #股民 #vlgo十亿流量扶持计划,思雨,7641066778256261553,https://www.douyin.com/video/7641066778256261553,,7641090976504955705,12:55,未纳入,中性,自动映射到抖音视频评论池。,,false
2026-05-18,longge,抖音评论 12:55,圣阳跌到位了，[奸笑][奸笑][奸笑][奸笑][奸笑],,,,否,video_id=7641066778256261553; video_url=https://www.douyin.com/video/7641066778256261553; creator=阿龙闯大A📈; like=0; reply=0; source_type=comment; yeren_signal_id=; parent_comment_text=,12:55,抖音评论,video,来个真大哥，急需回血，感激不尽！#股票 #股民 #vlgo十亿流量扶持计划,木有鱼丸,7641066778256261553,https://www.douyin.com/video/7641066778256261553,,7641090968469078843,12:55,未纳入,中性,自动映射到抖音视频评论池。,,false
2026-05-18,longge,抖音评论 12:54,滨化,,,,否,video_id=7641066778256261553; video_url=https://www.douyin.com/video/7641066778256261553; creator=阿龙闯大A📈; like=0; reply=0; source_type=comment; yeren_signal_id=; parent_comment_text=,12:54,抖音评论,video,来个真大哥，急需回血，感激不尽！#股票 #股民 #vlgo十亿流量扶持计划,舒,7641066778256261553,https://www.douyin.com/video/7641066778256261553,,7641090839364354875,12:54,未纳入,中性,自动映射到抖音视频评论池。,,false
2026-05-18,longge,抖音评论 12:54,这行情，大哥也不容易啊,,,,否,video_id=7641066778256261553; video_url=https://www.douyin.com/video/7641066778256261553; creator=阿龙闯大A📈; like=0; reply=0; source_type=comment; yeren_signal_id=; parent_comment_text=,12:54,抖音评论,video,来个真大哥，急需回血，感激不尽！#股票 #股民 #vlgo十亿流量扶持计划,2026加油💪,7641066778256261553,https://www.douyin.com/video/7641066778256261553,,7641090732925076273,12:54,未纳入,中性,自动映射到抖音视频评论池。,,false
2026-05-18,longge,抖音评论 12:54,谁手上有富春染织？今天亏麻了要不要割肉啊,富春染织(605189),,富春染织(605189) 被提及 1 次，有效评论 1 条，来源 1 个，单视频线索，情绪 谨慎，当前判断：偏风险观察。,否,video_id=7641066778256261553; video_url=https://www.douyin.com/video/7641066778256261553; creator=阿龙闯大A📈; like=0; reply=0; source_type=comment; yeren_signal_id=; parent_comment_text=,12:54,抖音评论,video,来个真大哥，急需回血，感激不尽！#股票 #股民 #vlgo十亿流量扶持计划,流年芳菲,7641066778256261553,https://www.douyin.com/video/7641066778256261553,,7641090638000030513,12:54,未纳入,谨慎,自动映射到抖音视频评论池。,5.9,false
2026-05-18,longge,抖音评论 12:53,上车大唐，等你给我上龙,,,,否,video_id=7641066778256261553; video_url=https://www.douyin.com/video/7641066778256261553; creator=阿龙闯大A📈; like=0; reply=0; source_type=comment; yeren_signal_id=; parent_comment_text=,12:53,抖音评论,video,来个真大哥，急需回血，感激不尽！#股票 #股民 #vlgo十亿流量扶持计划,demo.,7641066778256261553,https://www.douyin.com/video/7641066778256261553,,7641090538439869221,12:53,未纳入,中性,自动映射到抖音视频评论池。,,false
2026-05-18,longge,抖音评论 12:53,邦哥不好嘛[不看],,,,否,video_id=7641066778256261553; video_url=https://www.douyin.com/video/7641066778256261553; creator=阿龙闯大A📈; like=0; reply=0; source_type=comment; yeren_signal_id=; parent_comment_text=,12:53,抖音评论,video,来个真大哥，急需回血，感激不尽！#股票 #股民 #vlgo十亿流量扶持计划,季先生,7641066778256261553,https://www.douyin.com/video/7641066778256261553,,7641090522925286201,12:53,未纳入,中性,自动映射到抖音视频评论池。,,false
2026-05-18,longge,抖音评论 12:53,中油还有2个涨停,,,,否,video_id=7641066778256261553; video_url=https://www.douyin.com/video/7641066778256261553; creator=阿龙闯大A📈; like=1; reply=1; source_type=comment; yeren_signal_id=; parent_comment_text=,12:53,抖音评论,video,来个真大哥，急需回血，感激不尽！#股票 #股民 #vlgo十亿流量扶持计划,二驴,7641066778256261553,https://www.douyin.com/video/7641066778256261553,,7641090495875679025,12:53,未纳入,中性,自动映射到抖音视频评论池。,,false
2026-05-18,longge,抖音评论 12:53,说雪人那个去那了,,,,否,video_id=7641066778256261553; video_url=https://www.douyin.com/video/7641066778256261553; creator=阿龙闯大A📈; like=0; reply=2; source_type=comment; yeren_signal_id=; parent_comment_text=,12:53,抖音评论,video,来个真大哥，急需回血，感激不尽！#股票 #股民 #vlgo十亿流量扶持计划,杨🐑,7641066778256261553,https://www.douyin.com/video/7641066778256261553,,7641090485806023433,12:53,未纳入,中性,自动映射到抖音视频评论池。,,false
2026-05-18,longge,抖音评论 12:53,黄河 上,,,,否,video_id=7641066778256261553; video_url=https://www.douyin.com/video/7641066778256261553; creator=阿龙闯大A📈; like=0; reply=0; source_type=comment; yeren_signal_id=; parent_comment_text=,12:53,抖音评论,video,来个真大哥，急需回血，感激不尽！#股票 #股民 #vlgo十亿流量扶持计划,謝謝䃮🏠,7641066778256261553,https://www.douyin.com/video/7641066778256261553,,7641090477835469605,12:53,未纳入,中性,自动映射到抖音视频评论池。,,false
2026-05-18,longge,抖音评论 12:53,都没人看好 五洲吗[图片表情],,,,否,video_id=7641066778256261553; video_url=https://www.douyin.com/video/7641066778256261553; creator=阿龙闯大A📈; like=0; reply=1; source_type=comment; yeren_signal_id=; parent_comment_text=,12:53,抖音评论,video,来个真大哥，急需回血，感激不尽！#股票 #股民 #vlgo十亿流量扶持计划,小财女💰,7641066778256261553,https://www.douyin.com/video/7641066778256261553,,7641090354615272230,12:53,未纳入,中性,自动映射到抖音视频评论池。,,false
2026-05-18,longge,抖音评论 12:52,中体[举手]抄底去,,,,否,video_id=7641066778256261553; video_url=https://www.douyin.com/video/7641066778256261553; creator=阿龙闯大A📈; like=4; reply=3; source_type=comment; yeren_signal_id=; parent_comment_text=,12:52,抖音评论,video,来个真大哥，急需回血，感激不尽！#股票 #股民 #vlgo十亿流量扶持计划,🌞爱你老己,7641066778256261553,https://www.douyin.com/video/7641066778256261553,,7641090297636193073,12:52,未纳入,中性,自动映射到抖音视频评论池。,,false
2026-05-18,longge,抖音评论 12:52,有没有大哥帮忙看看湖北宜化[捂脸][捂脸][捂脸],湖北宜化(000422),,湖北宜化(000422) 被提及 1 次，有效评论 1 条，来源 1 个，单视频线索，情绪 中性，当前判断：保留观察。,待确认,video_id=7641066778256261553; video_url=https://www.douyin.com/video/7641066778256261553; creator=阿龙闯大A📈; like=1; reply=0; source_type=comment; yeren_signal_id=; parent_comment_text=,12:52,抖音评论,video,来个真大哥，急需回血，感激不尽！#股票 #股民 #vlgo十亿流量扶持计划,中原剑客,7641066778256261553,https://www.douyin.com/video/7641066778256261553,,7641090260633699135,12:52,待确认,中性,自动映射到抖音视频评论池。,6.4,false
2026-05-18,longge,抖音评论 12:52,左手金螳螂右手巨力索具，脚踩洲际[流泪],巨力索具(002342),,巨力索具(002342) 被提及 3 次，有效评论 3 条，来源 2 个，跨来源共振，情绪 看多，当前判断：保留观察。,待确认,video_id=7641066778256261553; video_url=https://www.douyin.com/video/7641066778256261553; creator=阿龙闯大A📈; like=2; reply=0; source_type=comment; yeren_signal_id=; parent_comment_text=,12:52,抖音评论,video,来个真大哥，急需回血，感激不尽！#股票 #股民 #vlgo十亿流量扶持计划,禾苗,7641066778256261553,https://www.douyin.com/video/7641066778256261553,,7641090259606553390,12:52,待确认,看多,自动映射到抖音视频评论池。,8.0,false
2026-05-18,longge,抖音评论 12:52,燕东微  不过估计没什么人敢买,燕东微(688172),,燕东微(688172) 被提及 1 次，有效评论 1 条，来源 1 个，单视频线索，情绪 看多，当前判断：保留观察。,待确认,video_id=7641066778256261553; video_url=https://www.douyin.com/video/7641066778256261553; creator=阿龙闯大A📈; like=0; reply=1; source_type=comment; yeren_signal_id=; parent_comment_text=,12:52,抖音评论,video,来个真大哥，急需回血，感激不尽！#股票 #股民 #vlgo十亿流量扶持计划,苹果.067,7641066778256261553,https://www.douyin.com/video/7641066778256261553,,7641090135001514767,12:52,待确认,看多,自动映射到抖音视频评论池。,6.4,false
2026-05-18,longge,抖音评论 12:51,浪潮可以,,,,否,video_id=7641066778256261553; video_url=https://www.douyin.com/video/7641066778256261553; creator=阿龙闯大A📈; like=0; reply=0; source_type=comment; yeren_signal_id=; parent_comment_text=,12:51,抖音评论,video,来个真大哥，急需回血，感激不尽！#股票 #股民 #vlgo十亿流量扶持计划,攀枝花芒果先生水果铺,7641066778256261553,https://www.douyin.com/video/7641066778256261553,,7641090050557821723,12:51,未纳入,中性,自动映射到抖音视频评论池。,,false
2026-05-18,longge,抖音评论 12:51,蟑螂大哥该出来了吧,,,,否,video_id=7641066778256261553; video_url=https://www.douyin.com/video/7641066778256261553; creator=阿龙闯大A📈; like=0; reply=0; source_type=comment; yeren_signal_id=; parent_comment_text=,12:51,抖音评论,video,来个真大哥，急需回血，感激不尽！#股票 #股民 #vlgo十亿流量扶持计划,彬,7641066778256261553,https://www.douyin.com/video/7641066778256261553,,7641090010276823860,12:51,未纳入,中性,自动映射到抖音视频评论池。,,false
2026-05-18,longge,抖音评论 12:51,有没有大哥去楚江拉个涨停[看],,,,否,video_id=7641066778256261553; video_url=https://www.douyin.com/video/7641066778256261553; creator=阿龙闯大A📈; like=0; reply=0; source_type=comment; yeren_signal_id=; parent_comment_text=,12:51,抖音评论,video,来个真大哥，急需回血，感激不尽！#股票 #股民 #vlgo十亿流量扶持计划,🐴,7641066778256261553,https://www.douyin.com/video/7641066778256261553,,7641089951505302321,12:51,未纳入,中性,自动映射到抖音视频评论池。,,false
2026-05-18,longge,抖音评论 12:51,别上了[九转大肠],,,,否,video_id=7641066778256261553; video_url=https://www.douyin.com/video/7641066778256261553; creator=阿龙闯大A📈; like=0; reply=0; source_type=comment; yeren_signal_id=; parent_comment_text=,12:51,抖音评论,video,来个真大哥，急需回血，感激不尽！#股票 #股民 #vlgo十亿流量扶持计划,彩虹🌈,7641066778256261553,https://www.douyin.com/video/7641066778256261553,,7641089891062121250,12:51,未纳入,中性,自动映射到抖音视频评论池。,,false
2026-05-18,longge,抖音评论 12:51,贵州燃气,,,,否,video_id=7641066778256261553; video_url=https://www.douyin.com/video/7641066778256261553; creator=阿龙闯大A📈; like=0; reply=4; source_type=comment; yeren_signal_id=; parent_comment_text=,12:51,抖音评论,video,来个真大哥，急需回血，感激不尽！#股票 #股民 #vlgo十亿流量扶持计划,A郗,7641066778256261553,https://www.douyin.com/video/7641066778256261553,,7641089864683307825,12:51,未纳入,中性,自动映射到抖音视频评论池。,,false
2026-05-18,longge,抖音评论 12:51,看看钨,,,,否,video_id=7641066778256261553; video_url=https://www.douyin.com/video/7641066778256261553; creator=阿龙闯大A📈; like=0; reply=0; source_type=comment; yeren_signal_id=; parent_comment_text=,12:51,抖音评论,video,来个真大哥，急需回血，感激不尽！#股票 #股民 #vlgo十亿流量扶持计划,蟹蟹有你,7641066778256261553,https://www.douyin.com/video/7641066778256261553,,7641089819376665393,12:51,未纳入,中性,自动映射到抖音视频评论池。,,false
2026-05-18,longge,抖音评论 12:50,多费多,,,,否,video_id=7641066778256261553; video_url=https://www.douyin.com/video/7641066778256261553; creator=阿龙闯大A📈; like=0; reply=0; source_type=comment; yeren_signal_id=; parent_comment_text=,12:50,抖音评论,video,来个真大哥，急需回血，感激不尽！#股票 #股民 #vlgo十亿流量扶持计划,可乐味的雪碧,7641066778256261553,https://www.douyin.com/video/7641066778256261553,,7641089643648680741,12:50,未纳入,中性,自动映射到抖音视频评论池。,,false
2026-05-18,longge,抖音评论 12:50,共进,,,,否,video_id=7641066778256261553; video_url=https://www.douyin.com/video/7641066778256261553; creator=阿龙闯大A📈; like=0; reply=0; source_type=comment; yeren_signal_id=; parent_comment_text=,12:50,抖音评论,video,来个真大哥，急需回血，感激不尽！#股票 #股民 #vlgo十亿流量扶持计划,爬楼不喘吨师傅,7641066778256261553,https://www.douyin.com/video/7641066778256261553,,7641089628409365248,12:50,未纳入,中性,自动映射到抖音视频评论池。,,false
2026-05-18,longge,抖音评论 12:50,st系列[看],,,,否,video_id=7641066778256261553; video_url=https://www.douyin.com/video/7641066778256261553; creator=阿龙闯大A📈; like=0; reply=0; source_type=comment; yeren_signal_id=; parent_comment_text=,12:50,抖音评论,video,来个真大哥，急需回血，感激不尽！#股票 #股民 #vlgo十亿流量扶持计划,阿雕！,7641066778256261553,https://www.douyin.com/video/7641066778256261553,,7641089577235333898,12:50,未纳入,中性,自动映射到抖音视频评论池。,,false
2026-05-18,longge,抖音评论 12:49,来360,,,,否,video_id=7641066778256261553; video_url=https://www.douyin.com/video/7641066778256261553; creator=阿龙闯大A📈; like=0; reply=0; source_type=comment; yeren_signal_id=; parent_comment_text=,12:49,抖音评论,video,来个真大哥，急需回血，感激不尽！#股票 #股民 #vlgo十亿流量扶持计划,惊吓的古琴,7641066778256261553,https://www.douyin.com/video/7641066778256261553,,7641089459677102863,12:49,未纳入,中性,自动映射到抖音视频评论池。,,false
2026-05-18,longge,抖音评论 12:48,巨力[酷拽],,,,否,video_id=7641066778256261553; video_url=https://www.douyin.com/video/7641066778256261553; creator=阿龙闯大A📈; like=0; reply=3; source_type=comment; yeren_signal_id=; parent_comment_text=,12:48,抖音评论,video,来个真大哥，急需回血，感激不尽！#股票 #股民 #vlgo十亿流量扶持计划,一个坑货,7641066778256261553,https://www.douyin.com/video/7641066778256261553,,7641089187877929769,12:48,未纳入,中性,自动映射到抖音视频评论池。,,false
2026-05-18,longge,抖音评论 12:48,去机器人啊，跟特斯拉有关的。都开始启动了。,,,,否,video_id=7641066778256261553; video_url=https://www.douyin.com/video/7641066778256261553; creator=阿龙闯大A📈; like=0; reply=1; source_type=comment; yeren_signal_id=; parent_comment_text=,12:48,抖音评论,video,来个真大哥，急需回血，感激不尽！#股票 #股民 #vlgo十亿流量扶持计划,Lua,7641066778256261553,https://www.douyin.com/video/7641066778256261553,,7641089122279113518,12:48,未纳入,中性,自动映射到抖音视频评论池。,,false
2026-05-18,longge,抖音评论 12:47,西藏矿业跌13个点了，咋办啊啊啊,西藏矿业(000762),,西藏矿业(000762) 被提及 1 次，有效评论 1 条，来源 1 个，单视频线索，情绪 谨慎，当前判断：偏风险观察。,否,video_id=7641066778256261553; video_url=https://www.douyin.com/video/7641066778256261553; creator=阿龙闯大A📈; like=0; reply=4; source_type=comment; yeren_signal_id=; parent_comment_text=,12:47,抖音评论,video,来个真大哥，急需回血，感激不尽！#股票 #股民 #vlgo十亿流量扶持计划,仲秋仲舒,7641066778256261553,https://www.douyin.com/video/7641066778256261553,,7641088945267573541,12:47,未纳入,谨慎,自动映射到抖音视频评论池。,5.9,false
2026-05-18,longge,抖音评论 12:47,有没有大哥给我解释一下这个中利Jt，他马的一子没有走现在直接两个跌停[尬笑],,,,否,video_id=7641066778256261553; video_url=https://www.douyin.com/video/7641066778256261553; creator=阿龙闯大A📈; like=0; reply=0; source_type=comment; yeren_signal_id=; parent_comment_text=,12:47,抖音评论,video,来个真大哥，急需回血，感激不尽！#股票 #股民 #vlgo十亿流量扶持计划,@失忆中寻梦,7641066778256261553,https://www.douyin.com/video/7641066778256261553,,7641088939797480229,12:47,未纳入,中性,自动映射到抖音视频评论池。,,false
2026-05-18,longge,抖音评论 12:47,我的佛塑科技啊！比你还惨,佛塑科技(000973),,佛塑科技(000973) 被提及 1 次，有效评论 1 条，来源 1 个，单视频线索，情绪 中性，当前判断：保留观察。,待确认,video_id=7641066778256261553; video_url=https://www.douyin.com/video/7641066778256261553; creator=阿龙闯大A📈; like=1; reply=7; source_type=comment; yeren_signal_id=; parent_comment_text=,12:47,抖音评论,video,来个真大哥，急需回血，感激不尽！#股票 #股民 #vlgo十亿流量扶持计划,大海,7641066778256261553,https://www.douyin.com/video/7641066778256261553,,7641088832339493668,12:47,待确认,中性,自动映射到抖音视频评论池。,6.4,false
2026-05-18,longge,抖音评论 12:46,今天进杉杉,,,,否,video_id=7641066778256261553; video_url=https://www.douyin.com/video/7641066778256261553; creator=阿龙闯大A📈; like=0; reply=0; source_type=comment; yeren_signal_id=; parent_comment_text=,12:46,抖音评论,video,来个真大哥，急需回血，感激不尽！#股票 #股民 #vlgo十亿流量扶持计划,🌈R,7641066778256261553,https://www.douyin.com/video/7641066778256261553,,7641088679990526720,12:46,未纳入,中性,自动映射到抖音视频评论池。,,false
2026-05-18,longge,抖音评论 12:46,金福kj,,,,否,video_id=7641066778256261553; video_url=https://www.douyin.com/video/7641066778256261553; creator=阿龙闯大A📈; like=0; reply=0; source_type=comment; yeren_signal_id=; parent_comment_text=,12:46,抖音评论,video,来个真大哥，急需回血，感激不尽！#股票 #股民 #vlgo十亿流量扶持计划,笨小孩🐒,7641066778256261553,https://www.douyin.com/video/7641066778256261553,,7641088679716815674,12:46,未纳入,中性,自动映射到抖音视频评论池。,,false
2026-05-18,longge,抖音评论 12:46,各位大佬共达还能拿吗？,,,,否,video_id=7641066778256261553; video_url=https://www.douyin.com/video/7641066778256261553; creator=阿龙闯大A📈; like=0; reply=0; source_type=comment; yeren_signal_id=; parent_comment_text=,12:46,抖音评论,video,来个真大哥，急需回血，感激不尽！#股票 #股民 #vlgo十亿流量扶持计划,我想当大佬,7641066778256261553,https://www.douyin.com/video/7641066778256261553,,7641088648825963313,12:46,未纳入,中性,自动映射到抖音视频评论池。,,false
2026-05-18,longge,抖音评论 12:46,共达电声还拿吗[捂脸],共达电声(002655),,共达电声(002655) 被提及 2 次，有效评论 2 条，来源 1 个，单视频线索，情绪 看多，当前判断：保留观察。,待确认,video_id=7641066778256261553; video_url=https://www.douyin.com/video/7641066778256261553; creator=阿龙闯大A📈; like=4; reply=3; source_type=comment; yeren_signal_id=; parent_comment_text=,12:46,抖音评论,video,来个真大哥，急需回血，感激不尽！#股票 #股民 #vlgo十亿流量扶持计划,无羡好😃,7641066778256261553,https://www.douyin.com/video/7641066778256261553,,7641088631847912229,12:46,待确认,看多,自动映射到抖音视频评论池。,6.9,false
2026-05-18,longge,抖音评论 12:46,三天时间亏了15个点好难受,,,,否,video_id=7641066778256261553; video_url=https://www.douyin.com/video/7641066778256261553; creator=阿龙闯大A📈; like=0; reply=0; source_type=comment; yeren_signal_id=; parent_comment_text=,12:46,抖音评论,video,来个真大哥，急需回血，感激不尽！#股票 #股民 #vlgo十亿流量扶持计划,Lboy7,7641066778256261553,https://www.douyin.com/video/7641066778256261553,,7641088616509211450,12:46,未纳入,中性,自动映射到抖音视频评论池。,,false
2026-05-18,longge,抖音评论 12:46,好票不能说 说出来都进来了 还怎么吃肉呢  能说的都是情绪票 或者周期主线,,,,否,video_id=7641066778256261553; video_url=https://www.douyin.com/video/7641066778256261553; creator=阿龙闯大A📈; like=0; reply=0; source_type=comment; yeren_signal_id=; parent_comment_text=,12:46,抖音评论,video,来个真大哥，急需回血，感激不尽！#股票 #股民 #vlgo十亿流量扶持计划,干脆就叫第一评论员,7641066778256261553,https://www.douyin.com/video/7641066778256261553,,7641088601446548239,12:46,未纳入,中性,自动映射到抖音视频评论池。,,false
2026-05-18,longge,抖音评论 12:46,心气都亏没了真不适合这个市场。满仓25个点 去哪那挨打。看下那个大哥能救下[感谢][感谢][感谢],,,,否,video_id=7641066778256261553; video_url=https://www.douyin.com/video/7641066778256261553; creator=阿龙闯大A📈; like=0; reply=0; source_type=comment; yeren_signal_id=; parent_comment_text=,12:46,抖音评论,video,来个真大哥，急需回血，感激不尽！#股票 #股民 #vlgo十亿流量扶持计划,一程山水@,7641066778256261553,https://www.douyin.com/video/7641066778256261553,,7641088586855351040,12:46,未纳入,中性,自动映射到抖音视频评论池。,,false
2026-05-18,longge,抖音评论 12:46,青山咋看？,,,,否,video_id=7641066778256261553; video_url=https://www.douyin.com/video/7641066778256261553; creator=阿龙闯大A📈; like=0; reply=0; source_type=comment; yeren_signal_id=; parent_comment_text=,12:46,抖音评论,video,来个真大哥，急需回血，感激不尽！#股票 #股民 #vlgo十亿流量扶持计划,丑八怪,7641066778256261553,https://www.douyin.com/video/7641066778256261553,,7641088553582330661,12:46,未纳入,中性,自动映射到抖音视频评论池。,,false
2026-05-18,longge,抖音评论 12:45,大佬风华看到多少？有一点,,,,否,video_id=7641066778256261553; video_url=https://www.douyin.com/video/7641066778256261553; creator=阿龙闯大A📈; like=0; reply=0; source_type=comment; yeren_signal_id=; parent_comment_text=,12:45,抖音评论,video,来个真大哥，急需回血，感激不尽！#股票 #股民 #vlgo十亿流量扶持计划,萍水相逢,7641066778256261553,https://www.douyin.com/video/7641066778256261553,,7641088372686275365,12:45,未纳入,中性,自动映射到抖音视频评论池。,,false
2026-05-18,longge,抖音评论 12:45,金螳螂上,,,,否,video_id=7641066778256261553; video_url=https://www.douyin.com/video/7641066778256261553; creator=阿龙闯大A📈; like=0; reply=0; source_type=comment; yeren_signal_id=; parent_comment_text=,12:45,抖音评论,video,来个真大哥，急需回血，感激不尽！#股票 #股民 #vlgo十亿流量扶持计划,DY骗子多,7641066778256261553,https://www.douyin.com/video/7641066778256261553,,7641088346353107749,12:45,未纳入,中性,自动映射到抖音视频评论池。,,false
2026-05-18,longge,抖音评论 12:45,西部材料，这一波至少500个亿,西部材料(002149),,西部材料(002149) 被提及 1 次，有效评论 1 条，来源 1 个，单视频线索，情绪 中性，当前判断：保留观察。,待确认,video_id=7641066778256261553; video_url=https://www.douyin.com/video/7641066778256261553; creator=阿龙闯大A📈; like=2; reply=5; source_type=comment; yeren_signal_id=; parent_comment_text=,12:45,抖音评论,video,来个真大哥，急需回血，感激不尽！#股票 #股民 #vlgo十亿流量扶持计划,一池春水,7641066778256261553,https://www.douyin.com/video/7641066778256261553,,7641088269819773711,12:45,待确认,中性,自动映射到抖音视频评论池。,6.4,false
2026-05-18,longge,抖音评论 12:44,华盛昌，至少还有两个板的空间,华盛昌(002980),,华盛昌(002980) 被提及 3 次，有效评论 3 条，来源 1 个，单视频线索，情绪 中性，当前判断：保留观察。,待确认,video_id=7641066778256261553; video_url=https://www.douyin.com/video/7641066778256261553; creator=阿龙闯大A📈; like=2; reply=4; source_type=comment; yeren_signal_id=; parent_comment_text=,12:44,抖音评论,video,来个真大哥，急需回血，感激不尽！#股票 #股民 #vlgo十亿流量扶持计划,你猜,7641066778256261553,https://www.douyin.com/video/7641066778256261553,,7641088228976214841,12:44,待确认,中性,自动映射到抖音视频评论池。,7.2,false
2026-05-18,longge,抖音评论 12:43,深科技,,,,否,video_id=7641066778256261553; video_url=https://www.douyin.com/video/7641066778256261553; creator=阿龙闯大A📈; like=0; reply=0; source_type=comment; yeren_signal_id=; parent_comment_text=,12:43,抖音评论,video,来个真大哥，急需回血，感激不尽！#股票 #股民 #vlgo十亿流量扶持计划,kik,7641066778256261553,https://www.douyin.com/video/7641066778256261553,,7641087939913663290,12:43,未纳入,中性,自动映射到抖音视频评论池。,,false
2026-05-18,longge,抖音评论 12:43,中体还有希望么[尬笑],,,,否,video_id=7641066778256261553; video_url=https://www.douyin.com/video/7641066778256261553; creator=阿龙闯大A📈; like=0; reply=2; source_type=comment; yeren_signal_id=; parent_comment_text=,12:43,抖音评论,video,来个真大哥，急需回血，感激不尽！#股票 #股民 #vlgo十亿流量扶持计划,木槿开成万花町•,7641066778256261553,https://www.douyin.com/video/7641066778256261553,,7641087810921169713,12:43,未纳入,中性,自动映射到抖音视频评论池。,,false
2026-05-18,longge,抖音评论 12:42,可能明天还要跌呢，周三再看吧,,,,否,video_id=7641066778256261553; video_url=https://www.douyin.com/video/7641066778256261553; creator=阿龙闯大A📈; like=0; reply=0; source_type=comment; yeren_signal_id=; parent_comment_text=,12:42,抖音评论,video,来个真大哥，急需回血，感激不尽！#股票 #股民 #vlgo十亿流量扶持计划,友情天,7641066778256261553,https://www.douyin.com/video/7641066778256261553,,7641087685696799497,12:42,未纳入,中性,自动映射到抖音视频评论池。,,false
2026-05-18,longge,抖音评论 12:42,15.9的方正电机能行吗,方正电机(002196),,方正电机(002196) 被提及 2 次，有效评论 2 条，来源 1 个，单视频线索，情绪 中性，当前判断：保留观察。,待确认,video_id=7641066778256261553; video_url=https://www.douyin.com/video/7641066778256261553; creator=阿龙闯大A📈; like=0; reply=2; source_type=comment; yeren_signal_id=; parent_comment_text=,12:42,抖音评论,video,来个真大哥，急需回血，感激不尽！#股票 #股民 #vlgo十亿流量扶持计划,花椒油,7641066778256261553,https://www.douyin.com/video/7641066778256261553,,7641087628016567099,12:42,待确认,中性,自动映射到抖音视频评论池。,6.9,false
2026-05-18,longge,抖音评论 12:42,有没有哪位大佬拉一下大连热电，我重仓全仓在里面，也让我感受一下5连板7连板的刺激[比心],大连热电(600719),,大连热电(600719) 被提及 2 次，有效评论 2 条，来源 1 个，单视频线索，情绪 谨慎，当前判断：偏风险观察。,否,video_id=7641066778256261553; video_url=https://www.douyin.com/video/7641066778256261553; creator=阿龙闯大A📈; like=0; reply=0; source_type=comment; yeren_signal_id=; parent_comment_text=,12:42,抖音评论,video,来个真大哥，急需回血，感激不尽！#股票 #股民 #vlgo十亿流量扶持计划,孙倩倩,7641066778256261553,https://www.douyin.com/video/7641066778256261553,,7641087604318798630,12:42,未纳入,谨慎,自动映射到抖音视频评论池。,6.3,false
2026-05-18,longge,抖音评论 12:42,兆易创新，拿了快一个月了，感觉还没走完。今天下午回调，或者明天回调。我接着买回来。,兆易创新(603986),,兆易创新(603986) 被提及 1 次，有效评论 1 条，来源 1 个，单视频线索，情绪 中性，当前判断：保留观察。,待确认,video_id=7641066778256261553; video_url=https://www.douyin.com/video/7641066778256261553; creator=阿龙闯大A📈; like=0; reply=0; source_type=comment; yeren_signal_id=; parent_comment_text=,12:42,抖音评论,video,来个真大哥，急需回血，感激不尽！#股票 #股民 #vlgo十亿流量扶持计划,人生,7641066778256261553,https://www.douyin.com/video/7641066778256261553,,7641087580121023272,12:42,待确认,中性,自动映射到抖音视频评论池。,6.4,false
2026-05-18,longge,抖音评论 12:42,后面两个今天都割了[热化了],,,,否,video_id=7641066778256261553; video_url=https://www.douyin.com/video/7641066778256261553; creator=阿龙闯大A📈; like=0; reply=0; source_type=comment; yeren_signal_id=; parent_comment_text=,12:42,抖音评论,video,来个真大哥，急需回血，感激不尽！#股票 #股民 #vlgo十亿流量扶持计划,啵⍤⃝一个桃,7641066778256261553,https://www.douyin.com/video/7641066778256261553,,7641087545905234737,12:42,未纳入,中性,自动映射到抖音视频评论池。,,false
2026-05-18,longge,抖音评论 12:41,来大哥拉下苏州高新,苏州高新(600736),,苏州高新(600736) 被提及 2 次，有效评论 2 条，来源 1 个，单视频线索，情绪 谨慎，当前判断：偏风险观察。,否,video_id=7641066778256261553; video_url=https://www.douyin.com/video/7641066778256261553; creator=阿龙闯大A📈; like=0; reply=0; source_type=comment; yeren_signal_id=; parent_comment_text=,12:41,抖音评论,video,来个真大哥，急需回血，感激不尽！#股票 #股民 #vlgo十亿流量扶持计划,德州娱乐,7641066778256261553,https://www.douyin.com/video/7641066778256261553,,7641087328367428401,12:41,未纳入,谨慎,自动映射到抖音视频评论池。,6.3,false
2026-05-18,longge,抖音评论 12:40,依旧润建,,,,否,video_id=7641066778256261553; video_url=https://www.douyin.com/video/7641066778256261553; creator=阿龙闯大A📈; like=0; reply=0; source_type=comment; yeren_signal_id=; parent_comment_text=,12:40,抖音评论,video,来个真大哥，急需回血，感激不尽！#股票 #股民 #vlgo十亿流量扶持计划,不识相,7641066778256261553,https://www.douyin.com/video/7641066778256261553,,7641087231817876273,12:40,未纳入,中性,自动映射到抖音视频评论池。,,false
2026-05-18,longge,抖音评论 12:40,海星股份差不多天天涨。,海星股份(603115),,海星股份(603115) 被提及 1 次，有效评论 1 条，来源 1 个，单视频线索，情绪 中性，当前判断：保留观察。,待确认,video_id=7641066778256261553; video_url=https://www.douyin.com/video/7641066778256261553; creator=阿龙闯大A📈; like=0; reply=0; source_type=comment; yeren_signal_id=; parent_comment_text=,12:40,抖音评论,video,来个真大哥，急需回血，感激不尽！#股票 #股民 #vlgo十亿流量扶持计划,🌈奋斗🌈,7641066778256261553,https://www.douyin.com/video/7641066778256261553,,7641087223249093413,12:40,待确认,中性,自动映射到抖音视频评论池。,6.4,false
2026-05-18,longge,抖音评论 12:40,[泣不成声]北方稀土还能拿么,北方稀土(600111),,北方稀土(600111) 被提及 1 次，有效评论 1 条，来源 1 个，单视频线索，情绪 中性，当前判断：保留观察。,待确认,video_id=7641066778256261553; video_url=https://www.douyin.com/video/7641066778256261553; creator=阿龙闯大A📈; like=0; reply=0; source_type=comment; yeren_signal_id=; parent_comment_text=,12:40,抖音评论,video,来个真大哥，急需回血，感激不尽！#股票 #股民 #vlgo十亿流量扶持计划,🌈东北小喷菇,7641066778256261553,https://www.douyin.com/video/7641066778256261553,,7641087151996683057,12:40,待确认,中性,自动映射到抖音视频评论池。,6.4,false
2026-05-18,longge,抖音评论 12:40,新能泰山[捂脸]我一个多月前从评论区捡的这个票，买完就一路跌，然后我就一路补，等了一个月好歹起来了，吃了三个涨停抓紧跑了[泣不成声],新能泰山(000720),电网设备;电力,新能泰山(000720) 被提及 3 次，有效评论 3 条，来源 1 个，单视频线索，情绪 中性，当前判断：已进入推荐候选。,是,video_id=7641066778256261553; video_url=https://www.douyin.com/video/7641066778256261553; creator=阿龙闯大A📈; like=1; reply=0; source_type=comment; yeren_signal_id=; parent_comment_text=,12:40,抖音评论,video,来个真大哥，急需回血，感激不尽！#股票 #股民 #vlgo十亿流量扶持计划,奶油糕糕.cc,7641066778256261553,https://www.douyin.com/video/7641066778256261553,,7641087151245689649,12:40,已纳入,中性,自动映射到抖音视频评论池。,8.1,true
2026-05-18,longge,抖音评论 12:40,通威不破新低是买点,,,,否,video_id=7641066778256261553; video_url=https://www.douyin.com/video/7641066778256261553; creator=阿龙闯大A📈; like=0; reply=0; source_type=comment; yeren_signal_id=; parent_comment_text=,12:40,抖音评论,video,来个真大哥，急需回血，感激不尽！#股票 #股民 #vlgo十亿流量扶持计划,牟丹枫,7641066778256261553,https://www.douyin.com/video/7641066778256261553,,7641087142240830257,12:40,未纳入,中性,自动映射到抖音视频评论池。,,false
2026-05-18,longge,抖音评论 12:40,下午进绿色动力，直接飞起,绿色动力(601330),,绿色动力(601330) 被提及 7 次，有效评论 7 条，来源 2 个，跨来源共振，情绪 中性，当前判断：保留观察。,待确认,video_id=7641066778256261553; video_url=https://www.douyin.com/video/7641066778256261553; creator=阿龙闯大A📈; like=19; reply=32; source_type=comment; yeren_signal_id=; parent_comment_text=,12:40,抖音评论,video,来个真大哥，急需回血，感激不尽！#股票 #股民 #vlgo十亿流量扶持计划,小鹿斑比,7641066778256261553,https://www.douyin.com/video/7641066778256261553,,7641087002607387449,12:40,待确认,中性,自动映射到抖音视频评论池。,9.5,false
2026-05-18,longge,抖音评论 12:39,两三天八九个点算啥样，我造个天地板,,,,否,video_id=7641066778256261553; video_url=https://www.douyin.com/video/7641066778256261553; creator=阿龙闯大A📈; like=0; reply=1; source_type=comment; yeren_signal_id=; parent_comment_text=,12:39,抖音评论,video,来个真大哥，急需回血，感激不尽！#股票 #股民 #vlgo十亿流量扶持计划,生活如此多焦,7641066778256261553,https://www.douyin.com/video/7641066778256261553,,7641086907561280314,12:39,未纳入,中性,自动映射到抖音视频评论池。,,false
2026-05-18,longge,抖音评论 12:39,海鸥,,,,否,video_id=7641066778256261553; video_url=https://www.douyin.com/video/7641066778256261553; creator=阿龙闯大A📈; like=0; reply=0; source_type=comment; yeren_signal_id=; parent_comment_text=,12:39,抖音评论,video,来个真大哥，急需回血，感激不尽！#股票 #股民 #vlgo十亿流量扶持计划,断了线的风筝,7641066778256261553,https://www.douyin.com/video/7641066778256261553,,7641086818247410469,12:39,未纳入,中性,自动映射到抖音视频评论池。,,false
2026-05-18,longge,抖音评论 12:38,002254,泰和新材(002254),,泰和新材(002254) 被提及 1 次，有效评论 1 条，来源 1 个，单视频线索，情绪 中性，当前判断：保留观察。,待确认,video_id=7641066778256261553; video_url=https://www.douyin.com/video/7641066778256261553; creator=阿龙闯大A📈; like=0; reply=0; source_type=comment; yeren_signal_id=; parent_comment_text=,12:38,抖音评论,video,来个真大哥，急需回血，感激不尽！#股票 #股民 #vlgo十亿流量扶持计划,是路遥。,7641066778256261553,https://www.douyin.com/video/7641066778256261553,,7641086672180577073,12:38,待确认,中性,自动映射到抖音视频评论池。,6.4,false
2026-05-18,longge,抖音评论 12:38,粤咋办[捂脸]今天天地板啊,,,,否,video_id=7641066778256261553; video_url=https://www.douyin.com/video/7641066778256261553; creator=阿龙闯大A📈; like=0; reply=1; source_type=comment; yeren_signal_id=; parent_comment_text=,12:38,抖音评论,video,来个真大哥，急需回血，感激不尽！#股票 #股民 #vlgo十亿流量扶持计划,宋大暖,7641066778256261553,https://www.douyin.com/video/7641066778256261553,,7641086518215721785,12:38,未纳入,中性,自动映射到抖音视频评论池。,,false
2026-05-18,longge,抖音评论 12:38,哈哈哈哈哈,,,,否,video_id=7641066778256261553; video_url=https://www.douyin.com/video/7641066778256261553; creator=阿龙闯大A📈; like=0; reply=0; source_type=comment; yeren_signal_id=; parent_comment_text=,12:38,抖音评论,video,来个真大哥，急需回血，感激不尽！#股票 #股民 #vlgo十亿流量扶持计划,无所谓,7641066778256261553,https://www.douyin.com/video/7641066778256261553,,7641086498545599269,12:38,未纳入,中性,自动映射到抖音视频评论池。,,false
2026-05-18,longge,抖音评论 12:37,有大佬告诉我太极能拿多久吗[感谢],,,,否,video_id=7641066778256261553; video_url=https://www.douyin.com/video/7641066778256261553; creator=阿龙闯大A📈; like=0; reply=3; source_type=comment; yeren_signal_id=; parent_comment_text=,12:37,抖音评论,video,来个真大哥，急需回血，感激不尽！#股票 #股民 #vlgo十亿流量扶持计划,浩,7641066778256261553,https://www.douyin.com/video/7641066778256261553,,7641086398921343759,12:37,未纳入,中性,自动映射到抖音视频评论池。,,false
2026-05-18,longge,抖音评论 12:36,行情好都是大哥，行情不好都原形毕露[捂脸],,,,否,video_id=7641066778256261553; video_url=https://www.douyin.com/video/7641066778256261553; creator=阿龙闯大A📈; like=0; reply=0; source_type=comment; yeren_signal_id=; parent_comment_text=,12:36,抖音评论,video,来个真大哥，急需回血，感激不尽！#股票 #股民 #vlgo十亿流量扶持计划,🌈随心就好,7641066778256261553,https://www.douyin.com/video/7641066778256261553,,7641086170747142949,12:36,未纳入,中性,自动映射到抖音视频评论池。,,false
2026-05-18,longge,抖音评论 12:36,同友,,,,否,video_id=7641066778256261553; video_url=https://www.douyin.com/video/7641066778256261553; creator=阿龙闯大A📈; like=0; reply=0; source_type=comment; yeren_signal_id=; parent_comment_text=,12:36,抖音评论,video,来个真大哥，急需回血，感激不尽！#股票 #股民 #vlgo十亿流量扶持计划,炎坤,7641066778256261553,https://www.douyin.com/video/7641066778256261553,,7641086133901017894,12:36,未纳入,中性,自动映射到抖音视频评论池。,,false
2026-05-18,longge,抖音评论 12:36,同友,,,,否,video_id=7641066778256261553; video_url=https://www.douyin.com/video/7641066778256261553; creator=阿龙闯大A📈; like=0; reply=0; source_type=comment; yeren_signal_id=; parent_comment_text=,12:36,抖音评论,video,来个真大哥，急需回血，感激不尽！#股票 #股民 #vlgo十亿流量扶持计划,炎坤,7641066778256261553,https://www.douyin.com/video/7641066778256261553,,7641086133901017894,12:36,未纳入,中性,自动映射到抖音视频评论池。,,false
2026-05-18,longge,抖音评论 12:36,山子 跌了几个月这两天突然放量刚好赶上物理AI风口  这两天就是买点  个人看法仅供参考,,,,否,video_id=7641066778256261553; video_url=https://www.douyin.com/video/7641066778256261553; creator=阿龙闯大A📈; like=0; reply=5; source_type=comment; yeren_signal_id=; parent_comment_text=,12:36,抖音评论,video,来个真大哥，急需回血，感激不尽！#股票 #股民 #vlgo十亿流量扶持计划,***,7641066778256261553,https://www.douyin.com/video/7641066778256261553,,7641086134009299761,12:36,未纳入,中性,自动映射到抖音视频评论池。,,false
2026-05-18,longge,抖音评论 12:36,盈新fz,,,,否,video_id=7641066778256261553; video_url=https://www.douyin.com/video/7641066778256261553; creator=阿龙闯大A📈; like=0; reply=0; source_type=comment; yeren_signal_id=; parent_comment_text=,12:36,抖音评论,video,来个真大哥，急需回血，感激不尽！#股票 #股民 #vlgo十亿流量扶持计划,守得云开见月明,7641066778256261553,https://www.douyin.com/video/7641066778256261553,,7641086111700796209,12:36,未纳入,中性,自动映射到抖音视频评论池。,,false
2026-05-18,longge,抖音评论 12:36,002418,康盛股份(002418),,康盛股份(002418) 被提及 1 次，有效评论 1 条，来源 1 个，单视频线索，情绪 中性，当前判断：保留观察。,待确认,video_id=7641066778256261553; video_url=https://www.douyin.com/video/7641066778256261553; creator=阿龙闯大A📈; like=0; reply=1; source_type=comment; yeren_signal_id=; parent_comment_text=,12:36,抖音评论,video,来个真大哥，急需回血，感激不尽！#股票 #股民 #vlgo十亿流量扶持计划,南漂,7641066778256261553,https://www.douyin.com/video/7641066778256261553,,7641086106507051816,12:36,待确认,中性,自动映射到抖音视频评论池。,6.4,false
2026-05-18,longge,抖音评论 12:36,万向钱潮能入吗,万向钱潮(000559),,万向钱潮(000559) 被提及 3 次，有效评论 3 条，来源 1 个，单视频线索，情绪 谨慎，当前判断：已进入推荐候选。,是,video_id=7641066778256261553; video_url=https://www.douyin.com/video/7641066778256261553; creator=阿龙闯大A📈; like=1; reply=5; source_type=comment; yeren_signal_id=; parent_comment_text=,12:36,抖音评论,video,来个真大哥，急需回血，感激不尽！#股票 #股民 #vlgo十亿流量扶持计划,爱哭鼻子的小孩,7641066778256261553,https://www.douyin.com/video/7641066778256261553,,7641086091508122378,12:36,已纳入,谨慎,自动映射到抖音视频评论池。,7.5,true
2026-05-18,longge,抖音评论 12:36,说锂电池锂电，说赣锋锂业，江特电机，那个货咋不敢出来了？,赣锋锂业(002460),,赣锋锂业(002460) 被提及 2 次，有效评论 2 条，来源 1 个，单视频线索，情绪 中性，当前判断：保留观察。,待确认,video_id=7641066778256261553; video_url=https://www.douyin.com/video/7641066778256261553; creator=阿龙闯大A📈; like=1; reply=12; source_type=comment; yeren_signal_id=; parent_comment_text=,12:36,抖音评论,video,来个真大哥，急需回血，感激不尽！#股票 #股民 #vlgo十亿流量扶持计划,大橙子红了🍊,7641066778256261553,https://www.douyin.com/video/7641066778256261553,,7641086073670419259,12:36,待确认,中性,自动映射到抖音视频评论池。,6.9,false
2026-05-18,longge,抖音评论 12:36,汉缆哪个大哥给看看,,,,否,video_id=7641066778256261553; video_url=https://www.douyin.com/video/7641066778256261553; creator=阿龙闯大A📈; like=0; reply=0; source_type=comment; yeren_signal_id=; parent_comment_text=,12:36,抖音评论,video,来个真大哥，急需回血，感激不尽！#股票 #股民 #vlgo十亿流量扶持计划,山上的猴子屁股我最红,7641066778256261553,https://www.douyin.com/video/7641066778256261553,,7641085975540925219,12:36,未纳入,中性,自动映射到抖音视频评论池。,,false
2026-05-18,longge,抖音评论 12:35,蓝思拿三天[机智][机智],,,,否,video_id=7641066778256261553; video_url=https://www.douyin.com/video/7641066778256261553; creator=阿龙闯大A📈; like=0; reply=3; source_type=comment; yeren_signal_id=; parent_comment_text=,12:35,抖音评论,video,来个真大哥，急需回血，感激不尽！#股票 #股民 #vlgo十亿流量扶持计划,精棒子@@,7641066778256261553,https://www.douyin.com/video/7641066778256261553,,7641085797035016997,12:35,未纳入,中性,自动映射到抖音视频评论池。,,false
2026-05-18,longge,抖音评论 12:34,大唐，主力没走，不要怕,,,,否,video_id=7641066778256261553; video_url=https://www.douyin.com/video/7641066778256261553; creator=阿龙闯大A📈; like=1; reply=2; source_type=comment; yeren_signal_id=; parent_comment_text=,12:34,抖音评论,video,来个真大哥，急需回血，感激不尽！#股票 #股民 #vlgo十亿流量扶持计划,烽火战国,7641066778256261553,https://www.douyin.com/video/7641066778256261553,,7641085662322524987,12:34,未纳入,中性,自动映射到抖音视频评论池。,,false
2026-05-18,longge,抖音评论 12:34,下午来长城,,,,否,video_id=7641066778256261553; video_url=https://www.douyin.com/video/7641066778256261553; creator=阿龙闯大A📈; like=1; reply=4; source_type=comment; yeren_signal_id=; parent_comment_text=,12:34,抖音评论,video,来个真大哥，急需回血，感激不尽！#股票 #股民 #vlgo十亿流量扶持计划,吕。,7641066778256261553,https://www.douyin.com/video/7641066778256261553,,7641085649802642235,12:34,未纳入,中性,自动映射到抖音视频评论池。,,false
2026-05-18,longge,抖音评论 12:33,新泉拿到100,,,,否,video_id=7641066778256261553; video_url=https://www.douyin.com/video/7641066778256261553; creator=阿龙闯大A📈; like=0; reply=0; source_type=comment; yeren_signal_id=; parent_comment_text=,12:33,抖音评论,video,来个真大哥，急需回血，感激不尽！#股票 #股民 #vlgo十亿流量扶持计划,广河县凯米特铝材,7641066778256261553,https://www.douyin.com/video/7641066778256261553,,7641085394952831794,12:33,未纳入,中性,自动映射到抖音视频评论池。,,false
2026-05-18,longge,抖音评论 12:33,天奇咋样,,,,否,video_id=7641066778256261553; video_url=https://www.douyin.com/video/7641066778256261553; creator=阿龙闯大A📈; like=0; reply=0; source_type=comment; yeren_signal_id=; parent_comment_text=,12:33,抖音评论,video,来个真大哥，急需回血，感激不尽！#股票 #股民 #vlgo十亿流量扶持计划,漠妄,7641066778256261553,https://www.douyin.com/video/7641066778256261553,,7641085369807307557,12:33,未纳入,中性,自动映射到抖音视频评论池。,,false
2026-05-18,longge,抖音评论 12:33,哪位大佬能说说浪潮xx怎么样，还能拿吗？[泪奔],,,,否,video_id=7641066778256261553; video_url=https://www.douyin.com/video/7641066778256261553; creator=阿龙闯大A📈; like=0; reply=0; source_type=comment; yeren_signal_id=; parent_comment_text=,12:33,抖音评论,video,来个真大哥，急需回血，感激不尽！#股票 #股民 #vlgo十亿流量扶持计划,海婗,7641066778256261553,https://www.douyin.com/video/7641066778256261553,,7641085344092291875,12:33,未纳入,中性,自动映射到抖音视频评论池。,,false
2026-05-18,longge,抖音评论 12:33,信维通信[捂脸],信维通信(300136),消费电子;射频,信维通信(300136) 被提及 2 次，有效评论 2 条，来源 2 个，跨来源共振，情绪 中性，当前判断：保留观察。,待确认,video_id=7641066778256261553; video_url=https://www.douyin.com/video/7641066778256261553; creator=阿龙闯大A📈; like=0; reply=0; source_type=comment; yeren_signal_id=; parent_comment_text=,12:33,抖音评论,video,来个真大哥，急需回血，感激不尽！#股票 #股民 #vlgo十亿流量扶持计划,宁波联路黄金奢品,7641066778256261553,https://www.douyin.com/video/7641066778256261553,,7641085322688807739,12:33,待确认,中性,自动映射到抖音视频评论池。,7.6,false
2026-05-18,longge,抖音评论 12:32,长电 KJ 拿住 不破 55 就拿住了 坐等新高,,,,否,video_id=7641066778256261553; video_url=https://www.douyin.com/video/7641066778256261553; creator=阿龙闯大A📈; like=2; reply=3; source_type=comment; yeren_signal_id=; parent_comment_text=,12:32,抖音评论,video,来个真大哥，急需回血，感激不尽！#股票 #股民 #vlgo十亿流量扶持计划,逆境重生中的迪迦,7641066778256261553,https://www.douyin.com/video/7641066778256261553,,7641085038633665330,12:32,未纳入,中性,自动映射到抖音视频评论池。,,false
2026-05-18,longge,抖音评论 12:32,协鑫集成还能拿不,协鑫集成(002506),,协鑫集成(002506) 被提及 2 次，有效评论 2 条，来源 2 个，跨来源共振，情绪 谨慎，当前判断：偏风险观察。,否,video_id=7641066778256261553; video_url=https://www.douyin.com/video/7641066778256261553; creator=阿龙闯大A📈; like=0; reply=18; source_type=comment; yeren_signal_id=; parent_comment_text=,12:32,抖音评论,video,来个真大哥，急需回血，感激不尽！#股票 #股民 #vlgo十亿流量扶持计划,咔啦米,7641066778256261553,https://www.douyin.com/video/7641066778256261553,,7641085042324931377,12:32,未纳入,谨慎,自动映射到抖音视频评论池。,7.0,false
2026-05-18,longge,抖音评论 12:31,我左手巨力索具右手闻泰科技，怎么输？,巨力索具(002342),,巨力索具(002342) 被提及 3 次，有效评论 3 条，来源 2 个，跨来源共振，情绪 看多，当前判断：保留观察。,待确认,video_id=7641066778256261553; video_url=https://www.douyin.com/video/7641066778256261553; creator=阿龙闯大A📈; like=1; reply=2; source_type=comment; yeren_signal_id=; parent_comment_text=,12:31,抖音评论,video,来个真大哥，急需回血，感激不尽！#股票 #股民 #vlgo十亿流量扶持计划,小t,7641066778256261553,https://www.douyin.com/video/7641066778256261553,,7641084751508702009,12:31,待确认,看多,自动映射到抖音视频评论池。,8.0,false
2026-05-18,longge,抖音评论 12:31,福达拿着,,,,否,video_id=7641066778256261553; video_url=https://www.douyin.com/video/7641066778256261553; creator=阿龙闯大A📈; like=0; reply=0; source_type=comment; yeren_signal_id=; parent_comment_text=,12:31,抖音评论,video,来个真大哥，急需回血，感激不尽！#股票 #股民 #vlgo十亿流量扶持计划,m,7641066778256261553,https://www.douyin.com/video/7641066778256261553,,7641084709807784761,12:31,未纳入,中性,自动映射到抖音视频评论池。,,false
2026-05-18,longge,抖音评论 12:31,[杀马特]你不行啊，你今天开盘进粤传媒，让你一上午亏20个点,,,,否,video_id=7641066778256261553; video_url=https://www.douyin.com/video/7641066778256261553; creator=阿龙闯大A📈; like=0; reply=0; source_type=comment; yeren_signal_id=; parent_comment_text=,12:31,抖音评论,video,来个真大哥，急需回血，感激不尽！#股票 #股民 #vlgo十亿流量扶持计划,w神,7641066778256261553,https://www.douyin.com/video/7641066778256261553,,7641084686127612707,12:31,未纳入,中性,自动映射到抖音视频评论池。,,false
2026-05-18,longge,抖音评论 12:30,圣阳怎么说 有大佬知道不,,,,否,video_id=7641066778256261553; video_url=https://www.douyin.com/video/7641066778256261553; creator=阿龙闯大A📈; like=0; reply=3; source_type=comment; yeren_signal_id=; parent_comment_text=,12:30,抖音评论,video,来个真大哥，急需回血，感激不尽！#股票 #股民 #vlgo十亿流量扶持计划,X,7641066778256261553,https://www.douyin.com/video/7641066778256261553,,7641084581689475889,12:30,未纳入,中性,自动映射到抖音视频评论池。,,false
2026-05-18,longge,抖音评论 12:30,天津药业20个点[杀马特],,,,否,video_id=7641066778256261553; video_url=https://www.douyin.com/video/7641066778256261553; creator=阿龙闯大A📈; like=0; reply=2; source_type=comment; yeren_signal_id=; parent_comment_text=,12:30,抖音评论,video,来个真大哥，急需回血，感激不尽！#股票 #股民 #vlgo十亿流量扶持计划,白天天天不上班,7641066778256261553,https://www.douyin.com/video/7641066778256261553,,7641084534917989154,12:30,未纳入,中性,自动映射到抖音视频评论池。,,false
2026-05-18,longge,抖音评论 12:30,有没有从巨力排单出来的[杀马特],,,,否,video_id=7641066778256261553; video_url=https://www.douyin.com/video/7641066778256261553; creator=阿龙闯大A📈; like=0; reply=0; source_type=comment; yeren_signal_id=; parent_comment_text=,12:30,抖音评论,video,来个真大哥，急需回血，感激不尽！#股票 #股民 #vlgo十亿流量扶持计划,@^O^,7641066778256261553,https://www.douyin.com/video/7641066778256261553,,7641084502224044826,12:30,未纳入,中性,自动映射到抖音视频评论池。,,false
2026-05-18,longge,抖音评论 12:30,巨轮智能翻倍[呲牙][呲牙]干,巨轮智能(002031),,巨轮智能(002031) 被提及 3 次，有效评论 3 条，来源 2 个，跨来源共振，情绪 中性，当前判断：保留观察。,待确认,video_id=7641066778256261553; video_url=https://www.douyin.com/video/7641066778256261553; creator=阿龙闯大A📈; like=0; reply=0; source_type=comment; yeren_signal_id=; parent_comment_text=,12:30,抖音评论,video,来个真大哥，急需回血，感激不尽！#股票 #股民 #vlgo十亿流量扶持计划,拾色效果图表现,7641066778256261553,https://www.douyin.com/video/7641066778256261553,,7641084499662127915,12:30,待确认,中性,自动映射到抖音视频评论池。,8.0,false
2026-05-18,longge,抖音评论 12:30,圣阳咋整,,,,否,video_id=7641066778256261553; video_url=https://www.douyin.com/video/7641066778256261553; creator=阿龙闯大A📈; like=0; reply=0; source_type=comment; yeren_signal_id=; parent_comment_text=,12:30,抖音评论,video,来个真大哥，急需回血，感激不尽！#股票 #股民 #vlgo十亿流量扶持计划,Turboo,7641066778256261553,https://www.douyin.com/video/7641066778256261553,,7641084493658784549,12:30,未纳入,中性,自动映射到抖音视频评论池。,,false
2026-05-18,longge,抖音评论 12:30,拿住江化微 行情没有结束,江化微(603078),,江化微(603078) 被提及 2 次，有效评论 2 条，来源 1 个，单视频线索，情绪 看多，当前判断：保留观察。,待确认,video_id=7641066778256261553; video_url=https://www.douyin.com/video/7641066778256261553; creator=阿龙闯大A📈; like=0; reply=0; source_type=comment; yeren_signal_id=; parent_comment_text=,12:30,抖音评论,video,来个真大哥，急需回血，感激不尽！#股票 #股民 #vlgo十亿流量扶持计划,暗夜,7641066778256261553,https://www.douyin.com/video/7641066778256261553,,7641084456422556465,12:30,待确认,看多,自动映射到抖音视频评论池。,6.9,false
2026-05-18,longge,抖音评论 12:30,长电,,,,否,video_id=7641066778256261553; video_url=https://www.douyin.com/video/7641066778256261553; creator=阿龙闯大A📈; like=0; reply=0; source_type=comment; yeren_signal_id=; parent_comment_text=,12:30,抖音评论,video,来个真大哥，急需回血，感激不尽！#股票 #股民 #vlgo十亿流量扶持计划,千秋一梦,7641066778256261553,https://www.douyin.com/video/7641066778256261553,,7641084453926716223,12:30,未纳入,中性,自动映射到抖音视频评论池。,,false
2026-05-18,longge,抖音评论 12:30,现在入洲际决定[赞],,,,否,video_id=7641066778256261553; video_url=https://www.douyin.com/video/7641066778256261553; creator=阿龙闯大A📈; like=0; reply=0; source_type=comment; yeren_signal_id=; parent_comment_text=,12:30,抖音评论,video,来个真大哥，急需回血，感激不尽！#股票 #股民 #vlgo十亿流量扶持计划,lishy,7641066778256261553,https://www.douyin.com/video/7641066778256261553,,7641084416073532160,12:30,未纳入,中性,自动映射到抖音视频评论池。,,false
2026-05-18,longge,抖音评论 12:29,来巨轮，机器人板块集体拉升的,,,,否,video_id=7641066778256261553; video_url=https://www.douyin.com/video/7641066778256261553; creator=阿龙闯大A📈; like=0; reply=1; source_type=comment; yeren_signal_id=; parent_comment_text=,12:29,抖音评论,video,来个真大哥，急需回血，感激不尽！#股票 #股民 #vlgo十亿流量扶持计划,钟灵毓秀,7641066778256261553,https://www.douyin.com/video/7641066778256261553,,7641084266965910321,12:29,未纳入,中性,自动映射到抖音视频评论池。,,false
2026-05-18,longge,抖音评论 12:29,圣泉拿着不动[微笑],,,,否,video_id=7641066778256261553; video_url=https://www.douyin.com/video/7641066778256261553; creator=阿龙闯大A📈; like=0; reply=0; source_type=comment; yeren_signal_id=; parent_comment_text=,12:29,抖音评论,video,来个真大哥，急需回血，感激不尽！#股票 #股民 #vlgo十亿流量扶持计划,字若珠宝,7641066778256261553,https://www.douyin.com/video/7641066778256261553,,7641084173563003685,12:29,未纳入,中性,自动映射到抖音视频评论池。,,false
2026-05-18,longge,抖音评论 12:28,我也急需大哥,,,,否,video_id=7641066778256261553; video_url=https://www.douyin.com/video/7641066778256261553; creator=阿龙闯大A📈; like=0; reply=0; source_type=comment; yeren_signal_id=; parent_comment_text=,12:28,抖音评论,video,来个真大哥，急需回血，感激不尽！#股票 #股民 #vlgo十亿流量扶持计划,小俊,7641066778256261553,https://www.douyin.com/video/7641066778256261553,,7641084092455256891,12:28,未纳入,中性,自动映射到抖音视频评论池。,,false
2026-05-18,longge,抖音评论 12:28,蟑螂,,,,否,video_id=7641066778256261553; video_url=https://www.douyin.com/video/7641066778256261553; creator=阿龙闯大A📈; like=0; reply=0; source_type=comment; yeren_signal_id=; parent_comment_text=,12:28,抖音评论,video,来个真大哥，急需回血，感激不尽！#股票 #股民 #vlgo十亿流量扶持计划,คุณพ่อ,7641066778256261553,https://www.douyin.com/video/7641066778256261553,,7641084065248412467,12:28,未纳入,中性,自动映射到抖音视频评论池。,,false
2026-05-18,longge,抖音评论 12:28,江特？我26号就说了51假前跑,,,,否,video_id=7641066778256261553; video_url=https://www.douyin.com/video/7641066778256261553; creator=阿龙闯大A📈; like=1; reply=1; source_type=comment; yeren_signal_id=; parent_comment_text=,12:28,抖音评论,video,来个真大哥，急需回血，感激不尽！#股票 #股民 #vlgo十亿流量扶持计划,荒糖的腿毛,7641066778256261553,https://www.douyin.com/video/7641066778256261553,,7641083890602001189,12:28,未纳入,中性,自动映射到抖音视频评论池。,,false
2026-05-18,longge,抖音评论 12:27,"09：34买入
10：11 买入",,,,否,video_id=7641066778256261553; video_url=https://www.douyin.com/video/7641066778256261553; creator=阿龙闯大A📈; like=0; reply=0; source_type=comment; yeren_signal_id=; parent_comment_text=,12:27,抖音评论,video,来个真大哥，急需回血，感激不尽！#股票 #股民 #vlgo十亿流量扶持计划,慢下来的日子,7641066778256261553,https://www.douyin.com/video/7641066778256261553,,7641083832615846714,12:27,未纳入,中性,自动映射到抖音视频评论池。,,false
2026-05-18,longge,抖音评论 12:27,到底哪个能让我回点血哦，奶粉钱都亏了,,,,否,video_id=7641066778256261553; video_url=https://www.douyin.com/video/7641066778256261553; creator=阿龙闯大A📈; like=1; reply=0; source_type=comment; yeren_signal_id=; parent_comment_text=,12:27,抖音评论,video,来个真大哥，急需回血，感激不尽！#股票 #股民 #vlgo十亿流量扶持计划,靓仔小店@李倩,7641066778256261553,https://www.douyin.com/video/7641066778256261553,,7641083785014068005,12:27,未纳入,中性,自动映射到抖音视频评论池。,,false
2026-05-18,longge,抖音评论 12:27,什么龙？,,,,否,video_id=7641066778256261553; video_url=https://www.douyin.com/video/7641066778256261553; creator=阿龙闯大A📈; like=0; reply=0; source_type=comment; yeren_signal_id=; parent_comment_text=,12:27,抖音评论,video,来个真大哥，急需回血，感激不尽！#股票 #股民 #vlgo十亿流量扶持计划,🌈🌈🌈Aaa诚亮,7641066778256261553,https://www.douyin.com/video/7641066778256261553,,7641083656114684710,12:27,未纳入,中性,自动映射到抖音视频评论池。,,false
2026-05-18,longge,抖音评论 12:26,有个问题 怎么在评论区找大哥,,,,否,video_id=7641066778256261553; video_url=https://www.douyin.com/video/7641066778256261553; creator=阿龙闯大A📈; like=0; reply=0; source_type=comment; yeren_signal_id=; parent_comment_text=,12:26,抖音评论,video,来个真大哥，急需回血，感激不尽！#股票 #股民 #vlgo十亿流量扶持计划,不要唧唧歪歪,7641066778256261553,https://www.douyin.com/video/7641066778256261553,,7641083550443979569,12:26,未纳入,中性,自动映射到抖音视频评论池。,,false
2026-05-18,longge,抖音评论 12:26,华盛昌今天没跑，涨停了,华盛昌(002980),,华盛昌(002980) 被提及 3 次，有效评论 3 条，来源 1 个，单视频线索，情绪 中性，当前判断：保留观察。,待确认,video_id=7641066778256261553; video_url=https://www.douyin.com/video/7641066778256261553; creator=阿龙闯大A📈; like=3; reply=7; source_type=comment; yeren_signal_id=; parent_comment_text=,12:26,抖音评论,video,来个真大哥，急需回血，感激不尽！#股票 #股民 #vlgo十亿流量扶持计划,子非鱼焉知鱼之乐,7641066778256261553,https://www.douyin.com/video/7641066778256261553,,7641083494747882249,12:26,待确认,中性,自动映射到抖音视频评论池。,7.2,false
2026-05-18,longge,抖音评论 12:26,新泰[捂脸] 到底还能不能留,,,,否,video_id=7641066778256261553; video_url=https://www.douyin.com/video/7641066778256261553; creator=阿龙闯大A📈; like=0; reply=2; source_type=comment; yeren_signal_id=; parent_comment_text=,12:26,抖音评论,video,来个真大哥，急需回血，感激不尽！#股票 #股民 #vlgo十亿流量扶持计划,南郭仙人,7641066778256261553,https://www.douyin.com/video/7641066778256261553,,7641083460807525169,12:26,未纳入,中性,自动映射到抖音视频评论池。,,false
2026-05-18,longge,抖音评论 12:26,豪尔赛,豪尔赛(002963),,豪尔赛(002963) 被提及 1 次，有效评论 1 条，来源 1 个，单视频线索，情绪 中性，当前判断：保留观察。,待确认,video_id=7641066778256261553; video_url=https://www.douyin.com/video/7641066778256261553; creator=阿龙闯大A📈; like=0; reply=1; source_type=comment; yeren_signal_id=; parent_comment_text=,12:26,抖音评论,video,来个真大哥，急需回血，感激不尽！#股票 #股民 #vlgo十亿流量扶持计划,60km/h,7641066778256261553,https://www.douyin.com/video/7641066778256261553,,7641083409364665146,12:26,待确认,中性,自动映射到抖音视频评论池。,6.4,false
2026-05-18,longge,抖音评论 12:25,巨轮上车,,,,否,video_id=7641066778256261553; video_url=https://www.douyin.com/video/7641066778256261553; creator=阿龙闯大A📈; like=0; reply=0; source_type=comment; yeren_signal_id=; parent_comment_text=,12:25,抖音评论,video,来个真大哥，急需回血，感激不尽！#股票 #股民 #vlgo十亿流量扶持计划,我是一个小孩子,7641066778256261553,https://www.douyin.com/video/7641066778256261553,,7641083300240802619,12:25,未纳入,中性,自动映射到抖音视频评论池。,,false
2026-05-18,longge,抖音评论 12:25,两天全仓2个跌停，半个月亏了40%，大哥救命，小女子感激不尽[流泪],,,,否,video_id=7641066778256261553; video_url=https://www.douyin.com/video/7641066778256261553; creator=阿龙闯大A📈; like=1; reply=1; source_type=comment; yeren_signal_id=; parent_comment_text=,12:25,抖音评论,video,来个真大哥，急需回血，感激不尽！#股票 #股民 #vlgo十亿流量扶持计划,degree,7641066778256261553,https://www.douyin.com/video/7641066778256261553,,7641083260566651700,12:25,未纳入,中性,自动映射到抖音视频评论池。,,false
2026-05-18,longge,抖音评论 12:24,五洲看到100,,,,否,video_id=7641066778256261553; video_url=https://www.douyin.com/video/7641066778256261553; creator=阿龙闯大A📈; like=0; reply=0; source_type=comment; yeren_signal_id=; parent_comment_text=,12:24,抖音评论,video,来个真大哥，急需回血，感激不尽！#股票 #股民 #vlgo十亿流量扶持计划,第三视角,7641066778256261553,https://www.douyin.com/video/7641066778256261553,,7641083002483933961,12:24,未纳入,中性,自动映射到抖音视频评论池。,,false
2026-05-18,longge,抖音评论 12:23,泰山还有2到3个地板吗,,,,否,video_id=7641066778256261553; video_url=https://www.douyin.com/video/7641066778256261553; creator=阿龙闯大A📈; like=0; reply=0; source_type=comment; yeren_signal_id=; parent_comment_text=,12:23,抖音评论,video,来个真大哥，急需回血，感激不尽！#股票 #股民 #vlgo十亿流量扶持计划,①路向㊖（回本中）,7641066778256261553,https://www.douyin.com/video/7641066778256261553,,7641082730206479141,12:23,未纳入,中性,自动映射到抖音视频评论池。,,false
2026-05-18,longge,抖音评论 12:23,蟑螂大哥这个月会回来吗？留的所有票都赚翻了,,,,否,video_id=7641066778256261553; video_url=https://www.douyin.com/video/7641066778256261553; creator=阿龙闯大A📈; like=0; reply=0; source_type=comment; yeren_signal_id=; parent_comment_text=,12:23,抖音评论,video,来个真大哥，急需回血，感激不尽！#股票 #股民 #vlgo十亿流量扶持计划,Vankoco,7641066778256261553,https://www.douyin.com/video/7641066778256261553,,7641082639336309563,12:23,未纳入,中性,自动映射到抖音视频评论池。,,false
2026-05-18,longge,抖音评论 12:22,哪个大哥帮我看看 红宝丽 重仓在里面怎么办！,,,,否,video_id=7641066778256261553; video_url=https://www.douyin.com/video/7641066778256261553; creator=阿龙闯大A📈; like=1; reply=5; source_type=comment; yeren_signal_id=; parent_comment_text=,12:22,抖音评论,video,来个真大哥，急需回血，感激不尽！#股票 #股民 #vlgo十亿流量扶持计划,爱自己,7641066778256261553,https://www.douyin.com/video/7641066778256261553,,7641082507748803365,12:22,未纳入,中性,自动映射到抖音视频评论池。,,false
2026-05-18,longge,抖音评论 12:22,石英咋样？,,,,否,video_id=7641066778256261553; video_url=https://www.douyin.com/video/7641066778256261553; creator=阿龙闯大A📈; like=0; reply=0; source_type=comment; yeren_signal_id=; parent_comment_text=,12:22,抖音评论,video,来个真大哥，急需回血，感激不尽！#股票 #股民 #vlgo十亿流量扶持计划,天青色等烟雨,7641066778256261553,https://www.douyin.com/video/7641066778256261553,,7641082459552072497,12:22,未纳入,中性,自动映射到抖音视频评论池。,,false
2026-05-18,longge,抖音评论 12:22,银宝 下午进 明天给我上龙,,,,否,video_id=7641066778256261553; video_url=https://www.douyin.com/video/7641066778256261553; creator=阿龙闯大A📈; like=0; reply=2; source_type=comment; yeren_signal_id=; parent_comment_text=,12:22,抖音评论,video,来个真大哥，急需回血，感激不尽！#股票 #股民 #vlgo十亿流量扶持计划,球球和铛铛,7641066778256261553,https://www.douyin.com/video/7641066778256261553,,7641082343676494634,12:22,未纳入,中性,自动映射到抖音视频评论池。,,false
2026-05-18,longge,抖音评论 12:21,有没有大哥在北方长龙的[捂脸][捂脸],北方长龙(301357),,北方长龙(301357) 被提及 1 次，有效评论 1 条，来源 1 个，单视频线索，情绪 中性，当前判断：保留观察。,待确认,video_id=7641066778256261553; video_url=https://www.douyin.com/video/7641066778256261553; creator=阿龙闯大A📈; like=0; reply=0; source_type=comment; yeren_signal_id=; parent_comment_text=,12:21,抖音评论,video,来个真大哥，急需回血，感激不尽！#股票 #股民 #vlgo十亿流量扶持计划,许你一生,7641066778256261553,https://www.douyin.com/video/7641066778256261553,,7641082135978476325,12:21,待确认,中性,自动映射到抖音视频评论池。,6.4,false
2026-05-18,longge,抖音评论 12:21,视觉中国拿一周,视觉中国(000681),,视觉中国(000681) 被提及 1 次，有效评论 1 条，来源 1 个，单视频线索，情绪 看多，当前判断：保留观察。,待确认,video_id=7641066778256261553; video_url=https://www.douyin.com/video/7641066778256261553; creator=阿龙闯大A📈; like=4; reply=3; source_type=comment; yeren_signal_id=; parent_comment_text=,12:21,抖音评论,video,来个真大哥，急需回血，感激不尽！#股票 #股民 #vlgo十亿流量扶持计划,甜吗,7641066778256261553,https://www.douyin.com/video/7641066778256261553,,7641082096841605903,12:21,待确认,看多,自动映射到抖音视频评论池。,6.4,false
2026-05-18,longge,抖音评论 12:20,上周五进了蓝思，吃肉，上午出一半了[偷笑],,,,否,video_id=7641066778256261553; video_url=https://www.douyin.com/video/7641066778256261553; creator=阿龙闯大A📈; like=1; reply=0; source_type=comment; yeren_signal_id=; parent_comment_text=,12:20,抖音评论,video,来个真大哥，急需回血，感激不尽！#股票 #股民 #vlgo十亿流量扶持计划,六一,7641066778256261553,https://www.douyin.com/video/7641066778256261553,,7641082058790634278,12:20,未纳入,中性,自动映射到抖音视频评论池。,,false
2026-05-18,longge,抖音评论 12:19,大哥帮我看看，雪人集团，宏昌电子，永鼎股份怎么搞，全仓进去都亏了10个点了[流泪][流泪][流泪],宏昌电子(603002);雪人集团(002639);永鼎股份(600105),,宏昌电子(603002) 被提及 2 次，有效评论 2 条，来源 1 个，单视频线索，情绪 中性，当前判断：保留观察。；雪人集团(002639) 被提及 1 次，有效评论 1 条，来源 1 个，单视频线索，情绪 谨慎，当前判断：偏风险观察。；永鼎股份(600105) 被提及 1 次，有效评论 1 条，来源 1 个，单视频线索，情绪 谨慎，当前判断：偏风险观察。,待确认,video_id=7641066778256261553; video_url=https://www.douyin.com/video/7641066778256261553; creator=阿龙闯大A📈; like=0; reply=12; source_type=comment; yeren_signal_id=; parent_comment_text=,12:19,抖音评论,video,来个真大哥，急需回血，感激不尽！#股票 #股民 #vlgo十亿流量扶持计划,每天都要√,7641066778256261553,https://www.douyin.com/video/7641066778256261553,,7641081759946277681,12:19,待确认,谨慎,自动映射到抖音视频评论池。,6.9,false
2026-05-18,longge,抖音评论 12:19,中体吸，拿好,,,,否,video_id=7641066778256261553; video_url=https://www.douyin.com/video/7641066778256261553; creator=阿龙闯大A📈; like=1; reply=4; source_type=comment; yeren_signal_id=; parent_comment_text=,12:19,抖音评论,video,来个真大哥，急需回血，感激不尽！#股票 #股民 #vlgo十亿流量扶持计划,大川小洢,7641066778256261553,https://www.douyin.com/video/7641066778256261553,,7641081762759836453,12:19,未纳入,中性,自动映射到抖音视频评论池。,,false
2026-05-18,longge,抖音评论 12:19,有大哥去新大陆拉个涨停不,,,,否,video_id=7641066778256261553; video_url=https://www.douyin.com/video/7641066778256261553; creator=阿龙闯大A📈; like=0; reply=1; source_type=comment; yeren_signal_id=; parent_comment_text=,12:19,抖音评论,video,来个真大哥，急需回血，感激不尽！#股票 #股民 #vlgo十亿流量扶持计划,暖暖,7641066778256261553,https://www.douyin.com/video/7641066778256261553,,7641081694825562934,12:19,未纳入,中性,自动映射到抖音视频评论池。,,false
2026-05-18,longge,抖音评论 12:19,锂矿 去吧 六月在给我买澳龙,,,,否,video_id=7641066778256261553; video_url=https://www.douyin.com/video/7641066778256261553; creator=阿龙闯大A📈; like=0; reply=5; source_type=comment; yeren_signal_id=; parent_comment_text=,12:19,抖音评论,video,来个真大哥，急需回血，感激不尽！#股票 #股民 #vlgo十亿流量扶持计划,耶鲁沙冷,7641066778256261553,https://www.douyin.com/video/7641066778256261553,,7641081613325566763,12:19,未纳入,中性,自动映射到抖音视频评论池。,,false
2026-05-18,longge,抖音评论 12:19,现在没啥好票。。。,,,,否,video_id=7641066778256261553; video_url=https://www.douyin.com/video/7641066778256261553; creator=阿龙闯大A📈; like=0; reply=0; source_type=comment; yeren_signal_id=; parent_comment_text=,12:19,抖音评论,video,来个真大哥，急需回血，感激不尽！#股票 #股民 #vlgo十亿流量扶持计划,和光同尘~,7641066778256261553,https://www.douyin.com/video/7641066778256261553,,7641081572297786163,12:19,未纳入,中性,自动映射到抖音视频评论池。,,false
2026-05-18,longge,抖音评论 12:18,京能啊,,,,否,video_id=7641066778256261553; video_url=https://www.douyin.com/video/7641066778256261553; creator=阿龙闯大A📈; like=0; reply=0; source_type=comment; yeren_signal_id=; parent_comment_text=,12:18,抖音评论,video,来个真大哥，急需回血，感激不尽！#股票 #股民 #vlgo十亿流量扶持计划,贸贸～专业染发,7641066778256261553,https://www.douyin.com/video/7641066778256261553,,7641081559332111162,12:18,未纳入,中性,自动映射到抖音视频评论池。,,false
2026-05-18,longge,抖音评论 12:18,怎么没有人说海格,,,,否,video_id=7641066778256261553; video_url=https://www.douyin.com/video/7641066778256261553; creator=阿龙闯大A📈; like=1; reply=3; source_type=comment; yeren_signal_id=; parent_comment_text=,12:18,抖音评论,video,来个真大哥，急需回血，感激不尽！#股票 #股民 #vlgo十亿流量扶持计划,钱多多.静,7641066778256261553,https://www.douyin.com/video/7641066778256261553,,7641081523405980465,12:18,未纳入,中性,自动映射到抖音视频评论池。,,false
2026-05-18,longge,抖音评论 12:18,我通达股份亏多了，12.5成本，资金出逃，我赶上了,通达股份(002560),,通达股份(002560) 被提及 2 次，有效评论 2 条，来源 2 个，跨来源共振，情绪 谨慎，当前判断：偏风险观察。,否,video_id=7641066778256261553; video_url=https://www.douyin.com/video/7641066778256261553; creator=阿龙闯大A📈; like=0; reply=0; source_type=comment; yeren_signal_id=; parent_comment_text=,12:18,抖音评论,video,来个真大哥，急需回血，感激不尽！#股票 #股民 #vlgo十亿流量扶持计划,如我所愿,7641066778256261553,https://www.douyin.com/video/7641066778256261553,,7641081353274966821,12:18,未纳入,谨慎,自动映射到抖音视频评论池。,7.0,false
2026-05-18,longge,抖音评论 12:17,盛视科技咋整,盛视科技(002990),,盛视科技(002990) 被提及 1 次，有效评论 1 条，来源 1 个，单视频线索，情绪 中性，当前判断：保留观察。,待确认,video_id=7641066778256261553; video_url=https://www.douyin.com/video/7641066778256261553; creator=阿龙闯大A📈; like=0; reply=0; source_type=comment; yeren_signal_id=; parent_comment_text=,12:17,抖音评论,video,来个真大哥，急需回血，感激不尽！#股票 #股民 #vlgo十亿流量扶持计划,H  𝙃,7641066778256261553,https://www.douyin.com/video/7641066778256261553,,7641081162132472618,12:17,待确认,中性,自动映射到抖音视频评论池。,6.4,false
2026-05-18,longge,抖音评论 12:17,麻了,,,,否,video_id=7641066778256261553; video_url=https://www.douyin.com/video/7641066778256261553; creator=阿龙闯大A📈; like=0; reply=0; source_type=comment; yeren_signal_id=; parent_comment_text=,12:17,抖音评论,video,来个真大哥，急需回血，感激不尽！#股票 #股民 #vlgo十亿流量扶持计划,忙人_i,7641066778256261553,https://www.douyin.com/video/7641066778256261553,,7641081186571666210,12:17,未纳入,中性,自动映射到抖音视频评论池。,,false
2026-05-18,longge,抖音评论 12:17,002833,弘亚数控(002833),,弘亚数控(002833) 被提及 1 次，有效评论 1 条，来源 1 个，单视频线索，情绪 中性，当前判断：保留观察。,待确认,video_id=7641066778256261553; video_url=https://www.douyin.com/video/7641066778256261553; creator=阿龙闯大A📈; like=1; reply=0; source_type=comment; yeren_signal_id=; parent_comment_text=,12:17,抖音评论,video,来个真大哥，急需回血，感激不尽！#股票 #股民 #vlgo十亿流量扶持计划,.,7641066778256261553,https://www.douyin.com/video/7641066778256261553,,7641081141298332466,12:17,待确认,中性,自动映射到抖音视频评论池。,6.4,false
2026-05-18,longge,抖音评论 12:16,@,,,,否,video_id=7641066778256261553; video_url=https://www.douyin.com/video/7641066778256261553; creator=阿龙闯大A📈; like=0; reply=0; source_type=comment; yeren_signal_id=; parent_comment_text=,12:16,抖音评论,video,来个真大哥，急需回血，感激不尽！#股票 #股民 #vlgo十亿流量扶持计划,快捷键♻️,7641066778256261553,https://www.douyin.com/video/7641066778256261553,,7641080904253424433,12:16,未纳入,中性,自动映射到抖音视频评论池。,,false
2026-05-18,longge,抖音评论 12:16,上周四我叫了一个小姐妹进东方钽业 不知道她去了没[戳手手],东方钽业(000962),,东方钽业(000962) 被提及 1 次，有效评论 1 条，来源 1 个，单视频线索，情绪 中性，当前判断：保留观察。,待确认,video_id=7641066778256261553; video_url=https://www.douyin.com/video/7641066778256261553; creator=阿龙闯大A📈; like=5; reply=9; source_type=comment; yeren_signal_id=; parent_comment_text=,12:16,抖音评论,video,来个真大哥，急需回血，感激不尽！#股票 #股民 #vlgo十亿流量扶持计划,我是你的小仙女,7641066778256261553,https://www.douyin.com/video/7641066778256261553,,7641080902840058682,12:16,待确认,中性,自动映射到抖音视频评论池。,6.4,false
2026-05-18,longge,抖音评论 12:16,跟长鑫科技有关的供应商，自己搜,,,,否,video_id=7641066778256261553; video_url=https://www.douyin.com/video/7641066778256261553; creator=阿龙闯大A📈; like=0; reply=0; source_type=comment; yeren_signal_id=; parent_comment_text=,12:16,抖音评论,video,来个真大哥，急需回血，感激不尽！#股票 #股民 #vlgo十亿流量扶持计划,果果gg,7641066778256261553,https://www.douyin.com/video/7641066778256261553,,7641080896141673235,12:16,未纳入,中性,自动映射到抖音视频评论池。,,false
2026-05-18,longge,抖音评论 12:16,买洲际[看],,,,否,video_id=7641066778256261553; video_url=https://www.douyin.com/video/7641066778256261553; creator=阿龙闯大A📈; like=1; reply=1; source_type=comment; yeren_signal_id=; parent_comment_text=,12:16,抖音评论,video,来个真大哥，急需回血，感激不尽！#股票 #股民 #vlgo十亿流量扶持计划,🇦 娇娇家的小猴         ╰╮,7641066778256261553,https://www.douyin.com/video/7641066778256261553,,7641080872552596264,12:16,未纳入,中性,自动映射到抖音视频评论池。,,false
2026-05-18,longge,抖音评论 12:16,长城,,,,否,video_id=7641066778256261553; video_url=https://www.douyin.com/video/7641066778256261553; creator=阿龙闯大A📈; like=0; reply=0; source_type=comment; yeren_signal_id=; parent_comment_text=,12:16,抖音评论,video,来个真大哥，急需回血，感激不尽！#股票 #股民 #vlgo十亿流量扶持计划,浩岳锦绣,7641066778256261553,https://www.douyin.com/video/7641066778256261553,,7641080829046178618,12:16,未纳入,中性,自动映射到抖音视频评论池。,,false
2026-05-18,longge,抖音评论 12:15,3万的本金，3天亏了2000了[流泪],,,,否,video_id=7641066778256261553; video_url=https://www.douyin.com/video/7641066778256261553; creator=阿龙闯大A📈; like=0; reply=3; source_type=comment; yeren_signal_id=; parent_comment_text=,12:15,抖音评论,video,来个真大哥，急需回血，感激不尽！#股票 #股民 #vlgo十亿流量扶持计划,倒头就睡,7641066778256261553,https://www.douyin.com/video/7641066778256261553,,7641080660178813745,12:15,未纳入,中性,自动映射到抖音视频评论池。,,false
2026-05-18,longge,抖音评论 12:15,人形机器人,,,,否,video_id=7641066778256261553; video_url=https://www.douyin.com/video/7641066778256261553; creator=阿龙闯大A📈; like=0; reply=0; source_type=comment; yeren_signal_id=; parent_comment_text=,12:15,抖音评论,video,来个真大哥，急需回血，感激不尽！#股票 #股民 #vlgo十亿流量扶持计划,廖,7641066778256261553,https://www.douyin.com/video/7641066778256261553,,7641080634660324154,12:15,未纳入,中性,自动映射到抖音视频评论池。,,false
2026-05-18,longge,抖音评论 12:15,中国电信,,,,否,video_id=7641066778256261553; video_url=https://www.douyin.com/video/7641066778256261553; creator=阿龙闯大A📈; like=0; reply=0; source_type=comment; yeren_signal_id=; parent_comment_text=,12:15,抖音评论,video,来个真大哥，急需回血，感激不尽！#股票 #股民 #vlgo十亿流量扶持计划,木木123,7641066778256261553,https://www.douyin.com/video/7641066778256261553,,7641080632130552634,12:15,未纳入,中性,自动映射到抖音视频评论池。,,false
2026-05-18,longge,抖音评论 12:15,太阳能,太阳能(000591),,太阳能(000591) 被提及 1 次，有效评论 1 条，来源 1 个，单视频线索，情绪 中性，当前判断：保留观察。,待确认,video_id=7641066778256261553; video_url=https://www.douyin.com/video/7641066778256261553; creator=阿龙闯大A📈; like=0; reply=0; source_type=comment; yeren_signal_id=; parent_comment_text=,12:15,抖音评论,video,来个真大哥，急需回血，感激不尽！#股票 #股民 #vlgo十亿流量扶持计划,一夜暴符,7641066778256261553,https://www.douyin.com/video/7641066778256261553,,7641080627509412645,12:15,待确认,中性,自动映射到抖音视频评论池。,6.4,false
2026-05-18,longge,抖音评论 12:15,哪个大哥帮我看看岩山科技[比心],岩山科技(002195),,岩山科技(002195) 被提及 1 次，有效评论 1 条，来源 1 个，单视频线索，情绪 中性，当前判断：保留观察。,待确认,video_id=7641066778256261553; video_url=https://www.douyin.com/video/7641066778256261553; creator=阿龙闯大A📈; like=0; reply=8; source_type=comment; yeren_signal_id=; parent_comment_text=,12:15,抖音评论,video,来个真大哥，急需回血，感激不尽！#股票 #股民 #vlgo十亿流量扶持计划,星河梦,7641066778256261553,https://www.douyin.com/video/7641066778256261553,,7641080608140493605,12:15,待确认,中性,自动映射到抖音视频评论池。,6.4,false
2026-05-18,longge,抖音评论 12:15,辽宁能源,辽宁能源(600758),,辽宁能源(600758) 被提及 3 次，有效评论 3 条，来源 1 个，单视频线索，情绪 中性，当前判断：保留观察。,待确认,video_id=7641066778256261553; video_url=https://www.douyin.com/video/7641066778256261553; creator=阿龙闯大A📈; like=0; reply=0; source_type=comment; yeren_signal_id=; parent_comment_text=,12:15,抖音评论,video,来个真大哥，急需回血，感激不尽！#股票 #股民 #vlgo十亿流量扶持计划,叶间风📷,7641066778256261553,https://www.douyin.com/video/7641066778256261553,,7641080573062611749,12:15,待确认,中性,自动映射到抖音视频评论池。,7.2,false
2026-05-18,longge,抖音评论 12:14,今天地板都出不去，直接十个点,,,,否,video_id=7641066778256261553; video_url=https://www.douyin.com/video/7641066778256261553; creator=阿龙闯大A📈; like=0; reply=0; source_type=comment; yeren_signal_id=; parent_comment_text=,12:14,抖音评论,video,来个真大哥，急需回血，感激不尽！#股票 #股民 #vlgo十亿流量扶持计划,Jimmyking,7641066778256261553,https://www.douyin.com/video/7641066778256261553,,7641080448214647610,12:14,未纳入,中性,自动映射到抖音视频评论池。,,false
2026-05-18,longge,抖音评论 12:14,中体咋搞，吃板了[泣不成声],,,,否,video_id=7641066778256261553; video_url=https://www.douyin.com/video/7641066778256261553; creator=阿龙闯大A📈; like=1; reply=3; source_type=comment; yeren_signal_id=; parent_comment_text=,12:14,抖音评论,video,来个真大哥，急需回血，感激不尽！#股票 #股民 #vlgo十亿流量扶持计划,你的朋友,7641066778256261553,https://www.douyin.com/video/7641066778256261553,,7641080390388073268,12:14,未纳入,中性,自动映射到抖音视频评论池。,,false
2026-05-18,longge,抖音评论 12:13,利欧该起来了,,,,否,video_id=7641066778256261553; video_url=https://www.douyin.com/video/7641066778256261553; creator=阿龙闯大A📈; like=1; reply=2; source_type=comment; yeren_signal_id=; parent_comment_text=,12:13,抖音评论,video,来个真大哥，急需回血，感激不尽！#股票 #股民 #vlgo十亿流量扶持计划,一蓑 烟雨 任平生,7641066778256261553,https://www.douyin.com/video/7641066778256261553,,7641080076356649777,12:13,未纳入,中性,自动映射到抖音视频评论池。,,false
2026-05-18,longge,抖音评论 12:13,深科技,,,,否,video_id=7641066778256261553; video_url=https://www.douyin.com/video/7641066778256261553; creator=阿龙闯大A📈; like=0; reply=0; source_type=comment; yeren_signal_id=; parent_comment_text=,12:13,抖音评论,video,来个真大哥，急需回血，感激不尽！#股票 #股民 #vlgo十亿流量扶持计划,酷酷的天あ,7641066778256261553,https://www.douyin.com/video/7641066778256261553,,7641080030449304369,12:13,未纳入,中性,自动映射到抖音视频评论池。,,false
2026-05-18,longge,抖音评论 12:11,龙之在哪儿买,,,,否,video_id=7641066778256261553; video_url=https://www.douyin.com/video/7641066778256261553; creator=阿龙闯大A📈; like=0; reply=0; source_type=comment; yeren_signal_id=; parent_comment_text=,12:11,抖音评论,video,来个真大哥，急需回血，感激不尽！#股票 #股民 #vlgo十亿流量扶持计划,Cccccchow,7641066778256261553,https://www.douyin.com/video/7641066778256261553,,7641079749728813861,12:11,未纳入,中性,自动映射到抖音视频评论池。,,false
2026-05-18,longge,抖音评论 12:11,山东🐉,,,,否,video_id=7641066778256261553; video_url=https://www.douyin.com/video/7641066778256261553; creator=阿龙闯大A📈; like=0; reply=0; source_type=comment; yeren_signal_id=; parent_comment_text=,12:11,抖音评论,video,来个真大哥，急需回血，感激不尽！#股票 #股民 #vlgo十亿流量扶持计划,越努力越幸运,7641066778256261553,https://www.douyin.com/video/7641066778256261553,,7641079671321756479,12:11,未纳入,中性,自动映射到抖音视频评论池。,,false
2026-05-18,longge,抖音评论 12:11,再升科技,再升科技(603601),,再升科技(603601) 被提及 3 次，有效评论 3 条，来源 2 个，跨来源共振，情绪 中性，当前判断：保留观察。,待确认,video_id=7641066778256261553; video_url=https://www.douyin.com/video/7641066778256261553; creator=阿龙闯大A📈; like=0; reply=0; source_type=comment; yeren_signal_id=; parent_comment_text=,12:11,抖音评论,video,来个真大哥，急需回血，感激不尽！#股票 #股民 #vlgo十亿流量扶持计划,逸意,7641066778256261553,https://www.douyin.com/video/7641066778256261553,,7641079678828233529,12:11,待确认,中性,自动映射到抖音视频评论池。,8.0,false
2026-05-18,longge,抖音评论 12:11,绿色动力，我看很久了[灵机一动],绿色动力(601330),,绿色动力(601330) 被提及 7 次，有效评论 7 条，来源 2 个，跨来源共振，情绪 中性，当前判断：保留观察。,待确认,video_id=7641066778256261553; video_url=https://www.douyin.com/video/7641066778256261553; creator=阿龙闯大A📈; like=4; reply=21; source_type=comment; yeren_signal_id=; parent_comment_text=,12:11,抖音评论,video,来个真大哥，急需回血，感激不尽！#股票 #股民 #vlgo十亿流量扶持计划,清风雨竹,7641066778256261553,https://www.douyin.com/video/7641066778256261553,,7641079665003971386,12:11,待确认,中性,自动映射到抖音视频评论池。,9.5,false
2026-05-18,longge,抖音评论 12:11,辽电！下午给你拉涨停,,,评论热度较高，但暂未自动识别到明确股票线索，保留人工复核。,待确认,video_id=7641066778256261553; video_url=https://www.douyin.com/video/7641066778256261553; creator=阿龙闯大A📈; like=2; reply=12; source_type=comment; yeren_signal_id=; parent_comment_text=,12:11,抖音评论,video,来个真大哥，急需回血，感激不尽！#股票 #股民 #vlgo十亿流量扶持计划,利群,7641066778256261553,https://www.douyin.com/video/7641066778256261553,,7641079610620822323,12:11,待确认,中性,自动映射到抖音视频评论池。,6.2,false
2026-05-18,longge,抖音评论 12:11,你跑啦下午我拉涨停[戳手手],,,,否,video_id=7641066778256261553; video_url=https://www.douyin.com/video/7641066778256261553; creator=阿龙闯大A📈; like=0; reply=0; source_type=comment; yeren_signal_id=; parent_comment_text=,12:11,抖音评论,video,来个真大哥，急需回血，感激不尽！#股票 #股民 #vlgo十亿流量扶持计划,80后奶爸,7641066778256261553,https://www.douyin.com/video/7641066778256261553,,7641079511229055794,12:11,未纳入,中性,自动映射到抖音视频评论池。,,false
2026-05-18,longge,抖音评论 12:10,冲突可能会继续，石油要涨，所以会不会进电力？,,,,否,video_id=7641066778256261553; video_url=https://www.douyin.com/video/7641066778256261553; creator=阿龙闯大A📈; like=0; reply=0; source_type=comment; yeren_signal_id=; parent_comment_text=,12:10,抖音评论,video,来个真大哥，急需回血，感激不尽！#股票 #股民 #vlgo十亿流量扶持计划,帆帆帆,7641066778256261553,https://www.douyin.com/video/7641066778256261553,,7641079428802478897,12:10,未纳入,中性,自动映射到抖音视频评论池。,,false
2026-05-18,longge,抖音评论 12:10,华工,,,,否,video_id=7641066778256261553; video_url=https://www.douyin.com/video/7641066778256261553; creator=阿龙闯大A📈; like=0; reply=0; source_type=comment; yeren_signal_id=; parent_comment_text=,12:10,抖音评论,video,来个真大哥，急需回血，感激不尽！#股票 #股民 #vlgo十亿流量扶持计划,BullRise,7641066778256261553,https://www.douyin.com/video/7641066778256261553,,7641079406781973257,12:10,未纳入,中性,自动映射到抖音视频评论池。,,false
2026-05-18,longge,抖音评论 12:10,我的舒化体育，我傻了,,,,否,video_id=7641066778256261553; video_url=https://www.douyin.com/video/7641066778256261553; creator=阿龙闯大A📈; like=0; reply=0; source_type=comment; yeren_signal_id=; parent_comment_text=,12:10,抖音评论,video,来个真大哥，急需回血，感激不尽！#股票 #股民 #vlgo十亿流量扶持计划,狗东西,7641066778256261553,https://www.douyin.com/video/7641066778256261553,,7641079294583849765,12:10,未纳入,中性,自动映射到抖音视频评论池。,,false
2026-05-18,longge,抖音评论 12:10,金田看看,,,,否,video_id=7641066778256261553; video_url=https://www.douyin.com/video/7641066778256261553; creator=阿龙闯大A📈; like=0; reply=0; source_type=comment; yeren_signal_id=; parent_comment_text=,12:10,抖音评论,video,来个真大哥，急需回血，感激不尽！#股票 #股民 #vlgo十亿流量扶持计划,樣,7641066778256261553,https://www.douyin.com/video/7641066778256261553,,7641079273067905819,12:10,未纳入,中性,自动映射到抖音视频评论池。,,false
2026-05-18,longge,抖音评论 12:10,[懵]你不是走了吗，还找大哥，又想进来,,,,否,video_id=7641066778256261553; video_url=https://www.douyin.com/video/7641066778256261553; creator=阿龙闯大A📈; like=0; reply=0; source_type=comment; yeren_signal_id=; parent_comment_text=,12:10,抖音评论,video,来个真大哥，急需回血，感激不尽！#股票 #股民 #vlgo十亿流量扶持计划,冬亦落晴何寻,7641066778256261553,https://www.douyin.com/video/7641066778256261553,,7641079244156535610,12:10,未纳入,中性,自动映射到抖音视频评论池。,,false
2026-05-18,longge,抖音评论 12:09,绿力fd,,,,否,video_id=7641066778256261553; video_url=https://www.douyin.com/video/7641066778256261553; creator=阿龙闯大A📈; like=0; reply=0; source_type=comment; yeren_signal_id=; parent_comment_text=,12:09,抖音评论,video,来个真大哥，急需回血，感激不尽！#股票 #股民 #vlgo十亿流量扶持计划,kk悠扬,7641066778256261553,https://www.douyin.com/video/7641066778256261553,,7641079168885408553,12:09,未纳入,中性,自动映射到抖音视频评论池。,,false
2026-05-18,longge,抖音评论 12:09,下午机器人  。。。,机器人(300024),,机器人(300024) 被提及 16 次，有效评论 16 条，来源 3 个，跨来源共振，情绪 中性，当前判断：已进入推荐候选。,是,video_id=7641066778256261553; video_url=https://www.douyin.com/video/7641066778256261553; creator=阿龙闯大A📈; like=1; reply=0; source_type=comment; yeren_signal_id=; parent_comment_text=,12:09,抖音评论,video,来个真大哥，急需回血，感激不尽！#股票 #股民 #vlgo十亿流量扶持计划,云飞扬298,7641066778256261553,https://www.douyin.com/video/7641066778256261553,,7641079102330159926,12:09,已纳入,中性,自动映射到抖音视频评论池。,9.6,true
2026-05-18,longge,抖音评论 12:09,亚龙，有好票发条私信给我,,,,否,video_id=7641066778256261553; video_url=https://www.douyin.com/video/7641066778256261553; creator=阿龙闯大A📈; like=0; reply=0; source_type=comment; yeren_signal_id=; parent_comment_text=,12:09,抖音评论,video,来个真大哥，急需回血，感激不尽！#股票 #股民 #vlgo十亿流量扶持计划,L_淡然,7641066778256261553,https://www.douyin.com/video/7641066778256261553,,7641079008381748005,12:09,未纳入,中性,自动映射到抖音视频评论池。,,false
2026-05-18,longge,抖音评论 12:08,刚看到一个评论 1.45拉节能[捂脸],,,,否,video_id=7641066778256261553; video_url=https://www.douyin.com/video/7641066778256261553; creator=阿龙闯大A📈; like=0; reply=0; source_type=comment; yeren_signal_id=; parent_comment_text=,12:08,抖音评论,video,来个真大哥，急需回血，感激不尽！#股票 #股民 #vlgo十亿流量扶持计划,Red,7641066778256261553,https://www.douyin.com/video/7641066778256261553,,7641078764416385807,12:08,未纳入,中性,自动映射到抖音视频评论池。,,false
2026-05-18,longge,抖音评论 12:08,他走的是那个 我进去,,,,否,video_id=7641066778256261553; video_url=https://www.douyin.com/video/7641066778256261553; creator=阿龙闯大A📈; like=0; reply=0; source_type=comment; yeren_signal_id=; parent_comment_text=,12:08,抖音评论,video,来个真大哥，急需回血，感激不尽！#股票 #股民 #vlgo十亿流量扶持计划,岁月 如歌,7641066778256261553,https://www.douyin.com/video/7641066778256261553,,7641078736892969782,12:08,未纳入,中性,自动映射到抖音视频评论池。,,false
2026-05-18,longge,抖音评论 12:08,我大哥说大业可以，今天追高进的[泣不成声]看看下午能不能拉起来,,,,否,video_id=7641066778256261553; video_url=https://www.douyin.com/video/7641066778256261553; creator=阿龙闯大A📈; like=0; reply=1; source_type=comment; yeren_signal_id=; parent_comment_text=,12:08,抖音评论,video,来个真大哥，急需回血，感激不尽！#股票 #股民 #vlgo十亿流量扶持计划,终相老,7641066778256261553,https://www.douyin.com/video/7641066778256261553,,7641078726395036431,12:08,未纳入,中性,自动映射到抖音视频评论池。,,false
2026-05-18,longge,抖音评论 12:07,国电南瑞能进吗大哥们,国电南瑞(600406),,国电南瑞(600406) 被提及 1 次，有效评论 1 条，来源 1 个，单视频线索，情绪 中性，当前判断：保留观察。,待确认,video_id=7641066778256261553; video_url=https://www.douyin.com/video/7641066778256261553; creator=阿龙闯大A📈; like=0; reply=3; source_type=comment; yeren_signal_id=; parent_comment_text=,12:07,抖音评论,video,来个真大哥，急需回血，感激不尽！#股票 #股民 #vlgo十亿流量扶持计划,宏山激光-四川省,7641066778256261553,https://www.douyin.com/video/7641066778256261553,,7641078660531471146,12:07,待确认,中性,自动映射到抖音视频评论池。,6.4,false
2026-05-18,longge,抖音评论 12:07,光嘴上哪里找大哥[捂脸],,,,否,video_id=7641066778256261553; video_url=https://www.douyin.com/video/7641066778256261553; creator=阿龙闯大A📈; like=0; reply=0; source_type=comment; yeren_signal_id=; parent_comment_text=,12:07,抖音评论,video,来个真大哥，急需回血，感激不尽！#股票 #股民 #vlgo十亿流量扶持计划,牛金牛,7641066778256261553,https://www.douyin.com/video/7641066778256261553,,7641078481644225329,12:07,未纳入,中性,自动映射到抖音视频评论池。,,false
2026-05-18,longge,抖音评论 12:06,巨轮上车,,,评论热度较高，但暂未自动识别到明确股票线索，保留人工复核。,待确认,video_id=7641066778256261553; video_url=https://www.douyin.com/video/7641066778256261553; creator=阿龙闯大A📈; like=0; reply=8; source_type=comment; yeren_signal_id=; parent_comment_text=,12:06,抖音评论,video,来个真大哥，急需回血，感激不尽！#股票 #股民 #vlgo十亿流量扶持计划,重庆幕墙门窗-钢结构,7641066778256261553,https://www.douyin.com/video/7641066778256261553,,7641078326429516593,12:06,待确认,中性,自动映射到抖音视频评论池。,6.2,false
2026-05-18,longge,抖音评论 12:06,[微笑]我被套在雪人了,,,,否,video_id=7641066778256261553; video_url=https://www.douyin.com/video/7641066778256261553; creator=阿龙闯大A📈; like=0; reply=5; source_type=comment; yeren_signal_id=; parent_comment_text=,12:06,抖音评论,video,来个真大哥，急需回血，感激不尽！#股票 #股民 #vlgo十亿流量扶持计划,你的月亮我的心。,7641066778256261553,https://www.douyin.com/video/7641066778256261553,,7641078256971596570,12:06,未纳入,中性,自动映射到抖音视频评论池。,,false
2026-05-18,longge,抖音评论 12:05,莲花的大哥在不在我上周就进了，咋办[逞强落泪],,,,否,video_id=7641066778256261553; video_url=https://www.douyin.com/video/7641066778256261553; creator=阿龙闯大A📈; like=2; reply=1; source_type=comment; yeren_signal_id=; parent_comment_text=,12:05,抖音评论,video,来个真大哥，急需回血，感激不尽！#股票 #股民 #vlgo十亿流量扶持计划,***..,7641066778256261553,https://www.douyin.com/video/7641066778256261553,,7641078166618653497,12:05,未纳入,中性,自动映射到抖音视频评论池。,,false
2026-05-18,longge,抖音评论 12:04,我也需要[泪奔][泪奔][泪奔]亏的影响我心情,,,,否,video_id=7641066778256261553; video_url=https://www.douyin.com/video/7641066778256261553; creator=阿龙闯大A📈; like=0; reply=0; source_type=comment; yeren_signal_id=; parent_comment_text=,12:04,抖音评论,video,来个真大哥，急需回血，感激不尽！#股票 #股民 #vlgo十亿流量扶持计划,Komorebi,7641066778256261553,https://www.douyin.com/video/7641066778256261553,,7641077915627389745,12:04,未纳入,中性,自动映射到抖音视频评论池。,,false
2026-05-18,longge,抖音评论 12:04,众生[杀马特][杀马特][杀马特],,,,否,video_id=7641066778256261553; video_url=https://www.douyin.com/video/7641066778256261553; creator=阿龙闯大A📈; like=0; reply=0; source_type=comment; yeren_signal_id=; parent_comment_text=,12:04,抖音评论,video,来个真大哥，急需回血，感激不尽！#股票 #股民 #vlgo十亿流量扶持计划,不动。,7641066778256261553,https://www.douyin.com/video/7641066778256261553,,7641077879619011347,12:04,未纳入,中性,自动映射到抖音视频评论池。,,false
2026-05-18,longge,抖音评论 12:27,什么龙？,,,,否,video_id=7641066778256261553; video_url=https://www.douyin.com/video/7641066778256261553; creator=阿龙闯大A📈; like=0; reply=0; source_type=comment; yeren_signal_id=; parent_comment_text=,12:27,抖音评论,video,来个真大哥，急需回血，感激不尽！#股票 #股民 #vlgo十亿流量扶持计划,🌈🌈🌈Aaa诚亮,7641066778256261553,https://www.douyin.com/video/7641066778256261553,,7641083656114684710,12:27,未纳入,中性,自动映射到抖音视频评论池。,,false
2026-05-18,longge,抖音评论 12:26,有个问题 怎么在评论区找大哥,,,,否,video_id=7641066778256261553; video_url=https://www.douyin.com/video/7641066778256261553; creator=阿龙闯大A📈; like=0; reply=0; source_type=comment; yeren_signal_id=; parent_comment_text=,12:26,抖音评论,video,来个真大哥，急需回血，感激不尽！#股票 #股民 #vlgo十亿流量扶持计划,不要唧唧歪歪,7641066778256261553,https://www.douyin.com/video/7641066778256261553,,7641083550443979569,12:26,未纳入,中性,自动映射到抖音视频评论池。,,false
2026-05-18,longge,抖音评论 12:26,新泰[捂脸] 到底还能不能留,,,,否,video_id=7641066778256261553; video_url=https://www.douyin.com/video/7641066778256261553; creator=阿龙闯大A📈; like=0; reply=2; source_type=comment; yeren_signal_id=; parent_comment_text=,12:26,抖音评论,video,来个真大哥，急需回血，感激不尽！#股票 #股民 #vlgo十亿流量扶持计划,南郭仙人,7641066778256261553,https://www.douyin.com/video/7641066778256261553,,7641083460807525169,12:26,未纳入,中性,自动映射到抖音视频评论池。,,false
2026-05-18,longge,抖音评论 12:26,豪尔赛,豪尔赛(002963),,豪尔赛(002963) 被提及 1 次，有效评论 1 条，来源 1 个，单视频线索，情绪 中性，当前判断：保留观察。,待确认,video_id=7641066778256261553; video_url=https://www.douyin.com/video/7641066778256261553; creator=阿龙闯大A📈; like=0; reply=1; source_type=comment; yeren_signal_id=; parent_comment_text=,12:26,抖音评论,video,来个真大哥，急需回血，感激不尽！#股票 #股民 #vlgo十亿流量扶持计划,60km/h,7641066778256261553,https://www.douyin.com/video/7641066778256261553,,7641083409364665146,12:26,待确认,中性,自动映射到抖音视频评论池。,6.4,false
2026-05-18,longge,抖音评论 12:25,巨轮上车,,,,否,video_id=7641066778256261553; video_url=https://www.douyin.com/video/7641066778256261553; creator=阿龙闯大A📈; like=0; reply=0; source_type=comment; yeren_signal_id=; parent_comment_text=,12:25,抖音评论,video,来个真大哥，急需回血，感激不尽！#股票 #股民 #vlgo十亿流量扶持计划,我是一个小孩子,7641066778256261553,https://www.douyin.com/video/7641066778256261553,,7641083300240802619,12:25,未纳入,中性,自动映射到抖音视频评论池。,,false
2026-05-18,longge,抖音评论 12:24,五洲看到100,,,,否,video_id=7641066778256261553; video_url=https://www.douyin.com/video/7641066778256261553; creator=阿龙闯大A📈; like=0; reply=0; source_type=comment; yeren_signal_id=; parent_comment_text=,12:24,抖音评论,video,来个真大哥，急需回血，感激不尽！#股票 #股民 #vlgo十亿流量扶持计划,第三视角,7641066778256261553,https://www.douyin.com/video/7641066778256261553,,7641083002483933961,12:24,未纳入,中性,自动映射到抖音视频评论池。,,false
2026-05-18,longge,抖音评论 12:23,泰山还有2到3个地板吗,,,,否,video_id=7641066778256261553; video_url=https://www.douyin.com/video/7641066778256261553; creator=阿龙闯大A📈; like=0; reply=0; source_type=comment; yeren_signal_id=; parent_comment_text=,12:23,抖音评论,video,来个真大哥，急需回血，感激不尽！#股票 #股民 #vlgo十亿流量扶持计划,①路向㊖（回本中）,7641066778256261553,https://www.douyin.com/video/7641066778256261553,,7641082730206479141,12:23,未纳入,中性,自动映射到抖音视频评论池。,,false
2026-05-18,longge,抖音评论 12:23,蟑螂大哥这个月会回来吗？留的所有票都赚翻了,,,,否,video_id=7641066778256261553; video_url=https://www.douyin.com/video/7641066778256261553; creator=阿龙闯大A📈; like=0; reply=0; source_type=comment; yeren_signal_id=; parent_comment_text=,12:23,抖音评论,video,来个真大哥，急需回血，感激不尽！#股票 #股民 #vlgo十亿流量扶持计划,Vankoco,7641066778256261553,https://www.douyin.com/video/7641066778256261553,,7641082639336309563,12:23,未纳入,中性,自动映射到抖音视频评论池。,,false
2026-05-18,longge,抖音评论 12:22,石英咋样？,,,,否,video_id=7641066778256261553; video_url=https://www.douyin.com/video/7641066778256261553; creator=阿龙闯大A📈; like=0; reply=0; source_type=comment; yeren_signal_id=; parent_comment_text=,12:22,抖音评论,video,来个真大哥，急需回血，感激不尽！#股票 #股民 #vlgo十亿流量扶持计划,天青色等烟雨,7641066778256261553,https://www.douyin.com/video/7641066778256261553,,7641082459552072497,12:22,未纳入,中性,自动映射到抖音视频评论池。,,false
2026-05-18,longge,抖音评论 12:22,银宝 下午进 明天给我上龙,,,,否,video_id=7641066778256261553; video_url=https://www.douyin.com/video/7641066778256261553; creator=阿龙闯大A📈; like=0; reply=2; source_type=comment; yeren_signal_id=; parent_comment_text=,12:22,抖音评论,video,来个真大哥，急需回血，感激不尽！#股票 #股民 #vlgo十亿流量扶持计划,球球和铛铛,7641066778256261553,https://www.douyin.com/video/7641066778256261553,,7641082343676494634,12:22,未纳入,中性,自动映射到抖音视频评论池。,,false
2026-05-18,longge,抖音评论 12:21,有没有大哥在北方长龙的[捂脸][捂脸],北方长龙(301357),,北方长龙(301357) 被提及 1 次，有效评论 1 条，来源 1 个，单视频线索，情绪 中性，当前判断：保留观察。,待确认,video_id=7641066778256261553; video_url=https://www.douyin.com/video/7641066778256261553; creator=阿龙闯大A📈; like=0; reply=0; source_type=comment; yeren_signal_id=; parent_comment_text=,12:21,抖音评论,video,来个真大哥，急需回血，感激不尽！#股票 #股民 #vlgo十亿流量扶持计划,许你一生,7641066778256261553,https://www.douyin.com/video/7641066778256261553,,7641082135978476325,12:21,待确认,中性,自动映射到抖音视频评论池。,6.4,false
2026-05-18,longge,抖音评论 12:20,卓郎智能，是不是该清仓了,卓郎智能(600545),工业母机,卓郎智能(600545) 被提及 1 次，有效评论 1 条，来源 1 个，单视频线索，情绪 谨慎，当前判断：偏风险观察。,否,video_id=7641066778256261553; video_url=https://www.douyin.com/video/7641066778256261553; creator=阿龙闯大A📈; like=0; reply=5; source_type=comment; yeren_signal_id=; parent_comment_text=,12:20,抖音评论,video,来个真大哥，急需回血，感激不尽！#股票 #股民 #vlgo十亿流量扶持计划,photo,7641066778256261553,https://www.douyin.com/video/7641066778256261553,,7641082057343533865,12:20,未纳入,谨慎,自动映射到抖音视频评论池。,5.9,false
2026-05-18,longge,抖音评论 12:19,大哥帮我看看，雪人集团，宏昌电子，永鼎股份怎么搞，全仓进去都亏了10个点了[流泪][流泪][流泪],宏昌电子(603002);雪人集团(002639);永鼎股份(600105),,宏昌电子(603002) 被提及 2 次，有效评论 2 条，来源 1 个，单视频线索，情绪 中性，当前判断：保留观察。；雪人集团(002639) 被提及 1 次，有效评论 1 条，来源 1 个，单视频线索，情绪 谨慎，当前判断：偏风险观察。；永鼎股份(600105) 被提及 1 次，有效评论 1 条，来源 1 个，单视频线索，情绪 谨慎，当前判断：偏风险观察。,待确认,video_id=7641066778256261553; video_url=https://www.douyin.com/video/7641066778256261553; creator=阿龙闯大A📈; like=0; reply=12; source_type=comment; yeren_signal_id=; parent_comment_text=,12:19,抖音评论,video,来个真大哥，急需回血，感激不尽！#股票 #股民 #vlgo十亿流量扶持计划,每天都要√,7641066778256261553,https://www.douyin.com/video/7641066778256261553,,7641081759946277681,12:19,待确认,谨慎,自动映射到抖音视频评论池。,6.9,false
2026-05-18,longge,抖音评论 12:19,有大哥去新大陆拉个涨停不,,,,否,video_id=7641066778256261553; video_url=https://www.douyin.com/video/7641066778256261553; creator=阿龙闯大A📈; like=0; reply=1; source_type=comment; yeren_signal_id=; parent_comment_text=,12:19,抖音评论,video,来个真大哥，急需回血，感激不尽！#股票 #股民 #vlgo十亿流量扶持计划,暖暖,7641066778256261553,https://www.douyin.com/video/7641066778256261553,,7641081694825562934,12:19,未纳入,中性,自动映射到抖音视频评论池。,,false
2026-05-18,longge,抖音评论 12:19,锂矿 去吧 六月在给我买澳龙,,,,否,video_id=7641066778256261553; video_url=https://www.douyin.com/video/7641066778256261553; creator=阿龙闯大A📈; like=0; reply=5; source_type=comment; yeren_signal_id=; parent_comment_text=,12:19,抖音评论,video,来个真大哥，急需回血，感激不尽！#股票 #股民 #vlgo十亿流量扶持计划,耶鲁沙冷,7641066778256261553,https://www.douyin.com/video/7641066778256261553,,7641081613325566763,12:19,未纳入,中性,自动映射到抖音视频评论池。,,false
2026-05-18,longge,抖音评论 12:19,现在没啥好票。。。,,,,否,video_id=7641066778256261553; video_url=https://www.douyin.com/video/7641066778256261553; creator=阿龙闯大A📈; like=0; reply=0; source_type=comment; yeren_signal_id=; parent_comment_text=,12:19,抖音评论,video,来个真大哥，急需回血，感激不尽！#股票 #股民 #vlgo十亿流量扶持计划,和光同尘~,7641066778256261553,https://www.douyin.com/video/7641066778256261553,,7641081572297786163,12:19,未纳入,中性,自动映射到抖音视频评论池。,,false
2026-05-18,longge,抖音评论 12:18,京能啊,,,,否,video_id=7641066778256261553; video_url=https://www.douyin.com/video/7641066778256261553; creator=阿龙闯大A📈; like=0; reply=0; source_type=comment; yeren_signal_id=; parent_comment_text=,12:18,抖音评论,video,来个真大哥，急需回血，感激不尽！#股票 #股民 #vlgo十亿流量扶持计划,贸贸～专业染发,7641066778256261553,https://www.douyin.com/video/7641066778256261553,,7641081559332111162,12:18,未纳入,中性,自动映射到抖音视频评论池。,,false
2026-05-18,longge,抖音评论 12:18,我通达股份亏多了，12.5成本，资金出逃，我赶上了,通达股份(002560),,通达股份(002560) 被提及 2 次，有效评论 2 条，来源 2 个，跨来源共振，情绪 谨慎，当前判断：偏风险观察。,否,video_id=7641066778256261553; video_url=https://www.douyin.com/video/7641066778256261553; creator=阿龙闯大A📈; like=0; reply=0; source_type=comment; yeren_signal_id=; parent_comment_text=,12:18,抖音评论,video,来个真大哥，急需回血，感激不尽！#股票 #股民 #vlgo十亿流量扶持计划,如我所愿,7641066778256261553,https://www.douyin.com/video/7641066778256261553,,7641081353274966821,12:18,未纳入,谨慎,自动映射到抖音视频评论池。,7.0,false
2026-05-18,longge,抖音评论 12:17,盛视科技咋整,盛视科技(002990),,盛视科技(002990) 被提及 1 次，有效评论 1 条，来源 1 个，单视频线索，情绪 中性，当前判断：保留观察。,待确认,video_id=7641066778256261553; video_url=https://www.douyin.com/video/7641066778256261553; creator=阿龙闯大A📈; like=0; reply=0; source_type=comment; yeren_signal_id=; parent_comment_text=,12:17,抖音评论,video,来个真大哥，急需回血，感激不尽！#股票 #股民 #vlgo十亿流量扶持计划,H  𝙃,7641066778256261553,https://www.douyin.com/video/7641066778256261553,,7641081162132472618,12:17,待确认,中性,自动映射到抖音视频评论池。,6.4,false
2026-05-18,longge,抖音评论 12:17,麻了,,,,否,video_id=7641066778256261553; video_url=https://www.douyin.com/video/7641066778256261553; creator=阿龙闯大A📈; like=0; reply=0; source_type=comment; yeren_signal_id=; parent_comment_text=,12:17,抖音评论,video,来个真大哥，急需回血，感激不尽！#股票 #股民 #vlgo十亿流量扶持计划,忙人_i,7641066778256261553,https://www.douyin.com/video/7641066778256261553,,7641081186571666210,12:17,未纳入,中性,自动映射到抖音视频评论池。,,false
2026-05-18,longge,抖音评论 12:16,@,,,,否,video_id=7641066778256261553; video_url=https://www.douyin.com/video/7641066778256261553; creator=阿龙闯大A📈; like=0; reply=0; source_type=comment; yeren_signal_id=; parent_comment_text=,12:16,抖音评论,video,来个真大哥，急需回血，感激不尽！#股票 #股民 #vlgo十亿流量扶持计划,快捷键♻️,7641066778256261553,https://www.douyin.com/video/7641066778256261553,,7641080904253424433,12:16,未纳入,中性,自动映射到抖音视频评论池。,,false
2026-05-18,longge,抖音评论 12:16,跟长鑫科技有关的供应商，自己搜,,,,否,video_id=7641066778256261553; video_url=https://www.douyin.com/video/7641066778256261553; creator=阿龙闯大A📈; like=0; reply=0; source_type=comment; yeren_signal_id=; parent_comment_text=,12:16,抖音评论,video,来个真大哥，急需回血，感激不尽！#股票 #股民 #vlgo十亿流量扶持计划,果果gg,7641066778256261553,https://www.douyin.com/video/7641066778256261553,,7641080896141673235,12:16,未纳入,中性,自动映射到抖音视频评论池。,,false
2026-05-18,longge,抖音评论 12:16,长城,,,,否,video_id=7641066778256261553; video_url=https://www.douyin.com/video/7641066778256261553; creator=阿龙闯大A📈; like=0; reply=0; source_type=comment; yeren_signal_id=; parent_comment_text=,12:16,抖音评论,video,来个真大哥，急需回血，感激不尽！#股票 #股民 #vlgo十亿流量扶持计划,浩岳锦绣,7641066778256261553,https://www.douyin.com/video/7641066778256261553,,7641080829046178618,12:16,未纳入,中性,自动映射到抖音视频评论池。,,false
2026-05-18,longge,抖音评论 12:15,3万的本金，3天亏了2000了[流泪],,,,否,video_id=7641066778256261553; video_url=https://www.douyin.com/video/7641066778256261553; creator=阿龙闯大A📈; like=0; reply=3; source_type=comment; yeren_signal_id=; parent_comment_text=,12:15,抖音评论,video,来个真大哥，急需回血，感激不尽！#股票 #股民 #vlgo十亿流量扶持计划,倒头就睡,7641066778256261553,https://www.douyin.com/video/7641066778256261553,,7641080660178813745,12:15,未纳入,中性,自动映射到抖音视频评论池。,,false
2026-05-18,longge,抖音评论 12:15,人形机器人,,,,否,video_id=7641066778256261553; video_url=https://www.douyin.com/video/7641066778256261553; creator=阿龙闯大A📈; like=0; reply=0; source_type=comment; yeren_signal_id=; parent_comment_text=,12:15,抖音评论,video,来个真大哥，急需回血，感激不尽！#股票 #股民 #vlgo十亿流量扶持计划,廖,7641066778256261553,https://www.douyin.com/video/7641066778256261553,,7641080634660324154,12:15,未纳入,中性,自动映射到抖音视频评论池。,,false
2026-05-18,longge,抖音评论 12:15,中国电信,,,,否,video_id=7641066778256261553; video_url=https://www.douyin.com/video/7641066778256261553; creator=阿龙闯大A📈; like=0; reply=0; source_type=comment; yeren_signal_id=; parent_comment_text=,12:15,抖音评论,video,来个真大哥，急需回血，感激不尽！#股票 #股民 #vlgo十亿流量扶持计划,木木123,7641066778256261553,https://www.douyin.com/video/7641066778256261553,,7641080632130552634,12:15,未纳入,中性,自动映射到抖音视频评论池。,,false
2026-05-18,longge,抖音评论 12:15,太阳能,太阳能(000591),,太阳能(000591) 被提及 1 次，有效评论 1 条，来源 1 个，单视频线索，情绪 中性，当前判断：保留观察。,待确认,video_id=7641066778256261553; video_url=https://www.douyin.com/video/7641066778256261553; creator=阿龙闯大A📈; like=0; reply=0; source_type=comment; yeren_signal_id=; parent_comment_text=,12:15,抖音评论,video,来个真大哥，急需回血，感激不尽！#股票 #股民 #vlgo十亿流量扶持计划,一夜暴符,7641066778256261553,https://www.douyin.com/video/7641066778256261553,,7641080627509412645,12:15,待确认,中性,自动映射到抖音视频评论池。,6.4,false
2026-05-18,longge,抖音评论 12:15,哪个大哥帮我看看岩山科技[比心],岩山科技(002195),,岩山科技(002195) 被提及 1 次，有效评论 1 条，来源 1 个，单视频线索，情绪 中性，当前判断：保留观察。,待确认,video_id=7641066778256261553; video_url=https://www.douyin.com/video/7641066778256261553; creator=阿龙闯大A📈; like=0; reply=8; source_type=comment; yeren_signal_id=; parent_comment_text=,12:15,抖音评论,video,来个真大哥，急需回血，感激不尽！#股票 #股民 #vlgo十亿流量扶持计划,星河梦,7641066778256261553,https://www.douyin.com/video/7641066778256261553,,7641080608140493605,12:15,待确认,中性,自动映射到抖音视频评论池。,6.4,false
2026-05-18,longge,抖音评论 12:15,辽宁能源,辽宁能源(600758),,辽宁能源(600758) 被提及 3 次，有效评论 3 条，来源 1 个，单视频线索，情绪 中性，当前判断：保留观察。,待确认,video_id=7641066778256261553; video_url=https://www.douyin.com/video/7641066778256261553; creator=阿龙闯大A📈; like=0; reply=0; source_type=comment; yeren_signal_id=; parent_comment_text=,12:15,抖音评论,video,来个真大哥，急需回血，感激不尽！#股票 #股民 #vlgo十亿流量扶持计划,叶间风📷,7641066778256261553,https://www.douyin.com/video/7641066778256261553,,7641080573062611749,12:15,待确认,中性,自动映射到抖音视频评论池。,7.2,false
2026-05-18,longge,抖音评论 12:14,今天地板都出不去，直接十个点,,,,否,video_id=7641066778256261553; video_url=https://www.douyin.com/video/7641066778256261553; creator=阿龙闯大A📈; like=0; reply=0; source_type=comment; yeren_signal_id=; parent_comment_text=,12:14,抖音评论,video,来个真大哥，急需回血，感激不尽！#股票 #股民 #vlgo十亿流量扶持计划,Jimmyking,7641066778256261553,https://www.douyin.com/video/7641066778256261553,,7641080448214647610,12:14,未纳入,中性,自动映射到抖音视频评论池。,,false
2026-05-18,longge,抖音评论 12:13,深科技,,,,否,video_id=7641066778256261553; video_url=https://www.douyin.com/video/7641066778256261553; creator=阿龙闯大A📈; like=0; reply=0; source_type=comment; yeren_signal_id=; parent_comment_text=,12:13,抖音评论,video,来个真大哥，急需回血，感激不尽！#股票 #股民 #vlgo十亿流量扶持计划,酷酷的天あ,7641066778256261553,https://www.douyin.com/video/7641066778256261553,,7641080030449304369,12:13,未纳入,中性,自动映射到抖音视频评论池。,,false
2026-05-18,longge,抖音评论 12:11,龙之在哪儿买,,,,否,video_id=7641066778256261553; video_url=https://www.douyin.com/video/7641066778256261553; creator=阿龙闯大A📈; like=0; reply=0; source_type=comment; yeren_signal_id=; parent_comment_text=,12:11,抖音评论,video,来个真大哥，急需回血，感激不尽！#股票 #股民 #vlgo十亿流量扶持计划,Cccccchow,7641066778256261553,https://www.douyin.com/video/7641066778256261553,,7641079749728813861,12:11,未纳入,中性,自动映射到抖音视频评论池。,,false
2026-05-18,longge,抖音评论 12:11,再升科技,再升科技(603601),,再升科技(603601) 被提及 3 次，有效评论 3 条，来源 2 个，跨来源共振，情绪 中性，当前判断：保留观察。,待确认,video_id=7641066778256261553; video_url=https://www.douyin.com/video/7641066778256261553; creator=阿龙闯大A📈; like=0; reply=0; source_type=comment; yeren_signal_id=; parent_comment_text=,12:11,抖音评论,video,来个真大哥，急需回血，感激不尽！#股票 #股民 #vlgo十亿流量扶持计划,逸意,7641066778256261553,https://www.douyin.com/video/7641066778256261553,,7641079678828233529,12:11,待确认,中性,自动映射到抖音视频评论池。,8.0,false
2026-05-18,longge,抖音评论 12:11,山东🐉,,,,否,video_id=7641066778256261553; video_url=https://www.douyin.com/video/7641066778256261553; creator=阿龙闯大A📈; like=0; reply=0; source_type=comment; yeren_signal_id=; parent_comment_text=,12:11,抖音评论,video,来个真大哥，急需回血，感激不尽！#股票 #股民 #vlgo十亿流量扶持计划,越努力越幸运,7641066778256261553,https://www.douyin.com/video/7641066778256261553,,7641079671321756479,12:11,未纳入,中性,自动映射到抖音视频评论池。,,false
2026-05-18,longge,抖音评论 12:11,你跑啦下午我拉涨停[戳手手],,,,否,video_id=7641066778256261553; video_url=https://www.douyin.com/video/7641066778256261553; creator=阿龙闯大A📈; like=0; reply=0; source_type=comment; yeren_signal_id=; parent_comment_text=,12:11,抖音评论,video,来个真大哥，急需回血，感激不尽！#股票 #股民 #vlgo十亿流量扶持计划,80后奶爸,7641066778256261553,https://www.douyin.com/video/7641066778256261553,,7641079511229055794,12:11,未纳入,中性,自动映射到抖音视频评论池。,,false
2026-05-18,longge,抖音评论 12:10,冲突可能会继续，石油要涨，所以会不会进电力？,,,,否,video_id=7641066778256261553; video_url=https://www.douyin.com/video/7641066778256261553; creator=阿龙闯大A📈; like=0; reply=0; source_type=comment; yeren_signal_id=; parent_comment_text=,12:10,抖音评论,video,来个真大哥，急需回血，感激不尽！#股票 #股民 #vlgo十亿流量扶持计划,帆帆帆,7641066778256261553,https://www.douyin.com/video/7641066778256261553,,7641079428802478897,12:10,未纳入,中性,自动映射到抖音视频评论池。,,false
2026-05-18,longge,抖音评论 12:10,华工,,,,否,video_id=7641066778256261553; video_url=https://www.douyin.com/video/7641066778256261553; creator=阿龙闯大A📈; like=0; reply=0; source_type=comment; yeren_signal_id=; parent_comment_text=,12:10,抖音评论,video,来个真大哥，急需回血，感激不尽！#股票 #股民 #vlgo十亿流量扶持计划,BullRise,7641066778256261553,https://www.douyin.com/video/7641066778256261553,,7641079406781973257,12:10,未纳入,中性,自动映射到抖音视频评论池。,,false
2026-05-18,longge,抖音评论 12:10,我的舒化体育，我傻了,,,,否,video_id=7641066778256261553; video_url=https://www.douyin.com/video/7641066778256261553; creator=阿龙闯大A📈; like=0; reply=0; source_type=comment; yeren_signal_id=; parent_comment_text=,12:10,抖音评论,video,来个真大哥，急需回血，感激不尽！#股票 #股民 #vlgo十亿流量扶持计划,狗东西,7641066778256261553,https://www.douyin.com/video/7641066778256261553,,7641079294583849765,12:10,未纳入,中性,自动映射到抖音视频评论池。,,false
2026-05-18,longge,抖音评论 12:10,金田看看,,,,否,video_id=7641066778256261553; video_url=https://www.douyin.com/video/7641066778256261553; creator=阿龙闯大A📈; like=0; reply=0; source_type=comment; yeren_signal_id=; parent_comment_text=,12:10,抖音评论,video,来个真大哥，急需回血，感激不尽！#股票 #股民 #vlgo十亿流量扶持计划,樣,7641066778256261553,https://www.douyin.com/video/7641066778256261553,,7641079273067905819,12:10,未纳入,中性,自动映射到抖音视频评论池。,,false
2026-05-18,longge,抖音评论 12:10,[懵]你不是走了吗，还找大哥，又想进来,,,,否,video_id=7641066778256261553; video_url=https://www.douyin.com/video/7641066778256261553; creator=阿龙闯大A📈; like=0; reply=0; source_type=comment; yeren_signal_id=; parent_comment_text=,12:10,抖音评论,video,来个真大哥，急需回血，感激不尽！#股票 #股民 #vlgo十亿流量扶持计划,冬亦落晴何寻,7641066778256261553,https://www.douyin.com/video/7641066778256261553,,7641079244156535610,12:10,未纳入,中性,自动映射到抖音视频评论池。,,false
2026-05-18,longge,抖音评论 12:09,绿力fd,,,,否,video_id=7641066778256261553; video_url=https://www.douyin.com/video/7641066778256261553; creator=阿龙闯大A📈; like=0; reply=0; source_type=comment; yeren_signal_id=; parent_comment_text=,12:09,抖音评论,video,来个真大哥，急需回血，感激不尽！#股票 #股民 #vlgo十亿流量扶持计划,kk悠扬,7641066778256261553,https://www.douyin.com/video/7641066778256261553,,7641079168885408553,12:09,未纳入,中性,自动映射到抖音视频评论池。,,false
2026-05-18,longge,抖音评论 12:09,亚龙，有好票发条私信给我,,,,否,video_id=7641066778256261553; video_url=https://www.douyin.com/video/7641066778256261553; creator=阿龙闯大A📈; like=0; reply=0; source_type=comment; yeren_signal_id=; parent_comment_text=,12:09,抖音评论,video,来个真大哥，急需回血，感激不尽！#股票 #股民 #vlgo十亿流量扶持计划,L_淡然,7641066778256261553,https://www.douyin.com/video/7641066778256261553,,7641079008381748005,12:09,未纳入,中性,自动映射到抖音视频评论池。,,false
2026-05-18,longge,抖音评论 12:08,刚看到一个评论 1.45拉节能[捂脸],,,,否,video_id=7641066778256261553; video_url=https://www.douyin.com/video/7641066778256261553; creator=阿龙闯大A📈; like=0; reply=0; source_type=comment; yeren_signal_id=; parent_comment_text=,12:08,抖音评论,video,来个真大哥，急需回血，感激不尽！#股票 #股民 #vlgo十亿流量扶持计划,Red,7641066778256261553,https://www.douyin.com/video/7641066778256261553,,7641078764416385807,12:08,未纳入,中性,自动映射到抖音视频评论池。,,false
2026-05-18,longge,抖音评论 12:08,他走的是那个 我进去,,,,否,video_id=7641066778256261553; video_url=https://www.douyin.com/video/7641066778256261553; creator=阿龙闯大A📈; like=0; reply=0; source_type=comment; yeren_signal_id=; parent_comment_text=,12:08,抖音评论,video,来个真大哥，急需回血，感激不尽！#股票 #股民 #vlgo十亿流量扶持计划,岁月 如歌,7641066778256261553,https://www.douyin.com/video/7641066778256261553,,7641078736892969782,12:08,未纳入,中性,自动映射到抖音视频评论池。,,false
2026-05-18,longge,抖音评论 12:08,我大哥说大业可以，今天追高进的[泣不成声]看看下午能不能拉起来,,,,否,video_id=7641066778256261553; video_url=https://www.douyin.com/video/7641066778256261553; creator=阿龙闯大A📈; like=0; reply=1; source_type=comment; yeren_signal_id=; parent_comment_text=,12:08,抖音评论,video,来个真大哥，急需回血，感激不尽！#股票 #股民 #vlgo十亿流量扶持计划,终相老,7641066778256261553,https://www.douyin.com/video/7641066778256261553,,7641078726395036431,12:08,未纳入,中性,自动映射到抖音视频评论池。,,false
2026-05-18,longge,抖音评论 12:07,国电南瑞能进吗大哥们,国电南瑞(600406),,国电南瑞(600406) 被提及 1 次，有效评论 1 条，来源 1 个，单视频线索，情绪 中性，当前判断：保留观察。,待确认,video_id=7641066778256261553; video_url=https://www.douyin.com/video/7641066778256261553; creator=阿龙闯大A📈; like=0; reply=3; source_type=comment; yeren_signal_id=; parent_comment_text=,12:07,抖音评论,video,来个真大哥，急需回血，感激不尽！#股票 #股民 #vlgo十亿流量扶持计划,宏山激光-四川省,7641066778256261553,https://www.douyin.com/video/7641066778256261553,,7641078660531471146,12:07,待确认,中性,自动映射到抖音视频评论池。,6.4,false
2026-05-18,longge,抖音评论 12:07,光嘴上哪里找大哥[捂脸],,,,否,video_id=7641066778256261553; video_url=https://www.douyin.com/video/7641066778256261553; creator=阿龙闯大A📈; like=0; reply=0; source_type=comment; yeren_signal_id=; parent_comment_text=,12:07,抖音评论,video,来个真大哥，急需回血，感激不尽！#股票 #股民 #vlgo十亿流量扶持计划,牛金牛,7641066778256261553,https://www.douyin.com/video/7641066778256261553,,7641078481644225329,12:07,未纳入,中性,自动映射到抖音视频评论池。,,false
2026-05-18,longge,抖音评论 12:06,巨轮上车,,,评论热度较高，但暂未自动识别到明确股票线索，保留人工复核。,待确认,video_id=7641066778256261553; video_url=https://www.douyin.com/video/7641066778256261553; creator=阿龙闯大A📈; like=0; reply=8; source_type=comment; yeren_signal_id=; parent_comment_text=,12:06,抖音评论,video,来个真大哥，急需回血，感激不尽！#股票 #股民 #vlgo十亿流量扶持计划,重庆幕墙门窗-钢结构,7641066778256261553,https://www.douyin.com/video/7641066778256261553,,7641078326429516593,12:06,待确认,中性,自动映射到抖音视频评论池。,6.2,false
2026-05-18,longge,抖音评论 12:06,[微笑]我被套在雪人了,,,,否,video_id=7641066778256261553; video_url=https://www.douyin.com/video/7641066778256261553; creator=阿龙闯大A📈; like=0; reply=5; source_type=comment; yeren_signal_id=; parent_comment_text=,12:06,抖音评论,video,来个真大哥，急需回血，感激不尽！#股票 #股民 #vlgo十亿流量扶持计划,你的月亮我的心。,7641066778256261553,https://www.douyin.com/video/7641066778256261553,,7641078256971596570,12:06,未纳入,中性,自动映射到抖音视频评论池。,,false
2026-05-18,longge,抖音评论 12:04,我也需要[泪奔][泪奔][泪奔]亏的影响我心情,,,,否,video_id=7641066778256261553; video_url=https://www.douyin.com/video/7641066778256261553; creator=阿龙闯大A📈; like=0; reply=0; source_type=comment; yeren_signal_id=; parent_comment_text=,12:04,抖音评论,video,来个真大哥，急需回血，感激不尽！#股票 #股民 #vlgo十亿流量扶持计划,Komorebi,7641066778256261553,https://www.douyin.com/video/7641066778256261553,,7641077915627389745,12:04,未纳入,中性,自动映射到抖音视频评论池。,,false
2026-05-18,longge,抖音评论 12:04,众生[杀马特][杀马特][杀马特],,,,否,video_id=7641066778256261553; video_url=https://www.douyin.com/video/7641066778256261553; creator=阿龙闯大A📈; like=0; reply=0; source_type=comment; yeren_signal_id=; parent_comment_text=,12:04,抖音评论,video,来个真大哥，急需回血，感激不尽！#股票 #股民 #vlgo十亿流量扶持计划,不动。,7641066778256261553,https://www.douyin.com/video/7641066778256261553,,7641077879619011347,12:04,未纳入,中性,自动映射到抖音视频评论池。,,false
2026-05-18,longge,抖音评论 12:03,下午可以买哪个，亏麻了[捂脸],,,,否,video_id=7641066778256261553; video_url=https://www.douyin.com/video/7641066778256261553; creator=阿龙闯大A📈; like=0; reply=0; source_type=comment; yeren_signal_id=; parent_comment_text=,12:03,抖音评论,video,来个真大哥，急需回血，感激不尽！#股票 #股民 #vlgo十亿流量扶持计划,Æ,7641066778256261553,https://www.douyin.com/video/7641066778256261553,,7641077509005919033,12:03,未纳入,中性,自动映射到抖音视频评论池。,,false
2026-05-18,longge,抖音评论 12:02,长鑫存储要上市了他的股东都涨疯了,,,,否,video_id=7641066778256261553; video_url=https://www.douyin.com/video/7641066778256261553; creator=阿龙闯大A📈; like=0; reply=3; source_type=comment; yeren_signal_id=; parent_comment_text=,12:02,抖音评论,video,来个真大哥，急需回血，感激不尽！#股票 #股民 #vlgo十亿流量扶持计划,我自是年少,7641066778256261553,https://www.douyin.com/video/7641066778256261553,,7641077370984432394,12:02,未纳入,中性,自动映射到抖音视频评论池。,,false
2026-05-18,longge,抖音评论 12:02,淑华正式买入时候，明天小涨后天涨停,,,评论热度较高，但暂未自动识别到明确股票线索，保留人工复核。,待确认,video_id=7641066778256261553; video_url=https://www.douyin.com/video/7641066778256261553; creator=阿龙闯大A📈; like=0; reply=9; source_type=comment; yeren_signal_id=; parent_comment_text=,12:02,抖音评论,video,来个真大哥，急需回血，感激不尽！#股票 #股民 #vlgo十亿流量扶持计划,坚持,7641066778256261553,https://www.douyin.com/video/7641066778256261553,,7641077333453325105,12:02,待确认,中性,自动映射到抖音视频评论池。,6.2,false
2026-05-18,longge,抖音评论 12:02,13号说的海星，没有人跟,,,,否,video_id=7641066778256261553; video_url=https://www.douyin.com/video/7641066778256261553; creator=阿龙闯大A📈; like=0; reply=5; source_type=comment; yeren_signal_id=; parent_comment_text=,12:02,抖音评论,video,来个真大哥，急需回血，感激不尽！#股票 #股民 #vlgo十亿流量扶持计划,丸子晓妹,7641066778256261553,https://www.douyin.com/video/7641066778256261553,,7641077278478451505,12:02,未纳入,中性,自动映射到抖音视频评论池。,,false
2026-05-18,longge,抖音评论 12:02,@豆包 整理一下评论区股票推荐，真大哥,,,,否,video_id=7641066778256261553; video_url=https://www.douyin.com/video/7641066778256261553; creator=阿龙闯大A📈; like=0; reply=0; source_type=comment; yeren_signal_id=; parent_comment_text=,12:02,抖音评论,video,来个真大哥，急需回血，感激不尽！#股票 #股民 #vlgo十亿流量扶持计划,程💕,7641066778256261553,https://www.douyin.com/video/7641066778256261553,,7641077248448021307,12:02,未纳入,中性,自动映射到抖音视频评论池。,,false
2026-05-18,longge,抖音评论 12:02,再生科技周五亏本卖的 今天涨停[流泪],,,,否,video_id=7641066778256261553; video_url=https://www.douyin.com/video/7641066778256261553; creator=阿龙闯大A📈; like=0; reply=2; source_type=comment; yeren_signal_id=; parent_comment_text=,12:02,抖音评论,video,来个真大哥，急需回血，感激不尽！#股票 #股民 #vlgo十亿流量扶持计划,Ivy,7641066778256261553,https://www.douyin.com/video/7641066778256261553,,7641077240990728997,12:02,未纳入,中性,自动映射到抖音视频评论池。,,false
2026-05-18,longge,抖音评论 12:01,合肥明天还要一板,,,,否,video_id=7641066778256261553; video_url=https://www.douyin.com/video/7641066778256261553; creator=阿龙闯大A📈; like=0; reply=1; source_type=comment; yeren_signal_id=; parent_comment_text=,12:01,抖音评论,video,来个真大哥，急需回血，感激不尽！#股票 #股民 #vlgo十亿流量扶持计划,用户212901406027,7641066778256261553,https://www.douyin.com/video/7641066778256261553,,7641077177009570619,12:01,未纳入,中性,自动映射到抖音视频评论池。,,false
2026-05-18,longge,抖音评论 12:01,大哥 华电辽能还能格局吗 跌麻了[凋谢],华电辽能(600396),电力,华电辽能(600396) 被提及 2 次，有效评论 2 条，来源 1 个，单视频线索，情绪 中性，当前判断：保留观察。,待确认,video_id=7641066778256261553; video_url=https://www.douyin.com/video/7641066778256261553; creator=阿龙闯大A📈; like=0; reply=2; source_type=comment; yeren_signal_id=; parent_comment_text=,12:01,抖音评论,video,来个真大哥，急需回血，感激不尽！#股票 #股民 #vlgo十亿流量扶持计划,饼的,7641066778256261553,https://www.douyin.com/video/7641066778256261553,,7641077120744194853,12:01,待确认,中性,自动映射到抖音视频评论池。,6.9,false
2026-05-18,longge,抖音评论 12:01,宁波能源 拉上去,宁波能源(600982),,宁波能源(600982) 被提及 1 次，有效评论 1 条，来源 1 个，单视频线索，情绪 中性，当前判断：保留观察。,待确认,video_id=7641066778256261553; video_url=https://www.douyin.com/video/7641066778256261553; creator=阿龙闯大A📈; like=0; reply=0; source_type=comment; yeren_signal_id=; parent_comment_text=,12:01,抖音评论,video,来个真大哥，急需回血，感激不尽！#股票 #股民 #vlgo十亿流量扶持计划,起,7641066778256261553,https://www.douyin.com/video/7641066778256261553,,7641077058240512805,12:01,待确认,中性,自动映射到抖音视频评论池。,6.4,false
2026-05-18,longge,抖音评论 12:01,光迅下午涨停,,,,否,video_id=7641066778256261553; video_url=https://www.douyin.com/video/7641066778256261553; creator=阿龙闯大A📈; like=0; reply=0; source_type=comment; yeren_signal_id=; parent_comment_text=,12:01,抖音评论,video,来个真大哥，急需回血，感激不尽！#股票 #股民 #vlgo十亿流量扶持计划,大空头,7641066778256261553,https://www.douyin.com/video/7641066778256261553,,7641076990476419875,12:01,未纳入,中性,自动映射到抖音视频评论池。,,false
2026-05-18,longge,抖音评论 12:01,上周五不是说了晋控,,,,否,video_id=7641066778256261553; video_url=https://www.douyin.com/video/7641066778256261553; creator=阿龙闯大A📈; like=0; reply=0; source_type=comment; yeren_signal_id=; parent_comment_text=,12:01,抖音评论,video,来个真大哥，急需回血，感激不尽！#股票 #股民 #vlgo十亿流量扶持计划,一路长虹🌈🌈🌈🌈,7641066778256261553,https://www.douyin.com/video/7641066778256261553,,7641076940681855793,12:01,未纳入,中性,自动映射到抖音视频评论池。,,false
2026-05-18,longge,抖音评论 12:00,说中国能建的在哪里[捂脸][捂脸][捂脸]3.5进去站岗,中国能建(601868),,中国能建(601868) 被提及 1 次，有效评论 1 条，来源 1 个，单视频线索，情绪 中性，当前判断：保留观察。,待确认,video_id=7641066778256261553; video_url=https://www.douyin.com/video/7641066778256261553; creator=阿龙闯大A📈; like=0; reply=12; source_type=comment; yeren_signal_id=; parent_comment_text=,12:00,抖音评论,video,来个真大哥，急需回血，感激不尽！#股票 #股民 #vlgo十亿流量扶持计划,静静静静啊,7641066778256261553,https://www.douyin.com/video/7641066778256261553,,7641076854754132785,12:00,待确认,中性,自动映射到抖音视频评论池。,6.4,false
2026-05-18,longge,抖音评论 12:00,光，站在光里,,,,否,video_id=7641066778256261553; video_url=https://www.douyin.com/video/7641066778256261553; creator=阿龙闯大A📈; like=0; reply=0; source_type=comment; yeren_signal_id=; parent_comment_text=,12:00,抖音评论,video,来个真大哥，急需回血，感激不尽！#股票 #股民 #vlgo十亿流量扶持计划,老板听劝,7641066778256261553,https://www.douyin.com/video/7641066778256261553,,7641076751582757689,12:00,未纳入,中性,自动映射到抖音视频评论池。,,false
2026-05-18,longge,抖音评论 12:00,我和主播同车，我也割肉了[流泪],,,,否,video_id=7641066778256261553; video_url=https://www.douyin.com/video/7641066778256261553; creator=阿龙闯大A📈; like=0; reply=0; source_type=comment; yeren_signal_id=; parent_comment_text=,12:00,抖音评论,video,来个真大哥，急需回血，感激不尽！#股票 #股民 #vlgo十亿流量扶持计划,明月高悬能否照我,7641066778256261553,https://www.douyin.com/video/7641066778256261553,,7641076748327584561,12:00,未纳入,中性,自动映射到抖音视频评论池。,,false
2026-05-18,longge,抖音评论 12:00,大哥们 买什么好[抱拳][抱拳],,,,否,video_id=7641066778256261553; video_url=https://www.douyin.com/video/7641066778256261553; creator=阿龙闯大A📈; like=0; reply=0; source_type=comment; yeren_signal_id=; parent_comment_text=,12:00,抖音评论,video,来个真大哥，急需回血，感激不尽！#股票 #股民 #vlgo十亿流量扶持计划,éternel,7641066778256261553,https://www.douyin.com/video/7641066778256261553,,7641076712738849588,12:00,未纳入,中性,自动映射到抖音视频评论池。,,false
2026-05-18,longge,抖音评论 12:00,最近还是进防御板块比较好，泥沙俱下就得躲一躲,,,,否,video_id=7641066778256261553; video_url=https://www.douyin.com/video/7641066778256261553; creator=阿龙闯大A📈; like=0; reply=0; source_type=comment; yeren_signal_id=; parent_comment_text=,12:00,抖音评论,video,来个真大哥，急需回血，感激不尽！#股票 #股民 #vlgo十亿流量扶持计划,街角的咖啡店,7641066778256261553,https://www.douyin.com/video/7641066778256261553,,7641076683739415322,12:00,未纳入,中性,自动映射到抖音视频评论池。,,false
2026-05-18,longge,抖音评论 11:59,恩捷来个万手哥[流泪]我未成年回家怕被打屁股[流泪],,,,否,video_id=7641066778256261553; video_url=https://www.douyin.com/video/7641066778256261553; creator=阿龙闯大A📈; like=0; reply=1; source_type=comment; yeren_signal_id=; parent_comment_text=,11:59,抖音评论,video,来个真大哥，急需回血，感激不尽！#股票 #股民 #vlgo十亿流量扶持计划,Melody🍁,7641066778256261553,https://www.douyin.com/video/7641066778256261553,,7641076578394882853,11:59,未纳入,中性,自动映射到抖音视频评论池。,,false
2026-05-18,longge,抖音评论 11:59,油气富国,,,,否,video_id=7641066778256261553; video_url=https://www.douyin.com/video/7641066778256261553; creator=阿龙闯大A📈; like=0; reply=0; source_type=comment; yeren_signal_id=; parent_comment_text=,11:59,抖音评论,video,来个真大哥，急需回血，感激不尽！#股票 #股民 #vlgo十亿流量扶持计划,闲来无事勾栏听曲,7641066778256261553,https://www.douyin.com/video/7641066778256261553,,7641076459250909962,11:59,未纳入,中性,自动映射到抖音视频评论池。,,false
2026-05-18,longge,抖音评论 11:58,博敏电子同车有没有,博敏电子(603936),,博敏电子(603936) 被提及 1 次，有效评论 1 条，来源 1 个，单视频线索，情绪 中性，当前判断：保留观察。,待确认,video_id=7641066778256261553; video_url=https://www.douyin.com/video/7641066778256261553; creator=阿龙闯大A📈; like=0; reply=5; source_type=comment; yeren_signal_id=; parent_comment_text=,11:58,抖音评论,video,来个真大哥，急需回血，感激不尽！#股票 #股民 #vlgo十亿流量扶持计划,孤单心事,7641066778256261553,https://www.douyin.com/video/7641066778256261553,,7641076304268280616,11:58,待确认,中性,自动映射到抖音视频评论池。,6.4,false
2026-05-18,longge,抖音评论 11:58,才八九点，我都二十多个点了,,,,否,video_id=7641066778256261553; video_url=https://www.douyin.com/video/7641066778256261553; creator=阿龙闯大A📈; like=0; reply=0; source_type=comment; yeren_signal_id=; parent_comment_text=,11:58,抖音评论,video,来个真大哥，急需回血，感激不尽！#股票 #股民 #vlgo十亿流量扶持计划,销声🦋墨迹⁷⁰¹,7641066778256261553,https://www.douyin.com/video/7641066778256261553,,7641076272006153017,11:58,未纳入,中性,自动映射到抖音视频评论池。,,false
2026-05-18,longge,抖音评论 11:58,长电有大佬看看吗,,,,否,video_id=7641066778256261553; video_url=https://www.douyin.com/video/7641066778256261553; creator=阿龙闯大A📈; like=0; reply=0; source_type=comment; yeren_signal_id=; parent_comment_text=,11:58,抖音评论,video,来个真大哥，急需回血，感激不尽！#股票 #股民 #vlgo十亿流量扶持计划,我如阳光明媚,7641066778256261553,https://www.douyin.com/video/7641066778256261553,,7641076263324009242,11:58,未纳入,中性,自动映射到抖音视频评论池。,,false
2026-05-18,longge,抖音评论 11:57,给我来个真大哥，指点下,,,,否,video_id=7641066778256261553; video_url=https://www.douyin.com/video/7641066778256261553; creator=阿龙闯大A📈; like=0; reply=0; source_type=comment; yeren_signal_id=; parent_comment_text=,11:57,抖音评论,video,来个真大哥，急需回血，感激不尽！#股票 #股民 #vlgo十亿流量扶持计划,沐♡晨,7641066778256261553,https://www.douyin.com/video/7641066778256261553,,7641076142464566062,11:57,未纳入,中性,自动映射到抖音视频评论池。,,false
2026-05-18,longge,抖音评论 11:56,江特我还在，本来红了又大绿[泪奔]亏了20个点,,,,否,video_id=7641066778256261553; video_url=https://www.douyin.com/video/7641066778256261553; creator=阿龙闯大A📈; like=0; reply=5; source_type=comment; yeren_signal_id=; parent_comment_text=,11:56,抖音评论,video,来个真大哥，急需回血，感激不尽！#股票 #股民 #vlgo十亿流量扶持计划,来茴,7641066778256261553,https://www.douyin.com/video/7641066778256261553,,7641075858786730811,11:56,未纳入,中性,自动映射到抖音视频评论池。,,false
2026-05-18,longge,抖音评论 11:56,融券 随便选个票 闭着眼睛 空,,,,否,video_id=7641066778256261553; video_url=https://www.douyin.com/video/7641066778256261553; creator=阿龙闯大A📈; like=0; reply=0; source_type=comment; yeren_signal_id=; parent_comment_text=,11:56,抖音评论,video,来个真大哥，急需回血，感激不尽！#股票 #股民 #vlgo十亿流量扶持计划,一粒尘埃,7641066778256261553,https://www.douyin.com/video/7641066778256261553,,7641075832194515761,11:56,未纳入,中性,自动映射到抖音视频评论池。,,false
2026-05-18,longge,抖音评论 11:56,大位怎么样 各位大哥[爱心][爱心],,,,否,video_id=7641066778256261553; video_url=https://www.douyin.com/video/7641066778256261553; creator=阿龙闯大A📈; like=0; reply=4; source_type=comment; yeren_signal_id=; parent_comment_text=,11:56,抖音评论,video,来个真大哥，急需回血，感激不尽！#股票 #股民 #vlgo十亿流量扶持计划,nor,7641066778256261553,https://www.douyin.com/video/7641066778256261553,,7641075800549507855,11:56,未纳入,中性,自动映射到抖音视频评论池。,,false
2026-05-18,longge,抖音评论 11:56,上周五没敢追合肥[流泪][流泪][流泪],,,,否,video_id=7641066778256261553; video_url=https://www.douyin.com/video/7641066778256261553; creator=阿龙闯大A📈; like=0; reply=0; source_type=comment; yeren_signal_id=; parent_comment_text=,11:56,抖音评论,video,来个真大哥，急需回血，感激不尽！#股票 #股民 #vlgo十亿流量扶持计划,缘续今生,7641066778256261553,https://www.douyin.com/video/7641066778256261553,,7641075645695116066,11:56,未纳入,中性,自动映射到抖音视频评论池。,,false
2026-05-18,longge,抖音评论 11:55,来翘螳螂,,,,否,video_id=7641066778256261553; video_url=https://www.douyin.com/video/7641066778256261553; creator=阿龙闯大A📈; like=0; reply=0; source_type=comment; yeren_signal_id=; parent_comment_text=,11:55,抖音评论,video,来个真大哥，急需回血，感激不尽！#股票 #股民 #vlgo十亿流量扶持计划,大明哥哥的盘子,7641066778256261553,https://www.douyin.com/video/7641066778256261553,,7641075526790611769,11:55,未纳入,中性,自动映射到抖音视频评论池。,,false
2026-05-18,longge,抖音评论 11:55,播主不是在智微智能吗？,智微智能(001339),,智微智能(001339) 被提及 2 次，有效评论 2 条，来源 1 个，单视频线索，情绪 中性，当前判断：保留观察。,待确认,video_id=7641066778256261553; video_url=https://www.douyin.com/video/7641066778256261553; creator=阿龙闯大A📈; like=0; reply=0; source_type=comment; yeren_signal_id=; parent_comment_text=,11:55,抖音评论,video,来个真大哥，急需回血，感激不尽！#股票 #股民 #vlgo十亿流量扶持计划,鑫来,7641066778256261553,https://www.douyin.com/video/7641066778256261553,,7641075418505724707,11:55,待确认,中性,自动映射到抖音视频评论池。,6.9,false
2026-05-18,longge,抖音评论 11:54,下午进巨轮 五洲吧龙哥,,,,否,video_id=7641066778256261553; video_url=https://www.douyin.com/video/7641066778256261553; creator=阿龙闯大A📈; like=0; reply=0; source_type=comment; yeren_signal_id=; parent_comment_text=,11:54,抖音评论,video,来个真大哥，急需回血，感激不尽！#股票 #股民 #vlgo十亿流量扶持计划,爱跑的🤭阳,7641066778256261553,https://www.douyin.com/video/7641066778256261553,,7641075188671431473,11:54,未纳入,中性,自动映射到抖音视频评论池。,,false
2026-05-18,longge,抖音评论 11:53,机器人集体异动了喔,,,,否,video_id=7641066778256261553; video_url=https://www.douyin.com/video/7641066778256261553; creator=阿龙闯大A📈; like=0; reply=0; source_type=comment; yeren_signal_id=; parent_comment_text=,11:53,抖音评论,video,来个真大哥，急需回血，感激不尽！#股票 #股民 #vlgo十亿流量扶持计划,︒  蓝桉,7641066778256261553,https://www.douyin.com/video/7641066778256261553,,7641074902287647498,11:53,未纳入,中性,自动映射到抖音视频评论池。,,false
2026-05-18,longge,抖音评论 11:53,可以清仓了,,,,否,video_id=7641066778256261553; video_url=https://www.douyin.com/video/7641066778256261553; creator=阿龙闯大A📈; like=0; reply=0; source_type=comment; yeren_signal_id=; parent_comment_text=,11:53,抖音评论,video,来个真大哥，急需回血，感激不尽！#股票 #股民 #vlgo十亿流量扶持计划,逗我呢,7641066778256261553,https://www.douyin.com/video/7641066778256261553,,7641074872127177521,11:53,未纳入,中性,自动映射到抖音视频评论池。,,false
2026-05-18,longge,抖音评论 11:52,给我上龙,,,,否,video_id=7641066778256261553; video_url=https://www.douyin.com/video/7641066778256261553; creator=阿龙闯大A📈; like=0; reply=0; source_type=comment; yeren_signal_id=; parent_comment_text=,11:52,抖音评论,video,来个真大哥，急需回血，感激不尽！#股票 #股民 #vlgo十亿流量扶持计划,风川,7641066778256261553,https://www.douyin.com/video/7641066778256261553,,7641074793810838282,11:52,未纳入,中性,自动映射到抖音视频评论池。,,false
2026-05-18,longge,抖音评论 11:51,4支跌停，今天的我，炒股以来第一次[尬笑],,,,否,video_id=7641066778256261553; video_url=https://www.douyin.com/video/7641066778256261553; creator=阿龙闯大A📈; like=0; reply=0; source_type=comment; yeren_signal_id=; parent_comment_text=,11:51,抖音评论,video,来个真大哥，急需回血，感激不尽！#股票 #股民 #vlgo十亿流量扶持计划,二 狗,7641066778256261553,https://www.douyin.com/video/7641066778256261553,,7641074488066933561,11:51,未纳入,中性,自动映射到抖音视频评论池。,,false
2026-05-18,longge,抖音评论 11:51,其实不该卖的,,,,否,video_id=7641066778256261553; video_url=https://www.douyin.com/video/7641066778256261553; creator=阿龙闯大A📈; like=0; reply=0; source_type=comment; yeren_signal_id=; parent_comment_text=,11:51,抖音评论,video,来个真大哥，急需回血，感激不尽！#股票 #股民 #vlgo十亿流量扶持计划,祗给你↘幸諨。,7641066778256261553,https://www.douyin.com/video/7641066778256261553,,7641074481972282148,11:51,未纳入,中性,自动映射到抖音视频评论池。,,false
2026-05-18,longge,抖音评论 11:51,彩虹🌈,,,,否,video_id=7641066778256261553; video_url=https://www.douyin.com/video/7641066778256261553; creator=阿龙闯大A📈; like=0; reply=0; source_type=comment; yeren_signal_id=; parent_comment_text=,11:51,抖音评论,video,来个真大哥，急需回血，感激不尽！#股票 #股民 #vlgo十亿流量扶持计划,你仔细听,7641066778256261553,https://www.douyin.com/video/7641066778256261553,,7641074473710633786,11:51,未纳入,中性,自动映射到抖音视频评论池。,,false
2026-05-18,longge,抖音评论 11:51,周五那个大哥说的，百达精工真坑人,百达精工(603331),,百达精工(603331) 被提及 3 次，有效评论 3 条，来源 1 个，单视频线索，情绪 中性，当前判断：已进入推荐候选。,是,video_id=7641066778256261553; video_url=https://www.douyin.com/video/7641066778256261553; creator=阿龙闯大A📈; like=0; reply=4; source_type=comment; yeren_signal_id=; parent_comment_text=,11:51,抖音评论,video,来个真大哥，急需回血，感激不尽！#股票 #股民 #vlgo十亿流量扶持计划,梧桐一叶,7641066778256261553,https://www.douyin.com/video/7641066778256261553,,7641074437307876133,11:51,已纳入,中性,自动映射到抖音视频评论池。,8.1,true
2026-05-18,longge,抖音评论 11:50,长城拿不住了，求个票[感谢],,,,否,video_id=7641066778256261553; video_url=https://www.douyin.com/video/7641066778256261553; creator=阿龙闯大A📈; like=0; reply=4; source_type=comment; yeren_signal_id=; parent_comment_text=,11:50,抖音评论,video,来个真大哥，急需回血，感激不尽！#股票 #股民 #vlgo十亿流量扶持计划,山谷,7641066778256261553,https://www.douyin.com/video/7641066778256261553,,7641074129089970981,11:50,未纳入,中性,自动映射到抖音视频评论池。,,false
2026-05-18,longge,抖音评论 11:50,001207[思考]慢慢爬,联科科技(001207),,联科科技(001207) 被提及 1 次，有效评论 1 条，来源 1 个，单视频线索，情绪 中性，当前判断：保留观察。,待确认,video_id=7641066778256261553; video_url=https://www.douyin.com/video/7641066778256261553; creator=阿龙闯大A📈; like=0; reply=0; source_type=comment; yeren_signal_id=; parent_comment_text=,11:50,抖音评论,video,来个真大哥，急需回血，感激不尽！#股票 #股民 #vlgo十亿流量扶持计划,孫濼皓.,7641066778256261553,https://www.douyin.com/video/7641066778256261553,,7641074111212602149,11:50,待确认,中性,自动映射到抖音视频评论池。,6.4,false
2026-05-18,longge,抖音评论 11:49,没事哒，我还在赣锋里,,,,否,video_id=7641066778256261553; video_url=https://www.douyin.com/video/7641066778256261553; creator=阿龙闯大A📈; like=0; reply=0; source_type=comment; yeren_signal_id=; parent_comment_text=,11:49,抖音评论,video,来个真大哥，急需回血，感激不尽！#股票 #股民 #vlgo十亿流量扶持计划,9275,7641066778256261553,https://www.douyin.com/video/7641066778256261553,,7641073944687248182,11:49,未纳入,中性,自动映射到抖音视频评论池。,,false
2026-05-18,longge,抖音评论 11:49,买跌了八天的[呲牙],,,,否,video_id=7641066778256261553; video_url=https://www.douyin.com/video/7641066778256261553; creator=阿龙闯大A📈; like=0; reply=0; source_type=comment; yeren_signal_id=; parent_comment_text=,11:49,抖音评论,video,来个真大哥，急需回血，感激不尽！#股票 #股民 #vlgo十亿流量扶持计划,许先森,7641066778256261553,https://www.douyin.com/video/7641066778256261553,,7641073920887669539,11:49,未纳入,中性,自动映射到抖音视频评论池。,,false
2026-05-18,longge,抖音评论 11:49,有谁还记得蟑螂恶霸大哥[耶],,,评论热度较高，但暂未自动识别到明确股票线索，保留人工复核。,待确认,video_id=7641066778256261553; video_url=https://www.douyin.com/video/7641066778256261553; creator=阿龙闯大A📈; like=0; reply=12; source_type=comment; yeren_signal_id=; parent_comment_text=,11:49,抖音评论,video,来个真大哥，急需回血，感激不尽！#股票 #股民 #vlgo十亿流量扶持计划,蟑螂恶霸消息,7641066778256261553,https://www.douyin.com/video/7641066778256261553,,7641073885488153396,11:49,待确认,中性,自动映射到抖音视频评论池。,6.2,false
2026-05-18,longge,抖音评论 11:48,这是啥票？,,,,否,video_id=7641066778256261553; video_url=https://www.douyin.com/video/7641066778256261553; creator=阿龙闯大A📈; like=0; reply=0; source_type=comment; yeren_signal_id=; parent_comment_text=,11:48,抖音评论,video,来个真大哥，急需回血，感激不尽！#股票 #股民 #vlgo十亿流量扶持计划,初颜头疗·美容美发官方号,7641066778256261553,https://www.douyin.com/video/7641066778256261553,,7641073797017584433,11:48,未纳入,中性,自动映射到抖音视频评论池。,,false
2026-05-18,longge,抖音评论 11:48,今天手里两只全涨停[星星眼]开心,,,,否,video_id=7641066778256261553; video_url=https://www.douyin.com/video/7641066778256261553; creator=阿龙闯大A📈; like=0; reply=0; source_type=comment; yeren_signal_id=; parent_comment_text=,11:48,抖音评论,video,来个真大哥，急需回血，感激不尽！#股票 #股民 #vlgo十亿流量扶持计划,momo鱼,7641066778256261553,https://www.douyin.com/video/7641066778256261553,,7641073777967530811,11:48,未纳入,中性,自动映射到抖音视频评论池。,,false
2026-05-18,longge,抖音评论 11:48,宏昌和长城怎么办呀，扛不住啦[流泪],,,,否,video_id=7641066778256261553; video_url=https://www.douyin.com/video/7641066778256261553; creator=阿龙闯大A📈; like=0; reply=0; source_type=comment; yeren_signal_id=; parent_comment_text=,11:48,抖音评论,video,来个真大哥，急需回血，感激不尽！#股票 #股民 #vlgo十亿流量扶持计划,西子。,7641066778256261553,https://www.douyin.com/video/7641066778256261553,,7641073742668546865,11:48,未纳入,中性,自动映射到抖音视频评论池。,,false
2026-05-18,longge,抖音评论 11:48,通达电气等你上龙,通达电气(603390),,通达电气(603390) 被提及 1 次，有效评论 1 条，来源 1 个，单视频线索，情绪 中性，当前判断：保留观察。,待确认,video_id=7641066778256261553; video_url=https://www.douyin.com/video/7641066778256261553; creator=阿龙闯大A📈; like=0; reply=2; source_type=comment; yeren_signal_id=; parent_comment_text=,11:48,抖音评论,video,来个真大哥，急需回血，感激不尽！#股票 #股民 #vlgo十亿流量扶持计划,郑州商铺优选官,7641066778256261553,https://www.douyin.com/video/7641066778256261553,,7641073693384885029,11:48,待确认,中性,自动映射到抖音视频评论池。,6.4,false
2026-05-18,longge,抖音评论 11:47,左手巨力，右手金陵[流泪],,,,否,video_id=7641066778256261553; video_url=https://www.douyin.com/video/7641066778256261553; creator=阿龙闯大A📈; like=0; reply=0; source_type=comment; yeren_signal_id=; parent_comment_text=,11:47,抖音评论,video,来个真大哥，急需回血，感激不尽！#股票 #股民 #vlgo十亿流量扶持计划,小蔡,7641066778256261553,https://www.douyin.com/video/7641066778256261553,,7641073525473919744,11:47,未纳入,中性,自动映射到抖音视频评论池。,,false
2026-05-18,longge,抖音评论 11:47,好太太那位哥，我想刀你！,好太太(603848),,好太太(603848) 被提及 1 次，有效评论 1 条，来源 1 个，单视频线索，情绪 中性，当前判断：保留观察。,待确认,video_id=7641066778256261553; video_url=https://www.douyin.com/video/7641066778256261553; creator=阿龙闯大A📈; like=0; reply=0; source_type=comment; yeren_signal_id=; parent_comment_text=,11:47,抖音评论,video,来个真大哥，急需回血，感激不尽！#股票 #股民 #vlgo十亿流量扶持计划,1111111111,7641066778256261553,https://www.douyin.com/video/7641066778256261553,,7641073457509253937,11:47,待确认,中性,自动映射到抖音视频评论池。,6.4,false
2026-05-18,longge,抖音评论 11:46,群兴玩j怎么看，有哥哥帮忙看看么,,,,否,video_id=7641066778256261553; video_url=https://www.douyin.com/video/7641066778256261553; creator=阿龙闯大A📈; like=0; reply=1; source_type=comment; yeren_signal_id=; parent_comment_text=,11:46,抖音评论,video,来个真大哥，急需回血，感激不尽！#股票 #股民 #vlgo十亿流量扶持计划,瘾爱那距离,7641066778256261553,https://www.douyin.com/video/7641066778256261553,,7641073270561653546,11:46,未纳入,中性,自动映射到抖音视频评论池。,,false
2026-05-18,longge,抖音评论 11:45,粤桂等着起飞,,,,否,video_id=7641066778256261553; video_url=https://www.douyin.com/video/7641066778256261553; creator=阿龙闯大A📈; like=0; reply=0; source_type=comment; yeren_signal_id=; parent_comment_text=,11:45,抖音评论,video,来个真大哥，急需回血，感激不尽！#股票 #股民 #vlgo十亿流量扶持计划,天空之外,7641066778256261553,https://www.douyin.com/video/7641066778256261553,,7641072852406928137,11:45,未纳入,中性,自动映射到抖音视频评论池。,,false
2026-05-18,longge,抖音评论 11:45,中体吃了个跌停，江特连跌7天，哈哈哈哈哈，今天是5月最惨的一天,,,,否,video_id=7641066778256261553; video_url=https://www.douyin.com/video/7641066778256261553; creator=阿龙闯大A📈; like=0; reply=0; source_type=comment; yeren_signal_id=; parent_comment_text=,11:45,抖音评论,video,来个真大哥，急需回血，感激不尽！#股票 #股民 #vlgo十亿流量扶持计划,咖啡🐱,7641066778256261553,https://www.douyin.com/video/7641066778256261553,,7641072819111625531,11:45,未纳入,中性,自动映射到抖音视频评论池。,,false
2026-05-18,longge,抖音评论 11:44,你也再平潭啊？,,,,否,video_id=7641066778256261553; video_url=https://www.douyin.com/video/7641066778256261553; creator=阿龙闯大A📈; like=0; reply=0; source_type=comment; yeren_signal_id=; parent_comment_text=,11:44,抖音评论,video,来个真大哥，急需回血，感激不尽！#股票 #股民 #vlgo十亿流量扶持计划,奥度设计,7641066778256261553,https://www.douyin.com/video/7641066778256261553,,7641070579349340943,11:44,未纳入,中性,自动映射到抖音视频评论池。,,false
2026-05-18,longge,抖音评论 11:44,"老大你才走啊
我第二天就跑了[捂脸][捂脸][捂脸][捂脸]",,,,否,video_id=7641066778256261553; video_url=https://www.douyin.com/video/7641066778256261553; creator=阿龙闯大A📈; like=0; reply=0; source_type=comment; yeren_signal_id=; parent_comment_text=,11:44,抖音评论,video,来个真大哥，急需回血，感激不尽！#股票 #股民 #vlgo十亿流量扶持计划,富贵如意1982,7641066778256261553,https://www.douyin.com/video/7641066778256261553,,7641072763948778276,11:44,未纳入,中性,自动映射到抖音视频评论池。,,false
2026-05-18,longge,抖音评论 11:43,锂矿星期四回调结束,,,,否,video_id=7641066778256261553; video_url=https://www.douyin.com/video/7641066778256261553; creator=阿龙闯大A📈; like=0; reply=3; source_type=comment; yeren_signal_id=; parent_comment_text=,11:43,抖音评论,video,来个真大哥，急需回血，感激不尽！#股票 #股民 #vlgo十亿流量扶持计划,Taurus,7641066778256261553,https://www.douyin.com/video/7641066778256261553,,7641072433982178085,11:43,未纳入,中性,自动映射到抖音视频评论池。,,false
2026-05-18,longge,抖音评论 11:43,蓝思,,,,否,video_id=7641066778256261553; video_url=https://www.douyin.com/video/7641066778256261553; creator=阿龙闯大A📈; like=0; reply=0; source_type=comment; yeren_signal_id=; parent_comment_text=,11:43,抖音评论,video,来个真大哥，急需回血，感激不尽！#股票 #股民 #vlgo十亿流量扶持计划,乌蓝花服装定制,7641066778256261553,https://www.douyin.com/video/7641066778256261553,,7641072421847827240,11:43,未纳入,中性,自动映射到抖音视频评论池。,,false
2026-05-18,longge,抖音评论 11:43,亏的我都不想看那软件呐,,,,否,video_id=7641066778256261553; video_url=https://www.douyin.com/video/7641066778256261553; creator=阿龙闯大A📈; like=0; reply=0; source_type=comment; yeren_signal_id=; parent_comment_text=,11:43,抖音评论,video,来个真大哥，急需回血，感激不尽！#股票 #股民 #vlgo十亿流量扶持计划,Aaaaa,7641066778256261553,https://www.douyin.com/video/7641066778256261553,,7641072398402339621,11:43,未纳入,中性,自动映射到抖音视频评论池。,,false
2026-05-18,longge,抖音评论 11:42,通鼎回了口血  等跌了再进,,,,否,video_id=7641066778256261553; video_url=https://www.douyin.com/video/7641066778256261553; creator=阿龙闯大A📈; like=0; reply=0; source_type=comment; yeren_signal_id=; parent_comment_text=,11:42,抖音评论,video,来个真大哥，急需回血，感激不尽！#股票 #股民 #vlgo十亿流量扶持计划,屿琛,7641066778256261553,https://www.douyin.com/video/7641066778256261553,,7641072209926079289,11:42,未纳入,中性,自动映射到抖音视频评论池。,,false
2026-05-18,longge,抖音评论 11:42,我还在[流泪],,,,否,video_id=7641066778256261553; video_url=https://www.douyin.com/video/7641066778256261553; creator=阿龙闯大A📈; like=0; reply=0; source_type=comment; yeren_signal_id=; parent_comment_text=,11:42,抖音评论,video,来个真大哥，急需回血，感激不尽！#股票 #股民 #vlgo十亿流量扶持计划,阿苏1,7641066778256261553,https://www.douyin.com/video/7641066778256261553,,7641072181925380913,11:42,未纳入,中性,自动映射到抖音视频评论池。,,false
2026-05-18,longge,抖音评论 11:42,htkj  hgkj  dfd我都在,,,,否,video_id=7641066778256261553; video_url=https://www.douyin.com/video/7641066778256261553; creator=阿龙闯大A📈; like=0; reply=0; source_type=comment; yeren_signal_id=; parent_comment_text=,11:42,抖音评论,video,来个真大哥，急需回血，感激不尽！#股票 #股民 #vlgo十亿流量扶持计划,唯一的例外,7641066778256261553,https://www.douyin.com/video/7641066778256261553,,7641072114225005361,11:42,未纳入,中性,自动映射到抖音视频评论池。,,false
2026-05-18,longge,抖音评论 11:40,在汉缆吃大面,,,,否,video_id=7641066778256261553; video_url=https://www.douyin.com/video/7641066778256261553; creator=阿龙闯大A📈; like=0; reply=2; source_type=comment; yeren_signal_id=; parent_comment_text=,11:40,抖音评论,video,来个真大哥，急需回血，感激不尽！#股票 #股民 #vlgo十亿流量扶持计划,叛逆中年（方兴未艾）,7641066778256261553,https://www.douyin.com/video/7641066778256261553,,7641071575165731618,11:40,未纳入,中性,自动映射到抖音视频评论池。,,false
2026-05-18,longge,抖音评论 11:40,我想问一问这个 粤传媒 各位大佬,,,评论热度较高，但暂未自动识别到明确股票线索，保留人工复核。,待确认,video_id=7641066778256261553; video_url=https://www.douyin.com/video/7641066778256261553; creator=阿龙闯大A📈; like=0; reply=7; source_type=comment; yeren_signal_id=; parent_comment_text=,11:40,抖音评论,video,来个真大哥，急需回血，感激不尽！#股票 #股民 #vlgo十亿流量扶持计划,刀,7641066778256261553,https://www.douyin.com/video/7641066778256261553,,7641071565577487161,11:40,待确认,中性,自动映射到抖音视频评论池。,6.2,false
2026-05-18,longge,抖音评论 11:38,我核电吃灰,,,,否,video_id=7641066778256261553; video_url=https://www.douyin.com/video/7641066778256261553; creator=阿龙闯大A📈; like=0; reply=0; source_type=comment; yeren_signal_id=; parent_comment_text=,11:38,抖音评论,video,来个真大哥，急需回血，感激不尽！#股票 #股民 #vlgo十亿流量扶持计划,寂寞是多么无敌,7641066778256261553,https://www.douyin.com/video/7641066778256261553,,7641071165448651570,11:38,未纳入,中性,自动映射到抖音视频评论池。,,false
2026-05-18,longge,抖音评论 11:38,上次听了哪个大哥的进了合力泰和跨境通,跨境通(002640),,跨境通(002640) 被提及 1 次，有效评论 1 条，来源 1 个，单视频线索，情绪 中性，当前判断：保留观察。,待确认,video_id=7641066778256261553; video_url=https://www.douyin.com/video/7641066778256261553; creator=阿龙闯大A📈; like=0; reply=2; source_type=comment; yeren_signal_id=; parent_comment_text=,11:38,抖音评论,video,来个真大哥，急需回血，感激不尽！#股票 #股民 #vlgo十亿流量扶持计划,哇哒橙子🍊,7641066778256261553,https://www.douyin.com/video/7641066778256261553,,7641071131457323812,11:38,待确认,中性,自动映射到抖音视频评论池。,6.4,false
2026-05-18,longge,抖音评论 11:38,综艺股份，三天内不反包就真的废了！[黄脸干杯][看][尬笑],综艺股份(600770),,综艺股份(600770) 被提及 1 次，有效评论 1 条，来源 1 个，单视频线索，情绪 看多，当前判断：保留观察。,待确认,video_id=7641066778256261553; video_url=https://www.douyin.com/video/7641066778256261553; creator=阿龙闯大A📈; like=0; reply=2; source_type=comment; yeren_signal_id=; parent_comment_text=,11:38,抖音评论,video,来个真大哥，急需回血，感激不尽！#股票 #股民 #vlgo十亿流量扶持计划,『不知终日梦为鱼』,7641066778256261553,https://www.douyin.com/video/7641066778256261553,,7641071040118948646,11:38,待确认,看多,自动映射到抖音视频评论池。,6.4,false
2026-05-18,longge,抖音评论 11:37,盐湖阴跌了快12个点了[流泪][流泪],,,,否,video_id=7641066778256261553; video_url=https://www.douyin.com/video/7641066778256261553; creator=阿龙闯大A📈; like=0; reply=0; source_type=comment; yeren_signal_id=; parent_comment_text=,11:37,抖音评论,video,来个真大哥，急需回血，感激不尽！#股票 #股民 #vlgo十亿流量扶持计划,悦~~,7641066778256261553,https://www.douyin.com/video/7641066778256261553,,7641070982077891337,11:37,未纳入,中性,自动映射到抖音视频评论池。,,false
2026-05-18,longge,抖音评论 11:37,我在长城[泪奔],,,,否,video_id=7641066778256261553; video_url=https://www.douyin.com/video/7641066778256261553; creator=阿龙闯大A📈; like=0; reply=5; source_type=comment; yeren_signal_id=; parent_comment_text=,11:37,抖音评论,video,来个真大哥，急需回血，感激不尽！#股票 #股民 #vlgo十亿流量扶持计划,时刻准备着暴富暴瘦～～～,7641066778256261553,https://www.douyin.com/video/7641066778256261553,,7641070960842031930,11:37,未纳入,中性,自动映射到抖音视频评论池。,,false
2026-05-18,longge,抖音评论 11:37,天天吃大面,,,,否,video_id=7641066778256261553; video_url=https://www.douyin.com/video/7641066778256261553; creator=阿龙闯大A📈; like=0; reply=1; source_type=comment; yeren_signal_id=; parent_comment_text=,11:37,抖音评论,video,来个真大哥，急需回血，感激不尽！#股票 #股民 #vlgo十亿流量扶持计划,哇哒橙子🍊,7641066778256261553,https://www.douyin.com/video/7641066778256261553,,7641070932551746345,11:37,未纳入,中性,自动映射到抖音视频评论池。,,false
2026-05-18,longge,抖音评论 11:37,粤传媒昨天反复炸板就走了，神剑明天有望,,,,否,video_id=7641066778256261553; video_url=https://www.douyin.com/video/7641066778256261553; creator=阿龙闯大A📈; like=0; reply=0; source_type=comment; yeren_signal_id=; parent_comment_text=,11:37,抖音评论,video,来个真大哥，急需回血，感激不尽！#股票 #股民 #vlgo十亿流量扶持计划,天王盖地虎,7641066778256261553,https://www.douyin.com/video/7641066778256261553,,7641070858303881993,11:37,未纳入,中性,自动映射到抖音视频评论池。,,false
2026-05-18,longge,抖音评论 11:37,这是今飞凯达？,今飞凯达(002863),,今飞凯达(002863) 被提及 1 次，有效评论 1 条，来源 1 个，单视频线索，情绪 中性，当前判断：保留观察。,待确认,video_id=7641066778256261553; video_url=https://www.douyin.com/video/7641066778256261553; creator=阿龙闯大A📈; like=0; reply=0; source_type=comment; yeren_signal_id=; parent_comment_text=,11:37,抖音评论,video,来个真大哥，急需回血，感激不尽！#股票 #股民 #vlgo十亿流量扶持计划,@平凡的世界,7641066778256261553,https://www.douyin.com/video/7641066778256261553,,7641070824737669938,11:37,待确认,中性,自动映射到抖音视频评论池。,6.4,false
2026-05-18,longge,抖音评论 11:36,来有没有同车的  一看还不少[捂脸],,,,否,video_id=7641066778256261553; video_url=https://www.douyin.com/video/7641066778256261553; creator=阿龙闯大A📈; like=0; reply=0; source_type=comment; yeren_signal_id=; parent_comment_text=,11:36,抖音评论,video,来个真大哥，急需回血，感激不尽！#股票 #股民 #vlgo十亿流量扶持计划,自渡,7641066778256261553,https://www.douyin.com/video/7641066778256261553,,7641070668290163505,11:36,未纳入,中性,自动映射到抖音视频评论池。,,false
2026-05-18,longge,抖音评论 11:36,盐湖和江特我还没走，要怎么办[泪奔],,,,否,video_id=7641066778256261553; video_url=https://www.douyin.com/video/7641066778256261553; creator=阿龙闯大A📈; like=0; reply=2; source_type=comment; yeren_signal_id=; parent_comment_text=,11:36,抖音评论,video,来个真大哥，急需回血，感激不尽！#股票 #股民 #vlgo十亿流量扶持计划,十一,7641066778256261553,https://www.douyin.com/video/7641066778256261553,,7641070669217153830,11:36,未纳入,中性,自动映射到抖音视频评论池。,,false
2026-05-18,longge,抖音评论 11:36,京能还有一个板,,,,否,video_id=7641066778256261553; video_url=https://www.douyin.com/video/7641066778256261553; creator=阿龙闯大A📈; like=0; reply=0; source_type=comment; yeren_signal_id=; parent_comment_text=,11:36,抖音评论,video,来个真大哥，急需回血，感激不尽！#股票 #股民 #vlgo十亿流量扶持计划,小于zZ,7641066778256261553,https://www.douyin.com/video/7641066778256261553,,7641070525992764197,11:36,未纳入,中性,自动映射到抖音视频评论池。,,false
2026-05-18,longge,抖音评论 11:35,三天亏了16个点[绝望的凝视]扛不住了，割一半[杀马特],,,,否,video_id=7641066778256261553; video_url=https://www.douyin.com/video/7641066778256261553; creator=阿龙闯大A📈; like=0; reply=0; source_type=comment; yeren_signal_id=; parent_comment_text=,11:35,抖音评论,video,来个真大哥，急需回血，感激不尽！#股票 #股民 #vlgo十亿流量扶持计划,相逢即是上上签,7641066778256261553,https://www.douyin.com/video/7641066778256261553,,7641070407727317797,11:35,未纳入,中性,自动映射到抖音视频评论池。,,false
2026-05-18,longge,抖音评论 11:35,大唐需要你,,,,否,video_id=7641066778256261553; video_url=https://www.douyin.com/video/7641066778256261553; creator=阿龙闯大A📈; like=0; reply=0; source_type=comment; yeren_signal_id=; parent_comment_text=,11:35,抖音评论,video,来个真大哥，急需回血，感激不尽！#股票 #股民 #vlgo十亿流量扶持计划,黄埔广附何教官,7641066778256261553,https://www.douyin.com/video/7641066778256261553,,7641070318908605242,11:35,未纳入,中性,自动映射到抖音视频评论池。,,false
2026-05-18,longge,抖音评论 11:35,我在金螳螂[流泪],,,评论热度较高，但暂未自动识别到明确股票线索，保留人工复核。,待确认,video_id=7641066778256261553; video_url=https://www.douyin.com/video/7641066778256261553; creator=阿龙闯大A📈; like=0; reply=8; source_type=comment; yeren_signal_id=; parent_comment_text=,11:35,抖音评论,video,来个真大哥，急需回血，感激不尽！#股票 #股民 #vlgo十亿流量扶持计划,你喜欢银杏吗,7641066778256261553,https://www.douyin.com/video/7641066778256261553,,7641070281678734129,11:35,待确认,中性,自动映射到抖音视频评论池。,6.2,false
2026-05-18,longge,抖音评论 11:34,额，你走了，我还在[流泪],,,,否,video_id=7641066778256261553; video_url=https://www.douyin.com/video/7641066778256261553; creator=阿龙闯大A📈; like=0; reply=0; source_type=comment; yeren_signal_id=; parent_comment_text=,11:34,抖音评论,video,来个真大哥，急需回血，感激不尽！#股票 #股民 #vlgo十亿流量扶持计划,ᵀ。,7641066778256261553,https://www.douyin.com/video/7641066778256261553,,7641070096085009189,11:34,未纳入,中性,自动映射到抖音视频评论池。,,false
2026-05-18,longge,抖音评论 11:33,中天吧。稳稳的幸福,,,,否,video_id=7641066778256261553; video_url=https://www.douyin.com/video/7641066778256261553; creator=阿龙闯大A📈; like=0; reply=0; source_type=comment; yeren_signal_id=; parent_comment_text=,11:33,抖音评论,video,来个真大哥，急需回血，感激不尽！#股票 #股民 #vlgo十亿流量扶持计划,喝五胡🎣🛵🚗,7641066778256261553,https://www.douyin.com/video/7641066778256261553,,7641069824710755121,11:33,未纳入,中性,自动映射到抖音视频评论池。,,false
2026-05-18,longge,抖音评论 11:33,还好今天再生吃了个涨停，感谢大哥，再生要走还是等明天呢,,,,否,video_id=7641066778256261553; video_url=https://www.douyin.com/video/7641066778256261553; creator=阿龙闯大A📈; like=0; reply=4; source_type=comment; yeren_signal_id=; parent_comment_text=,11:33,抖音评论,video,来个真大哥，急需回血，感激不尽！#股票 #股民 #vlgo十亿流量扶持计划,橙子🍊,7641066778256261553,https://www.douyin.com/video/7641066778256261553,,7641069809979638591,11:33,未纳入,中性,自动映射到抖音视频评论池。,,false
2026-05-18,longge,抖音评论 11:33,众辰怎么样？搞了点,,,,否,video_id=7641066778256261553; video_url=https://www.douyin.com/video/7641066778256261553; creator=阿龙闯大A📈; like=0; reply=0; source_type=comment; yeren_signal_id=; parent_comment_text=,11:33,抖音评论,video,来个真大哥，急需回血，感激不尽！#股票 #股民 #vlgo十亿流量扶持计划,cjc,7641066778256261553,https://www.douyin.com/video/7641066778256261553,,7641069732820960037,11:33,未纳入,中性,自动映射到抖音视频评论池。,,false
2026-05-18,longge,抖音评论 11:32,拉下,,,,否,video_id=7641066778256261553; video_url=https://www.douyin.com/video/7641066778256261553; creator=阿龙闯大A📈; like=0; reply=0; source_type=comment; yeren_signal_id=; parent_comment_text=,11:32,抖音评论,video,来个真大哥，急需回血，感激不尽！#股票 #股民 #vlgo十亿流量扶持计划,被惊醒的童话635,7641066778256261553,https://www.douyin.com/video/7641066778256261553,,7641069493930099515,11:32,未纳入,中性,自动映射到抖音视频评论池。,,false
2026-05-18,longge,抖音评论 11:31,合肥城建呀,合肥城建(002208),,合肥城建(002208) 被提及 3 次，有效评论 3 条，来源 1 个，单视频线索，情绪 看多，当前判断：保留观察。,待确认,video_id=7641066778256261553; video_url=https://www.douyin.com/video/7641066778256261553; creator=阿龙闯大A📈; like=0; reply=0; source_type=comment; yeren_signal_id=; parent_comment_text=,11:31,抖音评论,video,来个真大哥，急需回血，感激不尽！#股票 #股民 #vlgo十亿流量扶持计划,人生路漫漫,7641066778256261553,https://www.douyin.com/video/7641066778256261553,,7641069351504233275,11:31,待确认,看多,自动映射到抖音视频评论池。,7.2,false
2026-05-18,longge,抖音评论 11:31,我九个点了[捂脸],,,,否,video_id=7641066778256261553; video_url=https://www.douyin.com/video/7641066778256261553; creator=阿龙闯大A📈; like=0; reply=1; source_type=comment; yeren_signal_id=; parent_comment_text=,11:31,抖音评论,video,来个真大哥，急需回血，感激不尽！#股票 #股民 #vlgo十亿流量扶持计划,张梓莉,7641066778256261553,https://www.douyin.com/video/7641066778256261553,,7641069267848790833,11:31,未纳入,中性,自动映射到抖音视频评论池。,,false
2026-05-18,longge,抖音评论 11:31,特发……下午站稳就直接进,,,,否,video_id=7641066778256261553; video_url=https://www.douyin.com/video/7641066778256261553; creator=阿龙闯大A📈; like=0; reply=2; source_type=comment; yeren_signal_id=; parent_comment_text=,11:31,抖音评论,video,来个真大哥，急需回血，感激不尽！#股票 #股民 #vlgo十亿流量扶持计划,A愚人自愈,7641066778256261553,https://www.douyin.com/video/7641066778256261553,,7641069240456659771,11:31,未纳入,中性,自动映射到抖音视频评论池。,,false
2026-05-18,longge,抖音评论 11:30,绿色动力的大哥 我看到了两次 早上看他平平无奇[流泪],,,评论热度较高，但暂未自动识别到明确股票线索，保留人工复核。,待确认,video_id=7641066778256261553; video_url=https://www.douyin.com/video/7641066778256261553; creator=阿龙闯大A📈; like=0; reply=18; source_type=comment; yeren_signal_id=; parent_comment_text=,11:30,抖音评论,video,来个真大哥，急需回血，感激不尽！#股票 #股民 #vlgo十亿流量扶持计划,Rrrrrrr,7641066778256261553,https://www.douyin.com/video/7641066778256261553,,7641068956770911025,11:30,待确认,中性,自动映射到抖音视频评论池。,6.2,false
2026-05-18,longge,抖音评论 11:30,我来留个言，之前好不容易回血的，在新能里直接再见了，又要重新开始,,,,否,video_id=7641066778256261553; video_url=https://www.douyin.com/video/7641066778256261553; creator=阿龙闯大A📈; like=0; reply=0; source_type=comment; yeren_signal_id=; parent_comment_text=,11:30,抖音评论,video,来个真大哥，急需回血，感激不尽！#股票 #股民 #vlgo十亿流量扶持计划,"墨染尘埃莫染殇""",7641066778256261553,https://www.douyin.com/video/7641066778256261553,,7641068951720575785,11:30,未纳入,中性,自动映射到抖音视频评论池。,,false
2026-05-18,longge,抖音评论 11:29,我下午两点来看真龙,,,,否,video_id=7641066778256261553; video_url=https://www.douyin.com/video/7641066778256261553; creator=阿龙闯大A📈; like=0; reply=0; source_type=comment; yeren_signal_id=; parent_comment_text=,11:29,抖音评论,video,来个真大哥，急需回血，感激不尽！#股票 #股民 #vlgo十亿流量扶持计划,娜不温柔,7641066778256261553,https://www.douyin.com/video/7641066778256261553,,7641068795654210341,11:29,未纳入,中性,自动映射到抖音视频评论池。,,false
2026-05-18,longge,抖音评论 11:29,ywk,,,,否,video_id=7641066778256261553; video_url=https://www.douyin.com/video/7641066778256261553; creator=阿龙闯大A📈; like=0; reply=0; source_type=comment; yeren_signal_id=; parent_comment_text=,11:29,抖音评论,video,来个真大哥，急需回血，感激不尽！#股票 #股民 #vlgo十亿流量扶持计划,天马行空,7641066778256261553,https://www.douyin.com/video/7641066778256261553,,7641068705371292451,11:29,未纳入,中性,自动映射到抖音视频评论池。,,false
2026-05-18,longge,抖音评论 11:28,龙，今天的视频有点早呀！[捂脸],,,,否,video_id=7641066778256261553; video_url=https://www.douyin.com/video/7641066778256261553; creator=阿龙闯大A📈; like=0; reply=0; source_type=comment; yeren_signal_id=; parent_comment_text=,11:28,抖音评论,video,来个真大哥，急需回血，感激不尽！#股票 #股民 #vlgo十亿流量扶持计划,开着轮船跑高速,7641066778256261553,https://www.douyin.com/video/7641066778256261553,,7641068673130480441,11:28,未纳入,中性,自动映射到抖音视频评论池。,,false
2026-05-18,longge,抖音评论 11:28,你买啥,,,,否,video_id=7641066778256261553; video_url=https://www.douyin.com/video/7641066778256261553; creator=阿龙闯大A📈; like=0; reply=0; source_type=comment; yeren_signal_id=; parent_comment_text=,11:28,抖音评论,video,来个真大哥，急需回血，感激不尽！#股票 #股民 #vlgo十亿流量扶持计划,poppy,7641066778256261553,https://www.douyin.com/video/7641066778256261553,,7641068636295316282,11:28,未纳入,中性,自动映射到抖音视频评论池。,,false
2026-05-18,longge,抖音评论 11:28,刚从一个坑出来又掉进另一个坑[微笑],,,,否,video_id=7641066778256261553; video_url=https://www.douyin.com/video/7641066778256261553; creator=阿龙闯大A📈; like=0; reply=0; source_type=comment; yeren_signal_id=; parent_comment_text=,11:28,抖音评论,video,来个真大哥，急需回血，感激不尽！#股票 #股民 #vlgo十亿流量扶持计划,徐二公子😄😄,7641066778256261553,https://www.douyin.com/video/7641066778256261553,,7641068541416768305,11:28,未纳入,中性,自动映射到抖音视频评论池。,,false
2026-05-18,longge,抖音评论 11:28,明天深科技还能板嘛[泪奔],,,评论热度较高，但暂未自动识别到明确股票线索，保留人工复核。,待确认,video_id=7641066778256261553; video_url=https://www.douyin.com/video/7641066778256261553; creator=阿龙闯大A📈; like=0; reply=6; source_type=comment; yeren_signal_id=; parent_comment_text=,11:28,抖音评论,video,来个真大哥，急需回血，感激不尽！#股票 #股民 #vlgo十亿流量扶持计划,我困,7641066778256261553,https://www.douyin.com/video/7641066778256261553,,7641068457131737914,11:28,待确认,中性,自动映射到抖音视频评论池。,6.2,false
2026-05-18,longge,抖音评论 11:27,603085,天成自控(603085),,天成自控(603085) 被提及 1 次，有效评论 1 条，来源 1 个，单视频线索，情绪 中性，当前判断：保留观察。,待确认,video_id=7641066778256261553; video_url=https://www.douyin.com/video/7641066778256261553; creator=阿龙闯大A📈; like=0; reply=0; source_type=comment; yeren_signal_id=; parent_comment_text=,11:27,抖音评论,video,来个真大哥，急需回血，感激不尽！#股票 #股民 #vlgo十亿流量扶持计划,Angel 心,7641066778256261553,https://www.douyin.com/video/7641066778256261553,,7641068363334075185,11:27,待确认,中性,自动映射到抖音视频评论池。,6.4,false
2026-05-18,longge,抖音评论 11:27,看到大家都难受 我也没有那么难过了[捂脸],,,,否,video_id=7641066778256261553; video_url=https://www.douyin.com/video/7641066778256261553; creator=阿龙闯大A📈; like=0; reply=0; source_type=comment; yeren_signal_id=; parent_comment_text=,11:27,抖音评论,video,来个真大哥，急需回血，感激不尽！#股票 #股民 #vlgo十亿流量扶持计划,：：：,7641066778256261553,https://www.douyin.com/video/7641066778256261553,,7641068310570648347,11:27,未纳入,中性,自动映射到抖音视频评论池。,,false
2026-05-18,longge,抖音评论 11:27,上周五尾盘舒华和hf城建选了舒华没跑亏麻了[流泪][流泪],,,,否,video_id=7641066778256261553; video_url=https://www.douyin.com/video/7641066778256261553; creator=阿龙闯大A📈; like=0; reply=0; source_type=comment; yeren_signal_id=; parent_comment_text=,11:27,抖音评论,video,来个真大哥，急需回血，感激不尽！#股票 #股民 #vlgo十亿流量扶持计划,诀别,7641066778256261553,https://www.douyin.com/video/7641066778256261553,,7641068185659212596,11:27,未纳入,中性,自动映射到抖音视频评论池。,,false
2026-05-18,longge,抖音评论 11:26,上周把我亏麻了，今天吓得没敢进[捂脸]，有真大哥推荐吗,,,,否,video_id=7641066778256261553; video_url=https://www.douyin.com/video/7641066778256261553; creator=阿龙闯大A📈; like=0; reply=0; source_type=comment; yeren_signal_id=; parent_comment_text=,11:26,抖音评论,video,来个真大哥，急需回血，感激不尽！#股票 #股民 #vlgo十亿流量扶持计划,小芬姐,7641066778256261553,https://www.douyin.com/video/7641066778256261553,,7641068089115951910,11:26,未纳入,中性,自动映射到抖音视频评论池。,,false
2026-05-18,longge,抖音评论 11:26,lyzz,,,,否,video_id=7641066778256261553; video_url=https://www.douyin.com/video/7641066778256261553; creator=阿龙闯大A📈; like=0; reply=0; source_type=comment; yeren_signal_id=; parent_comment_text=,11:26,抖音评论,video,来个真大哥，急需回血，感激不尽！#股票 #股民 #vlgo十亿流量扶持计划,秋枫和章郎,7641066778256261553,https://www.douyin.com/video/7641066778256261553,,7641068093229384506,11:26,未纳入,中性,自动映射到抖音视频评论池。,,false
2026-05-18,longge,抖音评论 11:26,啥股呀,,,,否,video_id=7641066778256261553; video_url=https://www.douyin.com/video/7641066778256261553; creator=阿龙闯大A📈; like=0; reply=0; source_type=comment; yeren_signal_id=; parent_comment_text=,11:26,抖音评论,video,来个真大哥，急需回血，感激不尽！#股票 #股民 #vlgo十亿流量扶持计划,喬彬彬,7641066778256261553,https://www.douyin.com/video/7641066778256261553,,7641068084329874222,11:26,未纳入,中性,自动映射到抖音视频评论池。,,false
2026-05-18,longge,抖音评论 11:26,再升科技,,,,否,video_id=7641066778256261553; video_url=https://www.douyin.com/video/7641066778256261553; creator=阿龙闯大A📈; like=0; reply=0; source_type=comment; yeren_signal_id=; parent_comment_text=,11:26,抖音评论,video,来个真大哥，急需回血，感激不尽！#股票 #股民 #vlgo十亿流量扶持计划,照秋,7641066778256261553,https://www.douyin.com/video/7641066778256261553,,7641067951596569344,11:26,未纳入,中性,自动映射到抖音视频评论池。,,false
2026-05-18,longge,抖音评论 11:25,想问一下这个是哪个票,,,,否,video_id=7641066778256261553; video_url=https://www.douyin.com/video/7641066778256261553; creator=阿龙闯大A📈; like=0; reply=0; source_type=comment; yeren_signal_id=; parent_comment_text=,11:25,抖音评论,video,来个真大哥，急需回血，感激不尽！#股票 #股民 #vlgo十亿流量扶持计划,听……,7641066778256261553,https://www.douyin.com/video/7641066778256261553,,7641067885355647778,11:25,未纳入,中性,自动映射到抖音视频评论池。,,false
2026-05-18,longge,抖音评论 11:25,这是买的啥,,,,否,video_id=7641066778256261553; video_url=https://www.douyin.com/video/7641066778256261553; creator=阿龙闯大A📈; like=0; reply=0; source_type=comment; yeren_signal_id=; parent_comment_text=,11:25,抖音评论,video,来个真大哥，急需回血，感激不尽！#股票 #股民 #vlgo十亿流量扶持计划,兜兜有糖🍬,7641066778256261553,https://www.douyin.com/video/7641066778256261553,,7641067879782433585,11:25,未纳入,中性,自动映射到抖音视频评论池。,,false
2026-05-18,longge,抖音评论 11:24,贵州rq今天冲进去了,,,,否,video_id=7641066778256261553; video_url=https://www.douyin.com/video/7641066778256261553; creator=阿龙闯大A📈; like=0; reply=0; source_type=comment; yeren_signal_id=; parent_comment_text=,11:24,抖音评论,video,来个真大哥，急需回血，感激不尽！#股票 #股民 #vlgo十亿流量扶持计划,诀别,7641066778256261553,https://www.douyin.com/video/7641066778256261553,,7641067592547205923,11:24,未纳入,中性,自动映射到抖音视频评论池。,,false
2026-05-18,longge,抖音评论 11:24,周五我就跑了,,,,否,video_id=7641066778256261553; video_url=https://www.douyin.com/video/7641066778256261553; creator=阿龙闯大A📈; like=0; reply=0; source_type=comment; yeren_signal_id=; parent_comment_text=,11:24,抖音评论,video,来个真大哥，急需回血，感激不尽！#股票 #股民 #vlgo十亿流量扶持计划,月亮🌙,7641066778256261553,https://www.douyin.com/video/7641066778256261553,,7641067504970924815,11:24,未纳入,中性,自动映射到抖音视频评论池。,,false
2026-05-18,longge,抖音评论 11:24,他买的哪个，我去抄底,,,,否,video_id=7641066778256261553; video_url=https://www.douyin.com/video/7641066778256261553; creator=阿龙闯大A📈; like=0; reply=2; source_type=comment; yeren_signal_id=; parent_comment_text=,11:24,抖音评论,video,来个真大哥，急需回血，感激不尽！#股票 #股民 #vlgo十亿流量扶持计划,常州收机侠,7641066778256261553,https://www.douyin.com/video/7641066778256261553,,7641067398733677370,11:24,未纳入,中性,自动映射到抖音视频评论池。,,false
2026-05-18,longge,抖音评论 11:23,等大哥[抱抱你],,,,否,video_id=7641066778256261553; video_url=https://www.douyin.com/video/7641066778256261553; creator=阿龙闯大A📈; like=0; reply=0; source_type=comment; yeren_signal_id=; parent_comment_text=,11:23,抖音评论,video,来个真大哥，急需回血，感激不尽！#股票 #股民 #vlgo十亿流量扶持计划,泡泡吃饱了,7641066778256261553,https://www.douyin.com/video/7641066778256261553,,7641067253275099954,11:23,未纳入,中性,自动映射到抖音视频评论池。,,false
2026-05-18,longge,抖音评论 11:23,来个带带救救,,,,否,video_id=7641066778256261553; video_url=https://www.douyin.com/video/7641066778256261553; creator=阿龙闯大A📈; like=0; reply=0; source_type=comment; yeren_signal_id=; parent_comment_text=,11:23,抖音评论,video,来个真大哥，急需回血，感激不尽！#股票 #股民 #vlgo十亿流量扶持计划,🌈落花,7641066778256261553,https://www.douyin.com/video/7641066778256261553,,7641067226803667739,11:23,未纳入,中性,自动映射到抖音视频评论池。,,false
2026-05-18,longge,抖音评论 11:23,不去吸点世界杯吗[杀马特][杀马特][杀马特],,,,否,video_id=7641066778256261553; video_url=https://www.douyin.com/video/7641066778256261553; creator=阿龙闯大A📈; like=0; reply=0; source_type=comment; yeren_signal_id=; parent_comment_text=,11:23,抖音评论,video,来个真大哥，急需回血，感激不尽！#股票 #股民 #vlgo十亿流量扶持计划,气质村花🦄（渡己）,7641066778256261553,https://www.douyin.com/video/7641066778256261553,,7641067211809424143,11:23,未纳入,中性,自动映射到抖音视频评论池。,,false
2026-05-18,longge,抖音评论 11:23,节能风电有大哥拉拉吗？扛不住了呀,节能风电(601016),电力;风电,节能风电(601016) 被提及 1 次，有效评论 1 条，来源 1 个，单视频线索，情绪 中性，当前判断：保留观察。,待确认,video_id=7641066778256261553; video_url=https://www.douyin.com/video/7641066778256261553; creator=阿龙闯大A📈; like=0; reply=3; source_type=comment; yeren_signal_id=; parent_comment_text=,11:23,抖音评论,video,来个真大哥，急需回血，感激不尽！#股票 #股民 #vlgo十亿流量扶持计划,海绵饱饱啦,7641066778256261553,https://www.douyin.com/video/7641066778256261553,,7641067185662395185,11:23,待确认,中性,自动映射到抖音视频评论池。,6.4,false
2026-05-18,longge,抖音评论 11:23,来个大哥吧,,,,否,video_id=7641066778256261553; video_url=https://www.douyin.com/video/7641066778256261553; creator=阿龙闯大A📈; like=0; reply=0; source_type=comment; yeren_signal_id=; parent_comment_text=,11:23,抖音评论,video,来个真大哥，急需回血，感激不尽！#股票 #股民 #vlgo十亿流量扶持计划,snowball,7641066778256261553,https://www.douyin.com/video/7641066778256261553,,7641067139949085482,11:23,未纳入,中性,自动映射到抖音视频评论池。,,false
2026-05-18,longge,抖音评论 11:22,江特怎么办,,,,否,video_id=7641066778256261553; video_url=https://www.douyin.com/video/7641066778256261553; creator=阿龙闯大A📈; like=0; reply=2; source_type=comment; yeren_signal_id=; parent_comment_text=,11:22,抖音评论,video,来个真大哥，急需回血，感激不尽！#股票 #股民 #vlgo十亿流量扶持计划,Mr.Duan,7641066778256261553,https://www.douyin.com/video/7641066778256261553,,7641067122957959982,11:22,未纳入,中性,自动映射到抖音视频评论池。,,false
2026-05-18,longge,抖音评论 11:22,周五就割了[杀马特][杀马特][杀马特]这行情得及时止损,,,,否,video_id=7641066778256261553; video_url=https://www.douyin.com/video/7641066778256261553; creator=阿龙闯大A📈; like=0; reply=0; source_type=comment; yeren_signal_id=; parent_comment_text=,11:22,抖音评论,video,来个真大哥，急需回血，感激不尽！#股票 #股民 #vlgo十亿流量扶持计划,气质村花🦄（渡己）,7641066778256261553,https://www.douyin.com/video/7641066778256261553,,7641067089650254627,11:22,未纳入,中性,自动映射到抖音视频评论池。,,false
2026-05-18,longge,抖音评论 11:22,1,,,,否,video_id=7641066778256261553; video_url=https://www.douyin.com/video/7641066778256261553; creator=阿龙闯大A📈; like=0; reply=0; source_type=comment; yeren_signal_id=; parent_comment_text=,11:22,抖音评论,video,来个真大哥，急需回血，感激不尽！#股票 #股民 #vlgo十亿流量扶持计划,没有鼻子的怂歪歪,7641066778256261553,https://www.douyin.com/video/7641066778256261553,,7641067074711044905,11:22,未纳入,中性,自动映射到抖音视频评论池。,,false
2026-05-18,longge,抖音评论 11:22,1,,,,否,video_id=7641066778256261553; video_url=https://www.douyin.com/video/7641066778256261553; creator=阿龙闯大A📈; like=0; reply=0; source_type=comment; yeren_signal_id=; parent_comment_text=,11:22,抖音评论,video,来个真大哥，急需回血，感激不尽！#股票 #股民 #vlgo十亿流量扶持计划,没有鼻子的怂歪歪,7641066778256261553,https://www.douyin.com/video/7641066778256261553,,7641067072454198058,11:22,未纳入,中性,自动映射到抖音视频评论池。,,false
2026-05-18,longge,抖音评论 11:22,1,,,,否,video_id=7641066778256261553; video_url=https://www.douyin.com/video/7641066778256261553; creator=阿龙闯大A📈; like=0; reply=0; source_type=comment; yeren_signal_id=; parent_comment_text=,11:22,抖音评论,video,来个真大哥，急需回血，感激不尽！#股票 #股民 #vlgo十亿流量扶持计划,海绵饱饱啦,7641066778256261553,https://www.douyin.com/video/7641066778256261553,,7641067047136592698,11:22,未纳入,中性,自动映射到抖音视频评论池。,,false
2026-05-18,longge,抖音评论 11:22,我也等大哥,,,,否,video_id=7641066778256261553; video_url=https://www.douyin.com/video/7641066778256261553; creator=阿龙闯大A📈; like=0; reply=0; source_type=comment; yeren_signal_id=; parent_comment_text=,11:22,抖音评论,video,来个真大哥，急需回血，感激不尽！#股票 #股民 #vlgo十亿流量扶持计划,后会无期,7641066778256261553,https://www.douyin.com/video/7641066778256261553,,7641067032784323334,11:22,未纳入,中性,自动映射到抖音视频评论池。,,false
2026-05-18,longge,抖音评论 11:22,一楼[不失礼貌的微笑][不失礼貌的微笑][不失礼貌的微笑],,,,否,video_id=7641066778256261553; video_url=https://www.douyin.com/video/7641066778256261553; creator=阿龙闯大A📈; like=0; reply=0; source_type=comment; yeren_signal_id=; parent_comment_text=,11:22,抖音评论,video,来个真大哥，急需回血，感激不尽！#股票 #股民 #vlgo十亿流量扶持计划,我不说,7641066778256261553,https://www.douyin.com/video/7641066778256261553,,7641067027989955366,11:22,未纳入,中性,自动映射到抖音视频评论池。,,false
2026-05-18,longge,抖音评论 11:22,求大哥,,,,否,video_id=7641066778256261553; video_url=https://www.douyin.com/video/7641066778256261553; creator=阿龙闯大A📈; like=0; reply=0; source_type=comment; yeren_signal_id=; parent_comment_text=,11:22,抖音评论,video,来个真大哥，急需回血，感激不尽！#股票 #股民 #vlgo十亿流量扶持计划,吃饺子不沾酱油,7641066778256261553,https://www.douyin.com/video/7641066778256261553,,7641067024437052209,11:22,未纳入,中性,自动映射到抖音视频评论池。,,false
2026-05-18,yege,抖音评论 08:33,野哥抖音视频｜机器人(300024)｜方向：无人驾驶、机器人｜中性观察｜波段题材的意义#金融#财经 #股票#AI终端 #长鑫存储 AI终端包括无人驾驶、机器人、智能家居等领域，最终会普及到终端。长鑫存储业绩炸裂，属于长期波段，有逻辑支撑，适合大资金布局。野哥强调他讲的题材都是波段，不做短线。｜规则：题材方向需要用板块强度和核心股表现二次确认。；仓位跟随大盘和情绪周期调整。,机器人(300024),无人驾驶;机器人,评论热度较高，但暂未自动识别到明确股票线索，保留人工复核。,待确认,video_id=7641023353159525440; video_url=https://www.douyin.com/video/7641023353159525440; creator=全能的野人; like=15; reply=0; source_type=yeren_video_signal; yeren_signal_id=7641023353159525440_stock_300024; parent_comment_text=,08:33,抖音视频,video,波段题材的意义#金融#财经 #股票#AI终端 #长鑫存储,全能的野人,7641023353159525440,https://www.douyin.com/video/7641023353159525440,,yeren_douyin_7641023353159525440_stock_300024,08:33,待确认,中性,全能的野人抖音视频方向/个股线索，自动映射到评论聚合池。,7.4,false
2026-05-18,yege,抖音评论 08:33,野哥抖音视频｜方向：无人驾驶｜中性观察｜波段题材的意义#金融#财经 #股票#AI终端 #长鑫存储 AI终端包括无人驾驶、机器人、智能家居等领域，最终会普及到终端。长鑫存储业绩炸裂，属于长期波段，有逻辑支撑，适｜规则：题材方向需要用板块强度和核心股表现二次确认。；仓位跟随大盘和情绪周期调整。,,无人驾驶,评论热度较高，但暂未自动识别到明确股票线索，保留人工复核。,待确认,video_id=7641023353159525440; video_url=https://www.douyin.com/video/7641023353159525440; creator=全能的野人; like=13; reply=0; source_type=yeren_video_signal; yeren_signal_id=7641023353159525440_direction_无人驾驶; parent_comment_text=,08:33,抖音视频,video,波段题材的意义#金融#财经 #股票#AI终端 #长鑫存储,全能的野人,7641023353159525440,https://www.douyin.com/video/7641023353159525440,,yeren_douyin_7641023353159525440_direction_无人驾驶,08:33,待确认,中性,全能的野人抖音视频方向/个股线索，自动映射到评论聚合池。,6.6,false
2026-05-18,yege,抖音评论 08:33,野哥抖音视频｜方向：机器人｜中性观察｜波段题材的意义#金融#财经 #股票#AI终端 #长鑫存储 AI终端包括无人驾驶、机器人、智能家居等领域，最终会普及到终端。长鑫存储业绩炸裂，属于长期波段，有逻辑支撑，适｜规则：题材方向需要用板块强度和核心股表现二次确认。；仓位跟随大盘和情绪周期调整。,,机器人,评论热度较高，但暂未自动识别到明确股票线索，保留人工复核。,待确认,video_id=7641023353159525440; video_url=https://www.douyin.com/video/7641023353159525440; creator=全能的野人; like=13; reply=0; source_type=yeren_video_signal; yeren_signal_id=7641023353159525440_direction_机器人; parent_comment_text=,08:33,抖音视频,video,波段题材的意义#金融#财经 #股票#AI终端 #长鑫存储,全能的野人,7641023353159525440,https://www.douyin.com/video/7641023353159525440,,yeren_douyin_7641023353159525440_direction_机器人,08:33,待确认,中性,全能的野人抖音视频方向/个股线索，自动映射到评论聚合池。,6.6,false
2026-05-18,yege,抖音评论 06:27,野哥抖音视频｜老百姓(603883)｜方向：算力租赁、AIDC、算力基建｜中性观察｜#算力网 #算力租赁 #aidc#金融 算力网是国家整合算力资源的网络，类似于电力网，将资源提供给中小微企业和老百姓。现有企业先到先得，后面企业进入有门槛。查询服务将按算力计费，付费版服务质量更高。 算力网的定义 算力网｜规则：题材方向需要用板块强度和核心股表现二次确认。,老百姓(603883),算力租赁;AIDC;算力基建,评论热度较高，但暂未自动识别到明确股票线索，保留人工复核。,待确认,video_id=7640991068750512355; video_url=https://www.douyin.com/video/7640991068750512355; creator=全能的野人; like=15; reply=0; source_type=yeren_video_signal; yeren_signal_id=7640991068750512355_stock_603883; parent_comment_text=,06:27,抖音视频,video,5月18日大白话说什么是算力网#算力 #算力网 #算力租赁 #aidc#金融,全能的野人,7640991068750512355,https://www.douyin.com/video/7640991068750512355,,yeren_douyin_7640991068750512355_stock_603883,06:27,待确认,中性,全能的野人抖音视频方向/个股线索，自动映射到评论聚合池。,7.4,false
2026-05-18,yege,抖音评论 06:27,野哥抖音视频｜方向：算力租赁｜中性观察｜5月18日大白话说什么是算力网#算力 #算力网 #算力租赁 #aidc#金融 算力网是国家整合算力资源的网络，类似于电力网，将资源提供给中小微企业和老百姓。现有企业先到｜规则：题材方向需要用板块强度和核心股表现二次确认。,,算力租赁,评论热度较高，但暂未自动识别到明确股票线索，保留人工复核。,待确认,video_id=7640991068750512355; video_url=https://www.douyin.com/video/7640991068750512355; creator=全能的野人; like=13; reply=0; source_type=yeren_video_signal; yeren_signal_id=7640991068750512355_direction_算力租赁; parent_comment_text=,06:27,抖音视频,video,5月18日大白话说什么是算力网#算力 #算力网 #算力租赁 #aidc#金融,全能的野人,7640991068750512355,https://www.douyin.com/video/7640991068750512355,,yeren_douyin_7640991068750512355_direction_算力租赁,06:27,待确认,中性,全能的野人抖音视频方向/个股线索，自动映射到评论聚合池。,6.6,false
2026-05-18,yege,抖音评论 06:27,野哥抖音视频｜方向：AIDC｜中性观察｜5月18日大白话说什么是算力网#算力 #算力网 #算力租赁 #aidc#金融 算力网是国家整合算力资源的网络，类似于电力网，将资源提供给中小微企业和老百姓。现有企业先到｜规则：题材方向需要用板块强度和核心股表现二次确认。,,AIDC,评论热度较高，但暂未自动识别到明确股票线索，保留人工复核。,待确认,video_id=7640991068750512355; video_url=https://www.douyin.com/video/7640991068750512355; creator=全能的野人; like=13; reply=0; source_type=yeren_video_signal; yeren_signal_id=7640991068750512355_direction_AIDC; parent_comment_text=,06:27,抖音视频,video,5月18日大白话说什么是算力网#算力 #算力网 #算力租赁 #aidc#金融,全能的野人,7640991068750512355,https://www.douyin.com/video/7640991068750512355,,yeren_douyin_7640991068750512355_direction_AIDC,06:27,待确认,中性,全能的野人抖音视频方向/个股线索，自动映射到评论聚合池。,6.6,false
2026-05-18,yege,抖音评论 06:27,野哥抖音视频｜方向：算力基建｜中性观察｜5月18日大白话说什么是算力网#算力 #算力网 #算力租赁 #aidc#金融 算力网是国家整合算力资源的网络，类似于电力网，将资源提供给中小微企业和老百姓。现有企业先到｜规则：题材方向需要用板块强度和核心股表现二次确认。,,算力基建,评论热度较高，但暂未自动识别到明确股票线索，保留人工复核。,待确认,video_id=7640991068750512355; video_url=https://www.douyin.com/video/7640991068750512355; creator=全能的野人; like=13; reply=0; source_type=yeren_video_signal; yeren_signal_id=7640991068750512355_direction_算力基建; parent_comment_text=,06:27,抖音视频,video,5月18日大白话说什么是算力网#算力 #算力网 #算力租赁 #aidc#金融,全能的野人,7640991068750512355,https://www.douyin.com/video/7640991068750512355,,yeren_douyin_7640991068750512355_direction_算力基建,06:27,待确认,中性,全能的野人抖音视频方向/个股线索，自动映射到评论聚合池。,6.6,false
