date,code,name,exchange,adjustment,open,high,low,close,pre_close,change,pct_change,amplitude_pct,volume_lot,volume_shares,amount_wan,amount_yuan,turnover_rate_pct,ma5,ma10,ma20,ma60,vol_ma5_lot,vol_ma10_lot,vol_ma20_lot,high_20,low_20,high_60,low_60,bar_status,quote_time,source
2024-05-21,000727,冠捷科技,SZ,bfq,2.250,2.280,2.220,2.250,2.250,0.000,0.00,2.67,485989,48598900,10926.99,109269900.00,1.07,2.226,2.236,2.304,2.444,461791,499824,521187,2.500,2.180,2.710,2.180,closed,,tencent_newfqkline
2024-05-22,000727,冠捷科技,SZ,bfq,2.250,2.270,2.230,2.240,2.250,-0.010,-0.44,1.78,384651,38465100,8642.78,86427800.00,0.85,2.234,2.232,2.300,2.441,474131,473208,520643,2.500,2.180,2.710,2.180,closed,,tencent_newfqkline
2024-05-23,000727,冠捷科技,SZ,bfq,2.230,2.240,2.200,2.210,2.240,-0.030,-1.34,1.79,442661,44266100,9821.45,98214500.00,0.98,2.238,2.223,2.293,2.437,485653,464929,521275,2.500,2.180,2.710,2.180,closed,,tencent_newfqkline
2024-05-24,000727,冠捷科技,SZ,bfq,2.210,2.230,2.180,2.190,2.210,-0.020,-0.90,2.26,380627,38062700,8379.19,83791900.00,0.84,2.228,2.218,2.288,2.432,449700,433544,519785,2.500,2.180,2.710,2.180,closed,,tencent_newfqkline
2024-05-27,000727,冠捷科技,SZ,bfq,2.190,2.200,2.120,2.170,2.190,-0.020,-0.91,3.65,509439,50943900,10957.63,109576300.00,1.12,2.212,2.215,2.277,2.427,440673,438522,520718,2.500,2.120,2.710,2.120,closed,,tencent_newfqkline
2024-05-28,000727,冠捷科技,SZ,bfq,2.170,2.200,2.140,2.150,2.170,-0.020,-0.92,2.76,374356,37435600,8119.45,81194500.00,0.83,2.192,2.209,2.267,2.420,418347,440069,522749,2.500,2.120,2.710,2.120,closed,,tencent_newfqkline
2024-05-29,000727,冠捷科技,SZ,bfq,2.140,2.170,2.140,2.150,2.150,0.000,0.00,1.40,283990,28399000,6124.90,61249000.00,0.63,2.174,2.204,2.252,2.416,398215,436173,508106,2.500,2.120,2.710,2.120,closed,,tencent_newfqkline
2024-05-30,000727,冠捷科技,SZ,bfq,2.140,2.170,2.120,2.150,2.150,0.000,0.00,2.33,331282,33128200,7122.05,71220500.00,0.73,2.162,2.200,2.235,2.410,375939,430796,500219,2.490,2.120,2.710,2.120,closed,,tencent_newfqkline
2024-05-31,000727,冠捷科技,SZ,bfq,2.150,2.200,2.150,2.160,2.150,0.010,0.47,2.33,408024,40802400,8880.23,88802300.00,0.90,2.156,2.192,2.224,2.403,381418,415559,477425,2.420,2.120,2.710,2.120,closed,,tencent_newfqkline
2024-06-03,000727,冠捷科技,SZ,bfq,2.170,2.180,2.110,2.130,2.160,-0.030,-1.39,3.24,449834,44983400,9610.88,96108800.00,0.99,2.148,2.180,2.212,2.396,369497,405085,454630,2.370,2.110,2.710,2.110,closed,,tencent_newfqkline
2024-06-04,000727,冠捷科技,SZ,bfq,2.130,2.130,2.090,2.110,2.130,-0.020,-0.94,1.88,374339,37433900,7888.14,78881400.00,0.83,2.140,2.166,2.201,2.389,369494,393920,446872,2.340,2.090,2.710,2.090,closed,,tencent_newfqkline
2024-06-05,000727,冠捷科技,SZ,bfq,2.110,2.130,2.090,2.090,2.110,-0.020,-0.95,1.90,366349,36634900,7742.68,77426800.00,0.81,2.128,2.151,2.192,2.381,385966,392090,432649,2.320,2.090,2.710,2.090,closed,,tencent_newfqkline
2024-06-06,000727,冠捷科技,SZ,bfq,2.100,2.140,2.020,2.050,2.090,-0.040,-1.91,5.74,597070,59707000,12366.09,123660900.00,1.32,2.108,2.135,2.179,2.373,439123,407531,436230,2.310,2.020,2.710,2.020,closed,,tencent_newfqkline
2024-06-07,000727,冠捷科技,SZ,bfq,2.070,2.110,2.060,2.090,2.050,0.040,1.95,2.44,376123,37612300,7838.29,78382900.00,0.83,2.094,2.125,2.171,2.366,432743,407081,420312,2.280,2.020,2.710,2.020,closed,,tencent_newfqkline
2024-06-11,000727,冠捷科技,SZ,bfq,2.080,2.120,2.050,2.110,2.090,0.020,0.96,3.35,389713,38971300,8145.46,81454600.00,0.86,2.090,2.119,2.167,2.359,420719,395108,416815,2.280,2.020,2.710,2.020,closed,,tencent_newfqkline
2024-06-12,000727,冠捷科技,SZ,bfq,2.120,2.150,2.110,2.120,2.110,0.010,0.47,1.90,401256,40125600,8550.34,85503400.00,0.89,2.092,2.116,2.163,2.351,426102,397798,418934,2.280,2.020,2.710,2.020,closed,,tencent_newfqkline
2024-06-13,000727,冠捷科技,SZ,bfq,2.120,2.130,2.080,2.090,2.120,-0.030,-1.42,2.36,274385,27438500,5770.71,57707100.00,0.61,2.092,2.110,2.157,2.343,407709,396838,416505,2.280,2.020,2.710,2.020,closed,,tencent_newfqkline
2024-06-14,000727,冠捷科技,SZ,bfq,2.090,2.140,2.070,2.130,2.090,0.040,1.91,3.35,479172,47917200,10110.34,101103400.00,1.06,2.108,2.108,2.154,2.336,384130,411626,421211,2.280,2.020,2.710,2.020,closed,,tencent_newfqkline
2024-06-17,000727,冠捷科技,SZ,bfq,2.140,2.200,2.130,2.160,2.130,0.030,1.41,3.29,531605,53160500,11490.32,114903200.00,1.17,2.122,2.108,2.150,2.329,415226,423985,419772,2.280,2.020,2.710,2.020,closed,,tencent_newfqkline
2024-06-18,000727,冠捷科技,SZ,bfq,2.160,2.200,2.160,2.190,2.160,0.030,1.39,1.85,480371,48037100,10507.19,105071900.00,1.06,2.138,2.114,2.147,2.321,433358,427038,416062,2.280,2.020,2.710,2.020,closed,,tencent_newfqkline
2024-06-19,000727,冠捷科技,SZ,bfq,2.190,2.210,2.160,2.170,2.190,-0.020,-0.91,2.28,349152,34915200,7600.78,76007800.00,0.77,2.148,2.120,2.143,2.313,422937,424520,409220,2.270,2.020,2.660,2.020,closed,,tencent_newfqkline
2024-06-20,000727,冠捷科技,SZ,bfq,2.160,2.170,2.100,2.110,2.170,-0.060,-2.76,3.23,388263,38826300,8274.29,82742900.00,0.86,2.152,2.122,2.136,2.304,445713,426711,409401,2.240,2.020,2.660,2.020,closed,,tencent_newfqkline
2024-06-21,000727,冠捷科技,SZ,bfq,2.100,2.150,2.080,2.130,2.110,0.020,0.95,3.32,392127,39212700,8334.40,83344000.00,0.87,2.152,2.130,2.132,2.295,428304,406217,406874,2.230,2.020,2.650,2.020,closed,,tencent_newfqkline
2024-06-24,000727,冠捷科技,SZ,bfq,2.130,2.140,2.040,2.050,2.130,-0.080,-3.76,4.69,430727,43072700,8952.74,89527400.00,0.95,2.130,2.126,2.125,2.286,408128,411677,409379,2.210,2.020,2.650,2.020,closed,,tencent_newfqkline
2024-06-25,000727,冠捷科技,SZ,bfq,2.050,2.070,1.990,2.000,2.050,-0.050,-2.44,3.90,485571,48557100,9824.03,98240300.00,1.07,2.092,2.115,2.117,2.278,409168,421263,408185,2.210,1.990,2.650,1.990,closed,,tencent_newfqkline
2024-06-26,000727,冠捷科技,SZ,bfq,2.000,2.060,1.970,2.050,2.000,0.050,2.50,4.50,515085,51508500,10321.79,103217900.00,1.14,2.068,2.108,2.112,2.270,442355,432646,415222,2.210,1.970,2.650,1.970,closed,,tencent_newfqkline
2024-06-27,000727,冠捷科技,SZ,bfq,2.050,2.070,2.010,2.010,2.050,-0.040,-1.95,2.93,402826,40282600,8236.07,82360700.00,0.89,2.048,2.100,2.105,2.263,445267,445490,421164,2.210,1.970,2.650,1.970,closed,,tencent_newfqkline
2024-06-28,000727,冠捷科技,SZ,bfq,2.010,2.100,2.000,2.060,2.010,0.050,2.49,4.98,517499,51749900,10702.89,107028900.00,1.14,2.034,2.093,2.100,2.256,470342,449323,430475,2.210,1.970,2.650,1.970,closed,,tencent_newfqkline
2024-07-01,000727,冠捷科技,SZ,bfq,2.060,2.070,2.020,2.070,2.060,0.010,0.49,2.43,376336,37633600,7694.26,76942600.00,0.83,2.038,2.084,2.096,2.249,459463,433796,428890,2.210,1.970,2.650,1.970,closed,,tencent_newfqkline
2024-07-02,000727,冠捷科技,SZ,bfq,2.070,2.090,2.050,2.060,2.070,-0.010,-0.48,1.93,326420,32642000,6739.27,67392700.00,0.72,2.050,2.071,2.093,2.239,427633,418401,422719,2.210,1.970,2.610,1.970,closed,,tencent_newfqkline
2024-07-03,000727,冠捷科技,SZ,bfq,2.050,2.070,2.040,2.050,2.060,-0.010,-0.49,1.46,275578,27557800,5661.44,56614400.00,0.61,2.050,2.059,2.090,2.230,379732,411043,417781,2.210,1.970,2.590,1.970,closed,,tencent_newfqkline
2024-07-04,000727,冠捷科技,SZ,bfq,2.050,2.060,2.000,2.010,2.050,-0.040,-1.95,2.93,351545,35154500,7120.43,71204300.00,0.78,2.050,2.049,2.086,2.221,369476,407371,417041,2.210,1.970,2.570,1.970,closed,,tencent_newfqkline
2024-07-05,000727,冠捷科技,SZ,bfq,2.010,2.040,1.980,2.030,2.010,0.020,1.00,2.99,335526,33552600,6747.24,67472400.00,0.74,2.044,2.039,2.084,2.213,333081,401711,403964,2.210,1.970,2.520,1.970,closed,,tencent_newfqkline
2024-07-08,000727,冠捷科技,SZ,bfq,2.010,2.030,1.950,1.960,2.030,-0.070,-3.45,3.94,407813,40781300,8091.77,80917700.00,0.90,2.022,2.030,2.078,2.204,339376,399420,405548,2.210,1.950,2.500,1.950,closed,,tencent_newfqkline
2024-07-09,000727,冠捷科技,SZ,bfq,1.970,2.030,1.950,2.020,1.960,0.060,3.06,4.08,539214,53921400,10733.88,107338800.00,1.19,2.014,2.032,2.074,2.197,381935,404784,413024,2.210,1.950,2.500,1.950,closed,,tencent_newfqkline
2024-07-10,000727,冠捷科技,SZ,bfq,2.020,2.040,2.000,2.010,2.020,-0.010,-0.50,1.98,286200,28620000,5783.12,57831200.00,0.63,2.006,2.028,2.068,2.191,384060,381896,407271,2.210,1.950,2.500,1.950,closed,,tencent_newfqkline
2024-07-11,000727,冠捷科技,SZ,bfq,2.040,2.100,2.040,2.100,2.010,0.090,4.48,2.99,577886,57788600,11970.85,119708500.00,1.28,2.024,2.037,2.068,2.185,429328,399402,422446,2.210,1.950,2.500,1.950,closed,,tencent_newfqkline
2024-07-12,000727,冠捷科技,SZ,bfq,2.100,2.110,2.070,2.080,2.100,-0.020,-0.95,1.90,271326,27132600,5643.06,56430600.00,0.60,2.034,2.039,2.066,2.180,416488,374784,412054,2.210,1.950,2.500,1.950,closed,,tencent_newfqkline
2024-07-15,000727,冠捷科技,SZ,bfq,2.070,2.080,2.030,2.050,2.080,-0.030,-1.44,2.40,311179,31117900,6365.82,63658200.00,0.69,2.052,2.037,2.061,2.176,397161,368269,401032,2.210,1.950,2.500,1.950,closed,,tencent_newfqkline
2024-07-16,000727,冠捷科技,SZ,bfq,2.050,2.070,2.020,2.060,2.050,0.010,0.49,2.44,302900,30290000,6205.99,62059900.00,0.67,2.060,2.037,2.054,2.170,349898,365917,392159,2.210,1.950,2.500,1.950,closed,,tencent_newfqkline
2024-07-17,000727,冠捷科技,SZ,bfq,2.060,2.060,2.020,2.020,2.060,-0.040,-1.94,1.94,275156,27515600,5597.84,55978400.00,0.61,2.062,2.034,2.046,2.165,347689,365874,388459,2.170,1.950,2.500,1.950,closed,,tencent_newfqkline
2024-07-18,000727,冠捷科技,SZ,bfq,2.020,2.020,1.980,2.010,2.020,-0.010,-0.50,1.98,365133,36513300,7302.85,73028500.00,0.81,2.044,2.034,2.042,2.159,305139,367233,387302,2.150,1.950,2.500,1.950,closed,,tencent_newfqkline
2024-07-19,000727,冠捷科技,SZ,bfq,2.000,2.020,1.990,2.000,2.010,-0.010,-0.50,1.49,306101,30610100,6131.41,61314100.00,0.68,2.028,2.031,2.035,2.154,312094,364291,383001,2.140,1.950,2.500,1.950,closed,,tencent_newfqkline
2024-07-22,000727,冠捷科技,SZ,bfq,2.000,2.010,1.970,1.980,2.000,-0.020,-1.00,2.00,363612,36361200,7222.31,72223100.00,0.80,2.014,2.033,2.031,2.148,322580,359871,379645,2.110,1.950,2.500,1.950,closed,,tencent_newfqkline
2024-07-23,000727,冠捷科技,SZ,bfq,1.980,1.990,1.920,1.920,1.980,-0.060,-3.03,3.54,513403,51340300,10009.13,100091300.00,1.13,1.986,2.023,2.027,2.141,364681,357290,381037,2.110,1.920,2.500,1.920,closed,,tencent_newfqkline
2024-07-24,000727,冠捷科技,SZ,bfq,1.920,1.920,1.870,1.890,1.920,-0.030,-1.56,2.60,481667,48166700,9106.22,91062200.00,1.06,1.960,2.011,2.019,2.133,405983,376836,379366,2.110,1.870,2.500,1.870,closed,,tencent_newfqkline
2024-07-25,000727,冠捷科技,SZ,bfq,1.870,1.900,1.850,1.890,1.890,0.000,0.00,2.65,300465,30046500,5637.81,56378100.00,0.66,1.936,1.990,2.013,2.124,393050,349094,374248,2.110,1.850,2.500,1.850,closed,,tencent_newfqkline
2024-07-26,000727,冠捷科技,SZ,bfq,1.880,1.930,1.870,1.920,1.890,0.030,1.59,3.17,356319,35631900,6807.33,68073300.00,0.79,1.920,1.974,2.006,2.114,403093,357594,366189,2.110,1.850,2.490,1.850,closed,,tencent_newfqkline
2024-07-29,000727,冠捷科技,SZ,bfq,1.920,1.940,1.900,1.920,1.920,0.000,0.00,2.08,237666,23766600,4559.82,45598200.00,0.52,1.908,1.961,1.999,2.106,377904,350242,359255,2.110,1.850,2.420,1.850,closed,,tencent_newfqkline
2024-07-30,000727,冠捷科技,SZ,bfq,1.920,1.940,1.900,1.920,1.920,0.000,0.00,2.08,274507,27450700,5264.80,52648000.00,0.61,1.908,1.947,1.992,2.099,330125,347403,356660,2.110,1.850,2.370,1.850,closed,,tencent_newfqkline
2024-07-31,000727,冠捷科技,SZ,bfq,1.920,1.990,1.910,1.980,1.920,0.060,3.13,4.17,505912,50591200,9944.13,99441300.00,1.12,1.926,1.943,1.988,2.093,334974,370478,368176,2.110,1.850,2.340,1.850,closed,,tencent_newfqkline
2024-08-01,000727,冠捷科技,SZ,bfq,1.990,2.020,1.970,2.000,1.980,0.020,1.01,2.53,366297,36629700,7316.21,73162100.00,0.81,1.948,1.942,1.988,2.088,348140,370595,368914,2.110,1.850,2.320,1.850,closed,,tencent_newfqkline
2024-08-02,000727,冠捷科技,SZ,bfq,1.990,2.010,1.950,1.960,2.000,-0.040,-2.00,3.00,346303,34630300,6855.42,68554200.00,0.76,1.956,1.938,1.984,2.083,346137,374615,369453,2.110,1.850,2.310,1.850,closed,,tencent_newfqkline
2024-08-05,000727,冠捷科技,SZ,bfq,1.950,1.980,1.910,1.910,1.960,-0.050,-2.55,3.57,376908,37690800,7320.61,73206100.00,0.83,1.954,1.931,1.982,2.077,373985,375945,367908,2.110,1.850,2.280,1.850,closed,,tencent_newfqkline
2024-08-06,000727,冠捷科技,SZ,bfq,1.920,1.940,1.890,1.910,1.910,0.000,0.00,2.62,331086,33108600,6330.92,63309200.00,0.73,1.952,1.930,1.977,2.072,385301,357713,357501,2.110,1.850,2.280,1.850,closed,,tencent_newfqkline
2024-08-07,000727,冠捷科技,SZ,bfq,1.910,1.930,1.900,1.910,1.910,0.000,0.00,1.57,278594,27859400,5328.04,53280400.00,0.62,1.938,1.932,1.972,2.067,339838,337406,357121,2.110,1.850,2.280,1.850,closed,,tencent_newfqkline
2024-08-08,000727,冠捷科技,SZ,bfq,1.910,1.940,1.880,1.930,1.910,0.020,1.05,3.14,390601,39060100,7481.61,74816100.00,0.86,1.924,1.936,1.963,2.063,344698,346419,347757,2.110,1.850,2.280,1.850,closed,,tencent_newfqkline
2024-08-09,000727,冠捷科技,SZ,bfq,1.940,1.980,1.920,1.940,1.930,0.010,0.52,3.11,553209,55320900,10762.76,107627600.00,1.22,1.920,1.938,1.956,2.059,386080,366108,361851,2.080,1.850,2.280,1.850,closed,,tencent_newfqkline
2024-08-12,000727,冠捷科技,SZ,bfq,1.930,1.970,1.890,1.910,1.940,-0.030,-1.55,4.12,489891,48989100,9437.40,94374000.00,1.08,1.920,1.937,1.949,2.053,408676,391331,370786,2.070,1.850,2.280,1.850,closed,,tencent_newfqkline
2024-08-13,000727,冠捷科技,SZ,bfq,1.910,1.940,1.890,1.930,1.910,0.020,1.05,2.62,289189,28918900,5542.09,55420900.00,0.64,1.924,1.938,1.943,2.048,400297,392799,370101,2.060,1.850,2.280,1.850,closed,,tencent_newfqkline
2024-08-14,000727,冠捷科技,SZ,bfq,1.930,2.000,1.910,1.970,1.930,0.040,2.07,4.66,721816,72181600,14141.46,141414600.00,1.59,1.936,1.937,1.940,2.043,488941,414389,392434,2.020,1.850,2.270,1.850,closed,,tencent_newfqkline
2024-08-15,000727,冠捷科技,SZ,bfq,1.950,2.020,1.950,1.990,1.970,0.020,1.02,3.55,764146,76414600,15224.49,152244900.00,1.69,1.948,1.936,1.939,2.039,563650,454174,412385,2.020,1.850,2.240,1.850,closed,,tencent_newfqkline
2024-08-16,000727,冠捷科技,SZ,bfq,1.990,2.040,1.990,2.010,1.990,0.020,1.01,2.51,621377,62137700,12547.18,125471800.00,1.37,1.962,1.941,1.940,2.036,577284,481682,428148,2.040,1.850,2.230,1.850,closed,,tencent_newfqkline
2024-08-19,000727,冠捷科技,SZ,bfq,2.020,2.020,1.980,1.990,2.010,-0.020,-1.00,1.99,477427,47742700,9544.92,95449200.00,1.05,1.978,1.949,1.940,2.032,574791,491734,433839,2.040,1.850,2.210,1.850,closed,,tencent_newfqkline
2024-08-20,000727,冠捷科技,SZ,bfq,2.000,2.000,1.940,1.950,1.990,-0.040,-2.01,3.02,442824,44282400,8689.52,86895200.00,0.98,1.982,1.953,1.942,2.029,605518,502907,430310,2.040,1.850,2.210,1.850,closed,,tencent_newfqkline
2024-08-21,000727,冠捷科技,SZ,bfq,1.950,1.970,1.920,1.930,1.950,-0.020,-1.03,2.56,288067,28806700,5600.84,56008400.00,0.64,1.974,1.955,1.943,2.025,518768,503855,420630,2.040,1.850,2.210,1.850,closed,,tencent_newfqkline
2024-08-22,000727,冠捷科技,SZ,bfq,1.940,1.950,1.900,1.910,1.930,-0.020,-1.04,2.59,276249,27624900,5299.11,52991100.00,0.61,1.958,1.953,1.945,2.021,421189,492420,419419,2.040,1.870,2.210,1.850,closed,,tencent_newfqkline
2024-08-23,000727,冠捷科技,SZ,bfq,1.900,1.940,1.880,1.920,1.910,0.010,0.52,3.14,318697,31869700,6085.30,60853000.00,0.70,1.940,1.951,1.945,2.017,360653,468968,417538,2.040,1.880,2.210,1.850,closed,,tencent_newfqkline
2024-08-26,000727,冠捷科技,SZ,bfq,1.920,1.980,1.920,1.960,1.920,0.040,2.08,3.13,376616,37661600,7363.84,73638400.00,0.83,1.934,1.956,1.946,2.014,340491,457641,424486,2.040,1.880,2.210,1.850,closed,,tencent_newfqkline
2024-08-27,000727,冠捷科技,SZ,bfq,1.960,1.960,1.890,1.900,1.960,-0.060,-3.06,3.57,418830,41883000,8009.88,80098800.00,0.92,1.924,1.953,1.945,2.010,335692,470605,431702,2.040,1.880,2.210,1.850,closed,,tencent_newfqkline
2024-08-28,000727,冠捷科技,SZ,bfq,1.900,1.920,1.880,1.900,1.900,0.000,0.00,2.11,263363,26336300,5002.71,50027100.00,0.58,1.918,1.946,1.942,2.006,330751,424760,419574,2.040,1.880,2.210,1.850,closed,,tencent_newfqkline
2024-08-29,000727,冠捷科技,SZ,bfq,1.900,1.970,1.890,1.960,1.900,0.060,3.16,4.21,548413,54841300,10676.18,106761800.00,1.21,1.928,1.943,1.940,2.004,385184,403186,428680,2.040,1.880,2.210,1.850,closed,,tencent_newfqkline
2024-08-30,000727,冠捷科技,SZ,bfq,1.970,2.010,1.960,1.990,1.960,0.030,1.53,2.55,592481,59248100,11804.43,118044300.00,1.31,1.942,1.941,1.941,2.003,439941,400297,440989,2.040,1.880,2.210,1.850,closed,,tencent_newfqkline
2024-09-02,000727,冠捷科技,SZ,bfq,1.990,2.010,1.940,1.940,1.990,-0.050,-2.51,3.52,459876,45987600,9057.56,90575600.00,1.02,1.938,1.936,1.943,2.001,456593,398542,445138,2.040,1.880,2.210,1.850,closed,,tencent_newfqkline
2024-09-03,000727,冠捷科技,SZ,bfq,1.940,1.990,1.940,1.980,1.940,0.040,2.06,2.58,441864,44186400,8700.78,87007800.00,0.98,1.954,1.939,1.946,1.999,461199,398446,450676,2.040,1.880,2.210,1.850,closed,,tencent_newfqkline
2024-09-04,000727,冠捷科技,SZ,bfq,1.970,1.980,1.930,1.940,1.980,-0.040,-2.02,2.53,396227,39622700,7722.09,77220900.00,0.87,1.962,1.940,1.947,1.996,487772,409262,456558,2.040,1.880,2.210,1.850,closed,,tencent_newfqkline
2024-09-05,000727,冠捷科技,SZ,bfq,1.950,1.970,1.940,1.960,1.940,0.020,1.03,1.55,352791,35279100,6900.10,69001000.00,0.78,1.962,1.945,1.949,1.994,448648,416916,454668,2.040,1.880,2.210,1.850,closed,,tencent_newfqkline
2024-09-06,000727,冠捷科技,SZ,bfq,1.960,1.970,1.910,1.920,1.960,-0.040,-2.04,3.06,436335,43633500,8406.74,84067400.00,0.96,1.948,1.945,1.948,1.990,417419,428680,448824,2.040,1.880,2.210,1.850,closed,,tencent_newfqkline
2024-09-09,000727,冠捷科技,SZ,bfq,1.920,1.950,1.900,1.930,1.920,0.010,0.52,2.60,516040,51604000,9934.09,99340900.00,1.14,1.946,1.942,1.949,1.986,428651,442622,450131,2.040,1.880,2.210,1.850,closed,,tencent_newfqkline
2024-09-10,000727,冠捷科技,SZ,bfq,1.940,1.990,1.900,1.970,1.930,0.040,2.07,4.66,736756,73675600,14321.89,143218900.00,1.63,1.944,1.949,1.951,1.983,487630,474415,472510,2.040,1.880,2.210,1.850,closed,,tencent_newfqkline
2024-09-11,000727,冠捷科技,SZ,bfq,1.950,1.960,1.890,1.910,1.970,-0.060,-3.05,3.55,826088,82608800,15830.80,158308000.00,1.82,1.938,1.950,1.948,1.978,573602,530687,477723,2.040,1.880,2.170,1.850,closed,,tencent_newfqkline
2024-09-12,000727,冠捷科技,SZ,bfq,1.910,1.960,1.910,1.920,1.910,0.010,0.52,2.62,680308,68030800,13160.89,131608900.00,1.50,1.930,1.946,1.945,1.975,639105,543877,473531,2.040,1.880,2.150,1.850,closed,,tencent_newfqkline
2024-09-13,000727,冠捷科技,SZ,bfq,1.920,1.920,1.880,1.890,1.920,-0.030,-1.56,2.08,605103,60510300,11471.33,114713300.00,1.34,1.924,1.936,1.938,1.971,672859,545139,472718,2.020,1.880,2.140,1.850,closed,,tencent_newfqkline
2024-09-18,000727,冠捷科技,SZ,bfq,1.890,1.900,1.840,1.860,1.890,-0.030,-1.59,3.17,454880,45488000,8471.73,84717300.00,1.00,1.910,1.928,1.932,1.968,660627,544639,471590,2.010,1.840,2.110,1.840,closed,,tencent_newfqkline
2024-09-19,000727,冠捷科技,SZ,bfq,1.870,1.920,1.850,1.910,1.860,0.050,2.69,3.76,635186,63518600,12042.53,120425300.00,1.40,1.898,1.921,1.930,1.966,640313,563971,481208,2.010,1.840,2.110,1.840,closed,,tencent_newfqkline
2024-09-20,000727,冠捷科技,SZ,bfq,1.910,1.920,1.890,1.910,1.910,0.000,0.00,1.57,461051,46105100,8793.04,87930400.00,1.02,1.898,1.918,1.929,1.964,567306,570454,489858,2.010,1.840,2.110,1.840,closed,,tencent_newfqkline
2024-09-23,000727,冠捷科技,SZ,bfq,1.920,1.960,1.910,1.940,1.910,0.030,1.57,2.62,681212,68121200,13232.75,132327500.00,1.50,1.902,1.916,1.930,1.963,567486,603296,510106,2.010,1.840,2.110,1.840,closed,,tencent_newfqkline
2024-09-24,000727,冠捷科技,SZ,bfq,1.950,1.990,1.920,1.990,1.940,0.050,2.58,3.61,853322,85332200,16745.04,167450400.00,1.88,1.922,1.923,1.934,1.962,617130,644995,536837,2.010,1.840,2.110,1.840,closed,,tencent_newfqkline
2024-09-25,000727,冠捷科技,SZ,bfq,2.000,2.060,1.990,2.000,1.990,0.010,0.50,3.52,894071,89407100,18142.17,181421700.00,1.97,1.950,1.930,1.936,1.960,704968,682798,562710,2.060,1.840,2.110,1.840,closed,,tencent_newfqkline
2024-09-26,000727,冠捷科技,SZ,bfq,2.000,2.080,1.990,2.080,2.000,0.080,4.00,4.50,955463,95546300,19506.61,195066100.00,2.11,1.984,1.941,1.945,1.961,769024,704668,589542,2.080,1.840,2.110,1.840,closed,,tencent_newfqkline
2024-09-27,000727,冠捷科技,SZ,bfq,2.110,2.180,2.100,2.170,2.080,0.090,4.33,3.85,1010630,101063000,21587.88,215878800.00,2.23,2.036,1.967,1.959,1.963,878940,723123,626905,2.180,1.840,2.180,1.840,closed,,tencent_newfqkline
2024-09-30,000727,冠捷科技,SZ,bfq,2.260,2.380,2.220,2.370,2.170,0.200,9.22,7.37,1630220,163022000,37752.74,377527400.00,3.60,2.122,2.012,1.979,1.969,1068741,818114,680995,2.380,1.840,2.380,1.840,closed,,tencent_newfqkline
2024-10-08,000727,冠捷科技,SZ,bfq,2.610,2.610,2.370,2.500,2.370,0.130,5.49,10.13,2085052,208505200,51881.72,518817200.00,4.60,2.224,2.073,2.004,1.977,1315087,966109,755624,2.610,1.840,2.610,1.840,closed,,tencent_newfqkline
2024-10-09,000727,冠捷科技,SZ,bfq,2.460,2.460,2.260,2.260,2.500,-0.240,-9.60,8.00,1475953,147595300,34725.57,347255700.00,3.26,2.276,2.113,2.020,1.982,1431464,1068216,806428,2.610,1.840,2.610,1.840,closed,,tencent_newfqkline
2024-10-10,000727,冠捷科技,SZ,bfq,2.280,2.350,2.240,2.280,2.260,0.020,0.88,4.87,1134963,113496300,26118.63,261186300.00,2.51,2.316,2.150,2.035,1.986,1467364,1118194,841083,2.610,1.840,2.610,1.840,closed,,tencent_newfqkline
2024-10-11,000727,冠捷科技,SZ,bfq,2.270,2.280,2.150,2.190,2.280,-0.090,-3.95,5.70,869625,86962500,19301.61,193016100.00,1.92,2.320,2.178,2.048,1.989,1439163,1159051,864752,2.610,1.840,2.610,1.840,closed,,tencent_newfqkline
2024-10-14,000727,冠捷科技,SZ,bfq,2.190,2.260,2.150,2.250,2.190,0.060,2.74,5.02,895123,89512300,19805.88,198058800.00,1.98,2.296,2.209,2.062,1.991,1292143,1180442,891869,2.610,1.840,2.610,1.840,closed,,tencent_newfqkline
2024-10-15,000727,冠捷科技,SZ,bfq,2.230,2.280,2.190,2.200,2.250,-0.050,-2.22,4.00,696043,69604300,15568.32,155683200.00,1.54,2.236,2.230,2.077,1.994,1014341,1164714,904854,2.610,1.840,2.610,1.840,closed,,tencent_newfqkline
2024-10-16,000727,冠捷科技,SZ,bfq,2.170,2.230,2.160,2.190,2.200,-0.010,-0.45,3.18,590712,59071200,12947.26,129472600.00,1.30,2.222,2.249,2.090,1.996,837293,1134378,908588,2.610,1.840,2.610,1.840,closed,,tencent_newfqkline
2024-10-17,000727,冠捷科技,SZ,bfq,2.200,2.220,2.160,2.160,2.190,-0.030,-1.37,2.74,642632,64263200,14080.92,140809200.00,1.42,2.198,2.257,2.099,1.997,738827,1103095,903882,2.610,1.840,2.610,1.840,closed,,tencent_newfqkline
2024-10-18,000727,冠捷科技,SZ,bfq,2.160,2.320,2.160,2.270,2.160,0.110,5.09,7.41,1398685,139868500,31396.90,313969000.00,3.09,2.214,2.267,2.117,2.002,844639,1141901,932512,2.610,1.840,2.610,1.840,closed,,tencent_newfqkline
2024-10-21,000727,冠捷科技,SZ,bfq,2.300,2.350,2.270,2.300,2.270,0.030,1.32,3.52,1058109,105810900,24406.84,244068400.00,2.34,2.224,2.260,2.136,2.006,877236,1084690,951402,2.610,1.840,2.610,1.840,closed,,tencent_newfqkline
2024-10-22,000727,冠捷科技,SZ,bfq,2.300,2.350,2.280,2.340,2.300,0.040,1.74,3.04,874561,87456100,20267.63,202676300.00,1.93,2.252,2.244,2.159,2.012,912940,963641,964875,2.610,1.840,2.610,1.840,closed,,tencent_newfqkline
2024-10-23,000727,冠捷科技,SZ,bfq,2.340,2.360,2.300,2.340,2.340,0.000,0.00,2.56,982930,98293000,22916.94,229169400.00,2.17,2.282,2.252,2.183,2.018,991383,914338,991277,2.610,1.850,2.610,1.840,closed,,tencent_newfqkline
2024-10-24,000727,冠捷科技,SZ,bfq,2.330,2.360,2.300,2.350,2.340,0.010,0.43,2.56,712416,71241600,16630.94,166309400.00,1.57,2.320,2.259,2.204,2.025,1005340,872084,995139,2.610,1.890,2.610,1.840,closed,,tencent_newfqkline
2024-10-25,000727,冠捷科技,SZ,bfq,2.360,2.430,2.350,2.400,2.350,0.050,2.13,3.40,1092767,109276700,26192.68,261926800.00,2.41,2.346,2.280,2.229,2.034,944157,894398,1026724,2.610,1.910,2.610,1.840,closed,,tencent_newfqkline
2024-10-28,000727,冠捷科技,SZ,bfq,2.410,2.510,2.400,2.500,2.400,0.100,4.17,4.58,1286053,128605300,31645.73,316457300.00,2.84,2.386,2.305,2.257,2.044,989745,933491,1056966,2.610,1.920,2.610,1.840,closed,,tencent_newfqkline
2024-10-29,000727,冠捷科技,SZ,bfq,2.500,2.520,2.430,2.450,2.500,-0.050,-2.00,3.60,1243128,124312800,30712.10,307121000.00,2.74,2.408,2.330,2.280,2.053,1063459,988199,1076457,2.610,1.990,2.610,1.840,closed,,tencent_newfqkline
2024-10-30,000727,冠捷科技,SZ,bfq,2.420,2.700,2.410,2.700,2.450,0.250,10.20,11.84,1873227,187322700,49618.53,496185300.00,4.14,2.480,2.381,2.315,2.066,1241518,1116451,1125415,2.700,1.990,2.700,1.840,closed,,tencent_newfqkline
2024-10-31,000727,冠捷科技,SZ,bfq,2.970,2.970,2.780,2.850,2.700,0.150,5.56,7.04,6491175,649117500,186529.17,1865291700.00,14.33,2.580,2.450,2.353,2.081,2397270,1701305,1402200,2.970,2.100,2.970,1.840,closed,,tencent_newfqkline
2024-11-01,000727,冠捷科技,SZ,bfq,2.850,3.140,2.850,2.950,2.850,0.100,3.51,10.18,5138042,513804200,154428.54,1544285400.00,11.34,2.690,2.518,2.393,2.097,3206325,2075241,1608571,3.140,2.150,3.140,1.840,closed,,tencent_newfqkline
2024-11-04,000727,冠捷科技,SZ,bfq,2.860,2.950,2.700,2.830,2.950,-0.120,-4.07,8.47,3206079,320607900,90427.11,904271100.00,7.08,2.756,2.571,2.416,2.111,3590330,2290038,1687364,3.140,2.150,3.140,1.840,closed,,tencent_newfqkline
2024-11-05,000727,冠捷科技,SZ,bfq,2.800,3.030,2.760,2.940,2.830,0.110,3.89,9.54,3711602,371160200,106760.19,1067601900.00,8.19,2.854,2.631,2.438,2.128,4084025,2573742,1768691,3.140,2.150,3.140,1.840,closed,,tencent_newfqkline
2024-11-06,000727,冠捷科技,SZ,bfq,2.920,3.040,2.860,2.870,2.940,-0.070,-2.38,6.12,2719751,271975100,79313.81,793138100.00,6.00,2.888,2.684,2.468,2.144,4253330,2747424,1830881,3.140,2.150,3.140,1.840,closed,,tencent_newfqkline
2024-11-07,000727,冠捷科技,SZ,bfq,2.820,3.160,2.750,3.160,2.870,0.290,10.10,14.29,3512427,351242700,104927.64,1049276400.00,7.75,2.950,2.765,2.512,2.164,3657580,3027425,1949754,3.160,2.150,3.160,1.840,closed,,tencent_newfqkline
2024-11-08,000727,冠捷科技,SZ,bfq,3.370,3.420,3.160,3.190,3.160,0.030,0.95,8.23,4980910,498091000,162618.89,1626188900.00,11.00,2.998,2.844,2.562,2.186,3626154,3416239,2155319,3.420,2.150,3.420,1.840,closed,,tencent_newfqkline
2024-11-11,000727,冠捷科技,SZ,bfq,3.150,3.240,3.100,3.180,3.190,-0.010,-0.31,4.39,2546394,254639400,80701.57,807015700.00,5.62,3.068,2.912,2.609,2.207,3494217,3542274,2237882,3.420,2.160,3.420,1.840,closed,,tencent_newfqkline
2024-11-12,000727,冠捷科技,SZ,bfq,3.170,3.170,3.000,3.040,3.180,-0.140,-4.40,5.35,2416332,241633200,74402.86,744028600.00,5.33,3.088,2.971,2.651,2.225,3235163,3659594,2323897,3.420,2.160,3.420,1.840,closed,,tencent_newfqkline
2024-11-13,000727,冠捷科技,SZ,bfq,3.010,3.050,2.900,2.970,3.040,-0.070,-2.30,4.93,1656299,165629900,49030.83,490308300.00,3.66,3.108,2.998,2.689,2.243,3022472,3637901,2377176,3.420,2.160,3.420,1.840,closed,,tencent_newfqkline
2024-11-14,000727,冠捷科技,SZ,bfq,2.970,2.980,2.840,2.850,2.970,-0.120,-4.04,4.71,1256896,125689600,36457.24,364572400.00,2.77,3.046,2.998,2.724,2.258,2571366,3114473,2407889,3.420,2.160,3.420,1.840,closed,,tencent_newfqkline
2024-11-15,000727,冠捷科技,SZ,bfq,2.820,2.920,2.800,2.820,2.850,-0.030,-1.05,4.21,1346113,134611300,38598.10,385981000.00,2.97,2.972,2.985,2.752,2.272,1844407,2735280,2405261,3.420,2.270,3.420,1.840,closed,,tencent_newfqkline
2024-11-18,000727,冠捷科技,SZ,bfq,2.850,2.870,2.710,2.730,2.820,-0.090,-3.19,5.67,1379467,137946700,38215.99,382159900.00,3.05,2.882,2.975,2.773,2.284,1611021,2552619,2421328,3.420,2.280,3.420,1.840,closed,,tencent_newfqkline
2024-11-19,000727,冠捷科技,SZ,bfq,2.740,2.790,2.680,2.780,2.730,0.050,1.83,4.03,1210434,121043400,33117.19,331171900.00,2.67,2.830,2.959,2.795,2.297,1369842,2302502,2438122,3.420,2.300,3.420,1.840,closed,,tencent_newfqkline
2024-11-20,000727,冠捷科技,SZ,bfq,2.770,2.830,2.730,2.820,2.780,0.040,1.44,3.60,1142405,114240500,31926.63,319266300.00,2.52,2.800,2.954,2.819,2.311,1267063,2144768,2446096,3.420,2.300,3.420,1.840,closed,,tencent_newfqkline
2024-11-21,000727,冠捷科技,SZ,bfq,2.810,2.820,2.740,2.770,2.820,-0.050,-1.77,2.84,1123482,112348200,31160.35,311603500.00,2.48,2.784,2.915,2.840,2.325,1240380,1905873,2466649,3.420,2.350,3.420,1.840,closed,,tencent_newfqkline
2024-11-22,000727,冠捷科技,SZ,bfq,2.760,2.930,2.740,2.770,2.770,0.000,0.00,6.86,2357382,235738200,67186.67,671866700.00,5.20,2.774,2.873,2.859,2.339,1442634,1643520,2529880,3.420,2.400,3.420,1.840,closed,,tencent_newfqkline
2024-11-25,000727,冠捷科技,SZ,bfq,2.790,2.870,2.710,2.840,2.770,0.070,2.53,5.78,1609130,160913000,44904.81,449048100.00,3.55,2.796,2.839,2.875,2.354,1488567,1549794,2546034,3.420,2.410,3.420,1.840,closed,,tencent_newfqkline
2024-11-26,000727,冠捷科技,SZ,bfq,2.850,3.120,2.840,3.120,2.840,0.280,9.86,9.86,2110914,211091400,65125.60,651256000.00,4.66,2.864,2.847,2.909,2.374,1668663,1519252,2589423,3.420,2.410,3.420,1.840,closed,,tencent_newfqkline
2024-11-27,000727,冠捷科技,SZ,bfq,3.090,3.090,2.900,3.020,3.120,-0.100,-3.21,6.09,3298117,329811700,98257.74,982577400.00,7.28,2.904,2.852,2.925,2.392,2099805,1683434,2660668,3.420,2.680,3.420,1.840,closed,,tencent_newfqkline
2024-11-28,000727,冠捷科技,SZ,bfq,3.000,3.070,2.950,2.950,3.020,-0.070,-2.32,3.97,2041371,204137100,61211.21,612112100.00,4.51,2.940,2.862,2.930,2.409,2283383,1761882,2438177,3.420,2.680,3.420,1.840,closed,,tencent_newfqkline
2024-11-29,000727,冠捷科技,SZ,bfq,2.930,3.070,2.900,3.010,2.950,0.060,2.03,5.76,2141075,214107500,63974.47,639744700.00,4.73,2.988,2.881,2.933,2.428,2240121,1841378,2288329,3.420,2.680,3.420,1.840,closed,,tencent_newfqkline
2024-12-02,000727,冠捷科技,SZ,bfq,3.000,3.190,2.990,3.140,3.010,0.130,4.32,6.64,2659948,265994800,82906.91,829069100.00,5.87,3.048,2.922,2.949,2.448,2450285,1969426,2261022,3.420,2.680,3.420,1.840,closed,,tencent_newfqkline
2024-12-03,000727,冠捷科技,SZ,bfq,3.150,3.150,3.060,3.080,3.140,-0.060,-1.91,2.87,1693530,169353000,52282.05,522820500.00,3.74,3.040,2.952,2.955,2.466,2366808,2017735,2160119,3.420,2.680,3.420,1.840,closed,,tencent_newfqkline
2024-12-04,000727,冠捷科技,SZ,bfq,3.080,3.150,3.020,3.030,3.080,-0.050,-1.62,4.22,1631775,163177500,50214.70,502147000.00,3.60,3.042,2.973,2.964,2.484,2033540,2066672,2105720,3.420,2.680,3.420,1.840,closed,,tencent_newfqkline
2024-12-05,000727,冠捷科技,SZ,bfq,3.020,3.240,3.000,3.200,3.030,0.170,5.61,7.92,3010146,301014600,94958.81,949588100.00,6.65,3.092,3.016,2.966,2.504,2227295,2255339,2080606,3.420,2.680,3.420,1.840,closed,,tencent_newfqkline
2024-12-06,000727,冠捷科技,SZ,bfq,3.160,3.400,3.160,3.250,3.200,0.050,1.56,7.50,3149496,314949600,103067.45,1030674500.00,6.95,3.140,3.064,2.968,2.526,2428979,2334550,1989035,3.400,2.680,3.420,1.840,closed,,tencent_newfqkline
2024-12-09,000727,冠捷科技,SZ,bfq,3.240,3.580,3.200,3.430,3.250,0.180,5.54,11.69,4518827,451882700,156526.28,1565262800.00,9.98,3.198,3.123,2.981,2.551,2800755,2625520,2087657,3.580,2.680,3.580,1.840,closed,,tencent_newfqkline
2024-12-10,000727,冠捷科技,SZ,bfq,3.440,3.550,3.330,3.330,3.430,-0.100,-2.92,6.41,3429493,342949300,117388.37,1173883700.00,7.57,3.248,3.144,2.995,2.574,3147947,2757378,2138315,3.580,2.680,3.580,1.840,closed,,tencent_newfqkline
2024-12-11,000727,冠捷科技,SZ,bfq,3.300,3.660,3.290,3.660,3.330,0.330,9.91,11.11,3948068,394806800,139767.90,1397679000.00,8.72,3.374,3.208,3.030,2.603,3611206,2822373,2252903,3.660,2.680,3.660,1.840,closed,,tencent_newfqkline
2024-12-12,000727,冠捷科技,SZ,bfq,3.750,3.910,3.580,3.670,3.660,0.010,0.27,9.02,5766942,576694200,214475.35,2144753500.00,12.73,3.468,3.280,3.071,2.631,4162565,3194930,2478406,3.910,2.680,3.910,1.840,closed,,tencent_newfqkline
2024-12-13,000727,冠捷科技,SZ,bfq,3.670,3.930,3.610,3.610,3.670,-0.060,-1.63,8.72,4438341,443834100,167036.68,1670366800.00,9.80,3.540,3.340,3.111,2.660,4420334,3424657,2633017,3.930,2.680,3.930,1.840,closed,,tencent_newfqkline
2024-12-16,000727,冠捷科技,SZ,bfq,3.570,3.610,3.370,3.400,3.610,-0.210,-5.82,6.65,3533325,353332500,121590.34,1215903400.00,7.80,3.534,3.366,3.144,2.684,4223234,3511994,2740710,3.930,2.680,3.930,1.840,closed,,tencent_newfqkline
2024-12-17,000727,冠捷科技,SZ,bfq,3.300,3.380,3.150,3.160,3.400,-0.240,-7.06,6.76,2701859,270185900,86847.22,868472200.00,5.96,3.500,3.374,3.163,2.706,4077707,3612827,2815281,3.930,2.710,3.930,1.840,closed,,tencent_newfqkline
2024-12-18,000727,冠捷科技,SZ,bfq,3.210,3.280,3.140,3.220,3.160,0.060,1.90,4.43,2017342,201734200,65115.48,651154800.00,4.45,3.412,3.393,3.183,2.728,3691562,3651384,2859028,3.930,2.710,3.930,1.850,closed,,tencent_newfqkline
2024-12-19,000727,冠捷科技,SZ,bfq,3.190,3.240,3.090,3.160,3.220,-0.060,-1.86,4.66,1772446,177244600,55747.75,557477500.00,3.91,3.310,3.389,3.202,2.749,2892663,3527614,2891476,3.930,2.710,3.930,1.890,closed,,tencent_newfqkline
2024-12-20,000727,冠捷科技,SZ,bfq,3.160,3.220,3.130,3.160,3.160,0.000,0.00,2.85,1349940,134994000,42857.50,428575000.00,2.98,3.220,3.380,3.222,2.770,2274982,3347658,2841104,3.930,2.710,3.930,1.910,closed,,tencent_newfqkline
2024-12-23,000727,冠捷科技,SZ,bfq,3.170,3.210,2.980,3.000,3.160,-0.160,-5.06,7.28,2021984,202198400,61954.43,619544300.00,4.46,3.140,3.337,3.230,2.788,1972714,3097974,2861747,3.930,2.840,3.930,1.920,closed,,tencent_newfqkline
2024-12-24,000727,冠捷科技,SZ,bfq,2.990,3.030,2.910,2.990,3.000,-0.010,-0.33,4.00,1593772,159377200,47261.13,472611300.00,3.52,3.106,3.303,3.224,2.804,1751097,2914402,2835890,3.930,2.900,3.930,1.990,closed,,tencent_newfqkline
2024-12-25,000727,冠捷科技,SZ,bfq,3.010,3.030,2.860,2.900,2.990,-0.090,-3.01,5.69,1216818,121681800,35389.30,353893000.00,2.69,3.042,3.227,3.217,2.819,1590992,2641277,2731825,3.930,2.860,3.930,1.990,closed,,tencent_newfqkline
2024-12-26,000727,冠捷科技,SZ,bfq,2.880,2.940,2.870,2.890,2.900,-0.010,-0.34,2.41,1038828,103882800,30156.81,301568100.00,2.29,2.988,3.149,3.215,2.833,1444268,2168466,2681698,3.930,2.860,3.930,2.100,closed,,tencent_newfqkline
2024-12-27,000727,冠捷科技,SZ,bfq,2.890,3.010,2.860,2.930,2.890,0.040,1.38,5.19,1304041,130404100,38464.43,384644300.00,2.88,2.942,3.081,3.211,2.845,1435089,1855036,2639846,3.930,2.860,3.930,2.150,closed,,tencent_newfqkline
2024-12-30,000727,冠捷科技,SZ,bfq,2.950,2.980,2.870,2.910,2.930,-0.020,-0.68,3.75,1123414,112341400,32743.80,327438000.00,2.48,2.924,3.032,3.199,2.854,1255375,1614044,2563019,3.930,2.860,3.930,2.150,closed,,tencent_newfqkline
2024-12-31,000727,冠捷科技,SZ,bfq,2.910,2.950,2.780,2.780,2.910,-0.130,-4.47,5.84,1320860,132086000,37472.84,374728400.00,2.92,2.882,2.994,3.184,2.859,1200792,1475944,2544386,3.930,2.780,3.930,2.150,closed,,tencent_newfqkline
2025-01-02,000727,冠捷科技,SZ,bfq,2.780,2.800,2.650,2.700,2.780,-0.080,-2.88,5.40,1362734,136273400,37227.94,372279400.00,3.01,2.842,2.942,3.167,2.866,1229975,1410484,2530934,3.930,2.650,3.930,2.150,closed,,tencent_newfqkline
2025-01-03,000727,冠捷科技,SZ,bfq,2.690,2.720,2.580,2.590,2.700,-0.110,-4.07,5.19,1305916,130591600,34328.32,343283200.00,2.88,2.782,2.885,3.137,2.871,1283393,1363831,2445722,3.930,2.580,3.930,2.150,closed,,tencent_newfqkline
2025-01-06,000727,冠捷科技,SZ,bfq,2.560,2.600,2.500,2.550,2.590,-0.040,-1.54,3.86,995975,99597500,25367.33,253673300.00,2.20,2.706,2.824,3.102,2.877,1221780,1328434,2338046,3.930,2.500,3.930,2.150,closed,,tencent_newfqkline
2025-01-07,000727,冠捷科技,SZ,bfq,2.570,2.650,2.560,2.640,2.550,0.090,3.53,3.53,1189180,118918000,31023.12,310231200.00,2.63,2.652,2.788,3.062,2.884,1234933,1245154,2171564,3.930,2.500,3.930,2.160,closed,,tencent_newfqkline
2025-01-08,000727,冠捷科技,SZ,bfq,2.630,2.670,2.530,2.630,2.640,-0.010,-0.38,5.30,1199787,119978700,31259.04,312590400.00,2.65,2.622,2.752,3.027,2.891,1210718,1205755,2060079,3.930,2.500,3.930,2.160,closed,,tencent_newfqkline
2025-01-09,000727,冠捷科技,SZ,bfq,2.610,2.830,2.600,2.770,2.630,0.140,5.32,8.75,2427468,242746800,66341.22,663412200.00,5.36,2.636,2.739,2.983,2.901,1423665,1326820,1984049,3.930,2.500,3.930,2.160,closed,,tencent_newfqkline
2025-01-10,000727,冠捷科技,SZ,bfq,2.720,2.760,2.620,2.630,2.770,-0.140,-5.05,5.05,1679235,167923500,45073.26,450732600.00,3.71,2.644,2.713,2.931,2.909,1498329,1390861,1779663,3.930,2.500,3.930,2.160,closed,,tencent_newfqkline
2025-01-13,000727,冠捷科技,SZ,bfq,2.570,2.640,2.540,2.580,2.630,-0.050,-1.90,3.80,884541,88454100,22820.77,228207700.00,1.95,2.650,2.678,2.880,2.914,1476042,1348911,1601973,3.610,2.500,3.930,2.270,closed,,tencent_newfqkline
2025-01-14,000727,冠捷科技,SZ,bfq,2.590,2.750,2.590,2.750,2.580,0.170,6.59,6.20,1546727,154672700,41647.41,416474100.00,3.41,2.672,2.662,2.847,2.921,1547552,1391242,1502643,3.380,2.500,3.930,2.280,closed,,tencent_newfqkline
2025-01-15,000727,冠捷科技,SZ,bfq,2.750,2.770,2.680,2.720,2.750,-0.030,-1.09,3.27,1066546,106654600,28978.82,289788200.00,2.35,2.690,2.656,2.825,2.928,1520903,1365811,1420878,3.280,2.500,3.930,2.300,closed,,tencent_newfqkline
2025-01-16,000727,冠捷科技,SZ,bfq,2.750,2.810,2.710,2.740,2.720,0.020,0.74,3.68,1053655,105365500,29040.02,290400200.00,2.33,2.684,2.660,2.801,2.934,1246141,1334903,1372693,3.240,2.500,3.930,2.300,closed,,tencent_newfqkline
2025-01-17,000727,冠捷科技,SZ,bfq,2.730,2.740,2.690,2.720,2.740,-0.020,-0.73,1.82,858946,85894600,23350.47,233504700.00,1.90,2.702,2.673,2.779,2.941,1082083,1290206,1327018,3.220,2.500,3.930,2.350,closed,,tencent_newfqkline
2025-01-20,000727,冠捷科技,SZ,bfq,2.760,2.790,2.710,2.760,2.720,0.040,1.47,2.94,966023,96602300,26723.17,267231700.00,2.13,2.738,2.694,2.759,2.946,1098379,1287211,1307822,3.210,2.500,3.930,2.400,closed,,tencent_newfqkline
2025-01-21,000727,冠捷科技,SZ,bfq,2.790,2.810,2.690,2.740,2.760,-0.020,-0.72,4.35,799512,79951200,21882.20,218822000.00,1.77,2.736,2.704,2.746,2.950,948936,1248244,1246699,3.030,2.500,3.930,2.410,closed,,tencent_newfqkline
2025-01-22,000727,冠捷科技,SZ,bfq,2.720,2.730,2.680,2.700,2.740,-0.040,-1.46,1.82,613049,61304900,16583.60,165836000.00,1.35,2.732,2.711,2.732,2.955,858237,1189570,1197663,3.030,2.500,3.930,2.410,closed,,tencent_newfqkline
2025-01-23,000727,冠捷科技,SZ,bfq,2.730,2.800,2.670,2.680,2.700,-0.020,-0.74,4.81,977213,97721300,26724.74,267247400.00,2.16,2.720,2.702,2.721,2.954,842949,1044545,1185682,3.010,2.500,3.930,2.500,closed,,tencent_newfqkline
2025-01-24,000727,冠捷科技,SZ,bfq,2.680,2.730,2.660,2.720,2.680,0.040,1.49,2.61,735692,73569200,19827.63,198276300.00,1.62,2.720,2.711,2.712,2.952,818298,950190,1170526,3.010,2.500,3.930,2.500,closed,,tencent_newfqkline
2025-01-27,000727,冠捷科技,SZ,bfq,2.710,2.720,2.630,2.630,2.720,-0.090,-3.31,3.31,849679,84967900,22603.96,226039600.00,1.88,2.694,2.716,2.697,2.947,795029,946704,1147808,2.980,2.500,3.930,2.500,closed,,tencent_newfqkline
2025-02-05,000727,冠捷科技,SZ,bfq,2.660,2.710,2.640,2.690,2.630,0.060,2.28,2.66,845168,84516800,22643.64,226436400.00,1.87,2.684,2.710,2.686,2.945,804160,876548,1133895,2.950,2.500,3.930,2.500,closed,,tencent_newfqkline
2025-02-06,000727,冠捷科技,SZ,bfq,2.680,2.770,2.640,2.770,2.690,0.080,2.97,4.83,1289003,128900300,35014.68,350146800.00,2.85,2.698,2.715,2.686,2.942,939351,898794,1132302,2.830,2.500,3.930,2.500,closed,,tencent_newfqkline
2025-02-07,000727,冠捷科技,SZ,bfq,2.760,2.860,2.740,2.810,2.770,0.040,1.44,4.33,1345025,134502500,37785.51,377855100.00,2.97,2.724,2.722,2.691,2.941,1012913,927931,1131417,2.860,2.500,3.930,2.500,closed,,tencent_newfqkline
2025-02-10,000727,冠捷科技,SZ,bfq,2.820,2.860,2.800,2.860,2.810,0.050,1.78,2.14,1182115,118211500,33487.90,334879000.00,2.61,2.752,2.736,2.705,2.936,1102198,960248,1125227,2.860,2.500,3.930,2.500,closed,,tencent_newfqkline
2025-02-11,000727,冠捷科技,SZ,bfq,2.840,2.900,2.790,2.860,2.860,0.000,0.00,3.85,1390819,139081900,39657.55,396575500.00,3.07,2.798,2.746,2.720,2.930,1210426,1002728,1144969,2.900,2.530,3.930,2.500,closed,,tencent_newfqkline
2025-02-12,000727,冠捷科技,SZ,bfq,2.840,2.900,2.820,2.890,2.860,0.030,1.05,2.80,1063665,106366500,30584.86,305848600.00,2.35,2.838,2.761,2.732,2.925,1254125,1029143,1138693,2.900,2.530,3.930,2.500,closed,,tencent_newfqkline
2025-02-13,000727,冠捷科技,SZ,bfq,2.880,2.890,2.820,2.850,2.890,-0.040,-1.38,2.42,1023374,102337400,29210.33,292103300.00,2.26,2.854,2.776,2.744,2.922,1201000,1070175,1129873,2.900,2.540,3.930,2.500,closed,,tencent_newfqkline
2025-02-14,000727,冠捷科技,SZ,bfq,2.830,2.850,2.790,2.820,2.850,-0.030,-1.05,2.11,871584,87158400,24549.18,245491800.00,1.92,2.856,2.790,2.746,2.920,1106311,1059612,1052079,2.900,2.540,3.930,2.500,closed,,tencent_newfqkline
2025-02-17,000727,冠捷科技,SZ,bfq,2.840,2.990,2.840,2.910,2.820,0.090,3.19,5.32,1873176,187317600,54663.81,546638100.00,4.14,2.866,2.809,2.760,2.921,1244524,1173361,1061776,2.990,2.540,3.930,2.500,closed,,tencent_newfqkline
2025-02-18,000727,冠捷科技,SZ,bfq,2.910,2.940,2.760,2.780,2.910,-0.130,-4.47,6.19,1382686,138268600,39299.36,392993600.00,3.05,2.850,2.824,2.770,2.920,1242897,1226662,1086683,2.990,2.590,3.930,2.500,closed,,tencent_newfqkline
2025-02-19,000727,冠捷科技,SZ,bfq,2.790,2.840,2.770,2.820,2.780,0.040,1.44,2.52,924377,92437700,25940.75,259407500.00,2.04,2.836,2.837,2.773,2.921,1215039,1234582,1055565,2.990,2.630,3.930,2.500,closed,,tencent_newfqkline
2025-02-20,000727,冠捷科技,SZ,bfq,2.830,2.890,2.820,2.880,2.820,0.060,2.13,2.48,1296274,129627400,37183.72,371837200.00,2.86,2.842,2.848,2.782,2.923,1269619,1235310,1067052,2.990,2.630,3.930,2.500,closed,,tencent_newfqkline
2025-02-21,000727,冠捷科技,SZ,bfq,2.880,3.080,2.810,3.000,2.880,0.120,4.17,9.38,2887927,288792700,85180.98,851809800.00,6.38,2.878,2.867,2.795,2.926,1672888,1389600,1158765,3.080,2.630,3.930,2.500,closed,,tencent_newfqkline
2025-02-24,000727,冠捷科技,SZ,bfq,3.000,3.080,2.940,3.030,3.000,0.030,1.00,4.67,2409496,240949600,72555.82,725558200.00,5.32,2.902,2.884,2.810,2.931,1780152,1512338,1236293,3.080,2.630,3.930,2.500,closed,,tencent_newfqkline
2025-02-25,000727,冠捷科技,SZ,bfq,2.970,3.130,2.950,3.050,3.030,0.020,0.66,5.94,2607170,260717000,79926.30,799263000.00,5.76,2.956,2.903,2.825,2.935,2025049,1633973,1318350,3.130,2.630,3.930,2.500,closed,,tencent_newfqkline
2025-02-26,000727,冠捷科技,SZ,bfq,3.070,3.090,3.010,3.040,3.050,-0.010,-0.33,2.62,1584499,158449900,48101.38,481013800.00,3.50,3.000,2.918,2.840,2.938,2157073,1686056,1357600,3.130,2.630,3.930,2.500,closed,,tencent_newfqkline
2025-02-27,000727,冠捷科技,SZ,bfq,3.060,3.070,2.940,2.990,3.040,-0.050,-1.64,4.28,1593346,159334600,47701.62,477016200.00,3.52,3.022,2.932,2.854,2.936,2216488,1743054,1406614,3.130,2.630,3.930,2.500,closed,,tencent_newfqkline
2025-02-28,000727,冠捷科技,SZ,bfq,2.950,2.980,2.850,2.860,2.990,-0.130,-4.35,4.35,1316084,131608400,38314.95,383149500.00,2.91,2.994,2.936,2.863,2.934,1902119,1787504,1423558,3.130,2.630,3.930,2.500,closed,,tencent_newfqkline
2025-03-03,000727,冠捷科技,SZ,bfq,2.840,2.880,2.810,2.840,2.860,-0.020,-0.70,2.45,1026204,102620400,29209.56,292095600.00,2.27,2.956,2.929,2.869,2.932,1625461,1702806,1438084,3.130,2.630,3.930,2.500,closed,,tencent_newfqkline
2025-03-04,000727,冠捷科技,SZ,bfq,2.810,2.880,2.800,2.870,2.840,0.030,1.06,2.82,832473,83247300,23745.63,237456300.00,1.84,2.920,2.938,2.881,2.929,1270521,1647785,1437223,3.130,2.640,3.930,2.500,closed,,tencent_newfqkline
2025-03-05,000727,冠捷科技,SZ,bfq,2.870,2.910,2.800,2.900,2.870,0.030,1.05,3.83,1187287,118728700,33941.83,339418300.00,2.62,2.892,2.946,2.891,2.925,1191079,1674076,1454329,3.130,2.640,3.930,2.500,closed,,tencent_newfqkline
2025-03-06,000727,冠捷科技,SZ,bfq,2.900,2.990,2.900,2.950,2.900,0.050,1.72,3.10,1359413,135941300,40209.94,402099400.00,3.00,2.884,2.953,2.901,2.923,1144292,1680390,1457850,3.130,2.740,3.930,2.500,closed,,tencent_newfqkline
2025-03-07,000727,冠捷科技,SZ,bfq,2.940,3.250,2.920,3.120,2.950,0.170,5.76,11.19,5332066,533206600,167435.87,1674358700.00,11.77,2.936,2.965,2.916,2.925,1947489,1924804,1657202,3.250,2.760,3.930,2.500,closed,,tencent_newfqkline
2025-03-10,000727,冠捷科技,SZ,bfq,3.100,3.160,3.010,3.040,3.120,-0.080,-2.56,4.81,3439841,343984100,105468.65,1054686500.00,7.59,2.976,2.966,2.925,2.922,2430216,2027838,1770088,3.250,2.760,3.930,2.500,closed,,tencent_newfqkline
2025-03-11,000727,冠捷科技,SZ,bfq,3.010,3.100,2.990,3.060,3.040,0.020,0.66,3.62,1913523,191352300,58525.25,585252500.00,4.22,3.014,2.967,2.935,2.919,2646426,1958474,1796223,3.250,2.760,3.930,2.500,closed,,tencent_newfqkline
2025-03-12,000727,冠捷科技,SZ,bfq,3.080,3.140,3.050,3.060,3.060,0.000,0.00,2.94,1754371,175437100,54117.66,541176600.00,3.87,3.046,2.969,2.943,2.913,2759843,1975461,1830759,3.250,2.760,3.930,2.500,closed,,tencent_newfqkline
2025-03-13,000727,冠捷科技,SZ,bfq,3.040,3.070,2.950,2.980,3.060,-0.080,-2.61,3.92,1470733,147073300,44015.11,440151100.00,3.25,3.052,2.968,2.950,2.907,2782107,1963200,1853126,3.250,2.760,3.930,2.500,closed,,tencent_newfqkline
2025-03-14,000727,冠捷科技,SZ,bfq,2.990,3.030,2.950,3.020,2.980,0.040,1.34,2.68,1194895,119489500,35843.29,358432900.00,2.64,3.032,2.984,2.960,2.896,1954673,1951081,1869292,3.250,2.760,3.930,2.500,closed,,tencent_newfqkline
2025-03-17,000727,冠捷科技,SZ,bfq,3.030,3.100,3.030,3.030,3.020,0.010,0.33,2.32,1055861,105586100,32248.19,322481900.00,2.33,3.030,3.003,2.966,2.886,1477877,1954046,1828426,3.250,2.760,3.930,2.500,closed,,tencent_newfqkline
2025-03-18,000727,冠捷科技,SZ,bfq,3.060,3.080,3.020,3.050,3.030,0.020,0.66,1.98,1273117,127311700,38793.58,387935800.00,2.81,3.028,3.021,2.979,2.876,1349795,1998111,1822948,3.250,2.770,3.610,2.500,closed,,tencent_newfqkline
2025-03-19,000727,冠捷科技,SZ,bfq,3.050,3.050,2.970,2.990,3.050,-0.060,-1.97,2.62,1124619,112461900,33708.27,337082700.00,2.48,3.014,3.030,2.988,2.869,1223845,1991844,1832960,3.250,2.800,3.380,2.500,closed,,tencent_newfqkline
2025-03-20,000727,冠捷科技,SZ,bfq,2.990,3.020,2.950,2.950,2.990,-0.040,-1.34,2.34,1043101,104310100,31167.68,311676800.00,2.30,3.008,3.030,2.991,2.866,1138319,1960213,1820301,3.250,2.800,3.280,2.500,closed,,tencent_newfqkline
2025-03-21,000727,冠捷科技,SZ,bfq,2.950,2.960,2.880,2.890,2.950,-0.060,-2.03,2.71,1146893,114689300,33408.64,334086400.00,2.53,2.982,3.007,2.986,2.861,1128718,1541695,1733250,3.250,2.800,3.250,2.500,closed,,tencent_newfqkline
2025-03-24,000727,冠捷科技,SZ,bfq,2.890,2.910,2.770,2.830,2.890,-0.060,-2.08,4.84,1098402,109840200,31093.09,310930900.00,2.42,2.942,2.986,2.976,2.855,1137226,1307552,1667695,3.250,2.770,3.250,2.500,closed,,tencent_newfqkline
2025-03-25,000727,冠捷科技,SZ,bfq,2.840,2.850,2.780,2.800,2.830,-0.030,-1.06,2.47,679169,67916900,19087.31,190873100.00,1.50,2.892,2.960,2.964,2.849,1018437,1184116,1571295,3.250,2.770,3.250,2.500,closed,,tencent_newfqkline
2025-03-26,000727,冠捷科技,SZ,bfq,2.800,2.840,2.790,2.820,2.800,0.020,0.71,1.79,535706,53570600,15117.82,151178200.00,1.18,2.858,2.936,2.952,2.846,900654,1062250,1518855,3.250,2.770,3.250,2.500,closed,,tencent_newfqkline
2025-03-27,000727,冠捷科技,SZ,bfq,2.810,2.840,2.760,2.800,2.820,-0.020,-0.71,2.84,606275,60627500,16983.47,169834700.00,1.34,2.828,2.918,2.943,2.843,813289,975804,1469502,3.250,2.760,3.250,2.500,closed,,tencent_newfqkline
2025-03-28,000727,冠捷科技,SZ,bfq,2.800,2.820,2.760,2.760,2.800,-0.040,-1.43,2.14,607286,60728600,16868.40,168684000.00,1.34,2.802,2.892,2.938,2.841,705368,917043,1434062,3.250,2.760,3.250,2.500,closed,,tencent_newfqkline
2025-03-31,000727,冠捷科技,SZ,bfq,2.770,2.770,2.680,2.720,2.760,-0.040,-1.45,3.26,741872,74187200,20124.37,201243700.00,1.64,2.780,2.861,2.932,2.838,634062,885644,1419845,3.250,2.680,3.250,2.500,closed,,tencent_newfqkline
2025-04-01,000727,冠捷科技,SZ,bfq,2.720,2.750,2.710,2.710,2.720,-0.010,-0.37,1.47,590314,59031400,16105.94,161059400.00,1.30,2.762,2.827,2.924,2.834,616291,817364,1407737,3.250,2.680,3.250,2.500,closed,,tencent_newfqkline
2025-04-02,000727,冠捷科技,SZ,bfq,2.710,2.730,2.700,2.710,2.710,0.000,0.00,1.11,406767,40676700,11032.44,110324400.00,0.90,2.740,2.799,2.914,2.831,590503,745578,1368711,3.250,2.680,3.250,2.500,closed,,tencent_newfqkline
2025-04-03,000727,冠捷科技,SZ,bfq,2.690,2.730,2.660,2.690,2.710,-0.020,-0.74,2.58,543765,54376500,14672.10,146721000.00,1.20,2.718,2.773,2.901,2.829,578001,695645,1327929,3.250,2.660,3.250,2.500,closed,,tencent_newfqkline
2025-04-07,000727,冠捷科技,SZ,bfq,2.480,2.560,2.420,2.420,2.690,-0.270,-10.04,5.20,860608,86060800,21090.33,210903300.00,1.90,2.650,2.726,2.866,2.825,628665,667016,1104356,3.160,2.420,3.250,2.420,closed,,tencent_newfqkline
2025-04-08,000727,冠捷科技,SZ,bfq,2.320,2.410,2.240,2.300,2.420,-0.120,-4.96,7.02,1348549,134854900,31222.57,312225700.00,2.98,2.566,2.673,2.829,2.820,750001,692031,999791,3.140,2.240,3.250,2.240,closed,,tencent_newfqkline
2025-04-09,000727,冠捷科技,SZ,bfq,2.270,2.360,2.120,2.340,2.300,0.040,1.74,10.43,1215008,121500800,27543.01,275430100.00,2.68,2.492,2.627,2.793,2.816,874939,745615,964866,3.140,2.120,3.250,2.120,closed,,tencent_newfqkline
2025-04-10,000727,冠捷科技,SZ,bfq,2.390,2.470,2.370,2.390,2.340,0.050,2.14,4.27,1032944,103294400,24919.03,249190300.00,2.28,2.428,2.584,2.760,2.812,1000175,795339,928794,3.100,2.120,3.250,2.120,closed,,tencent_newfqkline
2025-04-11,000727,冠捷科技,SZ,bfq,2.360,2.420,2.350,2.390,2.390,0.000,0.00,2.93,812207,81220700,19499.51,194995100.00,1.79,2.368,2.543,2.731,2.808,1053863,815932,895868,3.100,2.120,3.250,2.120,closed,,tencent_newfqkline
2025-04-14,000727,冠捷科技,SZ,bfq,2.460,2.550,2.450,2.470,2.390,0.080,3.35,4.18,1096448,109644800,27277.09,272770900.00,2.42,2.378,2.514,2.703,2.803,1101031,864848,890946,3.100,2.120,3.250,2.120,closed,,tencent_newfqkline
2025-04-15,000727,冠捷科技,SZ,bfq,2.460,2.480,2.430,2.440,2.470,-0.030,-1.21,2.02,619515,61951500,15153.89,151538900.00,1.37,2.406,2.486,2.673,2.800,955224,852612,869128,3.080,2.120,3.250,2.120,closed,,tencent_newfqkline
2025-04-16,000727,冠捷科技,SZ,bfq,2.430,2.450,2.360,2.400,2.440,-0.040,-1.64,3.69,699558,69955800,16819.97,168199700.00,1.54,2.418,2.455,2.641,2.797,852134,863537,840450,3.050,2.120,3.250,2.120,closed,,tencent_newfqkline
2025-04-17,000727,冠捷科技,SZ,bfq,2.380,2.430,2.370,2.410,2.400,0.010,0.42,2.50,494561,49456100,11922.16,119221600.00,1.09,2.422,2.425,2.612,2.791,744458,872316,808947,3.020,2.120,3.250,2.120,closed,,tencent_newfqkline
2025-04-18,000727,冠捷科技,SZ,bfq,2.400,2.450,2.390,2.440,2.410,0.030,1.24,2.49,497138,49713800,12014.56,120145600.00,1.10,2.432,2.400,2.587,2.786,681444,867654,781649,2.960,2.120,3.250,2.120,closed,,tencent_newfqkline
2025-04-21,000727,冠捷科技,SZ,bfq,2.440,2.490,2.420,2.480,2.440,0.040,1.64,2.87,551163,55116300,13590.32,135903200.00,1.22,2.434,2.406,2.566,2.782,572387,836709,751863,2.910,2.120,3.250,2.120,closed,,tencent_newfqkline
2025-04-22,000727,冠捷科技,SZ,bfq,2.470,2.490,2.450,2.470,2.480,-0.010,-0.40,1.61,525172,52517200,12973.64,129736400.00,1.16,2.440,2.423,2.548,2.778,553518,754371,723201,2.850,2.120,3.250,2.120,closed,,tencent_newfqkline
2025-04-23,000727,冠捷科技,SZ,bfq,2.480,2.510,2.470,2.480,2.470,0.010,0.40,1.62,612696,61269600,15247.90,152479000.00,1.35,2.456,2.437,2.532,2.773,536146,694140,719878,2.840,2.120,3.250,2.120,closed,,tencent_newfqkline
2025-04-24,000727,冠捷科技,SZ,bfq,2.480,2.490,2.440,2.450,2.480,-0.030,-1.21,2.02,529469,52946900,13048.27,130482700.00,1.17,2.464,2.443,2.514,2.769,543128,643793,719566,2.840,2.120,3.250,2.120,closed,,tencent_newfqkline
2025-04-25,000727,冠捷科技,SZ,bfq,2.440,2.500,2.440,2.480,2.450,0.030,1.22,2.45,632686,63268600,15680.66,156806600.00,1.40,2.472,2.452,2.498,2.765,570237,625841,720886,2.820,2.120,3.250,2.120,closed,,tencent_newfqkline
2025-04-28,000727,冠捷科技,SZ,bfq,2.480,2.490,2.380,2.390,2.480,-0.090,-3.63,4.44,649768,64976800,15695.13,156951300.00,1.43,2.454,2.444,2.479,2.760,589958,581173,723010,2.770,2.120,3.250,2.120,closed,,tencent_newfqkline
2025-04-29,000727,冠捷科技,SZ,bfq,2.260,2.330,2.220,2.300,2.390,-0.090,-3.77,4.60,1178169,117816900,27009.32,270093200.00,2.60,2.420,2.430,2.458,2.753,720558,637038,744825,2.750,2.120,3.250,2.120,closed,,tencent_newfqkline
2025-04-30,000727,冠捷科技,SZ,bfq,2.310,2.340,2.300,2.310,2.300,0.010,0.43,1.74,639313,63931300,14839.64,148396400.00,1.41,2.386,2.421,2.438,2.748,725881,631014,747275,2.730,2.120,3.250,2.120,closed,,tencent_newfqkline
2025-05-06,000727,冠捷科技,SZ,bfq,2.320,2.450,2.320,2.440,2.310,0.130,5.63,5.63,1104780,110478000,26546.05,265460500.00,2.44,2.384,2.424,2.425,2.744,840943,692035,782176,2.730,2.120,3.250,2.120,closed,,tencent_newfqkline
2025-05-07,000727,冠捷科技,SZ,bfq,2.470,2.490,2.420,2.450,2.440,0.010,0.41,2.87,792647,79264700,19411.56,194115600.00,1.75,2.378,2.425,2.413,2.738,872935,721586,794620,2.560,2.120,3.250,2.120,closed,,tencent_newfqkline
2025-05-08,000727,冠捷科技,SZ,bfq,2.450,2.490,2.440,2.470,2.450,0.020,0.82,2.04,774712,77471200,19191.97,191919700.00,1.71,2.394,2.424,2.415,2.732,897924,743941,790325,2.550,2.120,3.250,2.120,closed,,tencent_newfqkline
2025-05-09,000727,冠捷科技,SZ,bfq,2.490,2.570,2.430,2.440,2.470,-0.030,-1.21,5.67,908530,90853000,22515.76,225157600.00,2.01,2.422,2.421,2.422,2.725,843996,782277,768324,2.570,2.120,3.250,2.120,closed,,tencent_newfqkline
2025-05-12,000727,冠捷科技,SZ,bfq,2.460,2.500,2.450,2.490,2.440,0.050,2.05,2.05,704793,70479300,17424.12,174241200.00,1.56,2.458,2.422,2.429,2.719,857092,791487,742813,2.570,2.220,3.250,2.120,closed,,tencent_newfqkline
2025-05-13,000727,冠捷科技,SZ,bfq,2.520,2.540,2.470,2.480,2.490,-0.010,-0.40,2.81,645051,64505100,16119.15,161191500.00,1.42,2.466,2.425,2.434,2.712,765147,803045,723419,2.570,2.220,3.250,2.120,closed,,tencent_newfqkline
2025-05-14,000727,冠捷科技,SZ,bfq,2.480,2.510,2.460,2.500,2.480,0.020,0.81,2.02,624752,62475200,15518.02,155180200.00,1.38,2.476,2.427,2.439,2.707,731568,802252,714046,2.570,2.220,3.250,2.120,closed,,tencent_newfqkline
2025-05-15,000727,冠捷科技,SZ,bfq,2.500,2.500,2.430,2.440,2.500,-0.060,-2.40,2.80,520149,52014900,12774.12,127741200.00,1.15,2.470,2.432,2.438,2.700,680655,789290,685231,2.570,2.220,3.250,2.120,closed,,tencent_newfqkline
2025-05-16,000727,冠捷科技,SZ,bfq,2.430,2.450,2.430,2.430,2.440,-0.010,-0.41,0.82,379960,37996000,9272.08,92720800.00,0.84,2.468,2.445,2.438,2.692,574941,709469,673253,2.570,2.220,3.250,2.120,closed,,tencent_newfqkline
2025-05-19,000727,冠捷科技,SZ,bfq,2.430,2.480,2.410,2.460,2.430,0.030,1.23,2.88,560033,56003300,13708.82,137088200.00,1.24,2.462,2.460,2.441,2.687,545989,701541,666277,2.570,2.220,3.250,2.120,closed,,tencent_newfqkline
2025-05-20,000727,冠捷科技,SZ,bfq,2.460,2.510,2.440,2.500,2.460,0.040,1.63,2.85,723823,72382300,17958.52,179585200.00,1.60,2.466,2.466,2.445,2.682,561743,663445,677740,2.570,2.220,3.250,2.120,closed,,tencent_newfqkline
2025-05-21,000727,冠捷科技,SZ,bfq,2.500,2.500,2.440,2.450,2.500,-0.050,-2.00,2.40,605264,60526400,14869.35,148693500.00,1.34,2.456,2.466,2.446,2.675,557846,644707,683146,2.570,2.220,3.250,2.120,closed,,tencent_newfqkline
2025-05-22,000727,冠捷科技,SZ,bfq,2.440,2.490,2.420,2.420,2.450,-0.030,-1.22,2.86,562794,56279400,13777.81,137778100.00,1.24,2.452,2.461,2.442,2.665,566375,623515,683728,2.570,2.220,3.250,2.120,closed,,tencent_newfqkline
2025-05-23,000727,冠捷科技,SZ,bfq,2.430,2.430,2.360,2.360,2.420,-0.060,-2.48,2.89,753607,75360700,18032.30,180323000.00,1.66,2.438,2.453,2.437,2.654,641104,608023,695150,2.570,2.220,3.250,2.120,closed,,tencent_newfqkline
2025-05-26,000727,冠捷科技,SZ,bfq,2.370,2.400,2.360,2.380,2.360,0.020,0.85,1.69,427877,42787700,10193.43,101934300.00,0.94,2.422,2.442,2.432,2.643,614673,580331,685909,2.570,2.220,3.250,2.120,closed,,tencent_newfqkline
2025-05-27,000727,冠捷科技,SZ,bfq,2.380,2.390,2.340,2.370,2.380,-0.010,-0.42,2.10,438399,43839900,10338.40,103384000.00,0.97,2.396,2.431,2.428,2.631,557588,559666,681355,2.570,2.220,3.250,2.120,closed,,tencent_newfqkline
2025-05-28,000727,冠捷科技,SZ,bfq,2.360,2.390,2.330,2.340,2.370,-0.030,-1.27,2.53,416464,41646400,9788.67,97886700.00,0.92,2.374,2.415,2.421,2.620,519828,538837,670544,2.570,2.220,3.250,2.120,closed,,tencent_newfqkline
2025-05-29,000727,冠捷科技,SZ,bfq,2.340,2.410,2.340,2.400,2.340,0.060,2.56,2.99,647908,64790800,15493.52,154935200.00,1.43,2.370,2.411,2.421,2.613,536851,551613,670451,2.570,2.220,3.250,2.120,closed,,tencent_newfqkline
2025-05-30,000727,冠捷科技,SZ,bfq,2.400,2.410,2.330,2.330,2.400,-0.070,-2.92,3.33,612374,61237400,14390.71,143907100.00,1.35,2.364,2.401,2.423,2.604,508604,574854,642162,2.570,2.300,3.250,2.120,closed,,tencent_newfqkline
2025-06-03,000727,冠捷科技,SZ,bfq,2.320,2.350,2.310,2.330,2.330,0.000,0.00,1.72,337276,33727600,7869.53,78695300.00,0.74,2.354,2.388,2.424,2.595,490484,552579,627060,2.570,2.310,3.250,2.120,closed,,tencent_newfqkline
2025-06-04,000727,冠捷科技,SZ,bfq,2.330,2.370,2.320,2.360,2.330,0.030,1.29,2.15,469493,46949300,11053.06,110530600.00,1.04,2.352,2.374,2.420,2.586,496703,527146,595295,2.570,2.310,3.250,2.120,closed,,tencent_newfqkline
2025-06-05,000727,冠捷科技,SZ,bfq,2.360,2.400,2.340,2.370,2.360,0.010,0.42,2.54,521161,52116100,12338.77,123387700.00,1.15,2.358,2.366,2.416,2.577,517642,518735,581721,2.570,2.310,3.250,2.120,closed,,tencent_newfqkline
2025-06-06,000727,冠捷科技,SZ,bfq,2.380,2.380,2.340,2.360,2.370,-0.010,-0.42,1.69,377494,37749400,8892.15,88921500.00,0.83,2.350,2.360,2.410,2.564,463560,500205,561860,2.570,2.310,3.160,2.120,closed,,tencent_newfqkline
2025-06-09,000727,冠捷科技,SZ,bfq,2.360,2.390,2.350,2.380,2.360,0.020,0.85,1.69,440780,44078000,10455.70,104557000.00,0.97,2.360,2.362,2.407,2.553,429241,468923,538473,2.540,2.310,3.140,2.120,closed,,tencent_newfqkline
2025-06-10,000727,冠捷科技,SZ,bfq,2.380,2.380,2.310,2.340,2.380,-0.040,-1.68,2.94,559896,55989600,13122.42,131224200.00,1.24,2.362,2.358,2.400,2.541,473765,482124,531228,2.540,2.310,3.140,2.120,closed,,tencent_newfqkline
2025-06-11,000727,冠捷科技,SZ,bfq,2.340,2.430,2.340,2.370,2.340,0.030,1.28,3.85,1000272,100027200,23925.27,239252700.00,2.21,2.364,2.358,2.394,2.530,579921,538312,548989,2.510,2.310,3.100,2.120,closed,,tencent_newfqkline
2025-06-12,000727,冠捷科技,SZ,bfq,2.370,2.410,2.350,2.360,2.370,-0.010,-0.42,2.53,603154,60315400,14348.20,143482000.00,1.33,2.362,2.360,2.388,2.519,596319,556981,547909,2.510,2.310,3.100,2.120,closed,,tencent_newfqkline
2025-06-13,000727,冠捷科技,SZ,bfq,2.360,2.370,2.310,2.320,2.360,-0.040,-1.69,2.54,673944,67394400,15686.19,156861900.00,1.49,2.354,2.352,2.381,2.507,655609,559584,555599,2.510,2.310,3.100,2.120,closed,,tencent_newfqkline
2025-06-16,000727,冠捷科技,SZ,bfq,2.310,2.330,2.300,2.320,2.320,0.000,0.00,1.29,394069,39406900,9127.03,91270300.00,0.87,2.342,2.351,2.376,2.496,646267,537754,556304,2.510,2.300,3.080,2.120,closed,,tencent_newfqkline
2025-06-17,000727,冠捷科技,SZ,bfq,2.330,2.350,2.310,2.340,2.320,0.020,0.86,1.72,386989,38698900,9040.64,90406400.00,0.85,2.342,2.352,2.370,2.484,611686,542725,547652,2.510,2.300,3.050,2.120,closed,,tencent_newfqkline
2025-06-18,000727,冠捷科技,SZ,bfq,2.330,2.390,2.310,2.370,2.340,0.030,1.28,3.42,672004,67200400,15847.35,158473500.00,1.48,2.342,2.353,2.363,2.474,546032,562976,545061,2.500,2.300,3.020,2.120,closed,,tencent_newfqkline
2025-06-19,000727,冠捷科技,SZ,bfq,2.360,2.410,2.320,2.330,2.370,-0.040,-1.69,3.80,595747,59574700,14064.82,140648200.00,1.32,2.336,2.349,2.357,2.463,544551,570435,544585,2.490,2.300,2.960,2.120,closed,,tencent_newfqkline
2025-06-20,000727,冠捷科技,SZ,bfq,2.330,2.380,2.320,2.330,2.330,0.000,0.00,2.58,550251,55025100,12913.77,129137700.00,1.21,2.338,2.346,2.353,2.454,519812,587711,543958,2.430,2.300,2.910,2.120,closed,,tencent_newfqkline
2025-06-23,000727,冠捷科技,SZ,bfq,2.310,2.370,2.300,2.350,2.330,0.020,0.86,3.00,541506,54150600,12686.92,126869200.00,1.20,2.344,2.343,2.353,2.446,549299,597783,533353,2.430,2.300,2.850,2.120,closed,,tencent_newfqkline
2025-06-24,000727,冠捷科技,SZ,bfq,2.350,2.410,2.350,2.400,2.350,0.050,2.13,2.55,859063,85906300,20528.12,205281200.00,1.90,2.356,2.349,2.353,2.439,643714,627700,554912,2.430,2.300,2.840,2.120,closed,,tencent_newfqkline
2025-06-25,000727,冠捷科技,SZ,bfq,2.400,2.420,2.370,2.420,2.400,0.020,0.83,2.08,755543,75554300,18082.34,180823400.00,1.67,2.366,2.354,2.356,2.432,660422,603227,570769,2.430,2.300,2.840,2.120,closed,,tencent_newfqkline
2025-06-26,000727,冠捷科技,SZ,bfq,2.420,2.440,2.400,2.400,2.420,-0.020,-0.83,1.65,641179,64117900,15525.81,155258100.00,1.42,2.380,2.358,2.359,2.426,669508,607030,582005,2.440,2.300,2.820,2.120,closed,,tencent_newfqkline
2025-06-27,000727,冠捷科技,SZ,bfq,2.410,2.440,2.400,2.410,2.400,0.010,0.42,1.67,519774,51977400,12592.71,125927100.00,1.15,2.396,2.367,2.359,2.420,663413,591612,575598,2.440,2.300,2.770,2.120,closed,,tencent_newfqkline
2025-06-30,000727,冠捷科技,SZ,bfq,2.430,2.460,2.420,2.430,2.410,0.020,0.83,1.66,608196,60819600,14825.47,148254700.00,1.34,2.412,2.378,2.365,2.415,676751,613025,575390,2.460,2.300,2.750,2.120,closed,,tencent_newfqkline
2025-07-01,000727,冠捷科技,SZ,bfq,2.430,2.450,2.400,2.420,2.430,-0.010,-0.41,2.06,570761,57076100,13826.97,138269700.00,1.26,2.416,2.386,2.369,2.410,619091,631402,587064,2.460,2.300,2.730,2.120,closed,,tencent_newfqkline
2025-07-02,000727,冠捷科技,SZ,bfq,2.420,2.430,2.380,2.390,2.420,-0.030,-1.24,2.07,620243,62024300,14844.60,148446000.00,1.37,2.410,2.388,2.370,2.405,592031,626226,594601,2.460,2.300,2.730,2.120,closed,,tencent_newfqkline
2025-07-03,000727,冠捷科技,SZ,bfq,2.390,2.450,2.390,2.430,2.390,0.040,1.67,2.51,869515,86951500,21081.97,210819700.00,1.92,2.416,2.398,2.373,2.401,637698,653603,612019,2.460,2.300,2.570,2.120,closed,,tencent_newfqkline
2025-07-04,000727,冠捷科技,SZ,bfq,2.440,2.440,2.400,2.400,2.430,-0.030,-1.23,1.65,639920,63992000,15424.01,154240100.00,1.41,2.414,2.405,2.375,2.400,661727,662570,625140,2.460,2.300,2.570,2.120,closed,,tencent_newfqkline
2025-07-07,000727,冠捷科技,SZ,bfq,2.400,2.410,2.380,2.400,2.400,0.000,0.00,1.25,368363,36836300,8805.45,88054500.00,0.81,2.408,2.410,2.377,2.402,613760,645256,621519,2.460,2.300,2.570,2.120,closed,,tencent_newfqkline
2025-07-08,000727,冠捷科技,SZ,bfq,2.390,2.440,2.380,2.440,2.400,0.040,1.67,2.50,725829,72582900,17606.46,176064600.00,1.60,2.412,2.414,2.381,2.404,644774,631932,629816,2.460,2.300,2.570,2.220,closed,,tencent_newfqkline
2025-07-09,000727,冠捷科技,SZ,bfq,2.440,2.450,2.420,2.430,2.440,-0.010,-0.41,1.23,529686,52968600,12893.92,128939200.00,1.17,2.420,2.415,2.385,2.404,626663,609347,606287,2.460,2.300,2.570,2.220,closed,,tencent_newfqkline
2025-07-10,000727,冠捷科技,SZ,bfq,2.430,2.460,2.420,2.450,2.430,0.020,0.82,1.65,837823,83782300,20458.08,204580800.00,1.85,2.424,2.420,2.389,2.405,620324,629011,618020,2.460,2.300,2.570,2.220,closed,,tencent_newfqkline
2025-07-11,000727,冠捷科技,SZ,bfq,2.440,2.460,2.410,2.450,2.450,0.000,0.00,2.04,893351,89335100,21770.66,217706600.00,1.97,2.434,2.424,2.396,2.405,671010,666369,628991,2.460,2.300,2.570,2.220,closed,,tencent_newfqkline
2025-07-14,000727,冠捷科技,SZ,bfq,2.410,2.410,2.330,2.350,2.450,-0.100,-4.08,3.27,1187447,118744700,28132.77,281327700.00,2.62,2.424,2.416,2.397,2.404,834827,724294,668660,2.460,2.300,2.570,2.220,closed,,tencent_newfqkline
2025-07-15,000727,冠捷科技,SZ,bfq,2.360,2.360,2.280,2.300,2.350,-0.050,-2.13,3.40,1133677,113367700,26208.07,262080700.00,2.50,2.396,2.404,2.395,2.402,916397,780585,705994,2.460,2.280,2.570,2.220,closed,,tencent_newfqkline
2025-07-16,000727,冠捷科技,SZ,bfq,2.290,2.320,2.290,2.300,2.300,0.000,0.00,1.30,571634,57163400,13184.57,131845700.00,1.26,2.370,2.395,2.391,2.400,924786,775724,700975,2.460,2.280,2.570,2.220,closed,,tencent_newfqkline
2025-07-17,000727,冠捷科技,SZ,bfq,2.300,2.530,2.300,2.450,2.300,0.150,6.52,10.00,3023289,302328900,74267.80,742678000.00,6.67,2.370,2.397,2.397,2.400,1361880,991102,822352,2.530,2.280,2.570,2.220,closed,,tencent_newfqkline
2025-07-18,000727,冠捷科技,SZ,bfq,2.430,2.470,2.390,2.400,2.450,-0.050,-2.04,3.27,1611306,161130600,39039.65,390396500.00,3.56,2.360,2.397,2.401,2.399,1505471,1088240,875405,2.530,2.280,2.570,2.220,closed,,tencent_newfqkline
2025-07-21,000727,冠捷科技,SZ,bfq,2.410,2.440,2.400,2.420,2.400,0.020,0.83,1.67,912369,91236900,22109.98,221099800.00,2.01,2.374,2.399,2.405,2.398,1450455,1142641,893948,2.530,2.280,2.570,2.220,closed,,tencent_newfqkline
2025-07-22,000727,冠捷科技,SZ,bfq,2.420,2.440,2.400,2.430,2.420,0.010,0.41,1.65,761946,76194600,18461.27,184612700.00,1.68,2.400,2.398,2.406,2.397,1376109,1146253,889093,2.530,2.280,2.570,2.220,closed,,tencent_newfqkline
2025-07-23,000727,冠捷科技,SZ,bfq,2.430,2.480,2.400,2.400,2.430,-0.030,-1.23,3.29,1032957,103295700,25115.02,251150200.00,2.28,2.420,2.395,2.405,2.396,1468373,1196580,902963,2.530,2.280,2.570,2.220,closed,,tencent_newfqkline
2025-07-24,000727,冠捷科技,SZ,bfq,2.400,2.450,2.400,2.440,2.400,0.040,1.67,2.08,868602,86860200,21130.91,211309100.00,1.92,2.418,2.394,2.407,2.396,1037436,1199658,914334,2.530,2.280,2.570,2.220,closed,,tencent_newfqkline
2025-07-25,000727,冠捷科技,SZ,bfq,2.450,2.460,2.430,2.440,2.440,0.000,0.00,1.23,629652,62965200,15379.36,153793600.00,1.39,2.426,2.393,2.409,2.397,841105,1173288,919828,2.530,2.280,2.570,2.220,closed,,tencent_newfqkline
2025-07-28,000727,冠捷科技,SZ,bfq,2.450,2.450,2.420,2.430,2.440,-0.010,-0.41,1.23,565780,56578000,13770.72,137707200.00,1.25,2.428,2.401,2.409,2.399,771787,1111121,917708,2.530,2.280,2.570,2.280,closed,,tencent_newfqkline
2025-07-29,000727,冠捷科技,SZ,bfq,2.430,2.450,2.400,2.440,2.430,0.010,0.41,2.06,719598,71959800,17436.09,174360900.00,1.59,2.430,2.415,2.409,2.401,763318,1069713,925149,2.530,2.280,2.570,2.280,closed,,tencent_newfqkline
2025-07-30,000727,冠捷科技,SZ,bfq,2.440,2.460,2.410,2.430,2.440,-0.010,-0.41,2.05,687412,68741200,16742.14,167421400.00,1.52,2.436,2.428,2.412,2.401,694209,1081291,928508,2.530,2.280,2.570,2.280,closed,,tencent_newfqkline
2025-07-31,000727,冠捷科技,SZ,bfq,2.440,2.460,2.370,2.380,2.430,-0.050,-2.06,3.70,965796,96579600,23274.20,232742000.00,2.13,2.424,2.421,2.409,2.400,713648,875542,933322,2.530,2.280,2.570,2.280,closed,,tencent_newfqkline
2025-08-01,000727,冠捷科技,SZ,bfq,2.380,2.410,2.370,2.400,2.380,0.020,0.84,1.68,482580,48258000,11530.32,115303200.00,1.07,2.416,2.421,2.409,2.398,684233,762669,925455,2.530,2.280,2.570,2.280,closed,,tencent_newfqkline
2025-08-04,000727,冠捷科技,SZ,bfq,2.380,2.410,2.370,2.400,2.400,0.000,0.00,1.67,453419,45341900,10830.79,108307900.00,1.00,2.410,2.419,2.409,2.398,661761,716774,929708,2.530,2.280,2.540,2.280,closed,,tencent_newfqkline
2025-08-05,000727,冠捷科技,SZ,bfq,2.400,2.440,2.400,2.410,2.400,0.010,0.42,1.67,565376,56537600,13665.93,136659300.00,1.25,2.404,2.417,2.407,2.396,630917,697117,921685,2.530,2.280,2.540,2.280,closed,,tencent_newfqkline
2025-08-06,000727,冠捷科技,SZ,bfq,2.410,2.440,2.390,2.430,2.410,0.020,0.83,2.07,757931,75793100,18331.31,183313100.00,1.67,2.404,2.420,2.407,2.395,645020,669615,933097,2.530,2.280,2.530,2.280,closed,,tencent_newfqkline
2025-08-07,000727,冠捷科技,SZ,bfq,2.440,2.470,2.420,2.460,2.430,0.030,1.23,2.06,1134675,113467500,27824.76,278247600.00,2.51,2.420,2.422,2.408,2.395,678796,696222,947940,2.530,2.280,2.530,2.280,closed,,tencent_newfqkline
2025-08-08,000727,冠捷科技,SZ,bfq,2.460,2.460,2.410,2.420,2.460,-0.040,-1.63,2.03,687813,68781300,16724.71,167247100.00,1.52,2.424,2.420,2.407,2.394,719843,702038,937663,2.530,2.280,2.530,2.280,closed,,tencent_newfqkline
2025-08-11,000727,冠捷科技,SZ,bfq,2.420,2.460,2.420,2.450,2.420,0.030,1.24,1.65,738765,73876500,18049.28,180492800.00,1.63,2.434,2.422,2.411,2.395,776912,719336,915229,2.530,2.280,2.530,2.280,closed,,tencent_newfqkline
2025-08-12,000727,冠捷科技,SZ,bfq,2.450,2.460,2.430,2.440,2.450,-0.010,-0.41,1.22,493290,49329000,12036.54,120365400.00,1.09,2.440,2.422,2.418,2.394,762495,696706,883210,2.530,2.290,2.530,2.280,closed,,tencent_newfqkline
2025-08-13,000727,冠捷科技,SZ,bfq,2.440,2.450,2.420,2.440,2.440,0.000,0.00,1.23,572018,57201800,13943.40,139434000.00,1.26,2.442,2.423,2.425,2.394,725312,685166,883229,2.530,2.300,2.530,2.280,closed,,tencent_newfqkline
2025-08-14,000727,冠捷科技,SZ,bfq,2.440,2.450,2.380,2.380,2.440,-0.060,-2.46,2.87,875669,87566900,21092.92,210929200.00,1.93,2.426,2.423,2.422,2.392,673511,676154,775848,2.480,2.370,2.530,2.280,closed,,tencent_newfqkline
2025-08-15,000727,冠捷科技,SZ,bfq,2.370,2.440,2.370,2.440,2.380,0.060,2.52,2.94,912008,91200800,22038.08,220380800.00,2.01,2.430,2.427,2.424,2.393,718350,719096,740883,2.480,2.370,2.530,2.280,closed,,tencent_newfqkline
2025-08-18,000727,冠捷科技,SZ,bfq,2.460,2.610,2.460,2.560,2.440,0.120,4.92,6.15,2363652,236365200,60242.62,602426200.00,5.22,2.452,2.443,2.431,2.396,1043327,910120,813447,2.610,2.370,2.610,2.280,closed,,tencent_newfqkline
2025-08-19,000727,冠捷科技,SZ,bfq,2.560,2.610,2.520,2.580,2.560,0.020,0.78,3.52,1590511,159051100,40973.56,409735600.00,3.51,2.480,2.460,2.439,2.399,1262772,1012633,854875,2.610,2.370,2.610,2.280,closed,,tencent_newfqkline
2025-08-20,000727,冠捷科技,SZ,bfq,2.580,2.660,2.560,2.660,2.580,0.080,3.10,3.88,1788317,178831700,46995.00,469950000.00,3.95,2.524,2.483,2.452,2.404,1506031,1115672,892643,2.660,2.370,2.660,2.280,closed,,tencent_newfqkline
2025-08-21,000727,冠捷科技,SZ,bfq,2.660,2.720,2.610,2.650,2.660,-0.010,-0.38,4.14,1486990,148699000,39453.25,394532500.00,3.28,2.578,2.502,2.462,2.409,1628296,1150903,923563,2.720,2.370,2.720,2.280,closed,,tencent_newfqkline
2025-08-22,000727,冠捷科技,SZ,bfq,2.640,2.670,2.610,2.640,2.650,-0.010,-0.38,2.26,1052036,105203600,27687.71,276877100.00,2.32,2.618,2.524,2.472,2.413,1656301,1187326,944682,2.720,2.370,2.720,2.280,closed,,tencent_newfqkline
2025-08-25,000727,冠捷科技,SZ,bfq,2.660,2.670,2.610,2.640,2.640,0.000,0.00,2.27,1198500,119850000,31622.06,316220600.00,2.65,2.634,2.543,2.482,2.419,1423271,1233299,976318,2.720,2.370,2.720,2.280,closed,,tencent_newfqkline
2025-08-26,000727,冠捷科技,SZ,bfq,2.640,2.720,2.610,2.680,2.640,0.040,1.52,4.17,1462483,146248300,39087.44,390874400.00,3.23,2.654,2.567,2.494,2.424,1397665,1330218,1013462,2.720,2.370,2.720,2.280,closed,,tencent_newfqkline
2025-08-27,000727,冠捷科技,SZ,bfq,2.690,2.740,2.600,2.600,2.680,-0.080,-2.99,5.22,1348124,134812400,36091.32,360913200.00,2.98,2.642,2.583,2.503,2.428,1309627,1407829,1046498,2.740,2.370,2.740,2.280,closed,,tencent_newfqkline
2025-08-28,000727,冠捷科技,SZ,bfq,2.600,2.660,2.560,2.650,2.600,0.050,1.92,3.85,1268150,126815000,33180.10,331801000.00,2.80,2.642,2.610,2.516,2.433,1265859,1447077,1061615,2.740,2.370,2.740,2.280,closed,,tencent_newfqkline
2025-08-29,000727,冠捷科技,SZ,bfq,2.650,2.650,2.600,2.620,2.650,-0.030,-1.13,1.89,987352,98735200,25843.24,258432400.00,2.18,2.638,2.628,2.527,2.437,1252922,1454612,1086854,2.740,2.370,2.740,2.280,closed,,tencent_newfqkline
2025-09-01,000727,冠捷科技,SZ,bfq,2.640,2.850,2.600,2.720,2.620,0.100,3.82,9.54,2814388,281438800,76790.71,767907100.00,6.21,2.654,2.644,2.544,2.443,1576099,1499685,1204902,2.850,2.370,2.850,2.280,closed,,tencent_newfqkline
2025-09-02,000727,冠捷科技,SZ,bfq,2.730,2.760,2.630,2.650,2.720,-0.070,-2.57,4.78,1744017,174401700,46713.83,467138300.00,3.85,2.648,2.651,2.555,2.448,1632406,1515036,1263834,2.850,2.370,2.850,2.280,closed,,tencent_newfqkline
2025-09-03,000727,冠捷科技,SZ,bfq,2.660,2.710,2.580,2.590,2.650,-0.060,-2.26,4.91,1540895,154089500,40824.59,408245900.00,3.40,2.646,2.644,2.564,2.452,1670960,1490294,1302983,2.850,2.370,2.850,2.280,closed,,tencent_newfqkline
2025-09-04,000727,冠捷科技,SZ,bfq,2.590,2.720,2.550,2.580,2.590,-0.010,-0.39,6.56,1490609,149060900,39108.66,391086600.00,3.29,2.632,2.637,2.570,2.456,1715452,1490655,1320779,2.850,2.370,2.850,2.280,closed,,tencent_newfqkline
2025-09-05,000727,冠捷科技,SZ,bfq,2.600,2.640,2.560,2.640,2.580,0.060,2.33,3.10,1113610,111361000,28938.22,289382200.00,2.46,2.636,2.637,2.580,2.461,1740704,1496813,1342069,2.850,2.370,2.850,2.280,closed,,tencent_newfqkline
2025-09-08,000727,冠捷科技,SZ,bfq,2.630,2.660,2.580,2.620,2.640,-0.020,-0.76,3.03,983006,98300600,25661.72,256617200.00,2.17,2.616,2.635,2.589,2.466,1374427,1475263,1354281,2.850,2.370,2.850,2.280,closed,,tencent_newfqkline
2025-09-09,000727,冠捷科技,SZ,bfq,2.600,2.610,2.550,2.560,2.620,-0.060,-2.29,2.29,834815,83481500,21491.80,214918000.00,1.84,2.598,2.623,2.595,2.470,1192587,1412497,1371358,2.850,2.370,2.850,2.280,closed,,tencent_newfqkline
2025-09-10,000727,冠捷科技,SZ,bfq,2.550,2.590,2.540,2.550,2.560,-0.010,-0.39,1.95,661770,66177000,16970.22,169702200.00,1.46,2.590,2.618,2.600,2.472,1016762,1343861,1375845,2.850,2.370,2.850,2.280,closed,,tencent_newfqkline
2025-09-11,000727,冠捷科技,SZ,bfq,2.550,2.640,2.520,2.630,2.550,0.080,3.14,4.71,1244007,124400700,32154.77,321547700.00,2.75,2.600,2.616,2.613,2.478,967442,1341447,1394262,2.850,2.370,2.850,2.280,closed,,tencent_newfqkline
2025-09-12,000727,冠捷科技,SZ,bfq,2.630,2.760,2.620,2.690,2.630,0.060,2.28,5.32,1857352,185735200,50021.58,500215800.00,4.10,2.610,2.623,2.625,2.483,1116190,1428447,1441529,2.850,2.460,2.850,2.280,closed,,tencent_newfqkline
2025-09-15,000727,冠捷科技,SZ,bfq,2.720,2.960,2.710,2.960,2.690,0.270,10.04,9.29,2911710,291171000,82623.00,826230000.00,6.43,2.678,2.647,2.646,2.494,1501931,1438179,1468932,2.960,2.520,2.960,2.280,closed,,tencent_newfqkline
2025-09-16,000727,冠捷科技,SZ,bfq,2.960,2.990,2.860,2.910,2.960,-0.050,-1.69,4.39,3859629,385962900,112561.30,1125613000.00,8.52,2.748,2.673,2.662,2.502,2106894,1649740,1582388,2.990,2.520,2.990,2.280,closed,,tencent_newfqkline
2025-09-17,000727,冠捷科技,SZ,bfq,2.920,3.000,2.880,2.930,2.910,0.020,0.69,4.12,2327893,232789300,68553.24,685532400.00,5.14,2.824,2.707,2.675,2.511,2440118,1728440,1609367,3.000,2.520,3.000,2.280,closed,,tencent_newfqkline
2025-09-18,000727,冠捷科技,SZ,bfq,2.930,3.040,2.860,2.900,2.930,-0.030,-1.02,6.14,2624148,262414800,77522.67,775226700.00,5.79,2.878,2.739,2.688,2.519,2716146,1841794,1666225,3.040,2.520,3.040,2.280,closed,,tencent_newfqkline
2025-09-19,000727,冠捷科技,SZ,bfq,2.930,2.960,2.770,2.790,2.900,-0.110,-3.79,6.55,1985442,198544200,56362.61,563626100.00,4.38,2.898,2.754,2.696,2.525,2741764,1928977,1712895,3.040,2.520,3.040,2.280,closed,,tencent_newfqkline
2025-09-22,000727,冠捷科技,SZ,bfq,2.800,3.070,2.750,3.070,2.790,0.280,10.04,11.47,5063451,506345100,151462.50,1514625000.00,11.18,2.920,2.799,2.717,2.536,3172113,2337022,1906143,3.070,2.520,3.070,2.280,closed,,tencent_newfqkline
2025-09-23,000727,冠捷科技,SZ,bfq,3.140,3.180,2.880,2.950,3.070,-0.120,-3.91,9.77,4206150,420615000,125338.56,1253385600.00,9.29,2.928,2.838,2.731,2.545,3241417,2674155,2043326,3.180,2.520,3.180,2.280,closed,,tencent_newfqkline
2025-09-24,000727,冠捷科技,SZ,bfq,2.960,2.990,2.850,2.930,2.950,-0.020,-0.68,4.75,2180723,218072300,63207.63,632076300.00,4.81,2.928,2.876,2.747,2.554,3211983,2826050,2084956,3.180,2.520,3.180,2.280,closed,,tencent_newfqkline
2025-09-25,000727,冠捷科技,SZ,bfq,2.910,2.950,2.830,2.850,2.930,-0.080,-2.73,4.10,1821477,182147700,52316.38,523163800.00,4.02,2.918,2.898,2.757,2.561,3051449,2883798,2112622,3.180,2.520,3.180,2.280,closed,,tencent_newfqkline
2025-09-26,000727,冠捷科技,SZ,bfq,2.830,2.840,2.750,2.760,2.850,-0.090,-3.16,3.16,1447153,144715300,40232.46,402324600.00,3.19,2.912,2.905,2.764,2.567,2943791,2842778,2135612,3.180,2.520,3.180,2.280,closed,,tencent_newfqkline
2025-09-29,000727,冠捷科技,SZ,bfq,2.740,2.780,2.670,2.760,2.760,0.000,0.00,3.99,1243020,124302000,34001.06,340010600.00,2.74,2.850,2.885,2.766,2.573,2179705,2675909,2057044,3.180,2.520,3.180,2.280,closed,,tencent_newfqkline
2025-09-30,000727,冠捷科技,SZ,bfq,2.760,2.800,2.740,2.760,2.760,0.000,0.00,2.17,1000708,100070800,27659.43,276594300.00,2.21,2.812,2.870,2.772,2.578,1538616,2390016,2019878,3.180,2.520,3.180,2.280,closed,,tencent_newfqkline
2025-10-09,000727,冠捷科技,SZ,bfq,2.770,2.820,2.770,2.790,2.760,0.030,1.09,1.81,1264421,126442100,35306.22,353062200.00,2.79,2.784,2.856,2.782,2.584,1355356,2283669,2006055,3.180,2.520,3.180,2.280,closed,,tencent_newfqkline
2025-10-10,000727,冠捷科技,SZ,bfq,2.770,2.800,2.730,2.730,2.790,-0.060,-2.15,2.51,992712,99271200,27301.36,273013600.00,2.19,2.760,2.839,2.789,2.589,1189603,2120526,1981160,3.180,2.520,3.180,2.280,closed,,tencent_newfqkline
2025-10-13,000727,冠捷科技,SZ,bfq,2.620,2.680,2.550,2.680,2.730,-0.050,-1.83,4.76,1078801,107880100,28492.74,284927400.00,2.38,2.744,2.828,2.791,2.593,1115932,2029862,1979419,3.180,2.520,3.180,2.280,closed,,tencent_newfqkline
2025-10-14,000727,冠捷科技,SZ,bfq,2.690,2.730,2.610,2.620,2.680,-0.060,-2.24,4.48,1177938,117793800,31395.77,313957700.00,2.60,2.716,2.783,2.791,2.597,1102916,1641310,1989166,3.180,2.520,3.180,2.280,closed,,tencent_newfqkline
2025-10-15,000727,冠捷科技,SZ,bfq,2.630,2.660,2.600,2.650,2.620,0.030,1.15,2.29,658461,65846100,17367.65,173676500.00,1.45,2.694,2.753,2.795,2.603,1034467,1286541,1980348,3.180,2.520,3.180,2.290,closed,,tencent_newfqkline
2025-10-16,000727,冠捷科技,SZ,bfq,2.650,2.650,2.590,2.610,2.650,-0.040,-1.51,2.26,672718,67271800,17611.19,176111900.00,1.49,2.658,2.721,2.798,2.608,916126,1135741,1980896,3.180,2.520,3.180,2.300,closed,,tencent_newfqkline
2025-10-17,000727,冠捷科技,SZ,bfq,2.610,2.620,2.530,2.540,2.610,-0.070,-2.68,3.45,794907,79490700,20409.09,204090900.00,1.75,2.620,2.690,2.794,2.610,876565,1033084,1958441,3.180,2.530,3.180,2.370,closed,,tencent_newfqkline
2025-10-20,000727,冠捷科技,SZ,bfq,2.550,2.580,2.550,2.560,2.540,0.020,0.79,1.18,518781,51878100,13303.13,133031300.00,1.15,2.596,2.670,2.788,2.612,764561,940247,1891512,3.180,2.530,3.180,2.370,closed,,tencent_newfqkline
2025-10-21,000727,冠捷科技,SZ,bfq,2.580,2.710,2.560,2.660,2.560,0.100,3.91,5.86,1281956,128195600,33955.31,339553100.00,2.83,2.604,2.660,2.772,2.616,785365,944140,1810024,3.180,2.530,3.180,2.370,closed,,tencent_newfqkline
2025-10-22,000727,冠捷科技,SZ,bfq,2.660,2.680,2.640,2.660,2.660,0.000,0.00,1.50,657401,65740100,17505.54,175055400.00,1.45,2.606,2.650,2.760,2.620,785153,909810,1649913,3.180,2.530,3.180,2.370,closed,,tencent_newfqkline
2025-10-23,000727,冠捷科技,SZ,bfq,2.660,2.680,2.630,2.670,2.660,0.010,0.38,1.88,534938,53493800,14175.43,141754300.00,1.18,2.618,2.638,2.747,2.625,757597,836861,1560265,3.180,2.530,3.180,2.370,closed,,tencent_newfqkline
2025-10-24,000727,冠捷科技,SZ,bfq,2.680,2.700,2.650,2.660,2.670,-0.010,-0.37,1.87,555172,55517200,14838.33,148383300.00,1.23,2.642,2.631,2.735,2.628,709650,793107,1456816,3.180,2.530,3.180,2.370,closed,,tencent_newfqkline
2025-10-27,000727,冠捷科技,SZ,bfq,2.690,2.690,2.640,2.650,2.660,-0.010,-0.38,1.88,568271,56827100,15124.30,151243000.00,1.25,2.660,2.628,2.728,2.632,719548,742054,1385958,3.180,2.530,3.180,2.370,closed,,tencent_newfqkline
2025-10-28,000727,冠捷科技,SZ,bfq,2.700,2.770,2.680,2.690,2.650,0.040,1.51,3.40,1373784,137378400,37270.26,372702600.00,3.03,2.666,2.635,2.709,2.636,737913,761639,1201475,3.180,2.530,3.180,2.370,closed,,tencent_newfqkline
2025-10-29,000727,冠捷科技,SZ,bfq,2.660,2.680,2.610,2.640,2.690,-0.050,-1.86,2.60,995891,99589100,26250.90,262509000.00,2.20,2.662,2.634,2.693,2.639,805611,795382,1040962,2.990,2.530,3.180,2.370,closed,,tencent_newfqkline
2025-10-30,000727,冠捷科技,SZ,bfq,2.630,2.640,2.590,2.600,2.640,-0.040,-1.52,1.89,819413,81941300,21333.09,213330900.00,1.81,2.648,2.633,2.677,2.642,862506,810051,972896,2.950,2.530,3.180,2.370,closed,,tencent_newfqkline
2025-10-31,000727,冠捷科技,SZ,bfq,2.590,2.610,2.590,2.600,2.600,0.000,0.00,0.77,589392,58939200,15316.56,153165600.00,1.30,2.636,2.639,2.664,2.646,869350,789500,911292,2.840,2.530,3.180,2.370,closed,,tencent_newfqkline
2025-11-03,000727,冠捷科技,SZ,bfq,2.600,2.630,2.580,2.620,2.600,0.020,0.77,1.92,592729,59272900,15449.68,154496800.00,1.31,2.630,2.645,2.657,2.650,874242,796895,868571,2.820,2.530,3.180,2.370,closed,,tencent_newfqkline
2025-11-04,000727,冠捷科技,SZ,bfq,2.620,2.630,2.580,2.610,2.620,-0.010,-0.38,1.91,545190,54519000,14213.26,142132600.00,1.20,2.614,2.640,2.650,2.653,708523,723218,833679,2.820,2.530,3.180,2.370,closed,,tencent_newfqkline
2025-11-05,000727,冠捷科技,SZ,bfq,2.600,2.730,2.590,2.710,2.610,0.100,3.83,5.36,1668466,166846600,44955.28,449552800.00,3.68,2.628,2.645,2.647,2.658,843038,824325,867067,2.820,2.530,3.180,2.370,closed,,tencent_newfqkline
2025-11-06,000727,冠捷科技,SZ,bfq,2.700,2.720,2.660,2.690,2.710,-0.020,-0.74,2.21,857544,85754400,22947.73,229477300.00,1.89,2.646,2.647,2.643,2.663,850664,856585,846723,2.800,2.530,3.180,2.370,closed,,tencent_newfqkline
2025-11-07,000727,冠捷科技,SZ,bfq,2.680,2.690,2.650,2.680,2.690,-0.010,-0.37,1.49,593487,59348700,15836.65,158366500.00,1.31,2.662,2.649,2.640,2.666,851483,860417,826762,2.770,2.530,3.180,2.370,closed,,tencent_newfqkline
2025-11-10,000727,冠捷科技,SZ,bfq,2.680,2.720,2.670,2.720,2.680,0.040,1.49,1.87,821133,82113300,22174.53,221745300.00,1.81,2.682,2.656,2.642,2.671,897164,885703,813879,2.770,2.530,3.180,2.370,closed,,tencent_newfqkline
2025-11-11,000727,冠捷科技,SZ,bfq,2.730,2.740,2.710,2.730,2.720,0.010,0.37,1.10,744738,74473800,20289.30,202893000.00,1.64,2.706,2.660,2.647,2.676,937074,822798,792219,2.770,2.530,3.180,2.370,closed,,tencent_newfqkline
2025-11-12,000727,冠捷科技,SZ,bfq,2.720,2.730,2.680,2.710,2.730,-0.020,-0.73,1.83,730626,73062600,19743.00,197430000.00,1.61,2.706,2.667,2.651,2.680,749506,796272,795827,2.770,2.530,3.180,2.370,closed,,tencent_newfqkline
2025-11-13,000727,冠捷科技,SZ,bfq,2.700,2.760,2.690,2.740,2.710,0.030,1.11,2.58,860696,86069600,23526.78,235267800.00,1.90,2.716,2.681,2.657,2.685,750136,800400,805226,2.770,2.530,3.180,2.370,closed,,tencent_newfqkline
2025-11-14,000727,冠捷科技,SZ,bfq,2.730,2.780,2.720,2.740,2.740,0.000,0.00,2.19,780296,78029600,21512.76,215127600.00,1.72,2.728,2.695,2.667,2.691,787498,819490,804495,2.780,2.550,3.180,2.370,closed,,tencent_newfqkline
2025-11-17,000727,冠捷科技,SZ,bfq,2.730,2.820,2.730,2.800,2.740,0.060,2.19,3.28,1173493,117349300,32647.25,326472500.00,2.59,2.744,2.713,2.679,2.697,857970,877567,837231,2.820,2.560,3.180,2.460,closed,,tencent_newfqkline
2025-11-18,000727,冠捷科技,SZ,bfq,2.800,2.810,2.690,2.730,2.800,-0.070,-2.50,4.29,954436,95443600,26042.63,260426300.00,2.11,2.744,2.725,2.683,2.700,899909,918492,820855,2.820,2.580,3.180,2.520,closed,,tencent_newfqkline
2025-11-19,000727,冠捷科技,SZ,bfq,2.710,2.730,2.630,2.660,2.730,-0.070,-2.56,3.66,765546,76554600,20427.45,204274500.00,1.69,2.734,2.720,2.683,2.702,906893,828200,826262,2.820,2.580,3.180,2.520,closed,,tencent_newfqkline
2025-11-20,000727,冠捷科技,SZ,bfq,2.660,2.700,2.650,2.660,2.660,0.000,0.00,1.88,523817,52381700,13965.50,139655000.00,1.16,2.718,2.717,2.682,2.702,839518,794827,825706,2.820,2.580,3.180,2.520,closed,,tencent_newfqkline
2025-11-21,000727,冠捷科技,SZ,bfq,2.630,2.650,2.540,2.540,2.660,-0.120,-4.51,4.14,888600,88860000,22977.09,229770900.00,1.96,2.678,2.703,2.676,2.700,861178,824338,842377,2.820,2.540,3.180,2.520,closed,,tencent_newfqkline
2025-11-24,000727,冠捷科技,SZ,bfq,2.540,2.720,2.530,2.590,2.540,0.050,1.97,7.48,935716,93571600,24282.13,242821300.00,2.07,2.636,2.690,2.673,2.699,813623,835796,860750,2.820,2.530,3.180,2.520,closed,,tencent_newfqkline
2025-11-25,000727,冠捷科技,SZ,bfq,2.600,2.690,2.570,2.650,2.590,0.060,2.32,4.63,937579,93757900,24799.25,247992500.00,2.07,2.620,2.682,2.671,2.699,810252,855080,838939,2.820,2.530,3.180,2.520,closed,,tencent_newfqkline
2025-11-26,000727,冠捷科技,SZ,bfq,2.650,2.720,2.630,2.650,2.650,0.000,0.00,3.40,744802,74480200,19982.86,199828600.00,1.64,2.618,2.676,2.671,2.699,806103,856498,826385,2.820,2.530,3.180,2.520,closed,,tencent_newfqkline
2025-11-27,000727,冠捷科技,SZ,bfq,2.650,2.670,2.610,2.610,2.650,-0.040,-1.51,2.26,547968,54796800,14447.88,144478800.00,1.21,2.608,2.663,2.672,2.699,810933,825225,812813,2.820,2.530,3.180,2.520,closed,,tencent_newfqkline
2025-11-28,000727,冠捷科技,SZ,bfq,2.620,2.640,2.580,2.630,2.610,0.020,0.77,2.30,475795,47579500,12446.87,124468700.00,1.05,2.626,2.652,2.673,2.698,728372,794775,807133,2.820,2.530,3.180,2.520,closed,,tencent_newfqkline
2025-12-01,000727,冠捷科技,SZ,bfq,2.630,2.890,2.620,2.890,2.630,0.260,9.89,10.27,4050186,405018600,114618.50,1146185000.00,8.94,2.686,2.661,2.687,2.703,1351266,1082444,980006,2.890,2.530,3.180,2.520,closed,,tencent_newfqkline
2025-12-02,000727,冠捷科技,SZ,bfq,2.840,2.920,2.790,2.850,2.890,-0.040,-1.38,4.50,3847755,384775500,109081.53,1090815300.00,8.49,2.726,2.673,2.699,2.705,1933301,1371776,1145134,2.920,2.530,3.180,2.520,closed,,tencent_newfqkline
2025-12-03,000727,冠捷科技,SZ,bfq,2.860,2.890,2.800,2.850,2.850,0.000,0.00,3.16,2366168,236616800,67275.27,672752700.00,5.22,2.766,2.692,2.706,2.708,2257574,1531839,1180019,2.920,2.530,3.180,2.520,closed,,tencent_newfqkline
2025-12-04,000727,冠捷科技,SZ,bfq,2.840,2.850,2.770,2.780,2.850,-0.070,-2.46,2.81,1604168,160416800,44798.86,447988600.00,3.54,2.800,2.704,2.711,2.712,2468814,1639874,1217350,2.920,2.530,3.180,2.520,closed,,tencent_newfqkline
2025-12-05,000727,冠捷科技,SZ,bfq,2.780,2.870,2.750,2.860,2.780,0.080,2.88,4.32,1770678,177067800,50083.14,500831400.00,3.91,2.846,2.736,2.720,2.716,2727791,1728082,1276210,2.920,2.530,3.180,2.520,closed,,tencent_newfqkline
2025-12-08,000727,冠捷科技,SZ,bfq,2.870,2.880,2.820,2.840,2.860,-0.020,-0.70,2.10,1306060,130606000,37109.49,371094900.00,2.88,2.836,2.761,2.725,2.719,2178966,1765116,1300456,2.920,2.530,3.180,2.520,closed,,tencent_newfqkline
2025-12-09,000727,冠捷科技,SZ,bfq,2.840,2.920,2.810,2.890,2.840,0.050,1.76,3.87,2330251,233025100,66835.64,668356400.00,5.14,2.844,2.785,2.734,2.724,1875465,1904383,1379732,2.920,2.530,3.180,2.520,closed,,tencent_newfqkline
2025-12-10,000727,冠捷科技,SZ,bfq,2.860,2.910,2.810,2.860,2.890,-0.030,-1.04,3.46,1672658,167265800,47704.88,477048800.00,3.69,2.846,2.806,2.741,2.729,1736763,1997169,1426833,2.920,2.530,3.180,2.520,closed,,tencent_newfqkline
2025-12-11,000727,冠捷科技,SZ,bfq,2.840,2.850,2.680,2.680,2.860,-0.180,-6.29,5.94,1873712,187371200,51395.87,513958700.00,4.14,2.826,2.813,2.738,2.731,1790672,2129743,1477484,2.920,2.530,3.180,2.520,closed,,tencent_newfqkline
2025-12-12,000727,冠捷科技,SZ,bfq,2.670,2.700,2.640,2.650,2.680,-0.030,-1.12,2.24,1129674,112967400,30096.38,300963800.00,2.49,2.784,2.815,2.734,2.731,1662471,2195131,1494953,2.920,2.530,3.180,2.530,closed,,tencent_newfqkline
2025-12-15,000727,冠捷科技,SZ,bfq,2.620,2.670,2.590,2.630,2.650,-0.020,-0.75,3.02,732597,73259700,19270.17,192701700.00,1.62,2.742,2.789,2.725,2.731,1547778,1863372,1472908,2.920,2.530,3.180,2.530,closed,,tencent_newfqkline
2025-12-16,000727,冠捷科技,SZ,bfq,2.630,2.630,2.540,2.550,2.630,-0.080,-3.04,3.42,917959,91795900,23618.43,236184300.00,2.03,2.674,2.759,2.716,2.724,1265320,1570392,1471084,2.920,2.530,3.180,2.530,closed,,tencent_newfqkline
2025-12-17,000727,冠捷科技,SZ,bfq,2.550,2.590,2.520,2.590,2.550,0.040,1.57,2.75,737143,73714300,18795.66,187956600.00,1.63,2.620,2.733,2.712,2.718,1078217,1407490,1469664,2.920,2.520,3.180,2.520,closed,,tencent_newfqkline
2025-12-18,000727,冠捷科技,SZ,bfq,2.570,2.600,2.550,2.560,2.590,-0.030,-1.16,1.93,563700,56370000,14515.00,145150000.00,1.24,2.596,2.711,2.708,2.712,816215,1303443,1471658,2.920,2.520,3.180,2.520,closed,,tencent_newfqkline
2025-12-19,000727,冠捷科技,SZ,bfq,2.560,2.610,2.550,2.610,2.560,0.050,1.95,2.34,564704,56470400,14624.26,146242600.00,1.25,2.588,2.686,2.711,2.707,703221,1182846,1455464,2.920,2.520,3.180,2.520,closed,,tencent_newfqkline
2025-12-22,000727,冠捷科技,SZ,bfq,2.610,2.620,2.590,2.600,2.610,-0.010,-0.38,1.15,560956,56095600,14618.45,146184500.00,1.24,2.582,2.662,2.712,2.704,668892,1108335,1436726,2.920,2.520,3.180,2.520,closed,,tencent_newfqkline
2025-12-23,000727,冠捷科技,SZ,bfq,2.590,2.600,2.560,2.570,2.600,-0.030,-1.15,1.54,560477,56047700,14444.46,144444600.00,1.24,2.586,2.630,2.708,2.696,597396,931358,1417871,2.920,2.520,3.180,2.520,closed,,tencent_newfqkline
2025-12-24,000727,冠捷科技,SZ,bfq,2.560,2.600,2.560,2.600,2.570,0.030,1.17,1.56,449048,44904800,11628.30,116283000.00,0.99,2.588,2.604,2.705,2.690,539777,808997,1403083,2.920,2.520,2.990,2.520,closed,,tencent_newfqkline
2025-12-25,000727,冠捷科技,SZ,bfq,2.600,2.610,2.570,2.600,2.600,0.000,0.00,1.54,510740,51074000,13229.44,132294400.00,1.13,2.596,2.596,2.704,2.684,529185,672700,1401221,2.920,2.520,2.950,2.520,closed,,tencent_newfqkline
2025-12-26,000727,冠捷科技,SZ,bfq,2.590,2.640,2.570,2.610,2.600,0.010,0.38,2.69,885960,88596000,23046.50,230465000.00,1.96,2.596,2.592,2.704,2.681,593436,648328,1421730,2.920,2.520,2.920,2.520,closed,,tencent_newfqkline
2025-12-29,000727,冠捷科技,SZ,bfq,2.610,2.610,2.570,2.570,2.610,-0.040,-1.53,1.53,609572,60957200,15767.15,157671500.00,1.35,2.590,2.586,2.688,2.677,603159,636026,1249699,2.920,2.520,2.920,2.520,closed,,tencent_newfqkline
2025-12-30,000727,冠捷科技,SZ,bfq,2.560,2.590,2.550,2.560,2.570,-0.010,-0.39,1.56,595412,59541200,15307.38,153073800.00,1.31,2.588,2.587,2.673,2.674,610146,603771,1087082,2.920,2.520,2.920,2.520,closed,,tencent_newfqkline
2025-12-31,000727,冠捷科技,SZ,bfq,2.570,2.570,2.520,2.540,2.560,-0.020,-0.78,1.95,738593,73859300,18814.62,188146200.00,1.63,2.576,2.582,2.657,2.670,668055,603916,1005703,2.920,2.520,2.920,2.520,closed,,tencent_newfqkline
2026-01-05,000727,冠捷科技,SZ,bfq,2.550,2.580,2.540,2.570,2.540,0.030,1.18,1.57,617038,61703800,15808.02,158080200.00,1.36,2.570,2.583,2.647,2.667,689315,609250,956347,2.920,2.520,2.920,2.520,closed,,tencent_newfqkline
2026-01-06,000727,冠捷科技,SZ,bfq,2.570,2.670,2.560,2.650,2.570,0.080,3.11,4.28,1354552,135455200,35561.37,355613700.00,2.99,2.578,2.587,2.636,2.665,783033,688235,935540,2.920,2.520,2.920,2.520,closed,,tencent_newfqkline
2026-01-07,000727,冠捷科技,SZ,bfq,2.650,2.660,2.590,2.600,2.650,-0.050,-1.89,2.64,813922,81392200,21300.32,213003200.00,1.80,2.584,2.587,2.625,2.664,823903,713531,910933,2.920,2.520,2.920,2.520,closed,,tencent_newfqkline
2026-01-08,000727,冠捷科技,SZ,bfq,2.600,2.640,2.580,2.630,2.600,0.030,1.15,2.31,694690,69469000,18196.50,181965000.00,1.53,2.598,2.593,2.611,2.664,843759,726953,829155,2.910,2.520,2.920,2.520,closed,,tencent_newfqkline
2026-01-09,000727,冠捷科技,SZ,bfq,2.620,2.660,2.620,2.640,2.630,0.010,0.38,1.52,879164,87916400,23201.67,232016700.00,1.94,2.618,2.597,2.600,2.664,871873,769964,789481,2.850,2.520,2.920,2.520,closed,,tencent_newfqkline
2026-01-12,000727,冠捷科技,SZ,bfq,2.640,2.750,2.630,2.740,2.640,0.100,3.79,4.55,1585433,158543300,42826.17,428261700.00,3.50,2.652,2.611,2.603,2.666,1065552,877434,775067,2.750,2.520,2.920,2.520,closed,,tencent_newfqkline
2026-01-13,000727,冠捷科技,SZ,bfq,2.730,2.770,2.660,2.680,2.740,-0.060,-2.19,4.01,1215465,121546500,32834.16,328341600.00,2.68,2.658,2.618,2.605,2.669,1037735,910384,779356,2.770,2.520,2.920,2.520,closed,,tencent_newfqkline
2026-01-14,000727,冠捷科技,SZ,bfq,2.680,2.740,2.640,2.690,2.680,0.010,0.37,3.73,1265561,126556100,34153.84,341538400.00,2.79,2.676,2.630,2.608,2.671,1128063,975983,806004,2.770,2.520,2.920,2.520,closed,,tencent_newfqkline
2026-01-15,000727,冠捷科技,SZ,bfq,2.670,2.690,2.600,2.640,2.690,-0.050,-1.86,3.35,866020,86602000,22910.43,229104300.00,1.91,2.678,2.638,2.612,2.670,1162329,1003044,803408,2.770,2.520,2.920,2.520,closed,,tencent_newfqkline
2026-01-16,000727,冠捷科技,SZ,bfq,2.650,2.670,2.580,2.590,2.640,-0.050,-1.89,3.41,871061,87106100,22719.00,227190000.00,1.92,2.668,2.643,2.612,2.669,1160708,1016291,810103,2.770,2.520,2.920,2.520,closed,,tencent_newfqkline
2026-01-19,000727,冠捷科技,SZ,bfq,2.580,2.630,2.560,2.610,2.590,0.020,0.77,2.70,680313,68031300,17733.59,177335900.00,1.50,2.642,2.647,2.615,2.668,979684,1022618,815934,2.770,2.520,2.920,2.520,closed,,tencent_newfqkline
2026-01-20,000727,冠捷科技,SZ,bfq,2.600,2.630,2.580,2.590,2.610,-0.020,-0.77,1.92,730231,73023100,18975.12,189751200.00,1.61,2.624,2.641,2.614,2.667,882637,960186,824210,2.770,2.520,2.920,2.520,closed,,tencent_newfqkline
2026-01-21,000727,冠捷科技,SZ,bfq,2.580,2.620,2.570,2.600,2.590,0.010,0.39,1.93,707833,70783300,18388.03,183880300.00,1.56,2.606,2.641,2.614,2.666,771092,949577,831554,2.770,2.520,2.920,2.520,closed,,tencent_newfqkline
2026-01-22,000727,冠捷科技,SZ,bfq,2.600,2.670,2.600,2.660,2.600,0.060,2.31,2.69,1189225,118922500,31497.33,314973300.00,2.63,2.610,2.644,2.619,2.666,835733,999031,862992,2.770,2.520,2.920,2.520,closed,,tencent_newfqkline
2026-01-23,000727,冠捷科技,SZ,bfq,2.660,2.730,2.650,2.730,2.660,0.070,2.63,3.01,1437076,143707600,38853.88,388538800.00,3.17,2.638,2.653,2.625,2.667,948936,1054822,912393,2.770,2.520,2.920,2.520,closed,,tencent_newfqkline
2026-01-26,000727,冠捷科技,SZ,bfq,2.730,2.740,2.670,2.700,2.730,-0.030,-1.10,2.56,1016151,101615100,27378.50,273785000.00,2.24,2.656,2.649,2.630,2.669,1016103,997894,937664,2.770,2.520,2.920,2.520,closed,,tencent_newfqkline
2026-01-27,000727,冠捷科技,SZ,bfq,2.690,2.710,2.610,2.660,2.700,-0.040,-1.48,3.70,1147105,114710500,30352.87,303528700.00,2.53,2.670,2.647,2.632,2.670,1099478,991058,950721,2.770,2.520,2.920,2.520,closed,,tencent_newfqkline
2026-01-28,000727,冠捷科技,SZ,bfq,2.660,2.660,2.600,2.630,2.660,-0.030,-1.13,2.26,771801,77180100,20284.63,202846300.00,1.70,2.676,2.641,2.635,2.670,1112272,941682,958832,2.770,2.520,2.920,2.520,closed,,tencent_newfqkline
2026-01-29,000727,冠捷科技,SZ,bfq,2.620,2.660,2.580,2.600,2.630,-0.030,-1.14,3.04,949908,94990800,24841.89,248418900.00,2.10,2.664,2.637,2.638,2.670,1064408,950070,976557,2.770,2.520,2.920,2.520,closed,,tencent_newfqkline
2026-01-30,000727,冠捷科技,SZ,bfq,2.590,2.610,2.540,2.550,2.600,-0.050,-1.92,2.69,1011159,101115900,25929.39,259293900.00,2.23,2.628,2.633,2.638,2.667,979225,964080,990185,2.770,2.540,2.920,2.520,closed,,tencent_newfqkline
2026-02-02,000727,冠捷科技,SZ,bfq,2.530,2.560,2.480,2.480,2.550,-0.070,-2.75,3.14,907171,90717100,22894.02,228940200.00,2.00,2.584,2.620,2.634,2.664,957429,986766,1004692,2.770,2.480,2.920,2.480,closed,,tencent_newfqkline
2026-02-03,000727,冠捷科技,SZ,bfq,2.500,2.570,2.500,2.560,2.480,0.080,3.23,2.82,741023,74102300,18813.47,188134700.00,1.64,2.564,2.617,2.629,2.662,876212,987845,974016,2.770,2.480,2.920,2.480,closed,,tencent_newfqkline
2026-02-04,000727,冠捷科技,SZ,bfq,2.550,2.580,2.540,2.570,2.560,0.010,0.39,1.56,592259,59225900,15194.71,151947100.00,1.31,2.552,2.614,2.627,2.659,840304,976288,962932,2.770,2.480,2.920,2.480,closed,,tencent_newfqkline
2026-02-05,000727,冠捷科技,SZ,bfq,2.560,2.580,2.540,2.550,2.570,-0.020,-0.78,1.56,462196,46219600,11821.23,118212300.00,1.02,2.542,2.603,2.623,2.656,742762,903585,951308,2.770,2.480,2.920,2.480,closed,,tencent_newfqkline
2026-02-06,000727,冠捷科技,SZ,bfq,2.540,2.570,2.520,2.530,2.550,-0.020,-0.78,1.96,507037,50703700,12896.75,128967500.00,1.12,2.538,2.583,2.618,2.653,641937,810581,932701,2.770,2.480,2.920,2.480,closed,,tencent_newfqkline
2026-02-09,000727,冠捷科技,SZ,bfq,2.560,2.610,2.550,2.600,2.530,0.070,2.77,2.37,772484,77248400,19966.77,199667700.00,1.71,2.562,2.573,2.611,2.651,615000,786214,892054,2.770,2.480,2.920,2.480,closed,,tencent_newfqkline
2026-02-10,000727,冠捷科技,SZ,bfq,2.610,2.660,2.600,2.640,2.600,0.040,1.54,2.31,870033,87003300,22906.54,229065400.00,1.92,2.578,2.571,2.609,2.649,640802,758507,874782,2.740,2.480,2.920,2.480,closed,,tencent_newfqkline
2026-02-11,000727,冠捷科技,SZ,bfq,2.650,2.650,2.610,2.610,2.640,-0.030,-1.14,1.52,597597,59759700,15687.70,156877000.00,1.32,2.586,2.569,2.605,2.646,641869,741087,841384,2.740,2.480,2.920,2.480,closed,,tencent_newfqkline
2026-02-12,000727,冠捷科技,SZ,bfq,2.620,2.630,2.570,2.570,2.610,-0.040,-1.53,2.30,504534,50453400,13042.11,130421100.00,1.11,2.590,2.566,2.602,2.643,650337,696549,823310,2.740,2.480,2.920,2.480,closed,,tencent_newfqkline
2026-02-13,000727,冠捷科技,SZ,bfq,2.570,2.600,2.550,2.550,2.570,-0.020,-0.78,1.95,485651,48565100,12508.05,125080500.00,1.07,2.594,2.566,2.599,2.642,646060,643998,804039,2.740,2.480,2.920,2.480,closed,,tencent_newfqkline
2026-02-24,000727,冠捷科技,SZ,bfq,2.580,2.630,2.570,2.610,2.550,0.060,2.35,2.35,607370,60737000,15850.34,158503400.00,1.34,2.596,2.579,2.599,2.641,613037,614018,800392,2.740,2.480,2.920,2.480,closed,,tencent_newfqkline
2026-02-25,000727,冠捷科技,SZ,bfq,2.620,2.670,2.610,2.640,2.610,0.030,1.15,2.30,824181,82418100,21815.88,218158800.00,1.82,2.596,2.587,2.602,2.642,603867,622334,805090,2.740,2.480,2.920,2.480,closed,,tencent_newfqkline
2026-02-26,000727,冠捷科技,SZ,bfq,2.650,2.660,2.630,2.640,2.640,0.000,0.00,1.14,603152,60315200,15935.30,159353000.00,1.33,2.602,2.594,2.604,2.643,604978,623424,799856,2.740,2.480,2.920,2.480,closed,,tencent_newfqkline
2026-02-27,000727,冠捷科技,SZ,bfq,2.630,2.660,2.620,2.650,2.640,0.010,0.38,1.52,547109,54710900,14446.52,144465200.00,1.21,2.618,2.604,2.603,2.643,613493,631915,767750,2.740,2.480,2.920,2.480,closed,,tencent_newfqkline
2026-03-02,000727,冠捷科技,SZ,bfq,2.620,2.660,2.580,2.640,2.650,-0.010,-0.38,3.02,1174951,117495100,30889.27,308892700.00,2.59,2.636,2.615,2.599,2.643,751353,698706,754644,2.740,2.480,2.920,2.480,closed,,tencent_newfqkline
2026-03-03,000727,冠捷科技,SZ,bfq,2.650,2.680,2.520,2.530,2.640,-0.110,-4.17,6.06,1282356,128235600,33116.50,331165000.00,2.83,2.620,2.608,2.591,2.642,886350,749693,767954,2.710,2.480,2.920,2.480,closed,,tencent_newfqkline
2026-03-04,000727,冠捷科技,SZ,bfq,2.510,2.540,2.480,2.480,2.530,-0.050,-1.98,2.37,820889,82088900,20541.17,205411700.00,1.81,2.588,2.592,2.581,2.639,885691,744779,751643,2.680,2.480,2.920,2.480,closed,,tencent_newfqkline
2026-03-05,000727,冠捷科技,SZ,bfq,2.550,2.730,2.550,2.730,2.480,0.250,10.08,7.26,1970598,197059800,53496.16,534961600.00,4.35,2.606,2.604,2.587,2.636,1159181,882079,811583,2.730,2.480,2.920,2.480,closed,,tencent_newfqkline
2026-03-06,000727,冠捷科技,SZ,bfq,2.640,2.720,2.570,2.700,2.730,-0.030,-1.10,5.49,3306729,330672900,87420.64,874206400.00,7.30,2.616,2.617,2.591,2.634,1711105,1162299,929424,2.730,2.480,2.920,2.480,closed,,tencent_newfqkline
2026-03-09,000727,冠捷科技,SZ,bfq,2.700,2.730,2.660,2.710,2.700,0.010,0.37,2.59,1869726,186972600,50347.68,503476800.00,4.13,2.630,2.633,2.599,2.632,1850060,1300706,972352,2.730,2.480,2.920,2.480,closed,,tencent_newfqkline
2026-03-10,000727,冠捷科技,SZ,bfq,2.720,2.760,2.690,2.750,2.710,0.040,1.48,2.58,1534481,153448100,41987.81,419878100.00,3.39,2.674,2.647,2.613,2.631,1900485,1393417,1003718,2.760,2.480,2.920,2.480,closed,,tencent_newfqkline
2026-03-11,000727,冠捷科技,SZ,bfq,2.730,2.800,2.720,2.750,2.750,0.000,0.00,2.91,1446876,144687600,39858.05,398580500.00,3.19,2.728,2.658,2.623,2.629,2025682,1455687,1039010,2.800,2.480,2.920,2.480,closed,,tencent_newfqkline
2026-03-12,000727,冠捷科技,SZ,bfq,2.740,2.820,2.720,2.770,2.750,0.020,0.73,3.64,1545738,154573800,42831.00,428310000.00,3.41,2.736,2.671,2.632,2.628,1940710,1549945,1086684,2.820,2.480,2.920,2.480,closed,,tencent_newfqkline
2026-03-13,000727,冠捷科技,SZ,bfq,2.750,2.810,2.720,2.760,2.770,-0.010,-0.36,3.25,1280424,128042400,35476.06,354760600.00,2.83,2.748,2.682,2.643,2.626,1535449,1623277,1127596,2.820,2.480,2.910,2.480,closed,,tencent_newfqkline
2026-03-16,000727,冠捷科技,SZ,bfq,2.770,2.820,2.720,2.820,2.760,0.060,2.17,3.62,1550223,155022300,43042.28,430422800.00,3.42,2.770,2.700,2.657,2.625,1471548,1660804,1179755,2.820,2.480,2.850,2.480,closed,,tencent_newfqkline
2026-03-17,000727,冠捷科技,SZ,bfq,2.840,2.850,2.730,2.740,2.820,-0.080,-2.84,4.26,1299048,129904800,36080.04,360800400.00,2.87,2.768,2.721,2.664,2.626,1424462,1662473,1206083,2.850,2.480,2.850,2.480,closed,,tencent_newfqkline
2026-03-18,000727,冠捷科技,SZ,bfq,2.740,2.790,2.720,2.770,2.740,0.030,1.09,2.55,1075260,107526000,29580.79,295807900.00,2.37,2.772,2.750,2.671,2.628,1350139,1687910,1216345,2.850,2.480,2.850,2.480,closed,,tencent_newfqkline
2026-03-19,000727,冠捷科技,SZ,bfq,2.750,2.790,2.710,2.750,2.770,-0.020,-0.72,2.89,1110036,111003600,30591.84,305918400.00,2.45,2.768,2.752,2.678,2.630,1262998,1601854,1241967,2.850,2.480,2.850,2.480,closed,,tencent_newfqkline
2026-03-20,000727,冠捷科技,SZ,bfq,2.760,2.830,2.680,2.700,2.750,-0.050,-1.82,5.45,1408952,140895200,38860.01,388600100.00,3.11,2.756,2.752,2.684,2.633,1288704,1412076,1287188,2.850,2.480,2.850,2.480,closed,,tencent_newfqkline
2026-03-23,000727,冠捷科技,SZ,bfq,2.620,2.700,2.550,2.580,2.700,-0.120,-4.44,5.56,1489338,148933800,38904.95,389049500.00,3.29,2.708,2.739,2.686,2.633,1276527,1374038,1337372,2.850,2.480,2.850,2.480,closed,,tencent_newfqkline
2026-03-24,000727,冠捷科技,SZ,bfq,2.650,2.720,2.590,2.710,2.580,0.130,5.04,5.04,1218345,121834500,32216.92,322169200.00,2.69,2.702,2.735,2.691,2.635,1260386,1342424,1367921,2.850,2.480,2.850,2.480,closed,,tencent_newfqkline
2026-03-25,000727,冠捷科技,SZ,bfq,2.710,2.760,2.690,2.750,2.710,0.040,1.48,2.58,997972,99797200,27345.99,273459900.00,2.20,2.698,2.735,2.696,2.638,1244929,1297534,1376610,2.850,2.480,2.850,2.480,closed,,tencent_newfqkline
2026-03-26,000727,冠捷科技,SZ,bfq,2.750,2.790,2.660,2.670,2.750,-0.080,-2.91,4.73,1000461,100046100,27149.63,271496300.00,2.21,2.682,2.725,2.698,2.639,1223014,1243006,1396476,2.850,2.480,2.850,2.480,closed,,tencent_newfqkline
2026-03-27,000727,冠捷科技,SZ,bfq,2.630,2.710,2.620,2.680,2.670,0.010,0.37,3.37,759281,75928100,20271.79,202717900.00,1.68,2.678,2.717,2.700,2.641,1093079,1190892,1407084,2.850,2.480,2.850,2.480,closed,,tencent_newfqkline
2026-03-30,000727,冠捷科技,SZ,bfq,2.640,2.700,2.550,2.690,2.680,0.010,0.37,5.60,1242743,124274300,32452.13,324521300.00,2.74,2.700,2.704,2.702,2.642,1043760,1160144,1410474,2.850,2.480,2.850,2.480,closed,,tencent_newfqkline
2026-03-31,000727,冠捷科技,SZ,bfq,2.670,2.690,2.590,2.600,2.690,-0.090,-3.35,3.72,795997,79599700,20986.07,209860700.00,1.76,2.678,2.690,2.705,2.642,959291,1109838,1386156,2.850,2.480,2.850,2.480,closed,,tencent_newfqkline
2026-04-01,000727,冠捷科技,SZ,bfq,2.670,2.770,2.620,2.650,2.600,0.050,1.92,5.77,1137907,113790700,30535.17,305351700.00,2.51,2.658,2.678,2.714,2.643,987278,1116103,1402007,2.850,2.550,2.850,2.480,closed,,tencent_newfqkline
2026-04-02,000727,冠捷科技,SZ,bfq,2.640,2.680,2.550,2.560,2.650,-0.090,-3.40,4.91,1136702,113670200,29434.78,294347800.00,2.51,2.636,2.659,2.705,2.643,1014526,1118770,1360312,2.850,2.550,2.850,2.480,closed,,tencent_newfqkline
2026-04-03,000727,冠捷科技,SZ,bfq,2.580,2.590,2.520,2.520,2.560,-0.040,-1.56,2.73,705339,70533900,17896.57,178965700.00,1.56,2.604,2.641,2.696,2.642,1003738,1048408,1230242,2.850,2.520,2.850,2.480,closed,,tencent_newfqkline
2026-04-07,000727,冠捷科技,SZ,bfq,2.530,2.570,2.530,2.560,2.520,0.040,1.59,1.59,492536,49253600,12574.05,125740500.00,1.09,2.578,2.639,2.689,2.642,853696,948728,1161383,2.850,2.520,2.850,2.480,closed,,tencent_newfqkline
2026-04-08,000727,冠捷科技,SZ,bfq,2.610,2.820,2.600,2.820,2.560,0.260,10.16,8.59,2104437,210443700,58191.32,581913200.00,4.65,2.622,2.650,2.692,2.646,1115384,1037338,1189881,2.850,2.520,2.850,2.480,closed,,tencent_newfqkline
2026-04-09,000727,冠捷科技,SZ,bfq,2.840,2.860,2.780,2.810,2.820,-0.010,-0.35,2.84,3221559,322155900,90923.51,909235100.00,7.11,2.654,2.656,2.696,2.649,1532115,1259696,1278615,2.860,2.520,2.860,2.480,closed,,tencent_newfqkline
2026-04-10,000727,冠捷科技,SZ,bfq,2.820,2.880,2.760,2.770,2.810,-0.040,-1.42,4.27,1591200,159120000,44595.23,445952300.00,3.51,2.696,2.666,2.696,2.652,1623014,1318770,1280888,2.880,2.520,2.880,2.480,closed,,tencent_newfqkline
2026-04-13,000727,冠捷科技,SZ,bfq,2.770,2.770,2.710,2.740,2.770,-0.030,-1.08,2.17,1008545,100854500,27656.51,276565100.00,2.23,2.740,2.672,2.695,2.654,1683655,1343696,1267294,2.880,2.520,2.880,2.480,closed,,tencent_newfqkline
2026-04-14,000727,冠捷科技,SZ,bfq,2.760,2.780,2.710,2.750,2.740,0.010,0.36,2.55,1052417,105241700,28941.89,289418900.00,2.32,2.778,2.678,2.691,2.656,1795632,1324664,1242404,2.880,2.520,2.880,2.480,closed,,tencent_newfqkline
2026-04-15,000727,冠捷科技,SZ,bfq,2.750,2.780,2.700,2.700,2.750,-0.050,-1.82,2.91,1225171,122517100,33445.20,334452000.00,2.70,2.754,2.688,2.689,2.655,1619778,1367581,1238710,2.880,2.520,2.880,2.480,closed,,tencent_newfqkline
2026-04-16,000727,冠捷科技,SZ,bfq,2.710,2.750,2.690,2.730,2.700,0.030,1.11,2.22,895354,89535400,24399.19,243991900.00,1.98,2.738,2.696,2.687,2.656,1154537,1343326,1229715,2.880,2.520,2.880,2.480,closed,,tencent_newfqkline
2026-04-17,000727,冠捷科技,SZ,bfq,2.730,2.740,2.700,2.720,2.730,-0.010,-0.37,1.47,808015,80801500,22007.22,220072200.00,1.78,2.728,2.712,2.686,2.656,997900,1310457,1214614,2.880,2.520,2.880,2.480,closed,,tencent_newfqkline
2026-04-20,000727,冠捷科技,SZ,bfq,2.720,2.810,2.710,2.770,2.720,0.050,1.84,3.68,1235305,123530500,34203.70,342037000.00,2.73,2.734,2.737,2.689,2.658,1043252,1363454,1205931,2.880,2.520,2.880,2.480,closed,,tencent_newfqkline
2026-04-21,000727,冠捷科技,SZ,bfq,2.750,2.760,2.660,2.690,2.770,-0.080,-2.89,3.61,1091829,109182900,29371.78,293717800.00,2.41,2.722,2.750,2.695,2.660,1051135,1423383,1186056,2.880,2.520,2.880,2.480,closed,,tencent_newfqkline
2026-04-22,000727,冠捷科技,SZ,bfq,2.680,2.750,2.650,2.740,2.690,0.050,1.86,3.72,980701,98070100,26598.78,265987800.00,2.17,2.730,2.742,2.696,2.662,1002241,1311010,1174174,2.880,2.520,2.880,2.480,closed,,tencent_newfqkline
2026-04-23,000727,冠捷科技,SZ,bfq,2.730,2.770,2.640,2.670,2.740,-0.070,-2.55,4.74,1146318,114631800,30816.88,308168800.00,2.53,2.718,2.728,2.692,2.663,1052434,1103486,1181591,2.880,2.520,2.880,2.480,closed,,tencent_newfqkline
2026-04-24,000727,冠捷科技,SZ,bfq,2.650,2.660,2.580,2.590,2.670,-0.080,-3.00,3.00,941406,94140600,24510.74,245107400.00,2.08,2.692,2.710,2.688,2.663,1079112,1038506,1178638,2.880,2.520,2.880,2.480,closed,,tencent_newfqkline
2026-04-27,000727,冠捷科技,SZ,bfq,2.590,2.700,2.580,2.690,2.590,0.100,3.86,4.63,1139922,113992200,30332.07,303320700.00,2.52,2.676,2.705,2.689,2.664,1060035,1051644,1197670,2.880,2.520,2.880,2.480,closed,,tencent_newfqkline
2026-04-28,000727,冠捷科技,SZ,bfq,2.670,2.700,2.620,2.650,2.690,-0.040,-1.49,2.97,1036997,103699700,27457.60,274576000.00,2.29,2.668,2.695,2.687,2.663,1049069,1050102,1187383,2.880,2.520,2.880,2.480,closed,,tencent_newfqkline
2026-04-29,000727,冠捷科技,SZ,bfq,2.630,2.680,2.590,2.660,2.650,0.010,0.38,3.40,685342,68534200,18238.32,182383200.00,1.51,2.652,2.691,2.689,2.662,989997,996119,1181850,2.880,2.520,2.880,2.480,closed,,tencent_newfqkline
2026-04-30,000727,冠捷科技,SZ,bfq,2.660,2.680,2.620,2.650,2.660,-0.010,-0.38,2.26,705201,70520100,18649.96,186499600.00,1.56,2.648,2.683,2.689,2.662,901774,977104,1160215,2.880,2.520,2.880,2.480,closed,,tencent_newfqkline
2026-05-06,000727,冠捷科技,SZ,bfq,2.680,2.760,2.680,2.740,2.650,0.090,3.40,3.02,1298267,129826700,35490.42,354904200.00,2.87,2.678,2.685,2.699,2.663,973146,1026129,1168293,2.880,2.520,2.880,2.480,closed,,tencent_newfqkline
2026-05-07,000727,冠捷科技,SZ,bfq,2.750,3.010,2.740,2.900,2.740,0.160,5.84,9.85,3882262,388226200,112612.25,1126122500.00,8.57,2.720,2.698,2.718,2.669,1521614,1290824,1327139,3.010,2.530,3.010,2.480,closed,,tencent_newfqkline
2026-05-08,000727,冠捷科技,SZ,bfq,2.890,2.960,2.880,2.930,2.900,0.030,1.03,2.76,2828042,282804200,82509.53,825095300.00,6.24,2.776,2.722,2.736,2.675,1879823,1464446,1443914,3.010,2.580,3.010,2.480,closed,,tencent_newfqkline
2026-05-11,000727,冠捷科技,SZ,bfq,2.930,2.950,2.830,2.850,2.930,-0.080,-2.73,4.10,1523771,152377100,43566.22,435662200.00,3.36,2.814,2.733,2.737,2.681,2047509,1518753,1414881,3.010,2.580,3.010,2.480,closed,,tencent_newfqkline
2026-05-12,000727,冠捷科技,SZ,bfq,2.830,2.940,2.790,2.870,2.850,0.020,0.70,5.26,1592299,159229900,45768.30,457683000.00,3.52,2.858,2.753,2.740,2.686,2224928,1563351,1333418,3.010,2.580,3.010,2.480,closed,,tencent_newfqkline
2026-05-13,000727,冠捷科技,SZ,bfq,2.850,2.880,2.830,2.870,2.870,0.000,0.00,1.74,1042386,104238600,29742.27,297422700.00,2.30,2.884,2.781,2.746,2.691,2173752,1573449,1305978,3.010,2.580,3.010,2.480,closed,,tencent_newfqkline
2026-05-14,000727,冠捷科技,SZ,bfq,2.880,2.890,2.780,2.800,2.870,-0.070,-2.44,3.83,1133057,113305700,31944.98,319449800.00,2.50,2.864,2.792,2.748,2.695,1623911,1572762,1312203,3.010,2.580,3.010,2.480,closed,,tencent_newfqkline
2026-05-15,000727,冠捷科技,SZ,bfq,2.790,2.830,2.700,2.730,2.800,-0.070,-2.50,4.64,1366650,136665000,37422.14,374221400.00,3.02,2.824,2.800,2.748,2.699,1331633,1605728,1327915,3.010,2.580,3.010,2.480,closed,,tencent_newfqkline
2026-05-18,000727,冠捷科技,SZ,bfq,2.710,2.890,2.670,2.850,2.730,0.120,4.40,8.06,1839553,183955300,51627.01,516270100.00,4.06,2.824,2.819,2.755,2.703,1394789,1721149,1358634,3.010,2.580,3.010,2.480,closed,,tencent_newfqkline
2026-05-19,000727,冠捷科技,SZ,bfq,2.860,2.910,2.810,2.870,2.850,0.020,0.70,3.51,1127143,112714300,32122.74,321227400.00,2.49,2.824,2.841,2.762,2.707,1301758,1763343,1370223,3.010,2.580,3.010,2.480,closed,,tencent_newfqkline
2026-05-20,000727,冠捷科技,SZ,bfq,2.840,2.890,2.780,2.880,2.870,0.010,0.35,3.83,1378718,137871800,39295.82,392958200.00,3.04,2.826,2.855,2.770,2.711,1369024,1771388,1398758,3.010,2.580,3.010,2.480,closed,,tencent_newfqkline
2026-05-21,000727,冠捷科技,SZ,bfq,2.940,3.100,2.830,2.840,2.880,-0.040,-1.39,9.38,2899915,289991500,85581.00,855810000.00,6.40,2.834,2.849,2.773,2.716,1722396,1673153,1481989,3.100,2.580,3.100,2.480,intraday,2026-05-21 14:56:57,tencent_newfqkline
