date,source,comment_source,content,mentioned_stocks,mentioned_sectors,value_reason,include_in_logic,note,time,platform,parent_type,parent_title,commenter,parent_id,parent_url,parent_cover,comment_id,comment_time,include_status,sentiment,action_note,value_score,is_selected
2026-05-24,lihongjuan,李红娟群聊 未标注时间,很多时候我们心里要有数，极端的行情，任何模式都会失效。所以这个时候不要怪自己。今天其实也不好说，到底是下跌继续支撑止跌，目前看也只能暂时观察，好的剧本就是开盘低开一部分逐步拉回最好。昨天很多明明k线走的很好的也通杀局破位了，今天可能部分昨天没跌的品种会补跌。所以暂时不忙随意出手，也不要补仓，昨天放量下跌，出货的钱不会一下就回来了，暂时好好处理一下自己手里的票做做高抛低吸吧。众智科技走势还不错，看看吧。,众智科技(301361),,群聊原话已识别股票线索：众智科技(301361)；情绪=bullish。,是,creator=李红娟; source=偶尔心情好发发群聊,,,,,,,,,,,,,,,
2026-05-24,wangduoyu,抖音评论 12:04,精达股份不是一字开盘就进,精达股份(600577),,精达股份(600577) 被提及 7 次，有效评论 7 条，来源 1 个，单视频线索，情绪 中性，当前判断：已进入推荐候选。,是,video_id=7643289331093157553; video_url=https://www.douyin.com/video/7643289331093157553; creator=王多于-股之子; like=23; reply=25; source_type=comment; yeren_signal_id=; parent_comment_text=,12:04,抖音评论,video,新的一周瑟瑟发抖啊#内容过于真实 #股民 #王多于股之子 #vlog十亿流量扶持计划,有我在yk,7643289331093157553,https://www.douyin.com/video/7643289331093157553,,7643304341093532426,12:04,已纳入,中性,自动映射到抖音视频评论池。,9.6,true
2026-05-24,wangduoyu,抖音评论 12:13,吉林碳谷，碳纤维原丝龙头，航天航空，风电，对碳纤维需求放量，一个龙头股市值100亿，有足够的翻倍空间,,,评论热度较高，但暂未自动识别到明确股票线索，保留人工复核。,待确认,video_id=7643289331093157553; video_url=https://www.douyin.com/video/7643289331093157553; creator=王多于-股之子; like=33; reply=16; source_type=comment; yeren_signal_id=; parent_comment_text=,12:13,抖音评论,video,新的一周瑟瑟发抖啊#内容过于真实 #股民 #王多于股之子 #vlog十亿流量扶持计划,北单 北京店,7643289331093157553,https://www.douyin.com/video/7643289331093157553,,7643306737588486922,12:13,待确认,中性,自动映射到抖音视频评论池。,6.2,false
2026-05-24,wangduoyu,抖音评论 15:21,青龙管业，挂 14.3,青龙管业(002457),,青龙管业(002457) 被提及 7 次，有效评论 7 条，来源 1 个，单视频线索，情绪 中性，当前判断：保留观察。,待确认,video_id=7643289331093157553; video_url=https://www.douyin.com/video/7643289331093157553; creator=王多于-股之子; like=12; reply=12; source_type=comment; yeren_signal_id=; parent_comment_text=,15:21,抖音评论,video,新的一周瑟瑟发抖啊#内容过于真实 #股民 #王多于股之子 #vlog十亿流量扶持计划,茶🍵,7643289331093157553,https://www.douyin.com/video/7643289331093157553,,7643355181635830577,15:21,待确认,中性,自动映射到抖音视频评论池。,8.8,false
2026-05-24,wangduoyu,抖音评论 17:09,海星股份开盘跌五个点左右进，然后涨停，记得叫大哥[抠鼻],海星股份(603115),,海星股份(603115) 被提及 1 次，有效评论 1 条，来源 1 个，单视频线索，情绪 谨慎，当前判断：偏风险观察。,否,video_id=7643289331093157553; video_url=https://www.douyin.com/video/7643289331093157553; creator=王多于-股之子; like=8; reply=8; source_type=comment; yeren_signal_id=; parent_comment_text=,17:09,抖音评论,video,新的一周瑟瑟发抖啊#内容过于真实 #股民 #王多于股之子 #vlog十亿流量扶持计划,三七。,7643289331093157553,https://www.douyin.com/video/7643289331093157553,,7643383043881091874,17:09,未纳入,谨慎,自动映射到抖音视频评论池。,5.9,false
2026-05-24,wangduoyu,抖音评论 11:11,再升科技继续。,再升科技(603601),,再升科技(603601) 被提及 7 次，有效评论 7 条，来源 1 个，单视频线索，情绪 中性，当前判断：已进入推荐候选。,是,video_id=7643289331093157553; video_url=https://www.douyin.com/video/7643289331093157553; creator=王多于-股之子; like=7; reply=11; source_type=comment; yeren_signal_id=; parent_comment_text=,11:11,抖音评论,video,新的一周瑟瑟发抖啊#内容过于真实 #股民 #王多于股之子 #vlog十亿流量扶持计划,""" 依心而行",7643289331093157553,https://www.douyin.com/video/7643289331093157553,,7643290684769895205,11:11,已纳入,中性,自动映射到抖音视频评论池。,9.6,true
2026-05-24,wangduoyu,抖音评论 13:07,博云新材，周五2个点多25.35左右买入的,博云新材(002297),,博云新材(002297) 被提及 5 次，有效评论 5 条，来源 1 个，单视频线索，情绪 看多，当前判断：保留观察。,待确认,video_id=7643289331093157553; video_url=https://www.douyin.com/video/7643289331093157553; creator=王多于-股之子; like=3; reply=7; source_type=comment; yeren_signal_id=; parent_comment_text=,13:07,抖音评论,video,新的一周瑟瑟发抖啊#内容过于真实 #股民 #王多于股之子 #vlog十亿流量扶持计划,叶子的回忆,7643289331093157553,https://www.douyin.com/video/7643289331093157553,,7643320633522209588,13:07,待确认,看多,自动映射到抖音视频评论池。,8.1,false
2026-05-24,wangduoyu,抖音评论 16:17,鼎泰高科，记得给我发特产,鼎泰高科(301377),,鼎泰高科(301377) 被提及 1 次，有效评论 1 条，来源 1 个，单视频线索，情绪 中性，当前判断：保留观察。,待确认,video_id=7643289331093157553; video_url=https://www.douyin.com/video/7643289331093157553; creator=王多于-股之子; like=1; reply=3; source_type=comment; yeren_signal_id=; parent_comment_text=,16:17,抖音评论,video,新的一周瑟瑟发抖啊#内容过于真实 #股民 #王多于股之子 #vlog十亿流量扶持计划,火木,7643289331093157553,https://www.douyin.com/video/7643289331093157553,,7643369427648906020,16:17,待确认,中性,自动映射到抖音视频评论池。,6.4,false
2026-05-24,wangduoyu,抖音评论 13:15,青龙管业  我要特产,青龙管业(002457),,青龙管业(002457) 被提及 7 次，有效评论 7 条，来源 1 个，单视频线索，情绪 中性，当前判断：保留观察。,待确认,video_id=7643289331093157553; video_url=https://www.douyin.com/video/7643289331093157553; creator=王多于-股之子; like=4; reply=9; source_type=comment; yeren_signal_id=; parent_comment_text=,13:15,抖音评论,video,新的一周瑟瑟发抖啊#内容过于真实 #股民 #王多于股之子 #vlog十亿流量扶持计划,moi,7643289331093157553,https://www.douyin.com/video/7643289331093157553,,7643322684054553381,13:15,待确认,中性,自动映射到抖音视频评论池。,8.8,false
2026-05-24,wangduoyu,抖音评论 16:58,风华高科,风华高科(000636),,风华高科(000636) 被提及 5 次，有效评论 5 条，来源 1 个，单视频线索，情绪 中性，当前判断：保留观察。,待确认,video_id=7643289331093157553; video_url=https://www.douyin.com/video/7643289331093157553; creator=王多于-股之子; like=0; reply=0; source_type=comment; yeren_signal_id=; parent_comment_text=,16:58,抖音评论,video,新的一周瑟瑟发抖啊#内容过于真实 #股民 #王多于股之子 #vlog十亿流量扶持计划,东南圣地,7643289331093157553,https://www.douyin.com/video/7643289331093157553,,7643380055477420858,16:58,待确认,中性,自动映射到抖音视频评论池。,8.1,false
2026-05-24,wangduoyu,抖音评论 11:44,中恒电气,中恒电气(002364),,中恒电气(002364) 被提及 1 次，有效评论 1 条，来源 1 个，单视频线索，情绪 中性，当前判断：保留观察。,待确认,video_id=7643289331093157553; video_url=https://www.douyin.com/video/7643289331093157553; creator=王多于-股之子; like=3; reply=3; source_type=comment; yeren_signal_id=; parent_comment_text=,11:44,抖音评论,video,新的一周瑟瑟发抖啊#内容过于真实 #股民 #王多于股之子 #vlog十亿流量扶持计划,十八岁、💋,7643289331093157553,https://www.douyin.com/video/7643289331093157553,,7643299264727139114,11:44,待确认,中性,自动映射到抖音视频评论池。,6.4,false
2026-05-24,wangduoyu,抖音评论 17:19,探路者20cm涨停 然后出新公告[呲牙],探路者(300005),,探路者(300005) 被提及 1 次，有效评论 1 条，来源 1 个，单视频线索，情绪 看多，当前判断：保留观察。,待确认,video_id=7643289331093157553; video_url=https://www.douyin.com/video/7643289331093157553; creator=王多于-股之子; like=1; reply=1; source_type=comment; yeren_signal_id=; parent_comment_text=,17:19,抖音评论,video,新的一周瑟瑟发抖啊#内容过于真实 #股民 #王多于股之子 #vlog十亿流量扶持计划,旧景旧曾谙,7643289331093157553,https://www.douyin.com/video/7643289331093157553,,7643385459778831141,17:19,待确认,看多,自动映射到抖音视频评论池。,6.4,false
2026-05-24,wangduoyu,抖音评论 11:50,巨轮智能,巨轮智能(002031),,巨轮智能(002031) 被提及 1 次，有效评论 1 条，来源 1 个，单视频线索，情绪 中性，当前判断：保留观察。,待确认,video_id=7643289331093157553; video_url=https://www.douyin.com/video/7643289331093157553; creator=王多于-股之子; like=3; reply=2; source_type=comment; yeren_signal_id=; parent_comment_text=,11:50,抖音评论,video,新的一周瑟瑟发抖啊#内容过于真实 #股民 #王多于股之子 #vlog十亿流量扶持计划,祖国统一.,7643289331093157553,https://www.douyin.com/video/7643289331093157553,,7643300660641088293,11:50,待确认,中性,自动映射到抖音视频评论池。,6.4,false
2026-05-24,wangduoyu,抖音评论 15:10,达实智能 龙头选手应该跟我审美一样 韭菜这个位置不敢买说了也没用[赞],达实智能(002421),,达实智能(002421) 被提及 1 次，有效评论 1 条，来源 1 个，单视频线索，情绪 看多，当前判断：保留观察。,待确认,video_id=7643289331093157553; video_url=https://www.douyin.com/video/7643289331093157553; creator=王多于-股之子; like=7; reply=13; source_type=comment; yeren_signal_id=; parent_comment_text=,15:10,抖音评论,video,新的一周瑟瑟发抖啊#内容过于真实 #股民 #王多于股之子 #vlog十亿流量扶持计划,沂,7643289331093157553,https://www.douyin.com/video/7643289331093157553,,7643352148994933540,15:10,待确认,看多,自动映射到抖音视频评论池。,6.4,false
2026-05-24,wangduoyu,抖音评论 17:33,实达 登梯子,,,,否,video_id=7643289331093157553; video_url=https://www.douyin.com/video/7643289331093157553; creator=王多于-股之子; like=0; reply=0; source_type=comment; yeren_signal_id=; parent_comment_text=,17:33,抖音评论,video,新的一周瑟瑟发抖啊#内容过于真实 #股民 #王多于股之子 #vlog十亿流量扶持计划,饱鱼,7643289331093157553,https://www.douyin.com/video/7643289331093157553,,7643389224750449443,17:33,未纳入,中性,自动映射到抖音视频评论池。,,false
2026-05-24,wangduoyu,抖音评论 11:34,方正电机,方正电机(002196),,方正电机(002196) 被提及 1 次，有效评论 1 条，来源 1 个，单视频线索，情绪 中性，当前判断：保留观察。,待确认,video_id=7643289331093157553; video_url=https://www.douyin.com/video/7643289331093157553; creator=王多于-股之子; like=3; reply=7; source_type=comment; yeren_signal_id=; parent_comment_text=,11:34,抖音评论,video,新的一周瑟瑟发抖啊#内容过于真实 #股民 #王多于股之子 #vlog十亿流量扶持计划,￥123456789,7643289331093157553,https://www.douyin.com/video/7643289331093157553,,7643296536307401472,11:34,待确认,中性,自动映射到抖音视频评论池。,6.4,false
2026-05-24,wangduoyu,抖音评论 15:56,盈方微拿住,盈方微(000670),,盈方微(000670) 被提及 1 次，有效评论 1 条，来源 1 个，单视频线索，情绪 看多，当前判断：保留观察。,待确认,video_id=7643289331093157553; video_url=https://www.douyin.com/video/7643289331093157553; creator=王多于-股之子; like=0; reply=0; source_type=comment; yeren_signal_id=; parent_comment_text=,15:56,抖音评论,video,新的一周瑟瑟发抖啊#内容过于真实 #股民 #王多于股之子 #vlog十亿流量扶持计划,萨萨萨🎷,7643289331093157553,https://www.douyin.com/video/7643289331093157553,,7643364216455365426,15:56,待确认,看多,自动映射到抖音视频评论池。,6.4,false
2026-05-24,wangduoyu,抖音评论 14:32,冰轮环境,冰轮环境(000811),,冰轮环境(000811) 被提及 1 次，有效评论 1 条，来源 1 个，单视频线索，情绪 中性，当前判断：保留观察。,待确认,video_id=7643289331093157553; video_url=https://www.douyin.com/video/7643289331093157553; creator=王多于-股之子; like=1; reply=0; source_type=comment; yeren_signal_id=; parent_comment_text=,14:32,抖音评论,video,新的一周瑟瑟发抖啊#内容过于真实 #股民 #王多于股之子 #vlog十亿流量扶持计划,阳了个阳,7643289331093157553,https://www.douyin.com/video/7643289331093157553,,7643342595145909029,14:32,待确认,中性,自动映射到抖音视频评论池。,6.4,false
2026-05-24,wangduoyu,抖音评论 17:06,协和电子有人看好吗,协和电子(605258),,协和电子(605258) 被提及 1 次，有效评论 1 条，来源 1 个，单视频线索，情绪 中性，当前判断：保留观察。,待确认,video_id=7643289331093157553; video_url=https://www.douyin.com/video/7643289331093157553; creator=王多于-股之子; like=0; reply=0; source_type=comment; yeren_signal_id=; parent_comment_text=,17:06,抖音评论,video,新的一周瑟瑟发抖啊#内容过于真实 #股民 #王多于股之子 #vlog十亿流量扶持计划,哥很帅,7643289331093157553,https://www.douyin.com/video/7643289331093157553,,7643382161400070970,17:06,待确认,中性,自动映射到抖音视频评论池。,6.4,false
2026-05-24,wangduoyu,抖音评论 12:22,长电，拿到150,,,评论热度较高，但暂未自动识别到明确股票线索，保留人工复核。,待确认,video_id=7643289331093157553; video_url=https://www.douyin.com/video/7643289331093157553; creator=王多于-股之子; like=2; reply=6; source_type=comment; yeren_signal_id=; parent_comment_text=,12:22,抖音评论,video,新的一周瑟瑟发抖啊#内容过于真实 #股民 #王多于股之子 #vlog十亿流量扶持计划,飞v哥,7643289331093157553,https://www.douyin.com/video/7643289331093157553,,7643308917213266723,12:22,待确认,中性,自动映射到抖音视频评论池。,6.2,false
2026-05-24,wangduoyu,抖音评论 17:32,中航光电,中航光电(002179),,中航光电(002179) 被提及 1 次，有效评论 1 条，来源 1 个，单视频线索，情绪 中性，当前判断：保留观察。,待确认,video_id=7643289331093157553; video_url=https://www.douyin.com/video/7643289331093157553; creator=王多于-股之子; like=0; reply=0; source_type=comment; yeren_signal_id=; parent_comment_text=,17:32,抖音评论,video,新的一周瑟瑟发抖啊#内容过于真实 #股民 #王多于股之子 #vlog十亿流量扶持计划,坑死个人,7643289331093157553,https://www.douyin.com/video/7643289331093157553,,7643388892926542601,17:32,待确认,中性,自动映射到抖音视频评论池。,6.4,false
2026-05-24,wangduoyu,抖音评论 17:33,飞亚达 我要上榜,飞亚达(000026),,飞亚达(000026) 被提及 3 次，有效评论 3 条，来源 1 个，单视频线索，情绪 中性，当前判断：保留观察。,待确认,video_id=7643289331093157553; video_url=https://www.douyin.com/video/7643289331093157553; creator=王多于-股之子; like=0; reply=0; source_type=comment; yeren_signal_id=; parent_comment_text=,17:33,抖音评论,video,新的一周瑟瑟发抖啊#内容过于真实 #股民 #王多于股之子 #vlog十亿流量扶持计划,铁北宋慧乔🌻,7643289331093157553,https://www.douyin.com/video/7643289331093157553,,7643389106496389945,17:33,待确认,中性,自动映射到抖音视频评论池。,7.2,false
2026-05-24,wangduoyu,抖音评论 13:20,莲花,,,,否,video_id=7643289331093157553; video_url=https://www.douyin.com/video/7643289331093157553; creator=王多于-股之子; like=1; reply=2; source_type=comment; yeren_signal_id=; parent_comment_text=,13:20,抖音评论,video,新的一周瑟瑟发抖啊#内容过于真实 #股民 #王多于股之子 #vlog十亿流量扶持计划,瘦成闪电⚡️,7643289331093157553,https://www.douyin.com/video/7643289331093157553,,7643323918456144689,13:20,未纳入,中性,自动映射到抖音视频评论池。,,false
2026-05-24,wangduoyu,抖音评论 15:21,王力安防，桂林旅游，平潭发展，怎么办。感谢感谢,平潭发展(000592);桂林旅游(000978);王力安防(605268),林业;福建自贸区,平潭发展(000592) 被提及 1 次，有效评论 1 条，来源 1 个，单视频线索，情绪 中性，当前判断：保留观察。；桂林旅游(000978) 被提及 1 次，有效评论 1 条，来源 1 个，单视频线索，情绪 中性，当前判断：保留观察。；王力安防(605268) 被提及 1 次，有效评论 1 条，来源 1 个，单视频线索，情绪 中性，当前判断：保留观察。,待确认,video_id=7643289331093157553; video_url=https://www.douyin.com/video/7643289331093157553; creator=王多于-股之子; like=1; reply=2; source_type=comment; yeren_signal_id=; parent_comment_text=,15:21,抖音评论,video,新的一周瑟瑟发抖啊#内容过于真实 #股民 #王多于股之子 #vlog十亿流量扶持计划,用抖音看世界,7643289331093157553,https://www.douyin.com/video/7643289331093157553,,7643355155551667002,15:21,待确认,中性,自动映射到抖音视频评论池。,6.4,false
2026-05-24,wangduoyu,抖音评论 14:10,立讯精密,立讯精密(002475),,立讯精密(002475) 被提及 1 次，有效评论 1 条，来源 1 个，单视频线索，情绪 中性，当前判断：保留观察。,待确认,video_id=7643289331093157553; video_url=https://www.douyin.com/video/7643289331093157553; creator=王多于-股之子; like=0; reply=0; source_type=comment; yeren_signal_id=; parent_comment_text=,14:10,抖音评论,video,新的一周瑟瑟发抖啊#内容过于真实 #股民 #王多于股之子 #vlog十亿流量扶持计划,🥀爱财ꦿᩚ᭄💞爱已ꦿᩚ᭄এ🕊️,7643289331093157553,https://www.douyin.com/video/7643289331093157553,,7643336755478889265,14:10,待确认,中性,自动映射到抖音视频评论池。,6.4,false
2026-05-24,wangduoyu,抖音评论 15:31,宁波韵升有没希望？,宁波韵升(600366),,宁波韵升(600366) 被提及 1 次，有效评论 1 条，来源 1 个，单视频线索，情绪 中性，当前判断：保留观察。,待确认,video_id=7643289331093157553; video_url=https://www.douyin.com/video/7643289331093157553; creator=王多于-股之子; like=0; reply=0; source_type=comment; yeren_signal_id=; parent_comment_text=,15:31,抖音评论,video,新的一周瑟瑟发抖啊#内容过于真实 #股民 #王多于股之子 #vlog十亿流量扶持计划,阿政,7643289331093157553,https://www.douyin.com/video/7643289331093157553,,7643357603570385723,15:31,待确认,中性,自动映射到抖音视频评论池。,6.4,false
2026-05-24,wangduoyu,抖音评论 16:08,联创没人提[泣不成声],,,,否,video_id=7643289331093157553; video_url=https://www.douyin.com/video/7643289331093157553; creator=王多于-股之子; like=0; reply=0; source_type=comment; yeren_signal_id=; parent_comment_text=,16:08,抖音评论,video,新的一周瑟瑟发抖啊#内容过于真实 #股民 #王多于股之子 #vlog十亿流量扶持计划,唔多讲🔥,7643289331093157553,https://www.douyin.com/video/7643289331093157553,,7643367236447765302,16:08,未纳入,中性,自动映射到抖音视频评论池。,,false
2026-05-24,wangduoyu,抖音评论 11:38,[图片表情],,,,否,video_id=7643289331093157553; video_url=https://www.douyin.com/video/7643289331093157553; creator=王多于-股之子; like=4; reply=3; source_type=comment; yeren_signal_id=; parent_comment_text=,11:38,抖音评论,video,新的一周瑟瑟发抖啊#内容过于真实 #股民 #王多于股之子 #vlog十亿流量扶持计划,sy的小猪,7643289331093157553,https://www.douyin.com/video/7643289331093157553,,7643297528721244928,11:38,未纳入,中性,自动映射到抖音视频评论池。,,false
2026-05-24,wangduoyu,抖音评论 11:17,伯特利,伯特利(603596),,伯特利(603596) 被提及 1 次，有效评论 1 条，来源 1 个，单视频线索，情绪 中性，当前判断：保留观察。,待确认,video_id=7643289331093157553; video_url=https://www.douyin.com/video/7643289331093157553; creator=王多于-股之子; like=2; reply=0; source_type=comment; yeren_signal_id=; parent_comment_text=,11:17,抖音评论,video,新的一周瑟瑟发抖啊#内容过于真实 #股民 #王多于股之子 #vlog十亿流量扶持计划,清风拂山岗,7643289331093157553,https://www.douyin.com/video/7643289331093157553,,7643292160406160177,11:17,待确认,中性,自动映射到抖音视频评论池。,6.4,false
2026-05-24,wangduoyu,抖音评论 13:21,中国长城 妖股,中国长城(000066),,中国长城(000066) 被提及 2 次，有效评论 2 条，来源 1 个，单视频线索，情绪 中性，当前判断：已进入推荐候选。,是,video_id=7643289331093157553; video_url=https://www.douyin.com/video/7643289331093157553; creator=王多于-股之子; like=2; reply=0; source_type=comment; yeren_signal_id=; parent_comment_text=,13:21,抖音评论,video,新的一周瑟瑟发抖啊#内容过于真实 #股民 #王多于股之子 #vlog十亿流量扶持计划,小崔和小祝,7643289331093157553,https://www.douyin.com/video/7643289331093157553,,7643324052283605775,13:21,已纳入,中性,自动映射到抖音视频评论池。,7.7,true
2026-05-24,wangduoyu,抖音评论 16:31,SHCD,,,,否,video_id=7643289331093157553; video_url=https://www.douyin.com/video/7643289331093157553; creator=王多于-股之子; like=0; reply=0; source_type=comment; yeren_signal_id=; parent_comment_text=,16:31,抖音评论,video,新的一周瑟瑟发抖啊#内容过于真实 #股民 #王多于股之子 #vlog十亿流量扶持计划,把果子装满口袋,7643289331093157553,https://www.douyin.com/video/7643289331093157553,,7643373104685810481,16:31,未纳入,中性,自动映射到抖音视频评论池。,,false
2026-05-24,wangduoyu,抖音评论 17:32,深科技 会怎样,深科技(000021),,深科技(000021) 被提及 2 次，有效评论 2 条，来源 1 个，单视频线索，情绪 看多，当前判断：已进入推荐候选。,是,video_id=7643289331093157553; video_url=https://www.douyin.com/video/7643289331093157553; creator=王多于-股之子; like=0; reply=0; source_type=comment; yeren_signal_id=; parent_comment_text=,17:32,抖音评论,video,新的一周瑟瑟发抖啊#内容过于真实 #股民 #王多于股之子 #vlog十亿流量扶持计划,康立乐_Aoliruisi$冯志林,7643289331093157553,https://www.douyin.com/video/7643289331093157553,,7643388855727096617,17:32,已纳入,看多,自动映射到抖音视频评论池。,7.7,true
2026-05-24,wangduoyu,抖音评论 17:31,飞亚达，我要特产,飞亚达(000026),,飞亚达(000026) 被提及 3 次，有效评论 3 条，来源 1 个，单视频线索，情绪 中性，当前判断：保留观察。,待确认,video_id=7643289331093157553; video_url=https://www.douyin.com/video/7643289331093157553; creator=王多于-股之子; like=0; reply=1; source_type=comment; yeren_signal_id=; parent_comment_text=,17:31,抖音评论,video,新的一周瑟瑟发抖啊#内容过于真实 #股民 #王多于股之子 #vlog十亿流量扶持计划,裴守约,7643289331093157553,https://www.douyin.com/video/7643289331093157553,,7643388521935848229,17:31,待确认,中性,自动映射到抖音视频评论池。,7.2,false
2026-05-24,wangduoyu,抖音评论 17:28,甘肃能源，拿好,甘肃能源(000791),,甘肃能源(000791) 被提及 1 次，有效评论 1 条，来源 1 个，单视频线索，情绪 看多，当前判断：保留观察。,待确认,video_id=7643289331093157553; video_url=https://www.douyin.com/video/7643289331093157553; creator=王多于-股之子; like=0; reply=0; source_type=comment; yeren_signal_id=; parent_comment_text=,17:28,抖音评论,video,新的一周瑟瑟发抖啊#内容过于真实 #股民 #王多于股之子 #vlog十亿流量扶持计划,王杰,7643289331093157553,https://www.douyin.com/video/7643289331093157553,,7643387911153124122,17:28,待确认,看多,自动映射到抖音视频评论池。,6.4,false
2026-05-24,wangduoyu,抖音评论 17:27,海得全仓猛干0风险,,,,否,video_id=7643289331093157553; video_url=https://www.douyin.com/video/7643289331093157553; creator=王多于-股之子; like=0; reply=0; source_type=comment; yeren_signal_id=; parent_comment_text=,17:27,抖音评论,video,新的一周瑟瑟发抖啊#内容过于真实 #股民 #王多于股之子 #vlog十亿流量扶持计划,句容烫发染发（托尼胡）,7643289331093157553,https://www.douyin.com/video/7643289331093157553,,7643387701433959217,17:27,未纳入,中性,自动映射到抖音视频评论池。,,false
2026-05-24,wangduoyu,抖音评论 17:27,四环,,,,否,video_id=7643289331093157553; video_url=https://www.douyin.com/video/7643289331093157553; creator=王多于-股之子; like=0; reply=0; source_type=comment; yeren_signal_id=; parent_comment_text=,17:27,抖音评论,video,新的一周瑟瑟发抖啊#内容过于真实 #股民 #王多于股之子 #vlog十亿流量扶持计划,古镇,7643289331093157553,https://www.douyin.com/video/7643289331093157553,,7643387532206899994,17:27,未纳入,中性,自动映射到抖音视频评论池。,,false
2026-05-24,wangduoyu,抖音评论 17:26,中科曙光[OK][捂脸]懒得说了爱信不信,中科曙光(603019),,中科曙光(603019) 被提及 1 次，有效评论 1 条，来源 1 个，单视频线索，情绪 中性，当前判断：保留观察。,待确认,video_id=7643289331093157553; video_url=https://www.douyin.com/video/7643289331093157553; creator=王多于-股之子; like=0; reply=0; source_type=comment; yeren_signal_id=; parent_comment_text=,17:26,抖音评论,video,新的一周瑟瑟发抖啊#内容过于真实 #股民 #王多于股之子 #vlog十亿流量扶持计划,￴ ￴ ￴￴ ￴ ￴ ￴,7643289331093157553,https://www.douyin.com/video/7643289331093157553,,7643387326551802639,17:26,待确认,中性,自动映射到抖音视频评论池。,6.4,false
2026-05-24,wangduoyu,抖音评论 17:17,蔚蓝锂芯[吃瓜群众],蔚蓝锂芯(002245),,蔚蓝锂芯(002245) 被提及 1 次，有效评论 1 条，来源 1 个，单视频线索，情绪 中性，当前判断：保留观察。,待确认,video_id=7643289331093157553; video_url=https://www.douyin.com/video/7643289331093157553; creator=王多于-股之子; like=0; reply=0; source_type=comment; yeren_signal_id=; parent_comment_text=,17:17,抖音评论,video,新的一周瑟瑟发抖啊#内容过于真实 #股民 #王多于股之子 #vlog十亿流量扶持计划,端茶倒水的武则天,7643289331093157553,https://www.douyin.com/video/7643289331093157553,,7643384954457473798,17:17,待确认,中性,自动映射到抖音视频评论池。,6.4,false
2026-05-24,wangduoyu,抖音评论 17:13,再升科技,再升科技(603601),,再升科技(603601) 被提及 7 次，有效评论 7 条，来源 1 个，单视频线索，情绪 中性，当前判断：已进入推荐候选。,是,video_id=7643289331093157553; video_url=https://www.douyin.com/video/7643289331093157553; creator=王多于-股之子; like=0; reply=0; source_type=comment; yeren_signal_id=; parent_comment_text=,17:13,抖音评论,video,新的一周瑟瑟发抖啊#内容过于真实 #股民 #王多于股之子 #vlog十亿流量扶持计划,小方,7643289331093157553,https://www.douyin.com/video/7643289331093157553,,7643384024735580963,17:13,已纳入,中性,自动映射到抖音视频评论池。,9.6,true
2026-05-24,wangduoyu,抖音评论 17:08,脑机[看],,,,否,video_id=7643289331093157553; video_url=https://www.douyin.com/video/7643289331093157553; creator=王多于-股之子; like=0; reply=0; source_type=comment; yeren_signal_id=; parent_comment_text=,17:08,抖音评论,video,新的一周瑟瑟发抖啊#内容过于真实 #股民 #王多于股之子 #vlog十亿流量扶持计划,豪庭门窗,7643289331093157553,https://www.douyin.com/video/7643289331093157553,,7643382658446689081,17:08,未纳入,中性,自动映射到抖音视频评论池。,,false
2026-05-24,wangduoyu,抖音评论 17:07,世界杯二波,,,,否,video_id=7643289331093157553; video_url=https://www.douyin.com/video/7643289331093157553; creator=王多于-股之子; like=0; reply=0; source_type=comment; yeren_signal_id=; parent_comment_text=,17:07,抖音评论,video,新的一周瑟瑟发抖啊#内容过于真实 #股民 #王多于股之子 #vlog十亿流量扶持计划,穆,7643289331093157553,https://www.douyin.com/video/7643289331093157553,,7643382375661372217,17:07,未纳入,中性,自动映射到抖音视频评论池。,,false
2026-05-24,wangduoyu,抖音评论 17:07,太极实业,太极实业(600667),,太极实业(600667) 被提及 1 次，有效评论 1 条，来源 1 个，单视频线索，情绪 中性，当前判断：保留观察。,待确认,video_id=7643289331093157553; video_url=https://www.douyin.com/video/7643289331093157553; creator=王多于-股之子; like=0; reply=0; source_type=comment; yeren_signal_id=; parent_comment_text=,17:07,抖音评论,video,新的一周瑟瑟发抖啊#内容过于真实 #股民 #王多于股之子 #vlog十亿流量扶持计划,星河长明,7643289331093157553,https://www.douyin.com/video/7643289331093157553,,7643382349387809579,17:07,待确认,中性,自动映射到抖音视频评论池。,6.4,false
2026-05-24,wangduoyu,抖音评论 17:06,华电开始了 抓紧进,,,,否,video_id=7643289331093157553; video_url=https://www.douyin.com/video/7643289331093157553; creator=王多于-股之子; like=0; reply=0; source_type=comment; yeren_signal_id=; parent_comment_text=,17:06,抖音评论,video,新的一周瑟瑟发抖啊#内容过于真实 #股民 #王多于股之子 #vlog十亿流量扶持计划,一勺料汁,7643289331093157553,https://www.douyin.com/video/7643289331093157553,,7643382160263693107,17:06,未纳入,中性,自动映射到抖音视频评论池。,,false
2026-05-24,wangduoyu,抖音评论 17:05,京东方,,,,否,video_id=7643289331093157553; video_url=https://www.douyin.com/video/7643289331093157553; creator=王多于-股之子; like=0; reply=0; source_type=comment; yeren_signal_id=; parent_comment_text=,17:05,抖音评论,video,新的一周瑟瑟发抖啊#内容过于真实 #股民 #王多于股之子 #vlog十亿流量扶持计划,开心就好1993,7643289331093157553,https://www.douyin.com/video/7643289331093157553,,7643382005681537849,17:05,未纳入,中性,自动映射到抖音视频评论池。,,false
2026-05-24,wangduoyu,抖音评论 17:04,京泉华，你错过了一个亿,京泉华(002885),,京泉华(002885) 被提及 1 次，有效评论 1 条，来源 1 个，单视频线索，情绪 中性，当前判断：保留观察。,待确认,video_id=7643289331093157553; video_url=https://www.douyin.com/video/7643289331093157553; creator=王多于-股之子; like=0; reply=0; source_type=comment; yeren_signal_id=; parent_comment_text=,17:04,抖音评论,video,新的一周瑟瑟发抖啊#内容过于真实 #股民 #王多于股之子 #vlog十亿流量扶持计划,悟空喔,7643289331093157553,https://www.douyin.com/video/7643289331093157553,,7643381563825636145,17:04,待确认,中性,自动映射到抖音视频评论池。,6.4,false
2026-05-24,wangduoyu,抖音评论 17:03,利欧，浙文，最低点,,,,否,video_id=7643289331093157553; video_url=https://www.douyin.com/video/7643289331093157553; creator=王多于-股之子; like=0; reply=0; source_type=comment; yeren_signal_id=; parent_comment_text=,17:03,抖音评论,video,新的一周瑟瑟发抖啊#内容过于真实 #股民 #王多于股之子 #vlog十亿流量扶持计划,朗格里格朗,7643289331093157553,https://www.douyin.com/video/7643289331093157553,,7643381482891920186,17:03,未纳入,中性,自动映射到抖音视频评论池。,,false
2026-05-24,wangduoyu,抖音评论 17:03,国瓷,,,,否,video_id=7643289331093157553; video_url=https://www.douyin.com/video/7643289331093157553; creator=王多于-股之子; like=0; reply=0; source_type=comment; yeren_signal_id=; parent_comment_text=,17:03,抖音评论,video,新的一周瑟瑟发抖啊#内容过于真实 #股民 #王多于股之子 #vlog十亿流量扶持计划,moon陪着大胖萱儿,7643289331093157553,https://www.douyin.com/video/7643289331093157553,,7643381434148930338,17:03,未纳入,中性,自动映射到抖音视频评论池。,,false
2026-05-24,wangduoyu,抖音评论 17:02,金田,,,,否,video_id=7643289331093157553; video_url=https://www.douyin.com/video/7643289331093157553; creator=王多于-股之子; like=0; reply=0; source_type=comment; yeren_signal_id=; parent_comment_text=,17:02,抖音评论,video,新的一周瑟瑟发抖啊#内容过于真实 #股民 #王多于股之子 #vlog十亿流量扶持计划,爱你哦,7643289331093157553,https://www.douyin.com/video/7643289331093157553,,7643381202847105829,17:02,未纳入,中性,自动映射到抖音视频评论池。,,false
2026-05-24,wangduoyu,抖音评论 17:02,东方明珠，你都不一定能买到,东方明珠(600637);东方明珠(600832),,东方明珠(600637) 被提及 3 次，有效评论 3 条，来源 1 个，单视频线索，情绪 中性，当前判断：已进入推荐候选。；东方明珠(600832) 被提及 3 次，有效评论 3 条，来源 1 个，单视频线索，情绪 中性，当前判断：保留观察。,是,video_id=7643289331093157553; video_url=https://www.douyin.com/video/7643289331093157553; creator=王多于-股之子; like=0; reply=0; source_type=comment; yeren_signal_id=; parent_comment_text=,17:02,抖音评论,video,新的一周瑟瑟发抖啊#内容过于真实 #股民 #王多于股之子 #vlog十亿流量扶持计划,琳尔希,7643289331093157553,https://www.douyin.com/video/7643289331093157553,,7643381135507325696,17:02,已纳入,中性,自动映射到抖音视频评论池。,8.1,true
2026-05-24,wangduoyu,抖音评论 17:01,比亚迪有没有期望？,比亚迪(002594),,比亚迪(002594) 被提及 1 次，有效评论 1 条，来源 1 个，单视频线索，情绪 中性，当前判断：保留观察。,待确认,video_id=7643289331093157553; video_url=https://www.douyin.com/video/7643289331093157553; creator=王多于-股之子; like=0; reply=0; source_type=comment; yeren_signal_id=; parent_comment_text=,17:01,抖音评论,video,新的一周瑟瑟发抖啊#内容过于真实 #股民 #王多于股之子 #vlog十亿流量扶持计划,做个俗人257,7643289331093157553,https://www.douyin.com/video/7643289331093157553,,7643380952786764607,17:01,待确认,中性,自动映射到抖音视频评论池。,6.4,false
2026-05-24,wangduoyu,抖音评论 17:01,明天大盘大跌,,,,否,video_id=7643289331093157553; video_url=https://www.douyin.com/video/7643289331093157553; creator=王多于-股之子; like=0; reply=0; source_type=comment; yeren_signal_id=; parent_comment_text=,17:01,抖音评论,video,新的一周瑟瑟发抖啊#内容过于真实 #股民 #王多于股之子 #vlog十亿流量扶持计划,KKXXDY,7643289331093157553,https://www.douyin.com/video/7643289331093157553,,7643380855944430373,17:01,未纳入,中性,自动映射到抖音视频评论池。,,false
2026-05-24,wangduoyu,抖音评论 17:02,东方明珠，你都不一定能买到,东方明珠(600637);东方明珠(600832),,东方明珠(600637) 被提及 3 次，有效评论 3 条，来源 1 个，单视频线索，情绪 中性，当前判断：已进入推荐候选。；东方明珠(600832) 被提及 3 次，有效评论 3 条，来源 1 个，单视频线索，情绪 中性，当前判断：保留观察。,是,video_id=7643289331093157553; video_url=https://www.douyin.com/video/7643289331093157553; creator=王多于-股之子; like=0; reply=0; source_type=comment; yeren_signal_id=; parent_comment_text=,17:02,抖音评论,video,新的一周瑟瑟发抖啊#内容过于真实 #股民 #王多于股之子 #vlog十亿流量扶持计划,琳尔希,7643289331093157553,https://www.douyin.com/video/7643289331093157553,,7643381135507325696,17:02,已纳入,中性,自动映射到抖音视频评论池。,8.1,true
2026-05-24,wangduoyu,抖音评论 17:01,比亚迪有没有期望？,比亚迪(002594),,比亚迪(002594) 被提及 1 次，有效评论 1 条，来源 1 个，单视频线索，情绪 中性，当前判断：保留观察。,待确认,video_id=7643289331093157553; video_url=https://www.douyin.com/video/7643289331093157553; creator=王多于-股之子; like=0; reply=0; source_type=comment; yeren_signal_id=; parent_comment_text=,17:01,抖音评论,video,新的一周瑟瑟发抖啊#内容过于真实 #股民 #王多于股之子 #vlog十亿流量扶持计划,做个俗人257,7643289331093157553,https://www.douyin.com/video/7643289331093157553,,7643380952786764607,17:01,待确认,中性,自动映射到抖音视频评论池。,6.4,false
2026-05-24,wangduoyu,抖音评论 17:01,明天大盘大跌,,,,否,video_id=7643289331093157553; video_url=https://www.douyin.com/video/7643289331093157553; creator=王多于-股之子; like=0; reply=0; source_type=comment; yeren_signal_id=; parent_comment_text=,17:01,抖音评论,video,新的一周瑟瑟发抖啊#内容过于真实 #股民 #王多于股之子 #vlog十亿流量扶持计划,KKXXDY,7643289331093157553,https://www.douyin.com/video/7643289331093157553,,7643380855944430373,17:01,未纳入,中性,自动映射到抖音视频评论池。,,false
2026-05-24,wangduoyu,抖音评论 16:59,东方明珠,东方明珠(600637);东方明珠(600832),,东方明珠(600637) 被提及 3 次，有效评论 3 条，来源 1 个，单视频线索，情绪 中性，当前判断：已进入推荐候选。；东方明珠(600832) 被提及 3 次，有效评论 3 条，来源 1 个，单视频线索，情绪 中性，当前判断：保留观察。,是,video_id=7643289331093157553; video_url=https://www.douyin.com/video/7643289331093157553; creator=王多于-股之子; like=0; reply=0; source_type=comment; yeren_signal_id=; parent_comment_text=,16:59,抖音评论,video,新的一周瑟瑟发抖啊#内容过于真实 #股民 #王多于股之子 #vlog十亿流量扶持计划,柯罗诺斯,7643289331093157553,https://www.douyin.com/video/7643289331093157553,,7643380406314271546,16:59,已纳入,中性,自动映射到抖音视频评论池。,8.1,true
2026-05-24,wangduoyu,抖音评论 16:58,龙星继续,,,,否,video_id=7643289331093157553; video_url=https://www.douyin.com/video/7643289331093157553; creator=王多于-股之子; like=0; reply=0; source_type=comment; yeren_signal_id=; parent_comment_text=,16:58,抖音评论,video,新的一周瑟瑟发抖啊#内容过于真实 #股民 #王多于股之子 #vlog十亿流量扶持计划,简单点,7643289331093157553,https://www.douyin.com/video/7643289331093157553,,7643380167579419449,16:58,未纳入,中性,自动映射到抖音视频评论池。,,false
2026-05-24,wangduoyu,抖音评论 16:57,多福[看],,,,否,video_id=7643289331093157553; video_url=https://www.douyin.com/video/7643289331093157553; creator=王多于-股之子; like=0; reply=0; source_type=comment; yeren_signal_id=; parent_comment_text=,16:57,抖音评论,video,新的一周瑟瑟发抖啊#内容过于真实 #股民 #王多于股之子 #vlog十亿流量扶持计划,赣县手机维修（智芯数码）,7643289331093157553,https://www.douyin.com/video/7643289331093157553,,7643379932709765947,16:57,未纳入,中性,自动映射到抖音视频评论池。,,false
2026-05-24,wangduoyu,抖音评论 16:57,伯特利,,,,否,video_id=7643289331093157553; video_url=https://www.douyin.com/video/7643289331093157553; creator=王多于-股之子; like=0; reply=0; source_type=comment; yeren_signal_id=; parent_comment_text=,16:57,抖音评论,video,新的一周瑟瑟发抖啊#内容过于真实 #股民 #王多于股之子 #vlog十亿流量扶持计划,🌈开摆,7643289331093157553,https://www.douyin.com/video/7643289331093157553,,7643379725498696488,16:57,未纳入,中性,自动映射到抖音视频评论池。,,false
2026-05-24,wangduoyu,抖音评论 16:56,无人驾驶，万集科技,万集科技(300552),,万集科技(300552) 被提及 1 次，有效评论 1 条，来源 1 个，单视频线索，情绪 中性，当前判断：保留观察。,待确认,video_id=7643289331093157553; video_url=https://www.douyin.com/video/7643289331093157553; creator=王多于-股之子; like=0; reply=0; source_type=comment; yeren_signal_id=; parent_comment_text=,16:56,抖音评论,video,新的一周瑟瑟发抖啊#内容过于真实 #股民 #王多于股之子 #vlog十亿流量扶持计划,轻风,7643289331093157553,https://www.douyin.com/video/7643289331093157553,,7643379546549044025,16:56,待确认,中性,自动映射到抖音视频评论池。,6.4,false
2026-05-24,wangduoyu,抖音评论 16:55,mlcc，风华，三环,,,,否,video_id=7643289331093157553; video_url=https://www.douyin.com/video/7643289331093157553; creator=王多于-股之子; like=0; reply=1; source_type=comment; yeren_signal_id=; parent_comment_text=,16:55,抖音评论,video,新的一周瑟瑟发抖啊#内容过于真实 #股民 #王多于股之子 #vlog十亿流量扶持计划,灯火通明,7643289331093157553,https://www.douyin.com/video/7643289331093157553,,7643379437564134178,16:55,未纳入,中性,自动映射到抖音视频评论池。,,false
2026-05-24,wangduoyu,抖音评论 16:53,川润股份[捂脸],川润股份(002272),,川润股份(002272) 被提及 1 次，有效评论 1 条，来源 1 个，单视频线索，情绪 中性，当前判断：保留观察。,待确认,video_id=7643289331093157553; video_url=https://www.douyin.com/video/7643289331093157553; creator=王多于-股之子; like=0; reply=0; source_type=comment; yeren_signal_id=; parent_comment_text=,16:53,抖音评论,video,新的一周瑟瑟发抖啊#内容过于真实 #股民 #王多于股之子 #vlog十亿流量扶持计划,智力王,7643289331093157553,https://www.douyin.com/video/7643289331093157553,,7643378817881834282,16:53,待确认,中性,自动映射到抖音视频评论池。,6.4,false
2026-05-24,wangduoyu,抖音评论 16:53,中天科技有没有插眼的[呲牙],中天科技(600522),,中天科技(600522) 被提及 1 次，有效评论 1 条，来源 1 个，单视频线索，情绪 中性，当前判断：保留观察。,待确认,video_id=7643289331093157553; video_url=https://www.douyin.com/video/7643289331093157553; creator=王多于-股之子; like=3; reply=5; source_type=comment; yeren_signal_id=; parent_comment_text=,16:53,抖音评论,video,新的一周瑟瑟发抖啊#内容过于真实 #股民 #王多于股之子 #vlog十亿流量扶持计划,@小程,7643289331093157553,https://www.douyin.com/video/7643289331093157553,,7643378740940456763,16:53,待确认,中性,自动映射到抖音视频评论池。,6.4,false
2026-05-24,wangduoyu,抖音评论 16:49,"我的参赛作品！！通达
周三前有一个涨停",,,,否,video_id=7643289331093157553; video_url=https://www.douyin.com/video/7643289331093157553; creator=王多于-股之子; like=0; reply=3; source_type=comment; yeren_signal_id=; parent_comment_text=,16:49,抖音评论,video,新的一周瑟瑟发抖啊#内容过于真实 #股民 #王多于股之子 #vlog十亿流量扶持计划,邢台你杰哥浪哩个浪,7643289331093157553,https://www.douyin.com/video/7643289331093157553,,7643377656730682148,16:49,未纳入,中性,自动映射到抖音视频评论池。,,false
2026-05-24,wangduoyu,抖音评论 16:48,下周京东方,,,,否,video_id=7643289331093157553; video_url=https://www.douyin.com/video/7643289331093157553; creator=王多于-股之子; like=0; reply=2; source_type=comment; yeren_signal_id=; parent_comment_text=,16:48,抖音评论,video,新的一周瑟瑟发抖啊#内容过于真实 #股民 #王多于股之子 #vlog十亿流量扶持计划,听劝只吃肉,7643289331093157553,https://www.douyin.com/video/7643289331093157553,,7643377455323202345,16:48,未纳入,中性,自动映射到抖音视频评论池。,,false
2026-05-24,wangduoyu,抖音评论 16:47,小王 看看利通电子,利通电子(603629),,利通电子(603629) 被提及 1 次，有效评论 1 条，来源 1 个，单视频线索，情绪 中性，当前判断：保留观察。,待确认,video_id=7643289331093157553; video_url=https://www.douyin.com/video/7643289331093157553; creator=王多于-股之子; like=0; reply=0; source_type=comment; yeren_signal_id=; parent_comment_text=,16:47,抖音评论,video,新的一周瑟瑟发抖啊#内容过于真实 #股民 #王多于股之子 #vlog十亿流量扶持计划,你为什么流泪啊,7643289331093157553,https://www.douyin.com/video/7643289331093157553,,7643377294966424369,16:47,待确认,中性,自动映射到抖音视频评论池。,6.4,false
2026-05-24,wangduoyu,抖音评论 16:46,德赛西威，无人驾驶，fsd利好,德赛西威(002920),,德赛西威(002920) 被提及 1 次，有效评论 1 条，来源 1 个，单视频线索，情绪 中性，当前判断：保留观察。,待确认,video_id=7643289331093157553; video_url=https://www.douyin.com/video/7643289331093157553; creator=王多于-股之子; like=0; reply=5; source_type=comment; yeren_signal_id=; parent_comment_text=,16:46,抖音评论,video,新的一周瑟瑟发抖啊#内容过于真实 #股民 #王多于股之子 #vlog十亿流量扶持计划,🐱,7643289331093157553,https://www.douyin.com/video/7643289331093157553,,7643377083888534323,16:46,待确认,中性,自动映射到抖音视频评论池。,6.4,false
2026-05-24,wangduoyu,抖音评论 16:46,长电和华天,,,,否,video_id=7643289331093157553; video_url=https://www.douyin.com/video/7643289331093157553; creator=王多于-股之子; like=0; reply=0; source_type=comment; yeren_signal_id=; parent_comment_text=,16:46,抖音评论,video,新的一周瑟瑟发抖啊#内容过于真实 #股民 #王多于股之子 #vlog十亿流量扶持计划,阿南🐷,7643289331093157553,https://www.douyin.com/video/7643289331093157553,,7643376986774291252,16:46,未纳入,中性,自动映射到抖音视频评论池。,,false
2026-05-24,wangduoyu,抖音评论 16:43,兆易,,,,否,video_id=7643289331093157553; video_url=https://www.douyin.com/video/7643289331093157553; creator=王多于-股之子; like=0; reply=0; source_type=comment; yeren_signal_id=; parent_comment_text=,16:43,抖音评论,video,新的一周瑟瑟发抖啊#内容过于真实 #股民 #王多于股之子 #vlog十亿流量扶持计划,顺势而行,7643289331093157553,https://www.douyin.com/video/7643289331093157553,,7643376343875322682,16:43,未纳入,中性,自动映射到抖音视频评论池。,,false
2026-05-24,wangduoyu,抖音评论 16:41,亨通怎么看大佬们,,,,否,video_id=7643289331093157553; video_url=https://www.douyin.com/video/7643289331093157553; creator=王多于-股之子; like=0; reply=0; source_type=comment; yeren_signal_id=; parent_comment_text=,16:41,抖音评论,video,新的一周瑟瑟发抖啊#内容过于真实 #股民 #王多于股之子 #vlog十亿流量扶持计划,意中人lu,7643289331093157553,https://www.douyin.com/video/7643289331093157553,,7643375749848171316,16:41,未纳入,中性,自动映射到抖音视频评论池。,,false
2026-05-24,wangduoyu,抖音评论 16:40,欧派马上历史最低36，[躺平]随时反弹启动，跌穿不进，有量就进 或者去存储，新材料基板,,,,否,video_id=7643289331093157553; video_url=https://www.douyin.com/video/7643289331093157553; creator=王多于-股之子; like=0; reply=0; source_type=comment; yeren_signal_id=; parent_comment_text=,16:40,抖音评论,video,新的一周瑟瑟发抖啊#内容过于真实 #股民 #王多于股之子 #vlog十亿流量扶持计划,我不知道怎么讲,7643289331093157553,https://www.douyin.com/video/7643289331093157553,,7643375522894512933,16:40,未纳入,中性,自动映射到抖音视频评论池。,,false
2026-05-24,wangduoyu,抖音评论 16:39,兴业银锡周一咋样,兴业银锡(000426),,兴业银锡(000426) 被提及 1 次，有效评论 1 条，来源 1 个，单视频线索，情绪 中性，当前判断：保留观察。,待确认,video_id=7643289331093157553; video_url=https://www.douyin.com/video/7643289331093157553; creator=王多于-股之子; like=0; reply=0; source_type=comment; yeren_signal_id=; parent_comment_text=,16:39,抖音评论,video,新的一周瑟瑟发抖啊#内容过于真实 #股民 #王多于股之子 #vlog十亿流量扶持计划,好多鱼🐳,7643289331093157553,https://www.douyin.com/video/7643289331093157553,,7643375170498102053,16:39,待确认,中性,自动映射到抖音视频评论池。,6.4,false
2026-05-24,wangduoyu,抖音评论 16:39,没进的周一进，周三一定要出来,,,,否,video_id=7643289331093157553; video_url=https://www.douyin.com/video/7643289331093157553; creator=王多于-股之子; like=0; reply=1; source_type=comment; yeren_signal_id=; parent_comment_text=,16:39,抖音评论,video,新的一周瑟瑟发抖啊#内容过于真实 #股民 #王多于股之子 #vlog十亿流量扶持计划,茶🍵,7643289331093157553,https://www.douyin.com/video/7643289331093157553,,7643375152127099697,16:39,未纳入,中性,自动映射到抖音视频评论池。,,false
2026-05-24,wangduoyu,抖音评论 16:36,[赞][赞],,,,否,video_id=7643289331093157553; video_url=https://www.douyin.com/video/7643289331093157553; creator=王多于-股之子; like=0; reply=0; source_type=comment; yeren_signal_id=; parent_comment_text=,16:36,抖音评论,video,新的一周瑟瑟发抖啊#内容过于真实 #股民 #王多于股之子 #vlog十亿流量扶持计划,村口的怂流氓,7643289331093157553,https://www.douyin.com/video/7643289331093157553,,7643374489606325041,16:36,未纳入,中性,自动映射到抖音视频评论池。,,false
2026-05-24,wangduoyu,抖音评论 16:33,浪潮信息,浪潮信息(000977),,浪潮信息(000977) 被提及 1 次，有效评论 1 条，来源 1 个，单视频线索，情绪 中性，当前判断：保留观察。,待确认,video_id=7643289331093157553; video_url=https://www.douyin.com/video/7643289331093157553; creator=王多于-股之子; like=1; reply=0; source_type=comment; yeren_signal_id=; parent_comment_text=,16:33,抖音评论,video,新的一周瑟瑟发抖啊#内容过于真实 #股民 #王多于股之子 #vlog十亿流量扶持计划,爱咋咋的,7643289331093157553,https://www.douyin.com/video/7643289331093157553,,7643373680358408969,16:33,待确认,中性,自动映射到抖音视频评论池。,6.4,false
2026-05-24,wangduoyu,抖音评论 16:28,mlcc全体起立[躺平],,,,否,video_id=7643289331093157553; video_url=https://www.douyin.com/video/7643289331093157553; creator=王多于-股之子; like=1; reply=0; source_type=comment; yeren_signal_id=; parent_comment_text=,16:28,抖音评论,video,新的一周瑟瑟发抖啊#内容过于真实 #股民 #王多于股之子 #vlog十亿流量扶持计划,中山艺术涂料施工,7643289331093157553,https://www.douyin.com/video/7643289331093157553,,7643372471298605861,16:28,未纳入,中性,自动映射到抖音视频评论池。,,false
2026-05-24,wangduoyu,抖音评论 16:27,美伊达成一份协议 包括开放霍尔木兹海峡 然后暗盘原油跌10% 加周一美股、香港、韩国、美国休市一天 加6000亿逆回购 到期5000 净流入1000 A股周一疯狂了 涨 可能大涨[撒花],,,,否,video_id=7643289331093157553; video_url=https://www.douyin.com/video/7643289331093157553; creator=王多于-股之子; like=1; reply=0; source_type=comment; yeren_signal_id=; parent_comment_text=,16:27,抖音评论,video,新的一周瑟瑟发抖啊#内容过于真实 #股民 #王多于股之子 #vlog十亿流量扶持计划,开心顺利,7643289331093157553,https://www.douyin.com/video/7643289331093157553,,7643372147842450225,16:27,未纳入,中性,自动映射到抖音视频评论池。,,false
2026-05-24,wangduoyu,抖音评论 16:26,世运电路[看],世运电路(603920),,世运电路(603920) 被提及 1 次，有效评论 1 条，来源 1 个，单视频线索，情绪 中性，当前判断：保留观察。,待确认,video_id=7643289331093157553; video_url=https://www.douyin.com/video/7643289331093157553; creator=王多于-股之子; like=0; reply=0; source_type=comment; yeren_signal_id=; parent_comment_text=,16:26,抖音评论,video,新的一周瑟瑟发抖啊#内容过于真实 #股民 #王多于股之子 #vlog十亿流量扶持计划,匆～匆,7643289331093157553,https://www.douyin.com/video/7643289331093157553,,7643371802626917129,16:26,待确认,中性,自动映射到抖音视频评论池。,6.4,false
2026-05-24,wangduoyu,抖音评论 16:25,蓝色光标[比心]啵一个反弹就走,蓝色光标(300058),,蓝色光标(300058) 被提及 1 次，有效评论 1 条，来源 1 个，单视频线索，情绪 中性，当前判断：保留观察。,待确认,video_id=7643289331093157553; video_url=https://www.douyin.com/video/7643289331093157553; creator=王多于-股之子; like=0; reply=2; source_type=comment; yeren_signal_id=; parent_comment_text=,16:25,抖音评论,video,新的一周瑟瑟发抖啊#内容过于真实 #股民 #王多于股之子 #vlog十亿流量扶持计划,这样好记。,7643289331093157553,https://www.douyin.com/video/7643289331093157553,,7643371666303959845,16:25,待确认,中性,自动映射到抖音视频评论池。,6.4,false
2026-05-24,wangduoyu,抖音评论 16:23,京东方 真的不错  今天在看到利好！我周五卖早了  ，[捂脸][捂脸]  周一我还接回来 在干京东方。,,,,否,video_id=7643289331093157553; video_url=https://www.douyin.com/video/7643289331093157553; creator=王多于-股之子; like=0; reply=0; source_type=comment; yeren_signal_id=; parent_comment_text=,16:23,抖音评论,video,新的一周瑟瑟发抖啊#内容过于真实 #股民 #王多于股之子 #vlog十亿流量扶持计划,江华,7643289331093157553,https://www.douyin.com/video/7643289331093157553,,7643371173057037094,16:23,未纳入,中性,自动映射到抖音视频评论池。,,false
2026-05-24,wangduoyu,抖音评论 16:23,明天科技又有大肉吃了[捂脸],,,,否,video_id=7643289331093157553; video_url=https://www.douyin.com/video/7643289331093157553; creator=王多于-股之子; like=0; reply=0; source_type=comment; yeren_signal_id=; parent_comment_text=,16:23,抖音评论,video,新的一周瑟瑟发抖啊#内容过于真实 #股民 #王多于股之子 #vlog十亿流量扶持计划,🌈小翊闲书,7643289331093157553,https://www.douyin.com/video/7643289331093157553,,7643371032364417829,16:23,未纳入,中性,自动映射到抖音视频评论池。,,false
2026-05-24,wangduoyu,抖音评论 16:22,再升科技,,,,否,video_id=7643289331093157553; video_url=https://www.douyin.com/video/7643289331093157553; creator=王多于-股之子; like=0; reply=0; source_type=comment; yeren_signal_id=; parent_comment_text=,16:22,抖音评论,video,新的一周瑟瑟发抖啊#内容过于真实 #股民 #王多于股之子 #vlog十亿流量扶持计划,得鹿梦鱼,7643289331093157553,https://www.douyin.com/video/7643289331093157553,,7643370899723780913,16:22,未纳入,中性,自动映射到抖音视频评论池。,,false
2026-05-24,wangduoyu,抖音评论 16:20,再升科技，第二次说[柴犬],再升科技(603601),,再升科技(603601) 被提及 7 次，有效评论 7 条，来源 1 个，单视频线索，情绪 中性，当前判断：已进入推荐候选。,是,video_id=7643289331093157553; video_url=https://www.douyin.com/video/7643289331093157553; creator=王多于-股之子; like=4; reply=19; source_type=comment; yeren_signal_id=; parent_comment_text=,16:20,抖音评论,video,新的一周瑟瑟发抖啊#内容过于真实 #股民 #王多于股之子 #vlog十亿流量扶持计划,明己,7643289331093157553,https://www.douyin.com/video/7643289331093157553,,7643370429348315961,16:20,已纳入,中性,自动映射到抖音视频评论池。,9.6,true
2026-05-24,wangduoyu,抖音评论 16:20,谁来一个让我回回本啊,,,,否,video_id=7643289331093157553; video_url=https://www.douyin.com/video/7643289331093157553; creator=王多于-股之子; like=0; reply=0; source_type=comment; yeren_signal_id=; parent_comment_text=,16:20,抖音评论,video,新的一周瑟瑟发抖啊#内容过于真实 #股民 #王多于股之子 #vlog十亿流量扶持计划,喜乐乐,7643289331093157553,https://www.douyin.com/video/7643289331093157553,,7643370371109962533,16:20,未纳入,中性,自动映射到抖音视频评论池。,,false
2026-05-24,wangduoyu,抖音评论 16:20,杭电，拿到六月底，爽翻[抱拳],,,,否,video_id=7643289331093157553; video_url=https://www.douyin.com/video/7643289331093157553; creator=王多于-股之子; like=0; reply=1; source_type=comment; yeren_signal_id=; parent_comment_text=,16:20,抖音评论,video,新的一周瑟瑟发抖啊#内容过于真实 #股民 #王多于股之子 #vlog十亿流量扶持计划,花火小鱼,7643289331093157553,https://www.douyin.com/video/7643289331093157553,,7643370210389279526,16:20,未纳入,中性,自动映射到抖音视频评论池。,,false
2026-05-24,wangduoyu,抖音评论 16:18,机器人板块，我上周就讲过，有吃肉来感谢本义父的吗[看],,,,否,video_id=7643289331093157553; video_url=https://www.douyin.com/video/7643289331093157553; creator=王多于-股之子; like=0; reply=2; source_type=comment; yeren_signal_id=; parent_comment_text=,16:18,抖音评论,video,新的一周瑟瑟发抖啊#内容过于真实 #股民 #王多于股之子 #vlog十亿流量扶持计划,一生所爱,7643289331093157553,https://www.douyin.com/video/7643289331093157553,,7643369835220648763,16:18,未纳入,中性,自动映射到抖音视频评论池。,,false
2026-05-24,wangduoyu,抖音评论 16:17,合百明天高开，大概率成妖了吧,,,,否,video_id=7643289331093157553; video_url=https://www.douyin.com/video/7643289331093157553; creator=王多于-股之子; like=0; reply=0; source_type=comment; yeren_signal_id=; parent_comment_text=,16:17,抖音评论,video,新的一周瑟瑟发抖啊#内容过于真实 #股民 #王多于股之子 #vlog十亿流量扶持计划,Z9.,7643289331093157553,https://www.douyin.com/video/7643289331093157553,,7643369571886498586,16:17,未纳入,中性,自动映射到抖音视频评论池。,,false
2026-05-24,wangduoyu,抖音评论 16:17,莲花,,,,否,video_id=7643289331093157553; video_url=https://www.douyin.com/video/7643289331093157553; creator=王多于-股之子; like=0; reply=0; source_type=comment; yeren_signal_id=; parent_comment_text=,16:17,抖音评论,video,新的一周瑟瑟发抖啊#内容过于真实 #股民 #王多于股之子 #vlog十亿流量扶持计划,慎行，慎言！,7643289331093157553,https://www.douyin.com/video/7643289331093157553,,7643369443993846591,16:17,未纳入,中性,自动映射到抖音视频评论池。,,false
2026-05-24,wangduoyu,抖音评论 16:16,电力！！！！！！,,,,否,video_id=7643289331093157553; video_url=https://www.douyin.com/video/7643289331093157553; creator=王多于-股之子; like=0; reply=0; source_type=comment; yeren_signal_id=; parent_comment_text=,16:16,抖音评论,video,新的一周瑟瑟发抖啊#内容过于真实 #股民 #王多于股之子 #vlog十亿流量扶持计划,天门市奥克斯橱柜电器,7643289331093157553,https://www.douyin.com/video/7643289331093157553,,7643369291680908084,16:16,未纳入,中性,自动映射到抖音视频评论池。,,false
2026-05-24,wangduoyu,抖音评论 16:15,电子布,,,,否,video_id=7643289331093157553; video_url=https://www.douyin.com/video/7643289331093157553; creator=王多于-股之子; like=0; reply=0; source_type=comment; yeren_signal_id=; parent_comment_text=,16:15,抖音评论,video,新的一周瑟瑟发抖啊#内容过于真实 #股民 #王多于股之子 #vlog十亿流量扶持计划,🐘,7643289331093157553,https://www.douyin.com/video/7643289331093157553,,7643369034374218554,16:15,未纳入,中性,自动映射到抖音视频评论池。,,false
2026-05-24,wangduoyu,抖音评论 16:15,这周自动驾驶方向,,,,否,video_id=7643289331093157553; video_url=https://www.douyin.com/video/7643289331093157553; creator=王多于-股之子; like=1; reply=0; source_type=comment; yeren_signal_id=; parent_comment_text=,16:15,抖音评论,video,新的一周瑟瑟发抖啊#内容过于真实 #股民 #王多于股之子 #vlog十亿流量扶持计划,小明同学,7643289331093157553,https://www.douyin.com/video/7643289331093157553,,7643368994094957346,16:15,未纳入,中性,自动映射到抖音视频评论池。,,false
2026-05-24,wangduoyu,抖音评论 16:14,中兵红箭,中兵红箭(000519),,中兵红箭(000519) 被提及 1 次，有效评论 1 条，来源 1 个，单视频线索，情绪 中性，当前判断：保留观察。,待确认,video_id=7643289331093157553; video_url=https://www.douyin.com/video/7643289331093157553; creator=王多于-股之子; like=0; reply=0; source_type=comment; yeren_signal_id=; parent_comment_text=,16:14,抖音评论,video,新的一周瑟瑟发抖啊#内容过于真实 #股民 #王多于股之子 #vlog十亿流量扶持计划,扶摇直上,7643289331093157553,https://www.douyin.com/video/7643289331093157553,,7643368791912792881,16:14,待确认,中性,自动映射到抖音视频评论池。,6.4,false
2026-05-24,wangduoyu,抖音评论 16:13,下周一千股跌停。,,,,否,video_id=7643289331093157553; video_url=https://www.douyin.com/video/7643289331093157553; creator=王多于-股之子; like=2; reply=0; source_type=comment; yeren_signal_id=; parent_comment_text=,16:13,抖音评论,video,新的一周瑟瑟发抖啊#内容过于真实 #股民 #王多于股之子 #vlog十亿流量扶持计划,陈默是金,7643289331093157553,https://www.douyin.com/video/7643289331093157553,,7643368399489925914,16:13,未纳入,中性,自动映射到抖音视频评论池。,,false
2026-05-24,wangduoyu,抖音评论 16:12,沪电,,,,否,video_id=7643289331093157553; video_url=https://www.douyin.com/video/7643289331093157553; creator=王多于-股之子; like=0; reply=0; source_type=comment; yeren_signal_id=; parent_comment_text=,16:12,抖音评论,video,新的一周瑟瑟发抖啊#内容过于真实 #股民 #王多于股之子 #vlog十亿流量扶持计划,不过是场梦,7643289331093157553,https://www.douyin.com/video/7643289331093157553,,7643368314530743099,16:12,未纳入,中性,自动映射到抖音视频评论池。,,false
2026-05-24,wangduoyu,抖音评论 16:10,中国软件,中国软件(600536),,中国软件(600536) 被提及 1 次，有效评论 1 条，来源 1 个，单视频线索，情绪 中性，当前判断：保留观察。,待确认,video_id=7643289331093157553; video_url=https://www.douyin.com/video/7643289331093157553; creator=王多于-股之子; like=0; reply=0; source_type=comment; yeren_signal_id=; parent_comment_text=,16:10,抖音评论,video,新的一周瑟瑟发抖啊#内容过于真实 #股民 #王多于股之子 #vlog十亿流量扶持计划,库里,7643289331093157553,https://www.douyin.com/video/7643289331093157553,,7643367802367607561,16:10,待确认,中性,自动映射到抖音视频评论池。,6.4,false
2026-05-24,wangduoyu,抖音评论 16:10,查验,,,,否,video_id=7643289331093157553; video_url=https://www.douyin.com/video/7643289331093157553; creator=王多于-股之子; like=0; reply=0; source_type=comment; yeren_signal_id=; parent_comment_text=,16:10,抖音评论,video,新的一周瑟瑟发抖啊#内容过于真实 #股民 #王多于股之子 #vlog十亿流量扶持计划,@@@@半支烟🌈🌈,7643289331093157553,https://www.douyin.com/video/7643289331093157553,,7643367764706673457,16:10,未纳入,中性,自动映射到抖音视频评论池。,,false
2026-05-24,wangduoyu,抖音评论 16:08,22号咋没有视频,,,,否,video_id=7643289331093157553; video_url=https://www.douyin.com/video/7643289331093157553; creator=王多于-股之子; like=0; reply=0; source_type=comment; yeren_signal_id=; parent_comment_text=,16:08,抖音评论,video,新的一周瑟瑟发抖啊#内容过于真实 #股民 #王多于股之子 #vlog十亿流量扶持计划,中国,7643289331093157553,https://www.douyin.com/video/7643289331093157553,,7643367180827165499,16:08,未纳入,中性,自动映射到抖音视频评论池。,,false
2026-05-24,wangduoyu,抖音评论 16:07,浙文互联，算力,浙文互联(600986),,浙文互联(600986) 被提及 1 次，有效评论 1 条，来源 1 个，单视频线索，情绪 中性，当前判断：保留观察。,待确认,video_id=7643289331093157553; video_url=https://www.douyin.com/video/7643289331093157553; creator=王多于-股之子; like=0; reply=2; source_type=comment; yeren_signal_id=; parent_comment_text=,16:07,抖音评论,video,新的一周瑟瑟发抖啊#内容过于真实 #股民 #王多于股之子 #vlog十亿流量扶持计划,挥霍,7643289331093157553,https://www.douyin.com/video/7643289331093157553,,7643366867181110053,16:07,待确认,中性,自动映射到抖音视频评论池。,6.4,false
2026-05-24,wangduoyu,抖音评论 16:05,mlcc,,,,否,video_id=7643289331093157553; video_url=https://www.douyin.com/video/7643289331093157553; creator=王多于-股之子; like=0; reply=0; source_type=comment; yeren_signal_id=; parent_comment_text=,16:05,抖音评论,video,新的一周瑟瑟发抖啊#内容过于真实 #股民 #王多于股之子 #vlog十亿流量扶持计划,小羽,7643289331093157553,https://www.douyin.com/video/7643289331093157553,,7643366428922315530,16:05,未纳入,中性,自动映射到抖音视频评论池。,,false
2026-05-24,wangduoyu,抖音评论 16:00,莲花🪷,,,,否,video_id=7643289331093157553; video_url=https://www.douyin.com/video/7643289331093157553; creator=王多于-股之子; like=0; reply=0; source_type=comment; yeren_signal_id=; parent_comment_text=,16:00,抖音评论,video,新的一周瑟瑟发抖啊#内容过于真实 #股民 #王多于股之子 #vlog十亿流量扶持计划,人生就如冰糖葫芦,7643289331093157553,https://www.douyin.com/video/7643289331093157553,,7643365062598574897,16:00,未纳入,中性,自动映射到抖音视频评论池。,,false
2026-05-24,wangduoyu,抖音评论 15:59,月初跟你说的生益  跑赢大盘50%,,,,否,video_id=7643289331093157553; video_url=https://www.douyin.com/video/7643289331093157553; creator=王多于-股之子; like=0; reply=4; source_type=comment; yeren_signal_id=; parent_comment_text=,15:59,抖音评论,video,新的一周瑟瑟发抖啊#内容过于真实 #股民 #王多于股之子 #vlog十亿流量扶持计划,一生热爱y,7643289331093157553,https://www.douyin.com/video/7643289331093157553,,7643364961209615153,15:59,未纳入,中性,自动映射到抖音视频评论池。,,false
2026-05-24,wangduoyu,抖音评论 15:54,东方明珠,,,,否,video_id=7643289331093157553; video_url=https://www.douyin.com/video/7643289331093157553; creator=王多于-股之子; like=0; reply=0; source_type=comment; yeren_signal_id=; parent_comment_text=,15:54,抖音评论,video,新的一周瑟瑟发抖啊#内容过于真实 #股民 #王多于股之子 #vlog十亿流量扶持计划,快乐是什么,7643289331093157553,https://www.douyin.com/video/7643289331093157553,,7643363525515526921,15:54,未纳入,中性,自动映射到抖音视频评论池。,,false
2026-05-24,wangduoyu,抖音评论 15:52,002138,002138,,002138 被提及 1 次，有效评论 1 条，来源 1 个，单视频线索，情绪 中性，当前判断：保留观察。,待确认,video_id=7643289331093157553; video_url=https://www.douyin.com/video/7643289331093157553; creator=王多于-股之子; like=0; reply=0; source_type=comment; yeren_signal_id=; parent_comment_text=,15:52,抖音评论,video,新的一周瑟瑟发抖啊#内容过于真实 #股民 #王多于股之子 #vlog十亿流量扶持计划,普通市民张同学,7643289331093157553,https://www.douyin.com/video/7643289331093157553,,7643363008139625256,15:52,待确认,中性,自动映射到抖音视频评论池。,6.4,false
2026-05-24,wangduoyu,抖音评论 15:51,京泉和张江不知道怎么样？,,,,否,video_id=7643289331093157553; video_url=https://www.douyin.com/video/7643289331093157553; creator=王多于-股之子; like=0; reply=0; source_type=comment; yeren_signal_id=; parent_comment_text=,15:51,抖音评论,video,新的一周瑟瑟发抖啊#内容过于真实 #股民 #王多于股之子 #vlog十亿流量扶持计划,无所谓,7643289331093157553,https://www.douyin.com/video/7643289331093157553,,7643362756682990363,15:51,未纳入,中性,自动映射到抖音视频评论池。,,false
2026-05-24,wangduoyu,抖音评论 15:51,天奇股份周一该涨停了,天奇股份(002009),,天奇股份(002009) 被提及 1 次，有效评论 1 条，来源 1 个，单视频线索，情绪 看多，当前判断：保留观察。,待确认,video_id=7643289331093157553; video_url=https://www.douyin.com/video/7643289331093157553; creator=王多于-股之子; like=0; reply=0; source_type=comment; yeren_signal_id=; parent_comment_text=,15:51,抖音评论,video,新的一周瑟瑟发抖啊#内容过于真实 #股民 #王多于股之子 #vlog十亿流量扶持计划,✨✨🌙,7643289331093157553,https://www.douyin.com/video/7643289331093157553,,7643362749191979791,15:51,待确认,看多,自动映射到抖音视频评论池。,6.4,false
2026-05-24,wangduoyu,抖音评论 15:51,下周pcb，没毛病,,,,否,video_id=7643289331093157553; video_url=https://www.douyin.com/video/7643289331093157553; creator=王多于-股之子; like=0; reply=0; source_type=comment; yeren_signal_id=; parent_comment_text=,15:51,抖音评论,video,新的一周瑟瑟发抖啊#内容过于真实 #股民 #王多于股之子 #vlog十亿流量扶持计划,菜煎饼,7643289331093157553,https://www.douyin.com/video/7643289331093157553,,7643362733445890865,15:51,未纳入,中性,自动映射到抖音视频评论池。,,false
2026-05-24,wangduoyu,抖音评论 15:50,九牧王,九牧王(601566),,九牧王(601566) 被提及 1 次，有效评论 1 条，来源 1 个，单视频线索，情绪 中性，当前判断：保留观察。,待确认,video_id=7643289331093157553; video_url=https://www.douyin.com/video/7643289331093157553; creator=王多于-股之子; like=0; reply=0; source_type=comment; yeren_signal_id=; parent_comment_text=,15:50,抖音评论,video,新的一周瑟瑟发抖啊#内容过于真实 #股民 #王多于股之子 #vlog十亿流量扶持计划,夜微凉,7643289331093157553,https://www.douyin.com/video/7643289331093157553,,7643362690044560128,15:50,待确认,中性,自动映射到抖音视频评论池。,6.4,false
2026-05-24,wangduoyu,抖音评论 15:50,为什么不抄航天板块啊,,,,否,video_id=7643289331093157553; video_url=https://www.douyin.com/video/7643289331093157553; creator=王多于-股之子; like=0; reply=2; source_type=comment; yeren_signal_id=; parent_comment_text=,15:50,抖音评论,video,新的一周瑟瑟发抖啊#内容过于真实 #股民 #王多于股之子 #vlog十亿流量扶持计划,风吹发梢！,7643289331093157553,https://www.douyin.com/video/7643289331093157553,,7643362663103496979,15:50,未纳入,中性,自动映射到抖音视频评论池。,,false
2026-05-24,wangduoyu,抖音评论 15:50,机器人不用谢,,,,否,video_id=7643289331093157553; video_url=https://www.douyin.com/video/7643289331093157553; creator=王多于-股之子; like=0; reply=0; source_type=comment; yeren_signal_id=; parent_comment_text=,15:50,抖音评论,video,新的一周瑟瑟发抖啊#内容过于真实 #股民 #王多于股之子 #vlog十亿流量扶持计划,🌈彩虹屁,7643289331093157553,https://www.douyin.com/video/7643289331093157553,,7643362548071072569,15:50,未纳入,中性,自动映射到抖音视频评论池。,,false
2026-05-24,wangduoyu,抖音评论 15:48,星期三早晨记得跑，他们让你进，我让你们跑,,,,否,video_id=7643289331093157553; video_url=https://www.douyin.com/video/7643289331093157553; creator=王多于-股之子; like=3; reply=1; source_type=comment; yeren_signal_id=; parent_comment_text=,15:48,抖音评论,video,新的一周瑟瑟发抖啊#内容过于真实 #股民 #王多于股之子 #vlog十亿流量扶持计划,穴坊天天鲜果,7643289331093157553,https://www.douyin.com/video/7643289331093157553,,7643362011867677499,15:48,未纳入,中性,自动映射到抖音视频评论池。,,false
2026-05-24,wangduoyu,抖音评论 15:46,你这一句展示我没听出来期待听出来害怕紧张了哈哈哈哈哈[尬笑],,,,否,video_id=7643289331093157553; video_url=https://www.douyin.com/video/7643289331093157553; creator=王多于-股之子; like=0; reply=0; source_type=comment; yeren_signal_id=; parent_comment_text=,15:46,抖音评论,video,新的一周瑟瑟发抖啊#内容过于真实 #股民 #王多于股之子 #vlog十亿流量扶持计划,🌈树、语。,7643289331093157553,https://www.douyin.com/video/7643289331093157553,,7643361505043874586,15:46,未纳入,中性,自动映射到抖音视频评论池。,,false
2026-05-24,wangduoyu,抖音评论 15:44,明天冲破4300[看],,,,否,video_id=7643289331093157553; video_url=https://www.douyin.com/video/7643289331093157553; creator=王多于-股之子; like=0; reply=0; source_type=comment; yeren_signal_id=; parent_comment_text=,15:44,抖音评论,video,新的一周瑟瑟发抖啊#内容过于真实 #股民 #王多于股之子 #vlog十亿流量扶持计划,大魔王,7643289331093157553,https://www.douyin.com/video/7643289331093157553,,7643360932605084465,15:44,未纳入,中性,自动映射到抖音视频评论池。,,false
2026-05-24,wangduoyu,抖音评论 15:42,量子科技,,,,否,video_id=7643289331093157553; video_url=https://www.douyin.com/video/7643289331093157553; creator=王多于-股之子; like=0; reply=1; source_type=comment; yeren_signal_id=; parent_comment_text=,15:42,抖音评论,video,新的一周瑟瑟发抖啊#内容过于真实 #股民 #王多于股之子 #vlog十亿流量扶持计划,C。。。。,7643289331093157553,https://www.douyin.com/video/7643289331093157553,,7643360622134887204,15:42,未纳入,中性,自动映射到抖音视频评论池。,,false
2026-05-24,wangduoyu,抖音评论 15:41,方正电机,,,,否,video_id=7643289331093157553; video_url=https://www.douyin.com/video/7643289331093157553; creator=王多于-股之子; like=1; reply=0; source_type=comment; yeren_signal_id=; parent_comment_text=,15:41,抖音评论,video,新的一周瑟瑟发抖啊#内容过于真实 #股民 #王多于股之子 #vlog十亿流量扶持计划,_=-/,7643289331093157553,https://www.douyin.com/video/7643289331093157553,,7643360233235039033,15:41,未纳入,中性,自动映射到抖音视频评论池。,,false
2026-05-24,wangduoyu,抖音评论 15:38,大为股份怎么样？,大为股份(002213),,大为股份(002213) 被提及 1 次，有效评论 1 条，来源 1 个，单视频线索，情绪 中性，当前判断：保留观察。,待确认,video_id=7643289331093157553; video_url=https://www.douyin.com/video/7643289331093157553; creator=王多于-股之子; like=0; reply=0; source_type=comment; yeren_signal_id=; parent_comment_text=,15:38,抖音评论,video,新的一周瑟瑟发抖啊#内容过于真实 #股民 #王多于股之子 #vlog十亿流量扶持计划,木木,7643289331093157553,https://www.douyin.com/video/7643289331093157553,,7643359567397913371,15:38,待确认,中性,自动映射到抖音视频评论池。,6.4,false
2026-05-24,wangduoyu,抖音评论 15:37,兖矿能源,兖矿能源(600188),,兖矿能源(600188) 被提及 1 次，有效评论 1 条，来源 1 个，单视频线索，情绪 中性，当前判断：保留观察。,待确认,video_id=7643289331093157553; video_url=https://www.douyin.com/video/7643289331093157553; creator=王多于-股之子; like=0; reply=0; source_type=comment; yeren_signal_id=; parent_comment_text=,15:37,抖音评论,video,新的一周瑟瑟发抖啊#内容过于真实 #股民 #王多于股之子 #vlog十亿流量扶持计划,蜕变的心路历程,7643289331093157553,https://www.douyin.com/video/7643289331093157553,,7643359127612064546,15:37,待确认,中性,自动映射到抖音视频评论池。,6.4,false
2026-05-24,wangduoyu,抖音评论 15:36,周五封板进了京东方，不知道明天能不能吃肉[戳手手],,,评论热度较高，但暂未自动识别到明确股票线索，保留人工复核。,待确认,video_id=7643289331093157553; video_url=https://www.douyin.com/video/7643289331093157553; creator=王多于-股之子; like=1; reply=7; source_type=comment; yeren_signal_id=; parent_comment_text=,15:36,抖音评论,video,新的一周瑟瑟发抖啊#内容过于真实 #股民 #王多于股之子 #vlog十亿流量扶持计划,甜陈🍒,7643289331093157553,https://www.douyin.com/video/7643289331093157553,,7643359072302203705,15:36,待确认,中性,自动映射到抖音视频评论池。,6.2,false
2026-05-24,wangduoyu,抖音评论 15:34,中国长城,中国长城(000066),,中国长城(000066) 被提及 2 次，有效评论 2 条，来源 1 个，单视频线索，情绪 中性，当前判断：已进入推荐候选。,是,video_id=7643289331093157553; video_url=https://www.douyin.com/video/7643289331093157553; creator=王多于-股之子; like=0; reply=0; source_type=comment; yeren_signal_id=; parent_comment_text=,15:34,抖音评论,video,新的一周瑟瑟发抖啊#内容过于真实 #股民 #王多于股之子 #vlog十亿流量扶持计划,流清波,7643289331093157553,https://www.douyin.com/video/7643289331093157553,,7643358384238445349,15:34,已纳入,中性,自动映射到抖音视频评论池。,7.7,true
2026-05-24,wangduoyu,抖音评论 15:31,五方光电周一开盘就要吃面[流泪],,,,否,video_id=7643289331093157553; video_url=https://www.douyin.com/video/7643289331093157553; creator=王多于-股之子; like=0; reply=0; source_type=comment; yeren_signal_id=; parent_comment_text=,15:31,抖音评论,video,新的一周瑟瑟发抖啊#内容过于真实 #股民 #王多于股之子 #vlog十亿流量扶持计划,L,7643289331093157553,https://www.douyin.com/video/7643289331093157553,,7643357786517046050,15:31,未纳入,中性,自动映射到抖音视频评论池。,,false
2026-05-24,wangduoyu,抖音评论 15:31,云南禇业坐等150,,,,否,video_id=7643289331093157553; video_url=https://www.douyin.com/video/7643289331093157553; creator=王多于-股之子; like=0; reply=0; source_type=comment; yeren_signal_id=; parent_comment_text=,15:31,抖音评论,video,新的一周瑟瑟发抖啊#内容过于真实 #股民 #王多于股之子 #vlog十亿流量扶持计划,奶茶游戏,7643289331093157553,https://www.douyin.com/video/7643289331093157553,,7643357725598221099,15:31,未纳入,中性,自动映射到抖音视频评论池。,,false
2026-05-24,wangduoyu,抖音评论 15:31,5.4本的大唐我要拿不住了，有没有大神指教一下,,,,否,video_id=7643289331093157553; video_url=https://www.douyin.com/video/7643289331093157553; creator=王多于-股之子; like=1; reply=0; source_type=comment; yeren_signal_id=; parent_comment_text=,15:31,抖音评论,video,新的一周瑟瑟发抖啊#内容过于真实 #股民 #王多于股之子 #vlog十亿流量扶持计划,Six god,7643289331093157553,https://www.douyin.com/video/7643289331093157553,,7643357699909010211,15:31,未纳入,中性,自动映射到抖音视频评论池。,,false
2026-05-24,wangduoyu,抖音评论 15:27,博敏,,,,否,video_id=7643289331093157553; video_url=https://www.douyin.com/video/7643289331093157553; creator=王多于-股之子; like=0; reply=0; source_type=comment; yeren_signal_id=; parent_comment_text=,15:27,抖音评论,video,新的一周瑟瑟发抖啊#内容过于真实 #股民 #王多于股之子 #vlog十亿流量扶持计划,🌈香蕉船长,7643289331093157553,https://www.douyin.com/video/7643289331093157553,,7643356728026235685,15:27,未纳入,中性,自动映射到抖音视频评论池。,,false
2026-05-24,wangduoyu,抖音评论 15:27,求带,,,,否,video_id=7643289331093157553; video_url=https://www.douyin.com/video/7643289331093157553; creator=王多于-股之子; like=0; reply=0; source_type=comment; yeren_signal_id=; parent_comment_text=,15:27,抖音评论,video,新的一周瑟瑟发抖啊#内容过于真实 #股民 #王多于股之子 #vlog十亿流量扶持计划,7ing'♡,7643289331093157553,https://www.douyin.com/video/7643289331093157553,,7643356714980623138,15:27,未纳入,中性,自动映射到抖音视频评论池。,,false
2026-05-24,wangduoyu,抖音评论 15:27,江特[杀马特],,,,否,video_id=7643289331093157553; video_url=https://www.douyin.com/video/7643289331093157553; creator=王多于-股之子; like=0; reply=0; source_type=comment; yeren_signal_id=; parent_comment_text=,15:27,抖音评论,video,新的一周瑟瑟发抖啊#内容过于真实 #股民 #王多于股之子 #vlog十亿流量扶持计划,哈哈哈,7643289331093157553,https://www.douyin.com/video/7643289331093157553,,7643356602385761082,15:27,未纳入,中性,自动映射到抖音视频评论池。,,false
2026-05-24,wangduoyu,抖音评论 15:25,大佬们 三瑞智能怎么看呀[是心动啊][是心动啊][是心动啊],三瑞智能(301696),,三瑞智能(301696) 被提及 1 次，有效评论 1 条，来源 1 个，单视频线索，情绪 中性，当前判断：保留观察。,待确认,video_id=7643289331093157553; video_url=https://www.douyin.com/video/7643289331093157553; creator=王多于-股之子; like=0; reply=0; source_type=comment; yeren_signal_id=; parent_comment_text=,15:25,抖音评论,video,新的一周瑟瑟发抖啊#内容过于真实 #股民 #王多于股之子 #vlog十亿流量扶持计划,蛋挞唯唯,7643289331093157553,https://www.douyin.com/video/7643289331093157553,,7643356055389700927,15:25,待确认,中性,自动映射到抖音视频评论池。,6.4,false
2026-05-24,wangduoyu,抖音评论 15:21,中兵红箭,,,,否,video_id=7643289331093157553; video_url=https://www.douyin.com/video/7643289331093157553; creator=王多于-股之子; like=0; reply=0; source_type=comment; yeren_signal_id=; parent_comment_text=,15:21,抖音评论,video,新的一周瑟瑟发抖啊#内容过于真实 #股民 #王多于股之子 #vlog十亿流量扶持计划,maii,7643289331093157553,https://www.douyin.com/video/7643289331093157553,,7643355131547747121,15:21,未纳入,中性,自动映射到抖音视频评论池。,,false
2026-05-24,wangduoyu,抖音评论 15:21,通威，周五尾盘抢筹[呲牙],,,,否,video_id=7643289331093157553; video_url=https://www.douyin.com/video/7643289331093157553; creator=王多于-股之子; like=0; reply=0; source_type=comment; yeren_signal_id=; parent_comment_text=,15:21,抖音评论,video,新的一周瑟瑟发抖啊#内容过于真实 #股民 #王多于股之子 #vlog十亿流量扶持计划,牛牛净水,7643289331093157553,https://www.douyin.com/video/7643289331093157553,,7643355119854584610,15:21,未纳入,中性,自动映射到抖音视频评论池。,,false
2026-05-24,wangduoyu,抖音评论 15:20,京东方，能买进就干,,,,否,video_id=7643289331093157553; video_url=https://www.douyin.com/video/7643289331093157553; creator=王多于-股之子; like=2; reply=4; source_type=comment; yeren_signal_id=; parent_comment_text=,15:20,抖音评论,video,新的一周瑟瑟发抖啊#内容过于真实 #股民 #王多于股之子 #vlog十亿流量扶持计划,普天元,7643289331093157553,https://www.douyin.com/video/7643289331093157553,,7643354932306166580,15:20,未纳入,中性,自动映射到抖音视频评论池。,,false
2026-05-24,wangduoyu,抖音评论 15:20,周一阴线收盘,,,,否,video_id=7643289331093157553; video_url=https://www.douyin.com/video/7643289331093157553; creator=王多于-股之子; like=0; reply=0; source_type=comment; yeren_signal_id=; parent_comment_text=,15:20,抖音评论,video,新的一周瑟瑟发抖啊#内容过于真实 #股民 #王多于股之子 #vlog十亿流量扶持计划,z，,7643289331093157553,https://www.douyin.com/video/7643289331093157553,,7643354721595474747,15:20,未纳入,中性,自动映射到抖音视频评论池。,,false
2026-05-24,wangduoyu,抖音评论 15:18,张江高科,张江高科(600895),,张江高科(600895) 被提及 1 次，有效评论 1 条，来源 1 个，单视频线索，情绪 中性，当前判断：保留观察。,待确认,video_id=7643289331093157553; video_url=https://www.douyin.com/video/7643289331093157553; creator=王多于-股之子; like=0; reply=0; source_type=comment; yeren_signal_id=; parent_comment_text=,15:18,抖音评论,video,新的一周瑟瑟发抖啊#内容过于真实 #股民 #王多于股之子 #vlog十亿流量扶持计划,大韭菜,7643289331093157553,https://www.douyin.com/video/7643289331093157553,,7643354381940785957,15:18,待确认,中性,自动映射到抖音视频评论池。,6.4,false
2026-05-24,wangduoyu,抖音评论 15:17,华能蒙电，周一啥情况，有大哥么？被套在里面了,华能蒙电(600863),,华能蒙电(600863) 被提及 2 次，有效评论 2 条，来源 1 个，单视频线索，情绪 中性，当前判断：保留观察。,待确认,video_id=7643289331093157553; video_url=https://www.douyin.com/video/7643289331093157553; creator=王多于-股之子; like=0; reply=0; source_type=comment; yeren_signal_id=; parent_comment_text=,15:17,抖音评论,video,新的一周瑟瑟发抖啊#内容过于真实 #股民 #王多于股之子 #vlog十亿流量扶持计划,欢乐豆,7643289331093157553,https://www.douyin.com/video/7643289331093157553,,7643353957247566618,15:17,待确认,中性,自动映射到抖音视频评论池。,6.9,false
2026-05-24,wangduoyu,抖音评论 15:16,好上好,好上好(001298),,好上好(001298) 被提及 1 次，有效评论 1 条，来源 1 个，单视频线索，情绪 中性，当前判断：保留观察。,待确认,video_id=7643289331093157553; video_url=https://www.douyin.com/video/7643289331093157553; creator=王多于-股之子; like=0; reply=0; source_type=comment; yeren_signal_id=; parent_comment_text=,15:16,抖音评论,video,新的一周瑟瑟发抖啊#内容过于真实 #股民 #王多于股之子 #vlog十亿流量扶持计划,🤔,7643289331093157553,https://www.douyin.com/video/7643289331093157553,,7643353754460734250,15:16,待确认,中性,自动映射到抖音视频评论池。,6.4,false
2026-05-24,wangduoyu,抖音评论 15:15,上海电力已经满仓干了,上海电力(600021),,上海电力(600021) 被提及 1 次，有效评论 1 条，来源 1 个，单视频线索，情绪 中性，当前判断：保留观察。,待确认,video_id=7643289331093157553; video_url=https://www.douyin.com/video/7643289331093157553; creator=王多于-股之子; like=0; reply=0; source_type=comment; yeren_signal_id=; parent_comment_text=,15:15,抖音评论,video,新的一周瑟瑟发抖啊#内容过于真实 #股民 #王多于股之子 #vlog十亿流量扶持计划,那年里,7643289331093157553,https://www.douyin.com/video/7643289331093157553,,7643353483101717297,15:15,待确认,中性,自动映射到抖音视频评论池。,6.4,false
2026-05-24,wangduoyu,抖音评论 15:13,矿山机器人,机器人(300024),,机器人(300024) 被提及 10 次，有效评论 10 条，来源 1 个，单视频线索，情绪 中性，当前判断：已进入推荐候选。,是,video_id=7643289331093157553; video_url=https://www.douyin.com/video/7643289331093157553; creator=王多于-股之子; like=1; reply=0; source_type=comment; yeren_signal_id=; parent_comment_text=,15:13,抖音评论,video,新的一周瑟瑟发抖啊#内容过于真实 #股民 #王多于股之子 #vlog十亿流量扶持计划,大爱无疆528,7643289331093157553,https://www.douyin.com/video/7643289331093157553,,7643353088015090473,15:13,已纳入,中性,自动映射到抖音视频评论池。,9.6,true
2026-05-24,wangduoyu,抖音评论 15:13,明天爆跌[呲牙],,,,否,video_id=7643289331093157553; video_url=https://www.douyin.com/video/7643289331093157553; creator=王多于-股之子; like=0; reply=0; source_type=comment; yeren_signal_id=; parent_comment_text=,15:13,抖音评论,video,新的一周瑟瑟发抖啊#内容过于真实 #股民 #王多于股之子 #vlog十亿流量扶持计划,束河海威民宿,7643289331093157553,https://www.douyin.com/video/7643289331093157553,,7643353011641795385,15:13,未纳入,中性,自动映射到抖音视频评论池。,,false
2026-05-24,wangduoyu,抖音评论 15:13,平煤，,,,,否,video_id=7643289331093157553; video_url=https://www.douyin.com/video/7643289331093157553; creator=王多于-股之子; like=0; reply=0; source_type=comment; yeren_signal_id=; parent_comment_text=,15:13,抖音评论,video,新的一周瑟瑟发抖啊#内容过于真实 #股民 #王多于股之子 #vlog十亿流量扶持计划,已重置,7643289331093157553,https://www.douyin.com/video/7643289331093157553,,7643352946273059633,15:13,未纳入,中性,自动映射到抖音视频评论池。,,false
2026-05-24,wangduoyu,抖音评论 15:11,黄河,,,,否,video_id=7643289331093157553; video_url=https://www.douyin.com/video/7643289331093157553; creator=王多于-股之子; like=0; reply=0; source_type=comment; yeren_signal_id=; parent_comment_text=,15:11,抖音评论,video,新的一周瑟瑟发抖啊#内容过于真实 #股民 #王多于股之子 #vlog十亿流量扶持计划,羽z,7643289331093157553,https://www.douyin.com/video/7643289331093157553,,7643352511336039225,15:11,未纳入,中性,自动映射到抖音视频评论池。,,false
2026-05-24,wangduoyu,抖音评论 15:11,有义父们说说京东方之后的走势吗[抱紧自己][抱紧自己],,,,否,video_id=7643289331093157553; video_url=https://www.douyin.com/video/7643289331093157553; creator=王多于-股之子; like=1; reply=2; source_type=comment; yeren_signal_id=; parent_comment_text=,15:11,抖音评论,video,新的一周瑟瑟发抖啊#内容过于真实 #股民 #王多于股之子 #vlog十亿流量扶持计划,wbxmwkheb_*）ehe,7643289331093157553,https://www.douyin.com/video/7643289331093157553,,7643352499848856379,15:11,未纳入,中性,自动映射到抖音视频评论池。,,false
2026-05-24,wangduoyu,抖音评论 15:09,科瑞技术,,,,否,video_id=7643289331093157553; video_url=https://www.douyin.com/video/7643289331093157553; creator=王多于-股之子; like=0; reply=0; source_type=comment; yeren_signal_id=; parent_comment_text=,15:09,抖音评论,video,新的一周瑟瑟发抖啊#内容过于真实 #股民 #王多于股之子 #vlog十亿流量扶持计划,狗富贵🐶,7643289331093157553,https://www.douyin.com/video/7643289331093157553,,7643351941028676411,15:09,未纳入,中性,自动映射到抖音视频评论池。,,false
2026-05-24,wangduoyu,抖音评论 15:08,下周拉金融,,,,否,video_id=7643289331093157553; video_url=https://www.douyin.com/video/7643289331093157553; creator=王多于-股之子; like=0; reply=0; source_type=comment; yeren_signal_id=; parent_comment_text=,15:08,抖音评论,video,新的一周瑟瑟发抖啊#内容过于真实 #股民 #王多于股之子 #vlog十亿流量扶持计划,玉秀于林,7643289331093157553,https://www.douyin.com/video/7643289331093157553,,7643351668599915274,15:08,未纳入,中性,自动映射到抖音视频评论池。,,false
2026-05-24,wangduoyu,抖音评论 15:07,利和兴，下周怎么样,利和兴(301013),,利和兴(301013) 被提及 1 次，有效评论 1 条，来源 1 个，单视频线索，情绪 中性，当前判断：保留观察。,待确认,video_id=7643289331093157553; video_url=https://www.douyin.com/video/7643289331093157553; creator=王多于-股之子; like=0; reply=0; source_type=comment; yeren_signal_id=; parent_comment_text=,15:07,抖音评论,video,新的一周瑟瑟发抖啊#内容过于真实 #股民 #王多于股之子 #vlog十亿流量扶持计划,用户5365765524428,7643289331093157553,https://www.douyin.com/video/7643289331093157553,,7643351484662498074,15:07,待确认,中性,自动映射到抖音视频评论池。,6.4,false
2026-05-24,wangduoyu,抖音评论 15:04,肯定是电子智能驾驶了fsd马上就进来了，礼拜四那个涨停方向已经明确了,,,,否,video_id=7643289331093157553; video_url=https://www.douyin.com/video/7643289331093157553; creator=王多于-股之子; like=0; reply=1; source_type=comment; yeren_signal_id=; parent_comment_text=,15:04,抖音评论,video,新的一周瑟瑟发抖啊#内容过于真实 #股民 #王多于股之子 #vlog十亿流量扶持计划,有钱就买自行车,7643289331093157553,https://www.douyin.com/video/7643289331093157553,,7643350739256361782,15:04,未纳入,中性,自动映射到抖音视频评论池。,,false
2026-05-24,wangduoyu,抖音评论 15:02,商业航天，金利，博迁，再升，西部，飞沃，云南,,,,否,video_id=7643289331093157553; video_url=https://www.douyin.com/video/7643289331093157553; creator=王多于-股之子; like=1; reply=0; source_type=comment; yeren_signal_id=; parent_comment_text=,15:02,抖音评论,video,新的一周瑟瑟发抖啊#内容过于真实 #股民 #王多于股之子 #vlog十亿流量扶持计划,道心破碎,7643289331093157553,https://www.douyin.com/video/7643289331093157553,,7643350292302496570,15:02,未纳入,中性,自动映射到抖音视频评论池。,,false
2026-05-24,wangduoyu,抖音评论 15:01,京东方A下一个大唐,,,,否,video_id=7643289331093157553; video_url=https://www.douyin.com/video/7643289331093157553; creator=王多于-股之子; like=2; reply=5; source_type=comment; yeren_signal_id=; parent_comment_text=,15:01,抖音评论,video,新的一周瑟瑟发抖啊#内容过于真实 #股民 #王多于股之子 #vlog十亿流量扶持计划,小小鱼🐠,7643289331093157553,https://www.douyin.com/video/7643289331093157553,,7643350071325442874,15:01,未纳入,中性,自动映射到抖音视频评论池。,,false
2026-05-24,wangduoyu,抖音评论 15:01,莲花,,,,否,video_id=7643289331093157553; video_url=https://www.douyin.com/video/7643289331093157553; creator=王多于-股之子; like=1; reply=2; source_type=comment; yeren_signal_id=; parent_comment_text=,15:01,抖音评论,video,新的一周瑟瑟发抖啊#内容过于真实 #股民 #王多于股之子 #vlog十亿流量扶持计划,奥特没有曼,7643289331093157553,https://www.douyin.com/video/7643289331093157553,,7643350014014341925,15:01,未纳入,中性,自动映射到抖音视频评论池。,,false
2026-05-24,wangduoyu,抖音评论 15:00,[微笑],,,,否,video_id=7643289331093157553; video_url=https://www.douyin.com/video/7643289331093157553; creator=王多于-股之子; like=0; reply=0; source_type=comment; yeren_signal_id=; parent_comment_text=,15:00,抖音评论,video,新的一周瑟瑟发抖啊#内容过于真实 #股民 #王多于股之子 #vlog十亿流量扶持计划,✨面包超人🦸‍♀️,7643289331093157553,https://www.douyin.com/video/7643289331093157553,,7643349770124362555,15:00,未纳入,中性,自动映射到抖音视频评论池。,,false
2026-05-24,wangduoyu,抖音评论 15:00,彩虹股份,彩虹股份(600707),,彩虹股份(600707) 被提及 1 次，有效评论 1 条，来源 1 个，单视频线索，情绪 中性，当前判断：保留观察。,待确认,video_id=7643289331093157553; video_url=https://www.douyin.com/video/7643289331093157553; creator=王多于-股之子; like=2; reply=4; source_type=comment; yeren_signal_id=; parent_comment_text=,15:00,抖音评论,video,新的一周瑟瑟发抖啊#内容过于真实 #股民 #王多于股之子 #vlog十亿流量扶持计划,夏天、,7643289331093157553,https://www.douyin.com/video/7643289331093157553,,7643349647671132937,15:00,待确认,中性,自动映射到抖音视频评论池。,6.4,false
2026-05-24,wangduoyu,抖音评论 14:59,明阳智能怎么样,明阳智能(601615),,明阳智能(601615) 被提及 1 次，有效评论 1 条，来源 1 个，单视频线索，情绪 中性，当前判断：保留观察。,待确认,video_id=7643289331093157553; video_url=https://www.douyin.com/video/7643289331093157553; creator=王多于-股之子; like=0; reply=2; source_type=comment; yeren_signal_id=; parent_comment_text=,14:59,抖音评论,video,新的一周瑟瑟发抖啊#内容过于真实 #股民 #王多于股之子 #vlog十亿流量扶持计划,雪漫似穹天,7643289331093157553,https://www.douyin.com/video/7643289331093157553,,7643349407212274490,14:59,待确认,中性,自动映射到抖音视频评论池。,6.4,false
2026-05-24,wangduoyu,抖音评论 14:58,龙星科技有人在吗,龙星科技(002442),,龙星科技(002442) 被提及 1 次，有效评论 1 条，来源 1 个，单视频线索，情绪 中性，当前判断：保留观察。,待确认,video_id=7643289331093157553; video_url=https://www.douyin.com/video/7643289331093157553; creator=王多于-股之子; like=2; reply=2; source_type=comment; yeren_signal_id=; parent_comment_text=,14:58,抖音评论,video,新的一周瑟瑟发抖啊#内容过于真实 #股民 #王多于股之子 #vlog十亿流量扶持计划,大型缅A,7643289331093157553,https://www.douyin.com/video/7643289331093157553,,7643349187967877931,14:58,待确认,中性,自动映射到抖音视频评论池。,6.4,false
2026-05-24,wangduoyu,抖音评论 14:58,PCB铜箔 周五卖了[泪奔],,,,否,video_id=7643289331093157553; video_url=https://www.douyin.com/video/7643289331093157553; creator=王多于-股之子; like=0; reply=0; source_type=comment; yeren_signal_id=; parent_comment_text=,14:58,抖音评论,video,新的一周瑟瑟发抖啊#内容过于真实 #股民 #王多于股之子 #vlog十亿流量扶持计划,saber,7643289331093157553,https://www.douyin.com/video/7643289331093157553,,7643349125346460465,14:58,未纳入,中性,自动映射到抖音视频评论池。,,false
2026-05-24,wangduoyu,抖音评论 14:56,飞亚达,飞亚达(000026),,飞亚达(000026) 被提及 3 次，有效评论 3 条，来源 1 个，单视频线索，情绪 中性，当前判断：保留观察。,待确认,video_id=7643289331093157553; video_url=https://www.douyin.com/video/7643289331093157553; creator=王多于-股之子; like=0; reply=0; source_type=comment; yeren_signal_id=; parent_comment_text=,14:56,抖音评论,video,新的一周瑟瑟发抖啊#内容过于真实 #股民 #王多于股之子 #vlog十亿流量扶持计划,脑袋砸核桃,7643289331093157553,https://www.douyin.com/video/7643289331093157553,,7643348741727142693,14:56,待确认,中性,自动映射到抖音视频评论池。,7.2,false
2026-05-24,wangduoyu,抖音评论 14:56,一动不动装王八[躺平],,,,否,video_id=7643289331093157553; video_url=https://www.douyin.com/video/7643289331093157553; creator=王多于-股之子; like=0; reply=0; source_type=comment; yeren_signal_id=; parent_comment_text=,14:56,抖音评论,video,新的一周瑟瑟发抖啊#内容过于真实 #股民 #王多于股之子 #vlog十亿流量扶持计划,石头🪨,7643289331093157553,https://www.douyin.com/video/7643289331093157553,,7643348697049613105,14:56,未纳入,中性,自动映射到抖音视频评论池。,,false
2026-05-24,wangduoyu,抖音评论 14:55,信维通信 spacex,信维通信(300136),消费电子;射频,信维通信(300136) 被提及 1 次，有效评论 1 条，来源 1 个，单视频线索，情绪 中性，当前判断：保留观察。,待确认,video_id=7643289331093157553; video_url=https://www.douyin.com/video/7643289331093157553; creator=王多于-股之子; like=0; reply=0; source_type=comment; yeren_signal_id=; parent_comment_text=,14:55,抖音评论,video,新的一周瑟瑟发抖啊#内容过于真实 #股民 #王多于股之子 #vlog十亿流量扶持计划,yyoang,7643289331093157553,https://www.douyin.com/video/7643289331093157553,,7643348433344545593,14:55,待确认,中性,自动映射到抖音视频评论池。,6.4,false
2026-05-24,wangduoyu,抖音评论 14:54,大胜达怎么说,大胜达(603687),,大胜达(603687) 被提及 1 次，有效评论 1 条，来源 1 个，单视频线索，情绪 中性，当前判断：保留观察。,待确认,video_id=7643289331093157553; video_url=https://www.douyin.com/video/7643289331093157553; creator=王多于-股之子; like=0; reply=0; source_type=comment; yeren_signal_id=; parent_comment_text=,14:54,抖音评论,video,新的一周瑟瑟发抖啊#内容过于真实 #股民 #王多于股之子 #vlog十亿流量扶持计划,我爱中国,7643289331093157553,https://www.douyin.com/video/7643289331093157553,,7643348232597226297,14:54,待确认,中性,自动映射到抖音视频评论池。,6.4,false
2026-05-24,wangduoyu,抖音评论 14:54,PCB冲吧，网上热度都冲上天了[大笑],,,,否,video_id=7643289331093157553; video_url=https://www.douyin.com/video/7643289331093157553; creator=王多于-股之子; like=0; reply=0; source_type=comment; yeren_signal_id=; parent_comment_text=,14:54,抖音评论,video,新的一周瑟瑟发抖啊#内容过于真实 #股民 #王多于股之子 #vlog十亿流量扶持计划,云上的风,7643289331093157553,https://www.douyin.com/video/7643289331093157553,,7643348091802665777,14:54,未纳入,中性,自动映射到抖音视频评论池。,,false
2026-05-24,wangduoyu,抖音评论 14:50,参赛作品，中马传动,中马传动(603767),,中马传动(603767) 被提及 1 次，有效评论 1 条，来源 1 个，单视频线索，情绪 中性，当前判断：保留观察。,待确认,video_id=7643289331093157553; video_url=https://www.douyin.com/video/7643289331093157553; creator=王多于-股之子; like=0; reply=3; source_type=comment; yeren_signal_id=; parent_comment_text=,14:50,抖音评论,video,新的一周瑟瑟发抖啊#内容过于真实 #股民 #王多于股之子 #vlog十亿流量扶持计划,紫依诺,7643289331093157553,https://www.douyin.com/video/7643289331093157553,,7643347137828782905,14:50,待确认,中性,自动映射到抖音视频评论池。,6.4,false
2026-05-24,wangduoyu,抖音评论 14:50,招商南油,招商南油(601975),,招商南油(601975) 被提及 2 次，有效评论 2 条，来源 1 个，单视频线索，情绪 中性，当前判断：保留观察。,待确认,video_id=7643289331093157553; video_url=https://www.douyin.com/video/7643289331093157553; creator=王多于-股之子; like=0; reply=0; source_type=comment; yeren_signal_id=; parent_comment_text=,14:50,抖音评论,video,新的一周瑟瑟发抖啊#内容过于真实 #股民 #王多于股之子 #vlog十亿流量扶持计划,A.U.不.错.O,7643289331093157553,https://www.douyin.com/video/7643289331093157553,,7643347082128671542,14:50,待确认,中性,自动映射到抖音视频评论池。,6.9,false
2026-05-24,wangduoyu,抖音评论 14:50,植物人电子皮肤。,,,,否,video_id=7643289331093157553; video_url=https://www.douyin.com/video/7643289331093157553; creator=王多于-股之子; like=0; reply=0; source_type=comment; yeren_signal_id=; parent_comment_text=,14:50,抖音评论,video,新的一周瑟瑟发抖啊#内容过于真实 #股民 #王多于股之子 #vlog十亿流量扶持计划,Oslo,7643289331093157553,https://www.douyin.com/video/7643289331093157553,,7643347001942262582,14:50,未纳入,中性,自动映射到抖音视频评论池。,,false
2026-05-24,wangduoyu,抖音评论 14:49,数据要素,,,,否,video_id=7643289331093157553; video_url=https://www.douyin.com/video/7643289331093157553; creator=王多于-股之子; like=0; reply=0; source_type=comment; yeren_signal_id=; parent_comment_text=,14:49,抖音评论,video,新的一周瑟瑟发抖啊#内容过于真实 #股民 #王多于股之子 #vlog十亿流量扶持计划,*阿东,7643289331093157553,https://www.douyin.com/video/7643289331093157553,,7643346792961016635,14:49,未纳入,中性,自动映射到抖音视频评论池。,,false
2026-05-24,wangduoyu,抖音评论 14:47,那角落里该死的平潭大帝怎么办？,,,,否,video_id=7643289331093157553; video_url=https://www.douyin.com/video/7643289331093157553; creator=王多于-股之子; like=0; reply=2; source_type=comment; yeren_signal_id=; parent_comment_text=,14:47,抖音评论,video,新的一周瑟瑟发抖啊#内容过于真实 #股民 #王多于股之子 #vlog十亿流量扶持计划,誓言，如尘般染指流年,7643289331093157553,https://www.douyin.com/video/7643289331093157553,,7643346392920900411,14:47,未纳入,中性,自动映射到抖音视频评论池。,,false
2026-05-24,wangduoyu,抖音评论 14:47,兴森KJ,,,,否,video_id=7643289331093157553; video_url=https://www.douyin.com/video/7643289331093157553; creator=王多于-股之子; like=0; reply=0; source_type=comment; yeren_signal_id=; parent_comment_text=,14:47,抖音评论,video,新的一周瑟瑟发抖啊#内容过于真实 #股民 #王多于股之子 #vlog十亿流量扶持计划,桑吉馒头,7643289331093157553,https://www.douyin.com/video/7643289331093157553,,7643346314843554569,14:47,未纳入,中性,自动映射到抖音视频评论池。,,false
2026-05-24,wangduoyu,抖音评论 14:47,青龙,,,,否,video_id=7643289331093157553; video_url=https://www.douyin.com/video/7643289331093157553; creator=王多于-股之子; like=0; reply=1; source_type=comment; yeren_signal_id=; parent_comment_text=,14:47,抖音评论,video,新的一周瑟瑟发抖啊#内容过于真实 #股民 #王多于股之子 #vlog十亿流量扶持计划,美美,7643289331093157553,https://www.douyin.com/video/7643289331093157553,,7643346241552171811,14:47,未纳入,中性,自动映射到抖音视频评论池。,,false
2026-05-24,wangduoyu,抖音评论 14:45,大东南会有二波行情吗,大东南(002263),,大东南(002263) 被提及 1 次，有效评论 1 条，来源 1 个，单视频线索，情绪 中性，当前判断：保留观察。,待确认,video_id=7643289331093157553; video_url=https://www.douyin.com/video/7643289331093157553; creator=王多于-股之子; like=0; reply=2; source_type=comment; yeren_signal_id=; parent_comment_text=,14:45,抖音评论,video,新的一周瑟瑟发抖啊#内容过于真实 #股民 #王多于股之子 #vlog十亿流量扶持计划,🌈TWo狗子🌈,7643289331093157553,https://www.douyin.com/video/7643289331093157553,,7643345850802520895,14:45,待确认,中性,自动映射到抖音视频评论池。,6.4,false
2026-05-24,wangduoyu,抖音评论 15:01,东方明珠不会差,东方明珠(600637);东方明珠(600832),,东方明珠(600637) 被提及 3 次，有效评论 3 条，来源 1 个，单视频线索，情绪 中性，当前判断：已进入推荐候选。；东方明珠(600832) 被提及 3 次，有效评论 3 条，来源 1 个，单视频线索，情绪 中性，当前判断：保留观察。,是,video_id=7643289331093157553; video_url=https://www.douyin.com/video/7643289331093157553; creator=王多于-股之子; like=0; reply=0; source_type=comment; yeren_signal_id=; parent_comment_text=,15:01,抖音评论,video,新的一周瑟瑟发抖啊#内容过于真实 #股民 #王多于股之子 #vlog十亿流量扶持计划,小小鱼🐠,7643289331093157553,https://www.douyin.com/video/7643289331093157553,,7643349899761484593,15:01,已纳入,中性,自动映射到抖音视频评论池。,8.1,true
2026-05-24,wangduoyu,抖音评论 14:43,不用猜了必须张江，错了我给你磕一个,,,,否,video_id=7643289331093157553; video_url=https://www.douyin.com/video/7643289331093157553; creator=王多于-股之子; like=1; reply=0; source_type=comment; yeren_signal_id=; parent_comment_text=,14:43,抖音评论,video,新的一周瑟瑟发抖啊#内容过于真实 #股民 #王多于股之子 #vlog十亿流量扶持计划,天天久久,7643289331093157553,https://www.douyin.com/video/7643289331093157553,,7643345363169002277,14:43,未纳入,中性,自动映射到抖音视频评论池。,,false
2026-05-24,wangduoyu,抖音评论 14:42,加油,,,,否,video_id=7643289331093157553; video_url=https://www.douyin.com/video/7643289331093157553; creator=王多于-股之子; like=0; reply=0; source_type=comment; yeren_signal_id=; parent_comment_text=,14:42,抖音评论,video,新的一周瑟瑟发抖啊#内容过于真实 #股民 #王多于股之子 #vlog十亿流量扶持计划,🐦‍🔥金凤凰🐦‍🔥股旺旺,7643289331093157553,https://www.douyin.com/video/7643289331093157553,,7643345121203225381,14:42,未纳入,中性,自动映射到抖音视频评论池。,,false
2026-05-24,wangduoyu,抖音评论 14:44,招商南油,,,,否,video_id=7643289331093157553; video_url=https://www.douyin.com/video/7643289331093157553; creator=王多于-股之子; like=0; reply=0; source_type=comment; yeren_signal_id=; parent_comment_text=,14:44,抖音评论,video,新的一周瑟瑟发抖啊#内容过于真实 #股民 #王多于股之子 #vlog十亿流量扶持计划,无名,7643289331093157553,https://www.douyin.com/video/7643289331093157553,,7643345554424398598,14:44,未纳入,中性,自动映射到抖音视频评论池。,,false
2026-05-24,wangduoyu,抖音评论 14:39,明天储能 电力设备,,,,否,video_id=7643289331093157553; video_url=https://www.douyin.com/video/7643289331093157553; creator=王多于-股之子; like=0; reply=0; source_type=comment; yeren_signal_id=; parent_comment_text=,14:39,抖音评论,video,新的一周瑟瑟发抖啊#内容过于真实 #股民 #王多于股之子 #vlog十亿流量扶持计划,幸运草🍀,7643289331093157553,https://www.douyin.com/video/7643289331093157553,,7643344382490460963,14:39,未纳入,中性,自动映射到抖音视频评论池。,,false
2026-05-24,wangduoyu,抖音评论 14:39,红板继续格局,,,,否,video_id=7643289331093157553; video_url=https://www.douyin.com/video/7643289331093157553; creator=王多于-股之子; like=0; reply=0; source_type=comment; yeren_signal_id=; parent_comment_text=,14:39,抖音评论,video,新的一周瑟瑟发抖啊#内容过于真实 #股民 #王多于股之子 #vlog十亿流量扶持计划,白日梦想家,7643289331093157553,https://www.douyin.com/video/7643289331093157553,,7643344250658800433,14:39,未纳入,中性,自动映射到抖音视频评论池。,,false
2026-05-24,wangduoyu,抖音评论 14:38,金海高科涨停[赞],金海高科(603311),,金海高科(603311) 被提及 1 次，有效评论 1 条，来源 1 个，单视频线索，情绪 看多，当前判断：保留观察。,待确认,video_id=7643289331093157553; video_url=https://www.douyin.com/video/7643289331093157553; creator=王多于-股之子; like=0; reply=0; source_type=comment; yeren_signal_id=; parent_comment_text=,14:38,抖音评论,video,新的一周瑟瑟发抖啊#内容过于真实 #股民 #王多于股之子 #vlog十亿流量扶持计划,清风徐来66,7643289331093157553,https://www.douyin.com/video/7643289331093157553,,7643344010371203899,14:38,待确认,看多,自动映射到抖音视频评论池。,6.4,false
2026-05-24,wangduoyu,抖音评论 14:38,矿上机器人总龙头天地科技。龙头二尤洛卡。干,机器人(300024);天地科技(600582),,机器人(300024) 被提及 10 次，有效评论 10 条，来源 1 个，单视频线索，情绪 中性，当前判断：已进入推荐候选。；天地科技(600582) 被提及 1 次，有效评论 1 条，来源 1 个，单视频线索，情绪 谨慎，当前判断：偏风险观察。,是,video_id=7643289331093157553; video_url=https://www.douyin.com/video/7643289331093157553; creator=王多于-股之子; like=1; reply=0; source_type=comment; yeren_signal_id=; parent_comment_text=,14:38,抖音评论,video,新的一周瑟瑟发抖啊#内容过于真实 #股民 #王多于股之子 #vlog十亿流量扶持计划,汇丰工艺,7643289331093157553,https://www.douyin.com/video/7643289331093157553,,7643343924934230821,14:38,已纳入,谨慎,自动映射到抖音视频评论池。,9.6,true
2026-05-24,wangduoyu,抖音评论 14:33,真美机,,,,否,video_id=7643289331093157553; video_url=https://www.douyin.com/video/7643289331093157553; creator=王多于-股之子; like=0; reply=0; source_type=comment; yeren_signal_id=; parent_comment_text=,14:33,抖音评论,video,新的一周瑟瑟发抖啊#内容过于真实 #股民 #王多于股之子 #vlog十亿流量扶持计划,小岛🏝️种蔷薇,7643289331093157553,https://www.douyin.com/video/7643289331093157553,,7643342850788410170,14:33,未纳入,中性,自动映射到抖音视频评论池。,,false
2026-05-24,wangduoyu,抖音评论 14:33,大众交通,大众交通(600611),,大众交通(600611) 被提及 1 次，有效评论 1 条，来源 1 个，单视频线索，情绪 中性，当前判断：保留观察。,待确认,video_id=7643289331093157553; video_url=https://www.douyin.com/video/7643289331093157553; creator=王多于-股之子; like=1; reply=0; source_type=comment; yeren_signal_id=; parent_comment_text=,14:33,抖音评论,video,新的一周瑟瑟发抖啊#内容过于真实 #股民 #王多于股之子 #vlog十亿流量扶持计划,她不让我通宵学,7643289331093157553,https://www.douyin.com/video/7643289331093157553,,7643342731553719089,14:33,待确认,中性,自动映射到抖音视频评论池。,6.4,false
2026-05-24,wangduoyu,抖音评论 14:29,603435,嘉德利(603435),,嘉德利(603435) 被提及 1 次，有效评论 1 条，来源 1 个，单视频线索，情绪 中性，当前判断：保留观察。,待确认,video_id=7643289331093157553; video_url=https://www.douyin.com/video/7643289331093157553; creator=王多于-股之子; like=0; reply=0; source_type=comment; yeren_signal_id=; parent_comment_text=,14:29,抖音评论,video,新的一周瑟瑟发抖啊#内容过于真实 #股民 #王多于股之子 #vlog十亿流量扶持计划,会旋转,7643289331093157553,https://www.douyin.com/video/7643289331093157553,,7643341799663338277,14:29,待确认,中性,自动映射到抖音视频评论池。,6.4,false
2026-05-24,wangduoyu,抖音评论 14:28,这主播可以[色],,,,否,video_id=7643289331093157553; video_url=https://www.douyin.com/video/7643289331093157553; creator=王多于-股之子; like=0; reply=0; source_type=comment; yeren_signal_id=; parent_comment_text=,14:28,抖音评论,video,新的一周瑟瑟发抖啊#内容过于真实 #股民 #王多于股之子 #vlog十亿流量扶持计划,包子,7643289331093157553,https://www.douyin.com/video/7643289331093157553,,7643341473618576177,14:28,未纳入,中性,自动映射到抖音视频评论池。,,false
2026-05-24,wangduoyu,抖音评论 14:25,还是坚定协鑫[看][看],,,,否,video_id=7643289331093157553; video_url=https://www.douyin.com/video/7643289331093157553; creator=王多于-股之子; like=0; reply=4; source_type=comment; yeren_signal_id=; parent_comment_text=,14:25,抖音评论,video,新的一周瑟瑟发抖啊#内容过于真实 #股民 #王多于股之子 #vlog十亿流量扶持计划,番茄咸鱼作者,7643289331093157553,https://www.douyin.com/video/7643289331093157553,,7643340726285976377,14:25,未纳入,中性,自动映射到抖音视频评论池。,,false
2026-05-24,wangduoyu,抖音评论 14:25,莲花,,,,否,video_id=7643289331093157553; video_url=https://www.douyin.com/video/7643289331093157553; creator=王多于-股之子; like=0; reply=0; source_type=comment; yeren_signal_id=; parent_comment_text=,14:25,抖音评论,video,新的一周瑟瑟发抖啊#内容过于真实 #股民 #王多于股之子 #vlog十亿流量扶持计划,鑫淼🇨🇳,7643289331093157553,https://www.douyin.com/video/7643289331093157553,,7643340691196412710,14:25,未纳入,中性,自动映射到抖音视频评论池。,,false
2026-05-24,wangduoyu,抖音评论 14:24,中国巨石,中国巨石(600176),,中国巨石(600176) 被提及 4 次，有效评论 4 条，来源 1 个，单视频线索，情绪 中性，当前判断：保留观察。,待确认,video_id=7643289331093157553; video_url=https://www.douyin.com/video/7643289331093157553; creator=王多于-股之子; like=0; reply=0; source_type=comment; yeren_signal_id=; parent_comment_text=,14:24,抖音评论,video,新的一周瑟瑟发抖啊#内容过于真实 #股民 #王多于股之子 #vlog十亿流量扶持计划,大道至简,7643289331093157553,https://www.douyin.com/video/7643289331093157553,,7643340397552812838,14:24,待确认,中性,自动映射到抖音视频评论池。,7.6,false
2026-05-24,wangduoyu,抖音评论 14:24,方向不是复盘复出来的，而且市场选出来的[惊喜][惊喜][惊喜][惊喜][惊喜],,,,否,video_id=7643289331093157553; video_url=https://www.douyin.com/video/7643289331093157553; creator=王多于-股之子; like=0; reply=0; source_type=comment; yeren_signal_id=; parent_comment_text=,14:24,抖音评论,video,新的一周瑟瑟发抖啊#内容过于真实 #股民 #王多于股之子 #vlog十亿流量扶持计划,coco,7643289331093157553,https://www.douyin.com/video/7643289331093157553,,7643340300643844922,14:24,未纳入,中性,自动映射到抖音视频评论池。,,false
2026-05-24,wangduoyu,抖音评论 14:23,长电科技没人说？,长电科技(600584),,长电科技(600584) 被提及 1 次，有效评论 1 条，来源 1 个，单视频线索，情绪 中性，当前判断：保留观察。,待确认,video_id=7643289331093157553; video_url=https://www.douyin.com/video/7643289331093157553; creator=王多于-股之子; like=2; reply=9; source_type=comment; yeren_signal_id=; parent_comment_text=,14:23,抖音评论,video,新的一周瑟瑟发抖啊#内容过于真实 #股民 #王多于股之子 #vlog十亿流量扶持计划,心已上锁,7643289331093157553,https://www.douyin.com/video/7643289331093157553,,7643340107316675377,14:23,待确认,中性,自动映射到抖音视频评论池。,6.4,false
2026-05-24,wangduoyu,抖音评论 14:22,明天走,,,,否,video_id=7643289331093157553; video_url=https://www.douyin.com/video/7643289331093157553; creator=王多于-股之子; like=0; reply=0; source_type=comment; yeren_signal_id=; parent_comment_text=,14:22,抖音评论,video,新的一周瑟瑟发抖啊#内容过于真实 #股民 #王多于股之子 #vlog十亿流量扶持计划,只做防水,7643289331093157553,https://www.douyin.com/video/7643289331093157553,,7643339851425432369,14:22,未纳入,中性,自动映射到抖音视频评论池。,,false
2026-05-24,wangduoyu,抖音评论 14:21,贵州燃气,贵州燃气(600903),,贵州燃气(600903) 被提及 3 次，有效评论 3 条，来源 1 个，单视频线索，情绪 中性，当前判断：保留观察。,待确认,video_id=7643289331093157553; video_url=https://www.douyin.com/video/7643289331093157553; creator=王多于-股之子; like=0; reply=0; source_type=comment; yeren_signal_id=; parent_comment_text=,14:21,抖音评论,video,新的一周瑟瑟发抖啊#内容过于真实 #股民 #王多于股之子 #vlog十亿流量扶持计划,┊浅.沫﹎,7643289331093157553,https://www.douyin.com/video/7643289331093157553,,7643339524441572154,14:21,待确认,中性,自动映射到抖音视频评论池。,7.2,false
2026-05-24,wangduoyu,抖音评论 14:20,不敢说，怕封号,,,,否,video_id=7643289331093157553; video_url=https://www.douyin.com/video/7643289331093157553; creator=王多于-股之子; like=0; reply=5; source_type=comment; yeren_signal_id=; parent_comment_text=,14:20,抖音评论,video,新的一周瑟瑟发抖啊#内容过于真实 #股民 #王多于股之子 #vlog十亿流量扶持计划,雪浪,7643289331093157553,https://www.douyin.com/video/7643289331093157553,,7643339389116105509,14:20,未纳入,中性,自动映射到抖音视频评论池。,,false
2026-05-24,wangduoyu,抖音评论 14:17,风华高科 深南电路,风华高科(000636);深南电路(002916),,风华高科(000636) 被提及 5 次，有效评论 5 条，来源 1 个，单视频线索，情绪 中性，当前判断：保留观察。；深南电路(002916) 被提及 1 次，有效评论 1 条，来源 1 个，单视频线索，情绪 中性，当前判断：保留观察。,待确认,video_id=7643289331093157553; video_url=https://www.douyin.com/video/7643289331093157553; creator=王多于-股之子; like=2; reply=2; source_type=comment; yeren_signal_id=; parent_comment_text=,14:17,抖音评论,video,新的一周瑟瑟发抖啊#内容过于真实 #股民 #王多于股之子 #vlog十亿流量扶持计划,小先生～,7643289331093157553,https://www.douyin.com/video/7643289331093157553,,7643338698465198907,14:17,待确认,中性,自动映射到抖音视频评论池。,8.1,false
2026-05-24,wangduoyu,抖音评论 14:17,机器人随便买,机器人(300024),,机器人(300024) 被提及 10 次，有效评论 10 条，来源 1 个，单视频线索，情绪 中性，当前判断：已进入推荐候选。,是,video_id=7643289331093157553; video_url=https://www.douyin.com/video/7643289331093157553; creator=王多于-股之子; like=1; reply=0; source_type=comment; yeren_signal_id=; parent_comment_text=,14:17,抖音评论,video,新的一周瑟瑟发抖啊#内容过于真实 #股民 #王多于股之子 #vlog十亿流量扶持计划,王_,7643289331093157553,https://www.douyin.com/video/7643289331093157553,,7643338615595500337,14:17,已纳入,中性,自动映射到抖音视频评论池。,9.6,true
2026-05-24,wangduoyu,抖音评论 14:17,寒武纪直接吃满,寒武纪(688256),,寒武纪(688256) 被提及 1 次，有效评论 1 条，来源 1 个，单视频线索，情绪 中性，当前判断：保留观察。,待确认,video_id=7643289331093157553; video_url=https://www.douyin.com/video/7643289331093157553; creator=王多于-股之子; like=0; reply=0; source_type=comment; yeren_signal_id=; parent_comment_text=,14:17,抖音评论,video,新的一周瑟瑟发抖啊#内容过于真实 #股民 #王多于股之子 #vlog十亿流量扶持计划,卡卡是信仰,7643289331093157553,https://www.douyin.com/video/7643289331093157553,,7643338494938432293,14:17,待确认,中性,自动映射到抖音视频评论池。,6.4,false
2026-05-24,wangduoyu,抖音评论 14:16,周一站稳，可以入,,,,否,video_id=7643289331093157553; video_url=https://www.douyin.com/video/7643289331093157553; creator=王多于-股之子; like=0; reply=0; source_type=comment; yeren_signal_id=; parent_comment_text=,14:16,抖音评论,video,新的一周瑟瑟发抖啊#内容过于真实 #股民 #王多于股之子 #vlog十亿流量扶持计划,飞天神犬八方，来财，太仓偏财一主人,7643289331093157553,https://www.douyin.com/video/7643289331093157553,,7643338341689754427,14:16,未纳入,中性,自动映射到抖音视频评论池。,,false
2026-05-24,wangduoyu,抖音评论 14:14,青龙管业，立帖为证,青龙管业(002457),,青龙管业(002457) 被提及 7 次，有效评论 7 条，来源 1 个，单视频线索，情绪 中性，当前判断：保留观察。,待确认,video_id=7643289331093157553; video_url=https://www.douyin.com/video/7643289331093157553; creator=王多于-股之子; like=14; reply=5; source_type=comment; yeren_signal_id=; parent_comment_text=,14:14,抖音评论,video,新的一周瑟瑟发抖啊#内容过于真实 #股民 #王多于股之子 #vlog十亿流量扶持计划,亮亮运气特好,7643289331093157553,https://www.douyin.com/video/7643289331093157553,,7643337751445930801,14:14,待确认,中性,自动映射到抖音视频评论池。,8.8,false
2026-05-24,wangduoyu,抖音评论 14:13,湖南白银,湖南白银(002716),,湖南白银(002716) 被提及 1 次，有效评论 1 条，来源 1 个，单视频线索，情绪 中性，当前判断：保留观察。,待确认,video_id=7643289331093157553; video_url=https://www.douyin.com/video/7643289331093157553; creator=王多于-股之子; like=0; reply=0; source_type=comment; yeren_signal_id=; parent_comment_text=,14:13,抖音评论,video,新的一周瑟瑟发抖啊#内容过于真实 #股民 #王多于股之子 #vlog十亿流量扶持计划,小杨杨～,7643289331093157553,https://www.douyin.com/video/7643289331093157553,,7643337638434587455,14:13,待确认,中性,自动映射到抖音视频评论池。,6.4,false
2026-05-24,wangduoyu,抖音评论 14:13,阳光电源，200不是梦[杀马特],阳光电源(300274),,阳光电源(300274) 被提及 1 次，有效评论 1 条，来源 1 个，单视频线索，情绪 中性，当前判断：保留观察。,待确认,video_id=7643289331093157553; video_url=https://www.douyin.com/video/7643289331093157553; creator=王多于-股之子; like=0; reply=1; source_type=comment; yeren_signal_id=; parent_comment_text=,14:13,抖音评论,video,新的一周瑟瑟发抖啊#内容过于真实 #股民 #王多于股之子 #vlog十亿流量扶持计划,K线全靠主力画。,7643289331093157553,https://www.douyin.com/video/7643289331093157553,,7643337539991061284,14:13,待确认,中性,自动映射到抖音视频评论池。,6.4,false
2026-05-24,wangduoyu,抖音评论 14:13,青龙管业，起飞了,青龙管业(002457),,青龙管业(002457) 被提及 7 次，有效评论 7 条，来源 1 个，单视频线索，情绪 中性，当前判断：保留观察。,待确认,video_id=7643289331093157553; video_url=https://www.douyin.com/video/7643289331093157553; creator=王多于-股之子; like=2; reply=2; source_type=comment; yeren_signal_id=; parent_comment_text=,14:13,抖音评论,video,新的一周瑟瑟发抖啊#内容过于真实 #股民 #王多于股之子 #vlog十亿流量扶持计划,hug。,7643289331093157553,https://www.douyin.com/video/7643289331093157553,,7643337467148763950,14:13,待确认,中性,自动映射到抖音视频评论池。,8.8,false
2026-05-24,wangduoyu,抖音评论 14:13,派克新材    散户少     商业航天,派克新材(605123),,派克新材(605123) 被提及 1 次，有效评论 1 条，来源 1 个，单视频线索，情绪 中性，当前判断：保留观察。,待确认,video_id=7643289331093157553; video_url=https://www.douyin.com/video/7643289331093157553; creator=王多于-股之子; like=2; reply=0; source_type=comment; yeren_signal_id=; parent_comment_text=,14:13,抖音评论,video,新的一周瑟瑟发抖啊#内容过于真实 #股民 #王多于股之子 #vlog十亿流量扶持计划,爆炒田鸡,7643289331093157553,https://www.douyin.com/video/7643289331093157553,,7643337456011772731,14:13,待确认,中性,自动映射到抖音视频评论池。,6.4,false
2026-05-24,wangduoyu,抖音评论 14:10,下周友a,,,,否,video_id=7643289331093157553; video_url=https://www.douyin.com/video/7643289331093157553; creator=王多于-股之子; like=0; reply=0; source_type=comment; yeren_signal_id=; parent_comment_text=,14:10,抖音评论,video,新的一周瑟瑟发抖啊#内容过于真实 #股民 #王多于股之子 #vlog十亿流量扶持计划,念旧丶,7643289331093157553,https://www.douyin.com/video/7643289331093157553,,7643336855984063281,14:10,未纳入,中性,自动映射到抖音视频评论池。,,false
2026-05-24,wangduoyu,抖音评论 14:09,大位科技,大位科技(600589),AIDC;算力,大位科技(600589) 被提及 1 次，有效评论 1 条，来源 1 个，单视频线索，情绪 中性，当前判断：保留观察。,待确认,video_id=7643289331093157553; video_url=https://www.douyin.com/video/7643289331093157553; creator=王多于-股之子; like=2; reply=1; source_type=comment; yeren_signal_id=; parent_comment_text=,14:09,抖音评论,video,新的一周瑟瑟发抖啊#内容过于真实 #股民 #王多于股之子 #vlog十亿流量扶持计划,温情绪,7643289331093157553,https://www.douyin.com/video/7643289331093157553,,7643336611141239601,14:09,待确认,中性,自动映射到抖音视频评论池。,6.4,false
2026-05-24,wangduoyu,抖音评论 14:09,利仁股份，威龙股份，不是跌停板就能进,威龙股份(603779),,威龙股份(603779) 被提及 1 次，有效评论 1 条，来源 1 个，单视频线索，情绪 谨慎，当前判断：偏风险观察。,否,video_id=7643289331093157553; video_url=https://www.douyin.com/video/7643289331093157553; creator=王多于-股之子; like=1; reply=1; source_type=comment; yeren_signal_id=; parent_comment_text=,14:09,抖音评论,video,新的一周瑟瑟发抖啊#内容过于真实 #股民 #王多于股之子 #vlog十亿流量扶持计划,来碗茶,7643289331093157553,https://www.douyin.com/video/7643289331093157553,,7643336545396015921,14:09,未纳入,谨慎,自动映射到抖音视频评论池。,5.9,false
2026-05-24,wangduoyu,抖音评论 14:08,永兴材料 做不锈钢的,永兴材料(002756),,永兴材料(002756) 被提及 1 次，有效评论 1 条，来源 1 个，单视频线索，情绪 中性，当前判断：保留观察。,待确认,video_id=7643289331093157553; video_url=https://www.douyin.com/video/7643289331093157553; creator=王多于-股之子; like=0; reply=0; source_type=comment; yeren_signal_id=; parent_comment_text=,14:08,抖音评论,video,新的一周瑟瑟发抖啊#内容过于真实 #股民 #王多于股之子 #vlog十亿流量扶持计划,Bacterium,7643289331093157553,https://www.douyin.com/video/7643289331093157553,,7643336248611062577,14:08,待确认,中性,自动映射到抖音视频评论池。,6.4,false
2026-05-24,wangduoyu,抖音评论 14:07,鸿博,,,,否,video_id=7643289331093157553; video_url=https://www.douyin.com/video/7643289331093157553; creator=王多于-股之子; like=0; reply=0; source_type=comment; yeren_signal_id=; parent_comment_text=,14:07,抖音评论,video,新的一周瑟瑟发抖啊#内容过于真实 #股民 #王多于股之子 #vlog十亿流量扶持计划,w王生江,7643289331093157553,https://www.douyin.com/video/7643289331093157553,,7643336083954582318,14:07,未纳入,中性,自动映射到抖音视频评论池。,,false
2026-05-24,wangduoyu,抖音评论 14:06,华特气体,华特气体(688268),,华特气体(688268) 被提及 1 次，有效评论 1 条，来源 1 个，单视频线索，情绪 中性，当前判断：保留观察。,待确认,video_id=7643289331093157553; video_url=https://www.douyin.com/video/7643289331093157553; creator=王多于-股之子; like=0; reply=0; source_type=comment; yeren_signal_id=; parent_comment_text=,14:06,抖音评论,video,新的一周瑟瑟发抖啊#内容过于真实 #股民 #王多于股之子 #vlog十亿流量扶持计划,778,7643289331093157553,https://www.douyin.com/video/7643289331093157553,,7643335879105200933,14:06,待确认,中性,自动映射到抖音视频评论池。,6.4,false
2026-05-24,wangduoyu,抖音评论 14:04,PCB，消费电子,,,,否,video_id=7643289331093157553; video_url=https://www.douyin.com/video/7643289331093157553; creator=王多于-股之子; like=0; reply=0; source_type=comment; yeren_signal_id=; parent_comment_text=,14:04,抖音评论,video,新的一周瑟瑟发抖啊#内容过于真实 #股民 #王多于股之子 #vlog十亿流量扶持计划,瑶瑶,7643289331093157553,https://www.douyin.com/video/7643289331093157553,,7643335386462389051,14:04,未纳入,中性,自动映射到抖音视频评论池。,,false
2026-05-24,wangduoyu,抖音评论 14:04,长江长江，我是黄河[烟花],,,,否,video_id=7643289331093157553; video_url=https://www.douyin.com/video/7643289331093157553; creator=王多于-股之子; like=0; reply=0; source_type=comment; yeren_signal_id=; parent_comment_text=,14:04,抖音评论,video,新的一周瑟瑟发抖啊#内容过于真实 #股民 #王多于股之子 #vlog十亿流量扶持计划,小道无怨,7643289331093157553,https://www.douyin.com/video/7643289331093157553,,7643335372776653619,14:04,未纳入,中性,自动映射到抖音视频评论池。,,false
2026-05-24,wangduoyu,抖音评论 14:03,青山纸业周一最后一跌，黄金坑[捂脸][捂脸],青山纸业(600103),,青山纸业(600103) 被提及 1 次，有效评论 1 条，来源 1 个，单视频线索，情绪 谨慎，当前判断：偏风险观察。,否,video_id=7643289331093157553; video_url=https://www.douyin.com/video/7643289331093157553; creator=王多于-股之子; like=2; reply=8; source_type=comment; yeren_signal_id=; parent_comment_text=,14:03,抖音评论,video,新的一周瑟瑟发抖啊#内容过于真实 #股民 #王多于股之子 #vlog十亿流量扶持计划,風灼烧心   拥有,7643289331093157553,https://www.douyin.com/video/7643289331093157553,,7643335091067700005,14:03,未纳入,谨慎,自动映射到抖音视频评论池。,5.9,false
2026-05-24,wangduoyu,抖音评论 13:59,可lk 开盘就搞吧 [躺平],,,,否,video_id=7643289331093157553; video_url=https://www.douyin.com/video/7643289331093157553; creator=王多于-股之子; like=0; reply=0; source_type=comment; yeren_signal_id=; parent_comment_text=,13:59,抖音评论,video,新的一周瑟瑟发抖啊#内容过于真实 #股民 #王多于股之子 #vlog十亿流量扶持计划,叫我安崽,7643289331093157553,https://www.douyin.com/video/7643289331093157553,,7643333928392213305,13:59,未纳入,中性,自动映射到抖音视频评论池。,,false
2026-05-24,wangduoyu,抖音评论 13:58,我还是得说一句多氟多已经第四天了,多氟多(002407),,多氟多(002407) 被提及 1 次，有效评论 1 条，来源 1 个，单视频线索，情绪 中性，当前判断：保留观察。,待确认,video_id=7643289331093157553; video_url=https://www.douyin.com/video/7643289331093157553; creator=王多于-股之子; like=7; reply=8; source_type=comment; yeren_signal_id=; parent_comment_text=,13:58,抖音评论,video,新的一周瑟瑟发抖啊#内容过于真实 #股民 #王多于股之子 #vlog十亿流量扶持计划,北走km,7643289331093157553,https://www.douyin.com/video/7643289331093157553,,7643333762273772337,13:58,待确认,中性,自动映射到抖音视频评论池。,6.4,false
2026-05-24,wangduoyu,抖音评论 13:58,机器人和pcb封装[躺平],,,,否,video_id=7643289331093157553; video_url=https://www.douyin.com/video/7643289331093157553; creator=王多于-股之子; like=0; reply=0; source_type=comment; yeren_signal_id=; parent_comment_text=,13:58,抖音评论,video,新的一周瑟瑟发抖啊#内容过于真实 #股民 #王多于股之子 #vlog十亿流量扶持计划,美式- Edmund,7643289331093157553,https://www.douyin.com/video/7643289331093157553,,7643333722402931505,13:58,未纳入,中性,自动映射到抖音视频评论池。,,false
2026-05-24,wangduoyu,抖音评论 13:56,金石,,,,否,video_id=7643289331093157553; video_url=https://www.douyin.com/video/7643289331093157553; creator=王多于-股之子; like=0; reply=0; source_type=comment; yeren_signal_id=; parent_comment_text=,13:56,抖音评论,video,新的一周瑟瑟发抖啊#内容过于真实 #股民 #王多于股之子 #vlog十亿流量扶持计划,Seven🛌,7643289331093157553,https://www.douyin.com/video/7643289331093157553,,7643333266690556709,13:56,未纳入,中性,自动映射到抖音视频评论池。,,false
2026-05-24,wangduoyu,抖音评论 13:56,电网设备，起飞,,,,否,video_id=7643289331093157553; video_url=https://www.douyin.com/video/7643289331093157553; creator=王多于-股之子; like=0; reply=3; source_type=comment; yeren_signal_id=; parent_comment_text=,13:56,抖音评论,video,新的一周瑟瑟发抖啊#内容过于真实 #股民 #王多于股之子 #vlog十亿流量扶持计划,🌈*南兴电缆🌈,7643289331093157553,https://www.douyin.com/video/7643289331093157553,,7643333257853813541,13:56,未纳入,中性,自动映射到抖音视频评论池。,,false
2026-05-24,wangduoyu,抖音评论 13:55,中文在线,,,,否,video_id=7643289331093157553; video_url=https://www.douyin.com/video/7643289331093157553; creator=王多于-股之子; like=0; reply=0; source_type=comment; yeren_signal_id=; parent_comment_text=,13:55,抖音评论,video,新的一周瑟瑟发抖啊#内容过于真实 #股民 #王多于股之子 #vlog十亿流量扶持计划,无忧吴律,7643289331093157553,https://www.douyin.com/video/7643289331093157553,,7643332846824063794,13:55,未纳入,中性,自动映射到抖音视频评论池。,,false
2026-05-24,wangduoyu,抖音评论 13:54,中。国际明天起飞[看],,,,否,video_id=7643289331093157553; video_url=https://www.douyin.com/video/7643289331093157553; creator=王多于-股之子; like=0; reply=0; source_type=comment; yeren_signal_id=; parent_comment_text=,13:54,抖音评论,video,新的一周瑟瑟发抖啊#内容过于真实 #股民 #王多于股之子 #vlog十亿流量扶持计划,用户8731594311036,7643289331093157553,https://www.douyin.com/video/7643289331093157553,,7643332813647020849,13:54,未纳入,中性,自动映射到抖音视频评论池。,,false
2026-05-24,wangduoyu,抖音评论 13:53,煤炭,,,,否,video_id=7643289331093157553; video_url=https://www.douyin.com/video/7643289331093157553; creator=王多于-股之子; like=0; reply=0; source_type=comment; yeren_signal_id=; parent_comment_text=,13:53,抖音评论,video,新的一周瑟瑟发抖啊#内容过于真实 #股民 #王多于股之子 #vlog十亿流量扶持计划,苡ᵛᵃᵉ,7643289331093157553,https://www.douyin.com/video/7643289331093157553,,7643332435400655665,13:53,未纳入,中性,自动映射到抖音视频评论池。,,false
2026-05-24,wangduoyu,抖音评论 13:52,有人要对卧龙下手了,,,,否,video_id=7643289331093157553; video_url=https://www.douyin.com/video/7643289331093157553; creator=王多于-股之子; like=0; reply=3; source_type=comment; yeren_signal_id=; parent_comment_text=,13:52,抖音评论,video,新的一周瑟瑟发抖啊#内容过于真实 #股民 #王多于股之子 #vlog十亿流量扶持计划,LY随心,7643289331093157553,https://www.douyin.com/video/7643289331093157553,,7643332183591371571,13:52,未纳入,中性,自动映射到抖音视频评论池。,,false
2026-05-24,wangduoyu,抖音评论 13:52,万向钱,,,,否,video_id=7643289331093157553; video_url=https://www.douyin.com/video/7643289331093157553; creator=王多于-股之子; like=0; reply=0; source_type=comment; yeren_signal_id=; parent_comment_text=,13:52,抖音评论,video,新的一周瑟瑟发抖啊#内容过于真实 #股民 #王多于股之子 #vlog十亿流量扶持计划,Shen,7643289331093157553,https://www.douyin.com/video/7643289331093157553,,7643332106724770609,13:52,未纳入,中性,自动映射到抖音视频评论池。,,false
2026-05-24,wangduoyu,抖音评论 13:52,家得利，家人们得利，三百见,,,,否,video_id=7643289331093157553; video_url=https://www.douyin.com/video/7643289331093157553; creator=王多于-股之子; like=0; reply=0; source_type=comment; yeren_signal_id=; parent_comment_text=,13:52,抖音评论,video,新的一周瑟瑟发抖啊#内容过于真实 #股民 #王多于股之子 #vlog十亿流量扶持计划,🍭T,7643289331093157553,https://www.douyin.com/video/7643289331093157553,,7643332071277511430,13:52,未纳入,中性,自动映射到抖音视频评论池。,,false
2026-05-24,wangduoyu,抖音评论 13:50,植物人可冲,,,,否,video_id=7643289331093157553; video_url=https://www.douyin.com/video/7643289331093157553; creator=王多于-股之子; like=0; reply=0; source_type=comment; yeren_signal_id=; parent_comment_text=,13:50,抖音评论,video,新的一周瑟瑟发抖啊#内容过于真实 #股民 #王多于股之子 #vlog十亿流量扶持计划,🌈钱塘江上潮信来,7643289331093157553,https://www.douyin.com/video/7643289331093157553,,7643331760041755428,13:50,未纳入,中性,自动映射到抖音视频评论池。,,false
2026-05-24,wangduoyu,抖音评论 13:48,新大陆能涨一波,,,,否,video_id=7643289331093157553; video_url=https://www.douyin.com/video/7643289331093157553; creator=王多于-股之子; like=0; reply=0; source_type=comment; yeren_signal_id=; parent_comment_text=,13:48,抖音评论,video,新的一周瑟瑟发抖啊#内容过于真实 #股民 #王多于股之子 #vlog十亿流量扶持计划,半路追涨停,7643289331093157553,https://www.douyin.com/video/7643289331093157553,,7643331127550247737,13:48,未纳入,中性,自动映射到抖音视频评论池。,,false
2026-05-24,wangduoyu,抖音评论 13:44,TCL,,,,否,video_id=7643289331093157553; video_url=https://www.douyin.com/video/7643289331093157553; creator=王多于-股之子; like=0; reply=0; source_type=comment; yeren_signal_id=; parent_comment_text=,13:44,抖音评论,video,新的一周瑟瑟发抖啊#内容过于真实 #股民 #王多于股之子 #vlog十亿流量扶持计划,君子一言九鼎,7643289331093157553,https://www.douyin.com/video/7643289331093157553,,7643330162410603322,13:44,未纳入,中性,自动映射到抖音视频评论池。,,false
2026-05-24,wangduoyu,抖音评论 13:44,mlcc,,,,否,video_id=7643289331093157553; video_url=https://www.douyin.com/video/7643289331093157553; creator=王多于-股之子; like=0; reply=0; source_type=comment; yeren_signal_id=; parent_comment_text=,13:44,抖音评论,video,新的一周瑟瑟发抖啊#内容过于真实 #股民 #王多于股之子 #vlog十亿流量扶持计划,喆嚞,7643289331093157553,https://www.douyin.com/video/7643289331093157553,,7643330099563365179,13:44,未纳入,中性,自动映射到抖音视频评论池。,,false
2026-05-24,wangduoyu,抖音评论 13:43,光威复材,光威复材(300699),,光威复材(300699) 被提及 1 次，有效评论 1 条，来源 1 个，单视频线索，情绪 中性，当前判断：保留观察。,待确认,video_id=7643289331093157553; video_url=https://www.douyin.com/video/7643289331093157553; creator=王多于-股之子; like=0; reply=0; source_type=comment; yeren_signal_id=; parent_comment_text=,13:43,抖音评论,video,新的一周瑟瑟发抖啊#内容过于真实 #股民 #王多于股之子 #vlog十亿流量扶持计划,地球是星星,7643289331093157553,https://www.douyin.com/video/7643289331093157553,,7643329766963839801,13:43,待确认,中性,自动映射到抖音视频评论池。,6.4,false
2026-05-24,wangduoyu,抖音评论 13:40,周一到周三 坚定持有先进封装，周四冲高清仓，周五等新方向,,,评论热度较高，但暂未自动识别到明确股票线索，保留人工复核。,待确认,video_id=7643289331093157553; video_url=https://www.douyin.com/video/7643289331093157553; creator=王多于-股之子; like=1; reply=8; source_type=comment; yeren_signal_id=; parent_comment_text=,13:40,抖音评论,video,新的一周瑟瑟发抖啊#内容过于真实 #股民 #王多于股之子 #vlog十亿流量扶持计划,开眼看世界之美,7643289331093157553,https://www.douyin.com/video/7643289331093157553,,7643329100421595962,13:40,待确认,中性,自动映射到抖音视频评论池。,6.2,false
2026-05-24,wangduoyu,抖音评论 13:40,国风新材，没人注意到吗[杀马特],国风新材(000859),,国风新材(000859) 被提及 1 次，有效评论 1 条，来源 1 个，单视频线索，情绪 中性，当前判断：保留观察。,待确认,video_id=7643289331093157553; video_url=https://www.douyin.com/video/7643289331093157553; creator=王多于-股之子; like=4; reply=9; source_type=comment; yeren_signal_id=; parent_comment_text=,13:40,抖音评论,video,新的一周瑟瑟发抖啊#内容过于真实 #股民 #王多于股之子 #vlog十亿流量扶持计划,万海星澜,7643289331093157553,https://www.douyin.com/video/7643289331093157553,,7643329094356484913,13:40,待确认,中性,自动映射到抖音视频评论池。,6.4,false
2026-05-24,wangduoyu,抖音评论 13:39,周一还继续休盘一天，有大佬看好再升么？,,,,否,video_id=7643289331093157553; video_url=https://www.douyin.com/video/7643289331093157553; creator=王多于-股之子; like=0; reply=0; source_type=comment; yeren_signal_id=; parent_comment_text=,13:39,抖音评论,video,新的一周瑟瑟发抖啊#内容过于真实 #股民 #王多于股之子 #vlog十亿流量扶持计划,涼城如煙,7643289331093157553,https://www.douyin.com/video/7643289331093157553,,7643328895692980992,13:39,未纳入,中性,自动映射到抖音视频评论池。,,false
2026-05-24,wangduoyu,抖音评论 13:37,风华高科，三环集团，国瓷材料！,风华高科(000636);国瓷材料(300285);三环集团(300408),,风华高科(000636) 被提及 5 次，有效评论 5 条，来源 1 个，单视频线索，情绪 中性，当前判断：保留观察。；国瓷材料(300285) 被提及 2 次，有效评论 2 条，来源 1 个，单视频线索，情绪 中性，当前判断：保留观察。；三环集团(300408) 被提及 1 次，有效评论 1 条，来源 1 个，单视频线索，情绪 中性，当前判断：保留观察。,待确认,video_id=7643289331093157553; video_url=https://www.douyin.com/video/7643289331093157553; creator=王多于-股之子; like=6; reply=7; source_type=comment; yeren_signal_id=; parent_comment_text=,13:37,抖音评论,video,新的一周瑟瑟发抖啊#内容过于真实 #股民 #王多于股之子 #vlog十亿流量扶持计划,蔡茶茉,7643289331093157553,https://www.douyin.com/video/7643289331093157553,,7643328274840077098,13:37,待确认,中性,自动映射到抖音视频评论池。,8.1,false
2026-05-24,wangduoyu,抖音评论 13:37,三花[黄脸干杯],,,,否,video_id=7643289331093157553; video_url=https://www.douyin.com/video/7643289331093157553; creator=王多于-股之子; like=0; reply=0; source_type=comment; yeren_signal_id=; parent_comment_text=,13:37,抖音评论,video,新的一周瑟瑟发抖啊#内容过于真实 #股民 #王多于股之子 #vlog十亿流量扶持计划,阔以阔以,7643289331093157553,https://www.douyin.com/video/7643289331093157553,,7643328202400924453,13:37,未纳入,中性,自动映射到抖音视频评论池。,,false
2026-05-24,wangduoyu,抖音评论 13:36,海兰信 aidc 算力入海,海兰信(300065),,海兰信(300065) 被提及 1 次，有效评论 1 条，来源 1 个，单视频线索，情绪 中性，当前判断：保留观察。,待确认,video_id=7643289331093157553; video_url=https://www.douyin.com/video/7643289331093157553; creator=王多于-股之子; like=0; reply=0; source_type=comment; yeren_signal_id=; parent_comment_text=,13:36,抖音评论,video,新的一周瑟瑟发抖啊#内容过于真实 #股民 #王多于股之子 #vlog十亿流量扶持计划,不设防了,7643289331093157553,https://www.douyin.com/video/7643289331093157553,,7643328084939064123,13:36,待确认,中性,自动映射到抖音视频评论池。,6.4,false
2026-05-24,wangduoyu,抖音评论 13:35,再升,,,,否,video_id=7643289331093157553; video_url=https://www.douyin.com/video/7643289331093157553; creator=王多于-股之子; like=0; reply=0; source_type=comment; yeren_signal_id=; parent_comment_text=,13:35,抖音评论,video,新的一周瑟瑟发抖啊#内容过于真实 #股民 #王多于股之子 #vlog十亿流量扶持计划,山海🌈,7643289331093157553,https://www.douyin.com/video/7643289331093157553,,7643327737302090533,13:35,未纳入,中性,自动映射到抖音视频评论池。,,false
2026-05-24,wangduoyu,抖音评论 13:34,天娱拿好，吸筹结束,,,,否,video_id=7643289331093157553; video_url=https://www.douyin.com/video/7643289331093157553; creator=王多于-股之子; like=1; reply=2; source_type=comment; yeren_signal_id=; parent_comment_text=,13:34,抖音评论,video,新的一周瑟瑟发抖啊#内容过于真实 #股民 #王多于股之子 #vlog十亿流量扶持计划,依旧,7643289331093157553,https://www.douyin.com/video/7643289331093157553,,7643327652036002602,13:34,未纳入,中性,自动映射到抖音视频评论池。,,false
2026-05-24,wangduoyu,抖音评论 13:32,深科技  跟长鑫深度绑定 拿到上市前没什么问题,深科技(000021),,深科技(000021) 被提及 2 次，有效评论 2 条，来源 1 个，单视频线索，情绪 看多，当前判断：已进入推荐候选。,是,video_id=7643289331093157553; video_url=https://www.douyin.com/video/7643289331093157553; creator=王多于-股之子; like=4; reply=6; source_type=comment; yeren_signal_id=; parent_comment_text=,13:32,抖音评论,video,新的一周瑟瑟发抖啊#内容过于真实 #股民 #王多于股之子 #vlog十亿流量扶持计划,妄徊鸢,7643289331093157553,https://www.douyin.com/video/7643289331093157553,,7643327014464619301,13:32,已纳入,看多,自动映射到抖音视频评论池。,7.7,true
2026-05-24,wangduoyu,抖音评论 13:32,京东方，华天，中天，,,,,否,video_id=7643289331093157553; video_url=https://www.douyin.com/video/7643289331093157553; creator=王多于-股之子; like=1; reply=0; source_type=comment; yeren_signal_id=; parent_comment_text=,13:32,抖音评论,video,新的一周瑟瑟发抖啊#内容过于真实 #股民 #王多于股之子 #vlog十亿流量扶持计划,祁州霍哥,7643289331093157553,https://www.douyin.com/video/7643289331093157553,,7643326985759179569,13:32,未纳入,中性,自动映射到抖音视频评论池。,,false
2026-05-24,wangduoyu,抖音评论 13:32,冲高就跑，美联储加息利空，保住本金再说吧,,,,否,video_id=7643289331093157553; video_url=https://www.douyin.com/video/7643289331093157553; creator=王多于-股之子; like=0; reply=0; source_type=comment; yeren_signal_id=; parent_comment_text=,13:32,抖音评论,video,新的一周瑟瑟发抖啊#内容过于真实 #股民 #王多于股之子 #vlog十亿流量扶持计划,一路长虹1949,7643289331093157553,https://www.douyin.com/video/7643289331093157553,,7643326977093190459,13:32,未纳入,中性,自动映射到抖音视频评论池。,,false
2026-05-24,wangduoyu,抖音评论 13:31,明天不开盘呀,,,,否,video_id=7643289331093157553; video_url=https://www.douyin.com/video/7643289331093157553; creator=王多于-股之子; like=1; reply=5; source_type=comment; yeren_signal_id=; parent_comment_text=,13:31,抖音评论,video,新的一周瑟瑟发抖啊#内容过于真实 #股民 #王多于股之子 #vlog十亿流量扶持计划,西瓜季节,7643289331093157553,https://www.douyin.com/video/7643289331093157553,,7643326858826498851,13:31,未纳入,中性,自动映射到抖音视频评论池。,,false
2026-05-24,wangduoyu,抖音评论 13:31,我拿交大昂立[强壮],交大昂立(600530),,交大昂立(600530) 被提及 1 次，有效评论 1 条，来源 1 个，单视频线索，情绪 看多，当前判断：保留观察。,待确认,video_id=7643289331093157553; video_url=https://www.douyin.com/video/7643289331093157553; creator=王多于-股之子; like=0; reply=0; source_type=comment; yeren_signal_id=; parent_comment_text=,13:31,抖音评论,video,新的一周瑟瑟发抖啊#内容过于真实 #股民 #王多于股之子 #vlog十亿流量扶持计划,记得呼吸,7643289331093157553,https://www.douyin.com/video/7643289331093157553,,7643326838287614735,13:31,待确认,看多,自动映射到抖音视频评论池。,6.4,false
2026-05-24,wangduoyu,抖音评论 13:31,中国巨石，油已加满！,中国巨石(600176),,中国巨石(600176) 被提及 4 次，有效评论 4 条，来源 1 个，单视频线索，情绪 中性，当前判断：保留观察。,待确认,video_id=7643289331093157553; video_url=https://www.douyin.com/video/7643289331093157553; creator=王多于-股之子; like=2; reply=3; source_type=comment; yeren_signal_id=; parent_comment_text=,13:31,抖音评论,video,新的一周瑟瑟发抖啊#内容过于真实 #股民 #王多于股之子 #vlog十亿流量扶持计划,LY随心,7643289331093157553,https://www.douyin.com/video/7643289331093157553,,7643326629755192110,13:31,待确认,中性,自动映射到抖音视频评论池。,7.6,false
2026-05-24,wangduoyu,抖音评论 13:30,信维啊[柴犬],,,,否,video_id=7643289331093157553; video_url=https://www.douyin.com/video/7643289331093157553; creator=王多于-股之子; like=0; reply=0; source_type=comment; yeren_signal_id=; parent_comment_text=,13:30,抖音评论,video,新的一周瑟瑟发抖啊#内容过于真实 #股民 #王多于股之子 #vlog十亿流量扶持计划,CXJ,7643289331093157553,https://www.douyin.com/video/7643289331093157553,,7643326551291102010,13:30,未纳入,中性,自动映射到抖音视频评论池。,,false
2026-05-24,wangduoyu,抖音评论 13:29,再升科技,,,,否,video_id=7643289331093157553; video_url=https://www.douyin.com/video/7643289331093157553; creator=王多于-股之子; like=0; reply=0; source_type=comment; yeren_signal_id=; parent_comment_text=,13:29,抖音评论,video,新的一周瑟瑟发抖啊#内容过于真实 #股民 #王多于股之子 #vlog十亿流量扶持计划,梦幻西游蓝战非,7643289331093157553,https://www.douyin.com/video/7643289331093157553,,7643326122654221093,13:29,未纳入,中性,自动映射到抖音视频评论池。,,false
2026-05-24,wangduoyu,抖音评论 13:26,蔚来锂芯，坐等特产,,,,否,video_id=7643289331093157553; video_url=https://www.douyin.com/video/7643289331093157553; creator=王多于-股之子; like=0; reply=4; source_type=comment; yeren_signal_id=; parent_comment_text=,13:26,抖音评论,video,新的一周瑟瑟发抖啊#内容过于真实 #股民 #王多于股之子 #vlog十亿流量扶持计划,🌈Edison-17,7643289331093157553,https://www.douyin.com/video/7643289331093157553,,7643325464274076453,13:26,未纳入,中性,自动映射到抖音视频评论池。,,false
2026-05-24,wangduoyu,抖音评论 13:26,航运涨价，招商南油。,招商南油(601975),,招商南油(601975) 被提及 2 次，有效评论 2 条，来源 1 个，单视频线索，情绪 中性，当前判断：保留观察。,待确认,video_id=7643289331093157553; video_url=https://www.douyin.com/video/7643289331093157553; creator=王多于-股之子; like=0; reply=0; source_type=comment; yeren_signal_id=; parent_comment_text=,13:26,抖音评论,video,新的一周瑟瑟发抖啊#内容过于真实 #股民 #王多于股之子 #vlog十亿流量扶持计划,阳神,7643289331093157553,https://www.douyin.com/video/7643289331093157553,,7643325340899181352,13:26,待确认,中性,自动映射到抖音视频评论池。,6.9,false
2026-05-24,wangduoyu,抖音评论 13:25,联创。 只要能二进三就是好东西,,,,否,video_id=7643289331093157553; video_url=https://www.douyin.com/video/7643289331093157553; creator=王多于-股之子; like=0; reply=0; source_type=comment; yeren_signal_id=; parent_comment_text=,13:25,抖音评论,video,新的一周瑟瑟发抖啊#内容过于真实 #股民 #王多于股之子 #vlog十亿流量扶持计划,，，，，,7643289331093157553,https://www.douyin.com/video/7643289331093157553,,7643325196271780665,13:25,未纳入,中性,自动映射到抖音视频评论池。,,false
2026-05-24,wangduoyu,抖音评论 13:24,明早看手速，谁快谁亏的少,,,,否,video_id=7643289331093157553; video_url=https://www.douyin.com/video/7643289331093157553; creator=王多于-股之子; like=1; reply=0; source_type=comment; yeren_signal_id=; parent_comment_text=,13:24,抖音评论,video,新的一周瑟瑟发抖啊#内容过于真实 #股民 #王多于股之子 #vlog十亿流量扶持计划,心平气和,7643289331093157553,https://www.douyin.com/video/7643289331093157553,,7643325044400538411,13:24,未纳入,中性,自动映射到抖音视频评论池。,,false
2026-05-24,wangduoyu,抖音评论 13:24,金属,,,,否,video_id=7643289331093157553; video_url=https://www.douyin.com/video/7643289331093157553; creator=王多于-股之子; like=0; reply=0; source_type=comment; yeren_signal_id=; parent_comment_text=,13:24,抖音评论,video,新的一周瑟瑟发抖啊#内容过于真实 #股民 #王多于股之子 #vlog十亿流量扶持计划,仙桃专属,7643289331093157553,https://www.douyin.com/video/7643289331093157553,,7643324865445561140,13:24,未纳入,中性,自动映射到抖音视频评论池。,,false
2026-05-24,wangduoyu,抖音评论 13:24,下周贵州燃气,贵州燃气(600903),,贵州燃气(600903) 被提及 3 次，有效评论 3 条，来源 1 个，单视频线索，情绪 中性，当前判断：保留观察。,待确认,video_id=7643289331093157553; video_url=https://www.douyin.com/video/7643289331093157553; creator=王多于-股之子; like=1; reply=4; source_type=comment; yeren_signal_id=; parent_comment_text=,13:24,抖音评论,video,新的一周瑟瑟发抖啊#内容过于真实 #股民 #王多于股之子 #vlog十亿流量扶持计划,当当日记,7643289331093157553,https://www.douyin.com/video/7643289331093157553,,7643324840443577125,13:24,待确认,中性,自动映射到抖音视频评论池。,7.2,false
2026-05-24,wangduoyu,抖音评论 13:23,天娱数科，明日起飞,天娱数科(002354),,天娱数科(002354) 被提及 1 次，有效评论 1 条，来源 1 个，单视频线索，情绪 看多，当前判断：保留观察。,待确认,video_id=7643289331093157553; video_url=https://www.douyin.com/video/7643289331093157553; creator=王多于-股之子; like=4; reply=6; source_type=comment; yeren_signal_id=; parent_comment_text=,13:23,抖音评论,video,新的一周瑟瑟发抖啊#内容过于真实 #股民 #王多于股之子 #vlog十亿流量扶持计划,繁豪|Host,7643289331093157553,https://www.douyin.com/video/7643289331093157553,,7643324613988516667,13:23,待确认,看多,自动映射到抖音视频评论池。,6.4,false
2026-05-24,wangduoyu,抖音评论 13:21,浙江世宝[黄脸干杯],浙江世宝(002703),,浙江世宝(002703) 被提及 1 次，有效评论 1 条，来源 1 个，单视频线索，情绪 中性，当前判断：保留观察。,待确认,video_id=7643289331093157553; video_url=https://www.douyin.com/video/7643289331093157553; creator=王多于-股之子; like=0; reply=0; source_type=comment; yeren_signal_id=; parent_comment_text=,13:21,抖音评论,video,新的一周瑟瑟发抖啊#内容过于真实 #股民 #王多于股之子 #vlog十亿流量扶持计划,小小牛崽,7643289331093157553,https://www.douyin.com/video/7643289331093157553,,7643324297084109625,13:21,待确认,中性,自动映射到抖音视频评论池。,6.4,false
2026-05-24,wangduoyu,抖音评论 13:21,Tfwd,,,,否,video_id=7643289331093157553; video_url=https://www.douyin.com/video/7643289331093157553; creator=王多于-股之子; like=0; reply=0; source_type=comment; yeren_signal_id=; parent_comment_text=,13:21,抖音评论,video,新的一周瑟瑟发抖啊#内容过于真实 #股民 #王多于股之子 #vlog十亿流量扶持计划,清风傲月,7643289331093157553,https://www.douyin.com/video/7643289331093157553,,7643324184006198075,13:21,未纳入,中性,自动映射到抖音视频评论池。,,false
2026-05-24,wangduoyu,抖音评论 13:16,钽电容,,,,否,video_id=7643289331093157553; video_url=https://www.douyin.com/video/7643289331093157553; creator=王多于-股之子; like=0; reply=0; source_type=comment; yeren_signal_id=; parent_comment_text=,13:16,抖音评论,video,新的一周瑟瑟发抖啊#内容过于真实 #股民 #王多于股之子 #vlog十亿流量扶持计划,*ST 无意间,7643289331093157553,https://www.douyin.com/video/7643289331093157553,,7643322981338497802,13:16,未纳入,中性,自动映射到抖音视频评论池。,,false
2026-05-24,wangduoyu,抖音评论 13:15,中国巨石[呲牙],中国巨石(600176),,中国巨石(600176) 被提及 4 次，有效评论 4 条，来源 1 个，单视频线索，情绪 中性，当前判断：保留观察。,待确认,video_id=7643289331093157553; video_url=https://www.douyin.com/video/7643289331093157553; creator=王多于-股之子; like=0; reply=0; source_type=comment; yeren_signal_id=; parent_comment_text=,13:15,抖音评论,video,新的一周瑟瑟发抖啊#内容过于真实 #股民 #王多于股之子 #vlog十亿流量扶持计划,㞮孞,7643289331093157553,https://www.douyin.com/video/7643289331093157553,,7643322757388075833,13:15,待确认,中性,自动映射到抖音视频评论池。,7.6,false
2026-05-24,wangduoyu,抖音评论 13:14,我看好京东方,,,,否,video_id=7643289331093157553; video_url=https://www.douyin.com/video/7643289331093157553; creator=王多于-股之子; like=0; reply=0; source_type=comment; yeren_signal_id=; parent_comment_text=,13:14,抖音评论,video,新的一周瑟瑟发抖啊#内容过于真实 #股民 #王多于股之子 #vlog十亿流量扶持计划,837743758,7643289331093157553,https://www.douyin.com/video/7643289331093157553,,7643322489338954511,13:14,未纳入,中性,自动映射到抖音视频评论池。,,false
2026-05-24,wangduoyu,抖音评论 13:14,可以预判吗？不应该看竞价吗,,,,否,video_id=7643289331093157553; video_url=https://www.douyin.com/video/7643289331093157553; creator=王多于-股之子; like=0; reply=0; source_type=comment; yeren_signal_id=; parent_comment_text=,13:14,抖音评论,video,新的一周瑟瑟发抖啊#内容过于真实 #股民 #王多于股之子 #vlog十亿流量扶持计划,光义通讯,7643289331093157553,https://www.douyin.com/video/7643289331093157553,,7643322276402447150,13:14,未纳入,中性,自动映射到抖音视频评论池。,,false
2026-05-24,wangduoyu,抖音评论 13:13,蓝色的火焰🔥,,,,否,video_id=7643289331093157553; video_url=https://www.douyin.com/video/7643289331093157553; creator=王多于-股之子; like=0; reply=0; source_type=comment; yeren_signal_id=; parent_comment_text=,13:13,抖音评论,video,新的一周瑟瑟发抖啊#内容过于真实 #股民 #王多于股之子 #vlog十亿流量扶持计划,麦孑,7643289331093157553,https://www.douyin.com/video/7643289331093157553,,7643322036085588773,13:13,未纳入,中性,自动映射到抖音视频评论池。,,false
2026-05-24,wangduoyu,抖音评论 13:04,[比心],,,,否,video_id=7643289331093157553; video_url=https://www.douyin.com/video/7643289331093157553; creator=王多于-股之子; like=0; reply=0; source_type=comment; yeren_signal_id=; parent_comment_text=,13:04,抖音评论,video,新的一周瑟瑟发抖啊#内容过于真实 #股民 #王多于股之子 #vlog十亿流量扶持计划,一路长虹,7643289331093157553,https://www.douyin.com/video/7643289331093157553,,7643319736122262272,13:04,未纳入,中性,自动映射到抖音视频评论池。,,false
2026-05-24,wangduoyu,抖音评论 13:03,模塑科技，特斯拉机器人预期,机器人(300024);模塑科技(000700),,机器人(300024) 被提及 10 次，有效评论 10 条，来源 1 个，单视频线索，情绪 中性，当前判断：已进入推荐候选。；模塑科技(000700) 被提及 1 次，有效评论 1 条，来源 1 个，单视频线索，情绪 中性，当前判断：保留观察。,是,video_id=7643289331093157553; video_url=https://www.douyin.com/video/7643289331093157553; creator=王多于-股之子; like=1; reply=1; source_type=comment; yeren_signal_id=; parent_comment_text=,13:03,抖音评论,video,新的一周瑟瑟发抖啊#内容过于真实 #股民 #王多于股之子 #vlog十亿流量扶持计划,你是在,7643289331093157553,https://www.douyin.com/video/7643289331093157553,,7643319513886442277,13:03,已纳入,中性,自动映射到抖音视频评论池。,9.6,true
2026-05-24,wangduoyu,抖音评论 13:00,埃sd会不断破新高，立贴为证。,,,,否,video_id=7643289331093157553; video_url=https://www.douyin.com/video/7643289331093157553; creator=王多于-股之子; like=2; reply=0; source_type=comment; yeren_signal_id=; parent_comment_text=,13:00,抖音评论,video,新的一周瑟瑟发抖啊#内容过于真实 #股民 #王多于股之子 #vlog十亿流量扶持计划,品牌ppt策划设计,7643289331093157553,https://www.douyin.com/video/7643289331093157553,,7643318814640259877,13:00,未纳入,中性,自动映射到抖音视频评论池。,,false
2026-05-24,wangduoyu,抖音评论 12:58,中电港,中电港(001287),,中电港(001287) 被提及 1 次，有效评论 1 条，来源 1 个，单视频线索，情绪 中性，当前判断：保留观察。,待确认,video_id=7643289331093157553; video_url=https://www.douyin.com/video/7643289331093157553; creator=王多于-股之子; like=0; reply=0; source_type=comment; yeren_signal_id=; parent_comment_text=,12:58,抖音评论,video,新的一周瑟瑟发抖啊#内容过于真实 #股民 #王多于股之子 #vlog十亿流量扶持计划,WwwW,7643289331093157553,https://www.douyin.com/video/7643289331093157553,,7643318331601584938,12:58,待确认,中性,自动映射到抖音视频评论池。,6.4,false
2026-05-24,wangduoyu,抖音评论 12:58,577来了[微笑],,,,否,video_id=7643289331093157553; video_url=https://www.douyin.com/video/7643289331093157553; creator=王多于-股之子; like=0; reply=0; source_type=comment; yeren_signal_id=; parent_comment_text=,12:58,抖音评论,video,新的一周瑟瑟发抖啊#内容过于真实 #股民 #王多于股之子 #vlog十亿流量扶持计划,虚幻,7643289331093157553,https://www.douyin.com/video/7643289331093157553,,7643318312772633385,12:58,未纳入,中性,自动映射到抖音视频评论池。,,false
2026-05-24,wangduoyu,抖音评论 12:56,中国巨石，通富微电，贵州燃气长趋势看好。明天大盘应该是低开震荡一天,中国巨石(600176);贵州燃气(600903);通富微电(002156),,中国巨石(600176) 被提及 4 次，有效评论 4 条，来源 1 个，单视频线索，情绪 中性，当前判断：保留观察。；贵州燃气(600903) 被提及 3 次，有效评论 3 条，来源 1 个，单视频线索，情绪 中性，当前判断：保留观察。；通富微电(002156) 被提及 1 次，有效评论 1 条，来源 1 个，单视频线索，情绪 中性，当前判断：保留观察。,待确认,video_id=7643289331093157553; video_url=https://www.douyin.com/video/7643289331093157553; creator=王多于-股之子; like=2; reply=4; source_type=comment; yeren_signal_id=; parent_comment_text=,12:56,抖音评论,video,新的一周瑟瑟发抖啊#内容过于真实 #股民 #王多于股之子 #vlog十亿流量扶持计划,🌈胆小鬼王,7643289331093157553,https://www.douyin.com/video/7643289331093157553,,7643317704494039867,12:56,待确认,中性,自动映射到抖音视频评论池。,7.6,false
2026-05-24,wangduoyu,抖音评论 12:54,双环传动卧龙电驱,卧龙电驱(600580),,卧龙电驱(600580) 被提及 1 次，有效评论 1 条，来源 1 个，单视频线索，情绪 中性，当前判断：保留观察。,待确认,video_id=7643289331093157553; video_url=https://www.douyin.com/video/7643289331093157553; creator=王多于-股之子; like=2; reply=1; source_type=comment; yeren_signal_id=; parent_comment_text=,12:54,抖音评论,video,新的一周瑟瑟发抖啊#内容过于真实 #股民 #王多于股之子 #vlog十亿流量扶持计划,向前看,7643289331093157553,https://www.douyin.com/video/7643289331093157553,,7643317170910921529,12:54,待确认,中性,自动映射到抖音视频评论池。,6.4,false
2026-05-24,wangduoyu,抖音评论 13:22,招商南油,,,,否,video_id=7643289331093157553; video_url=https://www.douyin.com/video/7643289331093157553; creator=王多于-股之子; like=0; reply=0; source_type=comment; yeren_signal_id=; parent_comment_text=,13:22,抖音评论,video,新的一周瑟瑟发抖啊#内容过于真实 #股民 #王多于股之子 #vlog十亿流量扶持计划,阳神,7643289331093157553,https://www.douyin.com/video/7643289331093157553,,7643324372207436578,13:22,未纳入,中性,自动映射到抖音视频评论池。,,false
2026-05-24,wangduoyu,抖音评论 12:48,[图片表情],,,,否,video_id=7643289331093157553; video_url=https://www.douyin.com/video/7643289331093157553; creator=王多于-股之子; like=0; reply=0; source_type=comment; yeren_signal_id=; parent_comment_text=,12:48,抖音评论,video,新的一周瑟瑟发抖啊#内容过于真实 #股民 #王多于股之子 #vlog十亿流量扶持计划,水库浪子,7643289331093157553,https://www.douyin.com/video/7643289331093157553,,7643315748202726193,12:48,未纳入,中性,自动映射到抖音视频评论池。,,false
2026-05-24,wangduoyu,抖音评论 12:47,买钨,,,,否,video_id=7643289331093157553; video_url=https://www.douyin.com/video/7643289331093157553; creator=王多于-股之子; like=0; reply=0; source_type=comment; yeren_signal_id=; parent_comment_text=,12:47,抖音评论,video,新的一周瑟瑟发抖啊#内容过于真实 #股民 #王多于股之子 #vlog十亿流量扶持计划,匆匆那年,7643289331093157553,https://www.douyin.com/video/7643289331093157553,,7643315455386534696,12:47,未纳入,中性,自动映射到抖音视频评论池。,,false
2026-05-24,wangduoyu,抖音评论 12:46,光迅,,,,否,video_id=7643289331093157553; video_url=https://www.douyin.com/video/7643289331093157553; creator=王多于-股之子; like=0; reply=0; source_type=comment; yeren_signal_id=; parent_comment_text=,12:46,抖音评论,video,新的一周瑟瑟发抖啊#内容过于真实 #股民 #王多于股之子 #vlog十亿流量扶持计划,麦炫风,7643289331093157553,https://www.douyin.com/video/7643289331093157553,,7643315081861661449,12:46,未纳入,中性,自动映射到抖音视频评论池。,,false
2026-05-24,wangduoyu,抖音评论 12:41,五粮液[微笑],,,,否,video_id=7643289331093157553; video_url=https://www.douyin.com/video/7643289331093157553; creator=王多于-股之子; like=0; reply=0; source_type=comment; yeren_signal_id=; parent_comment_text=,12:41,抖音评论,video,新的一周瑟瑟发抖啊#内容过于真实 #股民 #王多于股之子 #vlog十亿流量扶持计划,香哥  腹肌 未来的爱,7643289331093157553,https://www.douyin.com/video/7643289331093157553,,7643313870116012800,12:41,未纳入,中性,自动映射到抖音视频评论池。,,false
2026-05-24,wangduoyu,抖音评论 12:39,依然长电,,,,否,video_id=7643289331093157553; video_url=https://www.douyin.com/video/7643289331093157553; creator=王多于-股之子; like=0; reply=0; source_type=comment; yeren_signal_id=; parent_comment_text=,12:39,抖音评论,video,新的一周瑟瑟发抖啊#内容过于真实 #股民 #王多于股之子 #vlog十亿流量扶持计划,潇芊羽,7643289331093157553,https://www.douyin.com/video/7643289331093157553,,7643313451377460005,12:39,未纳入,中性,自动映射到抖音视频评论池。,,false
2026-05-24,wangduoyu,抖音评论 12:39,红板科技📈得你怀疑人生,红板科技(603459),,红板科技(603459) 被提及 1 次，有效评论 1 条，来源 1 个，单视频线索，情绪 中性，当前判断：保留观察。,待确认,video_id=7643289331093157553; video_url=https://www.douyin.com/video/7643289331093157553; creator=王多于-股之子; like=11; reply=13; source_type=comment; yeren_signal_id=; parent_comment_text=,12:39,抖音评论,video,新的一周瑟瑟发抖啊#内容过于真实 #股民 #王多于股之子 #vlog十亿流量扶持计划,饶思思,7643289331093157553,https://www.douyin.com/video/7643289331093157553,,7643313283823371057,12:39,待确认,中性,自动映射到抖音视频评论池。,6.4,false
2026-05-24,wangduoyu,抖音评论 12:37,[捂脸]我55块进的长电，一直在里面格局,,,评论热度较高，但暂未自动识别到明确股票线索，保留人工复核。,待确认,video_id=7643289331093157553; video_url=https://www.douyin.com/video/7643289331093157553; creator=王多于-股之子; like=3; reply=6; source_type=comment; yeren_signal_id=; parent_comment_text=,12:37,抖音评论,video,新的一周瑟瑟发抖啊#内容过于真实 #股民 #王多于股之子 #vlog十亿流量扶持计划,bibiubiuhong,7643289331093157553,https://www.douyin.com/video/7643289331093157553,,7643312768791659318,12:37,待确认,中性,自动映射到抖音视频评论池。,6.2,false
2026-05-24,wangduoyu,抖音评论 12:36,机器人,,,,否,video_id=7643289331093157553; video_url=https://www.douyin.com/video/7643289331093157553; creator=王多于-股之子; like=0; reply=0; source_type=comment; yeren_signal_id=; parent_comment_text=,12:36,抖音评论,video,新的一周瑟瑟发抖啊#内容过于真实 #股民 #王多于股之子 #vlog十亿流量扶持计划,NICE波,7643289331093157553,https://www.douyin.com/video/7643289331093157553,,7643312669596828470,12:36,未纳入,中性,自动映射到抖音视频评论池。,,false
2026-05-24,wangduoyu,抖音评论 12:34,进了合众[呲牙],,,,否,video_id=7643289331093157553; video_url=https://www.douyin.com/video/7643289331093157553; creator=王多于-股之子; like=0; reply=0; source_type=comment; yeren_signal_id=; parent_comment_text=,12:34,抖音评论,video,新的一周瑟瑟发抖啊#内容过于真实 #股民 #王多于股之子 #vlog十亿流量扶持计划,嘉平元序·承霄,7643289331093157553,https://www.douyin.com/video/7643289331093157553,,7643312011178853174,12:34,未纳入,中性,自动映射到抖音视频评论池。,,false
2026-05-24,wangduoyu,抖音评论 12:28,复盘了几个好票，可惜我已上周五已经打满了，只能先看着了,,,,否,video_id=7643289331093157553; video_url=https://www.douyin.com/video/7643289331093157553; creator=王多于-股之子; like=3; reply=3; source_type=comment; yeren_signal_id=; parent_comment_text=,12:28,抖音评论,video,新的一周瑟瑟发抖啊#内容过于真实 #股民 #王多于股之子 #vlog十亿流量扶持计划,十年一梦,7643289331093157553,https://www.douyin.com/video/7643289331093157553,,7643308666234782515,12:28,未纳入,中性,自动映射到抖音视频评论池。,,false
2026-05-24,wangduoyu,抖音评论 12:24,工业富联,工业富联(601138),,工业富联(601138) 被提及 1 次，有效评论 1 条，来源 1 个，单视频线索，情绪 中性，当前判断：保留观察。,待确认,video_id=7643289331093157553; video_url=https://www.douyin.com/video/7643289331093157553; creator=王多于-股之子; like=0; reply=0; source_type=comment; yeren_signal_id=; parent_comment_text=,12:24,抖音评论,video,新的一周瑟瑟发抖啊#内容过于真实 #股民 #王多于股之子 #vlog十亿流量扶持计划,@八月,7643289331093157553,https://www.douyin.com/video/7643289331093157553,,7643309508198400825,12:24,待确认,中性,自动映射到抖音视频评论池。,6.4,false
2026-05-24,wangduoyu,抖音评论 12:24,通向富裕,,,,否,video_id=7643289331093157553; video_url=https://www.douyin.com/video/7643289331093157553; creator=王多于-股之子; like=0; reply=0; source_type=comment; yeren_signal_id=; parent_comment_text=,12:24,抖音评论,video,新的一周瑟瑟发抖啊#内容过于真实 #股民 #王多于股之子 #vlog十亿流量扶持计划,没有虎牙,7643289331093157553,https://www.douyin.com/video/7643289331093157553,,7643309505628160827,12:24,未纳入,中性,自动映射到抖音视频评论池。,,false
2026-05-24,wangduoyu,抖音评论 12:23,风华高科，干就完了,风华高科(000636),,风华高科(000636) 被提及 5 次，有效评论 5 条，来源 1 个，单视频线索，情绪 中性，当前判断：保留观察。,待确认,video_id=7643289331093157553; video_url=https://www.douyin.com/video/7643289331093157553; creator=王多于-股之子; like=0; reply=4; source_type=comment; yeren_signal_id=; parent_comment_text=,12:23,抖音评论,video,新的一周瑟瑟发抖啊#内容过于真实 #股民 #王多于股之子 #vlog十亿流量扶持计划,MVR/多效蒸发,7643289331093157553,https://www.douyin.com/video/7643289331093157553,,7643309261556204346,12:23,待确认,中性,自动映射到抖音视频评论池。,8.1,false
2026-05-24,wangduoyu,抖音评论 12:21,闻泰科技[呲牙][呲牙][呲牙][呲牙][呲牙],,,,否,video_id=7643289331093157553; video_url=https://www.douyin.com/video/7643289331093157553; creator=王多于-股之子; like=0; reply=0; source_type=comment; yeren_signal_id=; parent_comment_text=,12:21,抖音评论,video,新的一周瑟瑟发抖啊#内容过于真实 #股民 #王多于股之子 #vlog十亿流量扶持计划,Mr. Song,7643289331093157553,https://www.douyin.com/video/7643289331093157553,,7643308688639705915,12:21,未纳入,中性,自动映射到抖音视频评论池。,,false
2026-05-24,wangduoyu,抖音评论 12:21,000-700,,,,否,video_id=7643289331093157553; video_url=https://www.douyin.com/video/7643289331093157553; creator=王多于-股之子; like=0; reply=0; source_type=comment; yeren_signal_id=; parent_comment_text=,12:21,抖音评论,video,新的一周瑟瑟发抖啊#内容过于真实 #股民 #王多于股之子 #vlog十亿流量扶持计划,🌜⃢👁‿👁⃢🍁,7643289331093157553,https://www.douyin.com/video/7643289331093157553,,7643308686299480872,12:21,未纳入,中性,自动映射到抖音视频评论池。,,false
2026-05-24,wangduoyu,抖音评论 12:20,巨力索具怎么样，各位义父们,巨力索具(002342),,巨力索具(002342) 被提及 1 次，有效评论 1 条，来源 1 个，单视频线索，情绪 中性，当前判断：保留观察。,待确认,video_id=7643289331093157553; video_url=https://www.douyin.com/video/7643289331093157553; creator=王多于-股之子; like=0; reply=0; source_type=comment; yeren_signal_id=; parent_comment_text=,12:20,抖音评论,video,新的一周瑟瑟发抖啊#内容过于真实 #股民 #王多于股之子 #vlog十亿流量扶持计划,ayan.,7643289331093157553,https://www.douyin.com/video/7643289331093157553,,7643308528149447487,12:20,待确认,中性,自动映射到抖音视频评论池。,6.4,false
2026-05-24,wangduoyu,抖音评论 12:14,股票会不会受山西煤矿影响,,,,否,video_id=7643289331093157553; video_url=https://www.douyin.com/video/7643289331093157553; creator=王多于-股之子; like=0; reply=1; source_type=comment; yeren_signal_id=; parent_comment_text=,12:14,抖音评论,video,新的一周瑟瑟发抖啊#内容过于真实 #股民 #王多于股之子 #vlog十亿流量扶持计划,Cw𓁛𓁞(沪江油漆),7643289331093157553,https://www.douyin.com/video/7643289331093157553,,7643307011853353785,12:14,未纳入,中性,自动映射到抖音视频评论池。,,false
2026-05-24,wangduoyu,抖音评论 12:13,江西铜业，转折点到了。,江西铜业(600362),,江西铜业(600362) 被提及 1 次，有效评论 1 条，来源 1 个，单视频线索，情绪 中性，当前判断：保留观察。,待确认,video_id=7643289331093157553; video_url=https://www.douyin.com/video/7643289331093157553; creator=王多于-股之子; like=4; reply=3; source_type=comment; yeren_signal_id=; parent_comment_text=,12:13,抖音评论,video,新的一周瑟瑟发抖啊#内容过于真实 #股民 #王多于股之子 #vlog十亿流量扶持计划,後来,7643289331093157553,https://www.douyin.com/video/7643289331093157553,,7643306677668578085,12:13,待确认,中性,自动映射到抖音视频评论池。,6.4,false
2026-05-24,wangduoyu,抖音评论 12:12,中航光电,,,,否,video_id=7643289331093157553; video_url=https://www.douyin.com/video/7643289331093157553; creator=王多于-股之子; like=0; reply=0; source_type=comment; yeren_signal_id=; parent_comment_text=,12:12,抖音评论,video,新的一周瑟瑟发抖啊#内容过于真实 #股民 #王多于股之子 #vlog十亿流量扶持计划,🏀番薯头,7643289331093157553,https://www.douyin.com/video/7643289331093157553,,7643306517232730899,12:12,未纳入,中性,自动映射到抖音视频评论池。,,false
2026-05-24,wangduoyu,抖音评论 12:12,大铺位！！！！,,,,否,video_id=7643289331093157553; video_url=https://www.douyin.com/video/7643289331093157553; creator=王多于-股之子; like=0; reply=0; source_type=comment; yeren_signal_id=; parent_comment_text=,12:12,抖音评论,video,新的一周瑟瑟发抖啊#内容过于真实 #股民 #王多于股之子 #vlog十亿流量扶持计划,蛋酒不加糖,7643289331093157553,https://www.douyin.com/video/7643289331093157553,,7643306461443343140,12:12,未纳入,中性,自动映射到抖音视频评论池。,,false
2026-05-24,wangduoyu,抖音评论 12:12,长电 冲,,,,否,video_id=7643289331093157553; video_url=https://www.douyin.com/video/7643289331093157553; creator=王多于-股之子; like=0; reply=0; source_type=comment; yeren_signal_id=; parent_comment_text=,12:12,抖音评论,video,新的一周瑟瑟发抖啊#内容过于真实 #股民 #王多于股之子 #vlog十亿流量扶持计划,LaN VZ,7643289331093157553,https://www.douyin.com/video/7643289331093157553,,7643306364647179067,12:12,未纳入,中性,自动映射到抖音视频评论池。,,false
2026-05-24,wangduoyu,抖音评论 12:12,@豆包 助理，五个小时后帮我总结一下评论区出现的最冷门的方向,,,,否,video_id=7643289331093157553; video_url=https://www.douyin.com/video/7643289331093157553; creator=王多于-股之子; like=0; reply=0; source_type=comment; yeren_signal_id=; parent_comment_text=,12:12,抖音评论,video,新的一周瑟瑟发抖啊#内容过于真实 #股民 #王多于股之子 #vlog十亿流量扶持计划,没有名字了怎么起,7643289331093157553,https://www.douyin.com/video/7643289331093157553,,7643306305176290097,12:12,未纳入,中性,自动映射到抖音视频评论池。,,false
2026-05-24,wangduoyu,抖音评论 12:04,永辉,,,,否,video_id=7643289331093157553; video_url=https://www.douyin.com/video/7643289331093157553; creator=王多于-股之子; like=0; reply=1; source_type=comment; yeren_signal_id=; parent_comment_text=,12:04,抖音评论,video,新的一周瑟瑟发抖啊#内容过于真实 #股民 #王多于股之子 #vlog十亿流量扶持计划,王帅,7643289331093157553,https://www.douyin.com/video/7643289331093157553,,7643304352069059355,12:04,未纳入,中性,自动映射到抖音视频评论池。,,false
2026-05-24,wangduoyu,抖音评论 12:04,豆包，这个评论区总结下@豆包,,,,否,video_id=7643289331093157553; video_url=https://www.douyin.com/video/7643289331093157553; creator=王多于-股之子; like=0; reply=0; source_type=comment; yeren_signal_id=; parent_comment_text=,12:04,抖音评论,video,新的一周瑟瑟发抖啊#内容过于真实 #股民 #王多于股之子 #vlog十亿流量扶持计划,无所,7643289331093157553,https://www.douyin.com/video/7643289331093157553,,7643304266094936895,12:04,未纳入,中性,自动映射到抖音视频评论池。,,false
2026-05-24,wangduoyu,抖音评论 12:03,东方明珠,,,,否,video_id=7643289331093157553; video_url=https://www.douyin.com/video/7643289331093157553; creator=王多于-股之子; like=0; reply=0; source_type=comment; yeren_signal_id=; parent_comment_text=,12:03,抖音评论,video,新的一周瑟瑟发抖啊#内容过于真实 #股民 #王多于股之子 #vlog十亿流量扶持计划,Z₍˄·͈༝·͈˄*₎◞ ̑̑R,7643289331093157553,https://www.douyin.com/video/7643289331093157553,,7643304057076089615,12:03,未纳入,中性,自动映射到抖音视频评论池。,,false
2026-05-24,wangduoyu,抖音评论 12:02,贵州燃气,,,,否,video_id=7643289331093157553; video_url=https://www.douyin.com/video/7643289331093157553; creator=王多于-股之子; like=3; reply=3; source_type=comment; yeren_signal_id=; parent_comment_text=,12:02,抖音评论,video,新的一周瑟瑟发抖啊#内容过于真实 #股民 #王多于股之子 #vlog十亿流量扶持计划,广佛装修老罗,7643289331093157553,https://www.douyin.com/video/7643289331093157553,,7643303796513489718,12:02,未纳入,中性,自动映射到抖音视频评论池。,,false
2026-05-24,wangduoyu,抖音评论 12:00,京东方,,,,否,video_id=7643289331093157553; video_url=https://www.douyin.com/video/7643289331093157553; creator=王多于-股之子; like=0; reply=0; source_type=comment; yeren_signal_id=; parent_comment_text=,12:00,抖音评论,video,新的一周瑟瑟发抖啊#内容过于真实 #股民 #王多于股之子 #vlog十亿流量扶持计划,过去的过去。,7643289331093157553,https://www.douyin.com/video/7643289331093157553,,7643303408111747876,12:00,未纳入,中性,自动映射到抖音视频评论池。,,false
2026-05-24,wangduoyu,抖音评论 12:00,上周的中科创达虽然只有十个点左右。下周继续 拿月底,中科创达(300496),,中科创达(300496) 被提及 1 次，有效评论 1 条，来源 1 个，单视频线索，情绪 看多，当前判断：保留观察。,待确认,video_id=7643289331093157553; video_url=https://www.douyin.com/video/7643289331093157553; creator=王多于-股之子; like=1; reply=1; source_type=comment; yeren_signal_id=; parent_comment_text=,12:00,抖音评论,video,新的一周瑟瑟发抖啊#内容过于真实 #股民 #王多于股之子 #vlog十亿流量扶持计划,中山市港恒五金制品有限公司,7643289331093157553,https://www.douyin.com/video/7643289331093157553,,7643303303552992051,12:00,待确认,看多,自动映射到抖音视频评论池。,6.4,false
2026-05-24,wangduoyu,抖音评论 11:59,兆易创新,兆易创新(603986),,兆易创新(603986) 被提及 1 次，有效评论 1 条，来源 1 个，单视频线索，情绪 中性，当前判断：保留观察。,待确认,video_id=7643289331093157553; video_url=https://www.douyin.com/video/7643289331093157553; creator=王多于-股之子; like=1; reply=4; source_type=comment; yeren_signal_id=; parent_comment_text=,11:59,抖音评论,video,新的一周瑟瑟发抖啊#内容过于真实 #股民 #王多于股之子 #vlog十亿流量扶持计划,咬字,7643289331093157553,https://www.douyin.com/video/7643289331093157553,,7643303143031325489,11:59,待确认,中性,自动映射到抖音视频评论池。,6.4,false
2026-05-24,wangduoyu,抖音评论 11:58,铜箔pcb。但是我也看到好多人说圣阳周一要开始起飞，不知道真假[尬笑][尬笑],,,,否,video_id=7643289331093157553; video_url=https://www.douyin.com/video/7643289331093157553; creator=王多于-股之子; like=1; reply=3; source_type=comment; yeren_signal_id=; parent_comment_text=,11:58,抖音评论,video,新的一周瑟瑟发抖啊#内容过于真实 #股民 #王多于股之子 #vlog十亿流量扶持计划,匿名回复,7643289331093157553,https://www.douyin.com/video/7643289331093157553,,7643302676138705722,11:58,未纳入,中性,自动映射到抖音视频评论池。,,false
2026-05-24,wangduoyu,抖音评论 11:56,立讯,,,,否,video_id=7643289331093157553; video_url=https://www.douyin.com/video/7643289331093157553; creator=王多于-股之子; like=0; reply=0; source_type=comment; yeren_signal_id=; parent_comment_text=,11:56,抖音评论,video,新的一周瑟瑟发抖啊#内容过于真实 #股民 #王多于股之子 #vlog十亿流量扶持计划,怎么又困了,7643289331093157553,https://www.douyin.com/video/7643289331093157553,,7643302279340245769,11:56,未纳入,中性,自动映射到抖音视频评论池。,,false
2026-05-24,wangduoyu,抖音评论 11:55,舍得回来了噢多于[图片表情],,,,否,video_id=7643289331093157553; video_url=https://www.douyin.com/video/7643289331093157553; creator=王多于-股之子; like=0; reply=0; source_type=comment; yeren_signal_id=; parent_comment_text=,11:55,抖音评论,video,新的一周瑟瑟发抖啊#内容过于真实 #股民 #王多于股之子 #vlog十亿流量扶持计划,请叫我键爷,7643289331093157553,https://www.douyin.com/video/7643289331093157553,,7643302125979943690,11:55,未纳入,中性,自动映射到抖音视频评论池。,,false
2026-05-24,wangduoyu,抖音评论 11:55,振华   可以进了,,,评论热度较高，但暂未自动识别到明确股票线索，保留人工复核。,待确认,video_id=7643289331093157553; video_url=https://www.douyin.com/video/7643289331093157553; creator=王多于-股之子; like=1; reply=6; source_type=comment; yeren_signal_id=; parent_comment_text=,11:55,抖音评论,video,新的一周瑟瑟发抖啊#内容过于真实 #股民 #王多于股之子 #vlog十亿流量扶持计划,行者无疆,7643289331093157553,https://www.douyin.com/video/7643289331093157553,,7643302047693095686,11:55,待确认,中性,自动映射到抖音视频评论池。,6.2,false
2026-05-24,wangduoyu,抖音评论 11:55,四川下雨了很润泽，冷凝气直线上升,,,,否,video_id=7643289331093157553; video_url=https://www.douyin.com/video/7643289331093157553; creator=王多于-股之子; like=0; reply=1; source_type=comment; yeren_signal_id=; parent_comment_text=,11:55,抖音评论,video,新的一周瑟瑟发抖啊#内容过于真实 #股民 #王多于股之子 #vlog十亿流量扶持计划,楷泽,7643289331093157553,https://www.douyin.com/video/7643289331093157553,,7643301984208159525,11:55,未纳入,中性,自动映射到抖音视频评论池。,,false
2026-05-24,wangduoyu,抖音评论 11:54,下周利仁来拉一拉[黄脸干杯]有缘抄抄di,,,,否,video_id=7643289331093157553; video_url=https://www.douyin.com/video/7643289331093157553; creator=王多于-股之子; like=0; reply=0; source_type=comment; yeren_signal_id=; parent_comment_text=,11:54,抖音评论,video,新的一周瑟瑟发抖啊#内容过于真实 #股民 #王多于股之子 #vlog十亿流量扶持计划,Kayden,7643289331093157553,https://www.douyin.com/video/7643289331093157553,,7643301650849366833,11:54,未纳入,中性,自动映射到抖音视频评论池。,,false
2026-05-24,wangduoyu,抖音评论 11:53,国瓷材料,国瓷材料(300285),,国瓷材料(300285) 被提及 2 次，有效评论 2 条，来源 1 个，单视频线索，情绪 中性，当前判断：保留观察。,待确认,video_id=7643289331093157553; video_url=https://www.douyin.com/video/7643289331093157553; creator=王多于-股之子; like=0; reply=0; source_type=comment; yeren_signal_id=; parent_comment_text=,11:53,抖音评论,video,新的一周瑟瑟发抖啊#内容过于真实 #股民 #王多于股之子 #vlog十亿流量扶持计划,仰望涨停中……,7643289331093157553,https://www.douyin.com/video/7643289331093157553,,7643301628154839860,11:53,待确认,中性,自动映射到抖音视频评论池。,6.9,false
2026-05-24,wangduoyu,抖音评论 11:53,风华高科,,,,否,video_id=7643289331093157553; video_url=https://www.douyin.com/video/7643289331093157553; creator=王多于-股之子; like=0; reply=1; source_type=comment; yeren_signal_id=; parent_comment_text=,11:53,抖音评论,video,新的一周瑟瑟发抖啊#内容过于真实 #股民 #王多于股之子 #vlog十亿流量扶持计划,赣州元创汽车钣金复原,7643289331093157553,https://www.douyin.com/video/7643289331093157553,,7643301436306948873,11:53,未纳入,中性,自动映射到抖音视频评论池。,,false
2026-05-24,wangduoyu,抖音评论 11:53,6F，矿山机器人~铝,,,,否,video_id=7643289331093157553; video_url=https://www.douyin.com/video/7643289331093157553; creator=王多于-股之子; like=0; reply=0; source_type=comment; yeren_signal_id=; parent_comment_text=,11:53,抖音评论,video,新的一周瑟瑟发抖啊#内容过于真实 #股民 #王多于股之子 #vlog十亿流量扶持计划,今天怎么骑？,7643289331093157553,https://www.douyin.com/video/7643289331093157553,,7643300313906578185,11:53,未纳入,中性,自动映射到抖音视频评论池。,,false
2026-05-24,wangduoyu,抖音评论 11:52,人形机器人闭眼入,机器人(300024),,机器人(300024) 被提及 10 次，有效评论 10 条，来源 1 个，单视频线索，情绪 中性，当前判断：已进入推荐候选。,是,video_id=7643289331093157553; video_url=https://www.douyin.com/video/7643289331093157553; creator=王多于-股之子; like=1; reply=0; source_type=comment; yeren_signal_id=; parent_comment_text=,11:52,抖音评论,video,新的一周瑟瑟发抖啊#内容过于真实 #股民 #王多于股之子 #vlog十亿流量扶持计划,未来&可期(可互关),7643289331093157553,https://www.douyin.com/video/7643289331093157553,,7643301290441769787,11:52,已纳入,中性,自动映射到抖音视频评论池。,9.6,true
2026-05-24,wangduoyu,抖音评论 11:48,机器人,,,,否,video_id=7643289331093157553; video_url=https://www.douyin.com/video/7643289331093157553; creator=王多于-股之子; like=0; reply=0; source_type=comment; yeren_signal_id=; parent_comment_text=,11:48,抖音评论,video,新的一周瑟瑟发抖啊#内容过于真实 #股民 #王多于股之子 #vlog十亿流量扶持计划,老抽华子,7643289331093157553,https://www.douyin.com/video/7643289331093157553,,7643300246194029369,11:48,未纳入,中性,自动映射到抖音视频评论池。,,false
2026-05-24,wangduoyu,抖音评论 11:48,多得很[微笑],,,,否,video_id=7643289331093157553; video_url=https://www.douyin.com/video/7643289331093157553; creator=王多于-股之子; like=2; reply=0; source_type=comment; yeren_signal_id=; parent_comment_text=,11:48,抖音评论,video,新的一周瑟瑟发抖啊#内容过于真实 #股民 #王多于股之子 #vlog十亿流量扶持计划,未羊纳川,7643289331093157553,https://www.douyin.com/video/7643289331093157553,,7643300181728346917,11:48,未纳入,中性,自动映射到抖音视频评论池。,,false
2026-05-24,wangduoyu,抖音评论 11:47,下周参赛作品天邦[灵机一动],,,评论热度较高，但暂未自动识别到明确股票线索，保留人工复核。,待确认,video_id=7643289331093157553; video_url=https://www.douyin.com/video/7643289331093157553; creator=王多于-股之子; like=8; reply=8; source_type=comment; yeren_signal_id=; parent_comment_text=,11:47,抖音评论,video,新的一周瑟瑟发抖啊#内容过于真实 #股民 #王多于股之子 #vlog十亿流量扶持计划,东方味来📈,7643289331093157553,https://www.douyin.com/video/7643289331093157553,,7643299979427054373,11:47,待确认,中性,自动映射到抖音视频评论池。,6.2,false
2026-05-24,wangduoyu,抖音评论 11:55,猪肉,,,,否,video_id=7643289331093157553; video_url=https://www.douyin.com/video/7643289331093157553; creator=王多于-股之子; like=0; reply=0; source_type=comment; yeren_signal_id=; parent_comment_text=,11:55,抖音评论,video,新的一周瑟瑟发抖啊#内容过于真实 #股民 #王多于股之子 #vlog十亿流量扶持计划,王帅,7643289331093157553,https://www.douyin.com/video/7643289331093157553,,7643301923764814643,11:55,未纳入,中性,自动映射到抖音视频评论池。,,false
2026-05-24,wangduoyu,抖音评论 11:46,pcb 算力 光模块,,,,否,video_id=7643289331093157553; video_url=https://www.douyin.com/video/7643289331093157553; creator=王多于-股之子; like=0; reply=0; source_type=comment; yeren_signal_id=; parent_comment_text=,11:46,抖音评论,video,新的一周瑟瑟发抖啊#内容过于真实 #股民 #王多于股之子 #vlog十亿流量扶持计划,_Flynn,7643289331093157553,https://www.douyin.com/video/7643289331093157553,,7643299655233864497,11:46,未纳入,中性,自动映射到抖音视频评论池。,,false
2026-05-24,wangduoyu,抖音评论 11:43,评论区太水了，上次还有个真的高手推荐的中科创D，谢谢哒[玫瑰][玫瑰][玫瑰][玫瑰],,,,否,video_id=7643289331093157553; video_url=https://www.douyin.com/video/7643289331093157553; creator=王多于-股之子; like=2; reply=2; source_type=comment; yeren_signal_id=; parent_comment_text=,11:43,抖音评论,video,新的一周瑟瑟发抖啊#内容过于真实 #股民 #王多于股之子 #vlog十亿流量扶持计划,字母哥🐧🐧🐧,7643289331093157553,https://www.douyin.com/video/7643289331093157553,,7643298804176077622,11:43,未纳入,中性,自动映射到抖音视频评论池。,,false
2026-05-24,wangduoyu,抖音评论 11:42,周一宏和科技 周四的时候吃我七个点，周五还给我了[呲牙][呲牙],宏和科技(603256),,宏和科技(603256) 被提及 1 次，有效评论 1 条，来源 1 个，单视频线索，情绪 中性，当前判断：保留观察。,待确认,video_id=7643289331093157553; video_url=https://www.douyin.com/video/7643289331093157553; creator=王多于-股之子; like=0; reply=0; source_type=comment; yeren_signal_id=; parent_comment_text=,11:42,抖音评论,video,新的一周瑟瑟发抖啊#内容过于真实 #股民 #王多于股之子 #vlog十亿流量扶持计划,zzll ⁹²⁰⁰,7643289331093157553,https://www.douyin.com/video/7643289331093157553,,7643298706804245294,11:42,待确认,中性,自动映射到抖音视频评论池。,6.4,false
2026-05-24,wangduoyu,抖音评论 11:47,风华高科,,,,否,video_id=7643289331093157553; video_url=https://www.douyin.com/video/7643289331093157553; creator=王多于-股之子; like=1; reply=4; source_type=comment; yeren_signal_id=; parent_comment_text=,11:47,抖音评论,video,新的一周瑟瑟发抖啊#内容过于真实 #股民 #王多于股之子 #vlog十亿流量扶持计划,乾如意,7643289331093157553,https://www.douyin.com/video/7643289331093157553,,7643300052093453093,11:47,未纳入,中性,自动映射到抖音视频评论池。,,false
2026-05-24,wangduoyu,抖音评论 11:40,再升科技,,,,否,video_id=7643289331093157553; video_url=https://www.douyin.com/video/7643289331093157553; creator=王多于-股之子; like=4; reply=0; source_type=comment; yeren_signal_id=; parent_comment_text=,11:40,抖音评论,video,新的一周瑟瑟发抖啊#内容过于真实 #股民 #王多于股之子 #vlog十亿流量扶持计划,爱非凡,7643289331093157553,https://www.douyin.com/video/7643289331093157553,,7643298220243714859,11:40,未纳入,中性,自动映射到抖音视频评论池。,,false
2026-05-24,wangduoyu,抖音评论 11:32,电池,,,,否,video_id=7643289331093157553; video_url=https://www.douyin.com/video/7643289331093157553; creator=王多于-股之子; like=1; reply=0; source_type=comment; yeren_signal_id=; parent_comment_text=,11:32,抖音评论,video,新的一周瑟瑟发抖啊#内容过于真实 #股民 #王多于股之子 #vlog十亿流量扶持计划,人生要真诚。泸西人,7643289331093157553,https://www.douyin.com/video/7643289331093157553,,7643296096080855871,11:32,未纳入,中性,自动映射到抖音视频评论池。,,false
2026-05-24,wangduoyu,抖音评论 11:28,紫色的光[呲牙],,,评论热度较高，但暂未自动识别到明确股票线索，保留人工复核。,待确认,video_id=7643289331093157553; video_url=https://www.douyin.com/video/7643289331093157553; creator=王多于-股之子; like=0; reply=6; source_type=comment; yeren_signal_id=; parent_comment_text=,11:28,抖音评论,video,新的一周瑟瑟发抖啊#内容过于真实 #股民 #王多于股之子 #vlog十亿流量扶持计划,努力挣钱点男模😏,7643289331093157553,https://www.douyin.com/video/7643289331093157553,,7643294973059728165,11:28,待确认,中性,自动映射到抖音视频评论池。,6.2,false
2026-05-24,wangduoyu,抖音评论 11:27,终于更新了。还以为在高原地区玩嗨了，不玩大A了。,,,,否,video_id=7643289331093157553; video_url=https://www.douyin.com/video/7643289331093157553; creator=王多于-股之子; like=0; reply=1; source_type=comment; yeren_signal_id=; parent_comment_text=,11:27,抖音评论,video,新的一周瑟瑟发抖啊#内容过于真实 #股民 #王多于股之子 #vlog十亿流量扶持计划,盘古源头大米,7643289331093157553,https://www.douyin.com/video/7643289331093157553,,7643294813600678693,11:27,未纳入,中性,自动映射到抖音视频评论池。,,false
2026-05-24,wangduoyu,抖音评论 11:25,华能蒙电,华能蒙电(600863),,华能蒙电(600863) 被提及 2 次，有效评论 2 条，来源 1 个，单视频线索，情绪 中性，当前判断：保留观察。,待确认,video_id=7643289331093157553; video_url=https://www.douyin.com/video/7643289331093157553; creator=王多于-股之子; like=5; reply=6; source_type=comment; yeren_signal_id=; parent_comment_text=,11:25,抖音评论,video,新的一周瑟瑟发抖啊#内容过于真实 #股民 #王多于股之子 #vlog十亿流量扶持计划,Moon,7643289331093157553,https://www.douyin.com/video/7643289331093157553,,7643294317071909669,11:25,待确认,中性,自动映射到抖音视频评论池。,6.9,false
2026-05-24,wangduoyu,抖音评论 11:25,莲花，拿到15,,,评论热度较高，但暂未自动识别到明确股票线索，保留人工复核。,待确认,video_id=7643289331093157553; video_url=https://www.douyin.com/video/7643289331093157553; creator=王多于-股之子; like=8; reply=4; source_type=comment; yeren_signal_id=; parent_comment_text=,11:25,抖音评论,video,新的一周瑟瑟发抖啊#内容过于真实 #股民 #王多于股之子 #vlog十亿流量扶持计划,一方桌角,7643289331093157553,https://www.douyin.com/video/7643289331093157553,,7643294249366537009,11:25,待确认,中性,自动映射到抖音视频评论池。,6.2,false
2026-05-24,wangduoyu,抖音评论 11:25,猪猪没给你个方向？,,,,否,video_id=7643289331093157553; video_url=https://www.douyin.com/video/7643289331093157553; creator=王多于-股之子; like=0; reply=3; source_type=comment; yeren_signal_id=; parent_comment_text=,11:25,抖音评论,video,新的一周瑟瑟发抖啊#内容过于真实 #股民 #王多于股之子 #vlog十亿流量扶持计划,三旬绅士,7643289331093157553,https://www.douyin.com/video/7643289331093157553,,7643294169440502582,11:25,未纳入,中性,自动映射到抖音视频评论池。,,false
2026-05-24,wangduoyu,抖音评论 11:21,算力，中贝通信,中贝通信(603220),,中贝通信(603220) 被提及 1 次，有效评论 1 条，来源 1 个，单视频线索，情绪 中性，当前判断：保留观察。,待确认,video_id=7643289331093157553; video_url=https://www.douyin.com/video/7643289331093157553; creator=王多于-股之子; like=5; reply=15; source_type=comment; yeren_signal_id=; parent_comment_text=,11:21,抖音评论,video,新的一周瑟瑟发抖啊#内容过于真实 #股民 #王多于股之子 #vlog十亿流量扶持计划,🌈洋洋得艺,7643289331093157553,https://www.douyin.com/video/7643289331093157553,,7643293271640916770,11:21,待确认,中性,自动映射到抖音视频评论池。,6.4,false
2026-05-24,wangduoyu,抖音评论 11:18,东方明珠,,,,否,video_id=7643289331093157553; video_url=https://www.douyin.com/video/7643289331093157553; creator=王多于-股之子; like=1; reply=1; source_type=comment; yeren_signal_id=; parent_comment_text=,11:18,抖音评论,video,新的一周瑟瑟发抖啊#内容过于真实 #股民 #王多于股之子 #vlog十亿流量扶持计划,十一哦,7643289331093157553,https://www.douyin.com/video/7643289331093157553,,7643292558927561521,11:18,未纳入,中性,自动映射到抖音视频评论池。,,false
2026-05-24,wangduoyu,抖音评论 11:45,风华高科,,,,否,video_id=7643289331093157553; video_url=https://www.douyin.com/video/7643289331093157553; creator=王多于-股之子; like=2; reply=3; source_type=comment; yeren_signal_id=; parent_comment_text=,11:45,抖音评论,video,新的一周瑟瑟发抖啊#内容过于真实 #股民 #王多于股之子 #vlog十亿流量扶持计划,南意,7643289331093157553,https://www.douyin.com/video/7643289331093157553,,7643299351455859514,11:45,未纳入,中性,自动映射到抖音视频评论池。,,false
2026-05-24,wangduoyu,抖音评论 11:17,ztkj,,,,否,video_id=7643289331093157553; video_url=https://www.douyin.com/video/7643289331093157553; creator=王多于-股之子; like=0; reply=0; source_type=comment; yeren_signal_id=; parent_comment_text=,11:17,抖音评论,video,新的一周瑟瑟发抖啊#内容过于真实 #股民 #王多于股之子 #vlog十亿流量扶持计划,哈喽本喵,7643289331093157553,https://www.douyin.com/video/7643289331093157553,,7643292275313853203,11:17,未纳入,中性,自动映射到抖音视频评论池。,,false
2026-05-24,wangduoyu,抖音评论 11:16,生益 长电,,,,否,video_id=7643289331093157553; video_url=https://www.douyin.com/video/7643289331093157553; creator=王多于-股之子; like=1; reply=0; source_type=comment; yeren_signal_id=; parent_comment_text=,11:16,抖音评论,video,新的一周瑟瑟发抖啊#内容过于真实 #股民 #王多于股之子 #vlog十亿流量扶持计划,等等的等等,7643289331093157553,https://www.douyin.com/video/7643289331093157553,,7643291878540083968,11:16,未纳入,中性,自动映射到抖音视频评论池。,,false
2026-05-24,wangduoyu,抖音评论 11:14,买pcb[懵],,,,否,video_id=7643289331093157553; video_url=https://www.douyin.com/video/7643289331093157553; creator=王多于-股之子; like=2; reply=1; source_type=comment; yeren_signal_id=; parent_comment_text=,11:14,抖音评论,video,新的一周瑟瑟发抖啊#内容过于真实 #股民 #王多于股之子 #vlog十亿流量扶持计划,阿木西林,7643289331093157553,https://www.douyin.com/video/7643289331093157553,,7643291572272808763,11:14,未纳入,中性,自动映射到抖音视频评论池。,,false
2026-05-24,wangduoyu,抖音评论 11:14,烽火通信[黄脸干杯],烽火通信(600498),,烽火通信(600498) 被提及 1 次，有效评论 1 条，来源 1 个，单视频线索，情绪 中性，当前判断：保留观察。,待确认,video_id=7643289331093157553; video_url=https://www.douyin.com/video/7643289331093157553; creator=王多于-股之子; like=4; reply=4; source_type=comment; yeren_signal_id=; parent_comment_text=,11:14,抖音评论,video,新的一周瑟瑟发抖啊#内容过于真实 #股民 #王多于股之子 #vlog十亿流量扶持计划,九.,7643289331093157553,https://www.douyin.com/video/7643289331093157553,,7643291433726657326,11:14,待确认,中性,自动映射到抖音视频评论池。,6.4,false
2026-05-24,wangduoyu,抖音评论 11:13,蹲一个,,,,否,video_id=7643289331093157553; video_url=https://www.douyin.com/video/7643289331093157553; creator=王多于-股之子; like=1; reply=0; source_type=comment; yeren_signal_id=; parent_comment_text=,11:13,抖音评论,video,新的一周瑟瑟发抖啊#内容过于真实 #股民 #王多于股之子 #vlog十亿流量扶持计划,🌵,7643289331093157553,https://www.douyin.com/video/7643289331093157553,,7643291239995032354,11:13,未纳入,中性,自动映射到抖音视频评论池。,,false
2026-05-24,wangduoyu,抖音评论 11:12,金田股份[懵][懵][懵],金田股份(601609),,金田股份(601609) 被提及 1 次，有效评论 1 条，来源 1 个，单视频线索，情绪 中性，当前判断：保留观察。,待确认,video_id=7643289331093157553; video_url=https://www.douyin.com/video/7643289331093157553; creator=王多于-股之子; like=1; reply=0; source_type=comment; yeren_signal_id=; parent_comment_text=,11:12,抖音评论,video,新的一周瑟瑟发抖啊#内容过于真实 #股民 #王多于股之子 #vlog十亿流量扶持计划,y-🐳,7643289331093157553,https://www.douyin.com/video/7643289331093157553,,7643291006935761721,11:12,待确认,中性,自动映射到抖音视频评论池。,6.4,false
2026-05-24,wangduoyu,抖音评论 11:12,嘿哈[柴犬]下周祝愿大家每天都红[灵机一动],,,,否,video_id=7643289331093157553; video_url=https://www.douyin.com/video/7643289331093157553; creator=王多于-股之子; like=0; reply=0; source_type=comment; yeren_signal_id=; parent_comment_text=,11:12,抖音评论,video,新的一周瑟瑟发抖啊#内容过于真实 #股民 #王多于股之子 #vlog十亿流量扶持计划,蚂蚁游墙漫漫闯,7643289331093157553,https://www.douyin.com/video/7643289331093157553,,7643290850072822565,11:12,未纳入,中性,自动映射到抖音视频评论池。,,false
2026-05-24,wangduoyu,抖音评论 11:11,准备长线了，短线太折磨人了[宕机],,,,否,video_id=7643289331093157553; video_url=https://www.douyin.com/video/7643289331093157553; creator=王多于-股之子; like=1; reply=0; source_type=comment; yeren_signal_id=; parent_comment_text=,11:11,抖音评论,video,新的一周瑟瑟发抖啊#内容过于真实 #股民 #王多于股之子 #vlog十亿流量扶持计划,刘晓庆余年,7643289331093157553,https://www.douyin.com/video/7643289331093157553,,7643290722770928384,11:11,未纳入,中性,自动映射到抖音视频评论池。,,false
2026-05-24,wangduoyu,抖音评论 11:11,002183,怡 亚 通(002183),,怡 亚 通(002183) 被提及 1 次，有效评论 1 条，来源 1 个，单视频线索，情绪 中性，当前判断：保留观察。,待确认,video_id=7643289331093157553; video_url=https://www.douyin.com/video/7643289331093157553; creator=王多于-股之子; like=0; reply=0; source_type=comment; yeren_signal_id=; parent_comment_text=,11:11,抖音评论,video,新的一周瑟瑟发抖啊#内容过于真实 #股民 #王多于股之子 #vlog十亿流量扶持计划,等风来,7643289331093157553,https://www.douyin.com/video/7643289331093157553,,7643290623185666862,11:11,待确认,中性,自动映射到抖音视频评论池。,6.4,false
2026-05-24,wangduoyu,抖音评论 11:17,风华高科[奸笑],风华高科(000636),,风华高科(000636) 被提及 5 次，有效评论 5 条，来源 1 个，单视频线索，情绪 中性，当前判断：保留观察。,待确认,video_id=7643289331093157553; video_url=https://www.douyin.com/video/7643289331093157553; creator=王多于-股之子; like=1; reply=1; source_type=comment; yeren_signal_id=; parent_comment_text=,11:17,抖音评论,video,新的一周瑟瑟发抖啊#内容过于真实 #股民 #王多于股之子 #vlog十亿流量扶持计划,悬崖边开朗的蓝环章鱼,7643289331093157553,https://www.douyin.com/video/7643289331093157553,,7643292105981461286,11:17,待确认,中性,自动映射到抖音视频评论池。,8.1,false
2026-05-24,wangduoyu,抖音评论 11:11,宏昌电子到底有没有人一直拿着啊,宏昌电子(603002),,宏昌电子(603002) 被提及 1 次，有效评论 1 条，来源 1 个，单视频线索，情绪 看多，当前判断：保留观察。,待确认,video_id=7643289331093157553; video_url=https://www.douyin.com/video/7643289331093157553; creator=王多于-股之子; like=2; reply=9; source_type=comment; yeren_signal_id=; parent_comment_text=,11:11,抖音评论,video,新的一周瑟瑟发抖啊#内容过于真实 #股民 #王多于股之子 #vlog十亿流量扶持计划,522,7643289331093157553,https://www.douyin.com/video/7643289331093157553,,7643290559545312010,11:11,待确认,看多,自动映射到抖音视频评论池。,6.4,false
2026-05-24,wangduoyu,抖音评论 11:11,航天方向,,,,否,video_id=7643289331093157553; video_url=https://www.douyin.com/video/7643289331093157553; creator=王多于-股之子; like=0; reply=0; source_type=comment; yeren_signal_id=; parent_comment_text=,11:11,抖音评论,video,新的一周瑟瑟发抖啊#内容过于真实 #股民 #王多于股之子 #vlog十亿流量扶持计划,装修螂,7643289331093157553,https://www.douyin.com/video/7643289331093157553,,7643290559775605541,11:11,未纳入,中性,自动映射到抖音视频评论池。,,false
2026-05-24,wangduoyu,抖音评论 11:10,蹲一个真大哥的提示！！！！,,,,否,video_id=7643289331093157553; video_url=https://www.douyin.com/video/7643289331093157553; creator=王多于-股之子; like=1; reply=0; source_type=comment; yeren_signal_id=; parent_comment_text=,11:10,抖音评论,video,新的一周瑟瑟发抖啊#内容过于真实 #股民 #王多于股之子 #vlog十亿流量扶持计划,董代表的老姐妹,7643289331093157553,https://www.douyin.com/video/7643289331093157553,,7643290530198405930,11:10,未纳入,中性,自动映射到抖音视频评论池。,,false
2026-05-24,wangduoyu,抖音评论 11:10,华电能源,华电能源(600726),,华电能源(600726) 被提及 1 次，有效评论 1 条，来源 1 个，单视频线索，情绪 中性，当前判断：保留观察。,待确认,video_id=7643289331093157553; video_url=https://www.douyin.com/video/7643289331093157553; creator=王多于-股之子; like=0; reply=0; source_type=comment; yeren_signal_id=; parent_comment_text=,11:10,抖音评论,video,新的一周瑟瑟发抖啊#内容过于真实 #股民 #王多于股之子 #vlog十亿流量扶持计划,吃葡萄爱吐葡萄皮,7643289331093157553,https://www.douyin.com/video/7643289331093157553,,7643290478897185593,11:10,待确认,中性,自动映射到抖音视频评论池。,6.4,false
2026-05-24,wangduoyu,抖音评论 11:10,再升,,,,否,video_id=7643289331093157553; video_url=https://www.douyin.com/video/7643289331093157553; creator=王多于-股之子; like=0; reply=0; source_type=comment; yeren_signal_id=; parent_comment_text=,11:10,抖音评论,video,新的一周瑟瑟发抖啊#内容过于真实 #股民 #王多于股之子 #vlog十亿流量扶持计划,哎呦喂,7643289331093157553,https://www.douyin.com/video/7643289331093157553,,7643290463293948698,11:10,未纳入,中性,自动映射到抖音视频评论池。,,false
2026-05-24,wangduoyu,抖音评论 11:07,@豆包 助理，五个小时后帮我总结一下评论区出现的最冷门的方向[图片表情],,,,否,video_id=7643289331093157553; video_url=https://www.douyin.com/video/7643289331093157553; creator=王多于-股之子; like=1; reply=4; source_type=comment; yeren_signal_id=; parent_comment_text=,11:07,抖音评论,video,新的一周瑟瑟发抖啊#内容过于真实 #股民 #王多于股之子 #vlog十亿流量扶持计划,王多于-股之子,7643289331093157553,https://www.douyin.com/video/7643289331093157553,,7643289596868838203,11:07,未纳入,中性,自动映射到抖音视频评论池。,,false
2026-05-24,wangduoyu,抖音评论 11:06,扣主力的别扣我的[图片表情],,,,否,video_id=7643289331093157553; video_url=https://www.douyin.com/video/7643289331093157553; creator=王多于-股之子; like=4; reply=0; source_type=comment; yeren_signal_id=; parent_comment_text=,11:06,抖音评论,video,新的一周瑟瑟发抖啊#内容过于真实 #股民 #王多于股之子 #vlog十亿流量扶持计划,王多于-股之子,7643289331093157553,https://www.douyin.com/video/7643289331093157553,,7643289440714261305,11:06,未纳入,中性,自动映射到抖音视频评论池。,,false
2026-05-24,wangduoyu,抖音评论 14:20,武契奇:我才来，你们不表示表示，招待费呢[发呆],,,,否,video_id=7643289331093157553; video_url=https://www.douyin.com/video/7643289331093157553; creator=王多于-股之子; like=0; reply=1; source_type=comment; yeren_signal_id=; parent_comment_text=,14:20,抖音评论,video,新的一周瑟瑟发抖啊#内容过于真实 #股民 #王多于股之子 #vlog十亿流量扶持计划,股往金来🤑🎉✨,7643289331093157553,https://www.douyin.com/video/7643289331093157553,,7643339430035833659,14:20,未纳入,中性,自动映射到抖音视频评论池。,,false
2026-05-24,wangduoyu,抖音评论 13:26,华天科技拿着，,华天科技(002185),,华天科技(002185) 被提及 1 次，有效评论 1 条，来源 1 个，单视频线索，情绪 看多，当前判断：保留观察。,待确认,video_id=7643289331093157553; video_url=https://www.douyin.com/video/7643289331093157553; creator=王多于-股之子; like=0; reply=0; source_type=comment; yeren_signal_id=; parent_comment_text=,13:26,抖音评论,video,新的一周瑟瑟发抖啊#内容过于真实 #股民 #王多于股之子 #vlog十亿流量扶持计划,归心,7643289331093157553,https://www.douyin.com/video/7643289331093157553,,7643325508706419505,13:26,待确认,看多,自动映射到抖音视频评论池。,6.4,false
2026-05-24,wangduoyu,抖音评论 17:31,直接进双星,,,,否,video_id=7643289331093157553; video_url=https://www.douyin.com/video/7643289331093157553; creator=王多于-股之子; like=0; reply=0; source_type=comment; yeren_signal_id=; parent_comment_text=,17:31,抖音评论,video,新的一周瑟瑟发抖啊#内容过于真实 #股民 #王多于股之子 #vlog十亿流量扶持计划,Ms,7643289331093157553,https://www.douyin.com/video/7643289331093157553,,7643388669545726735,17:31,未纳入,中性,自动映射到抖音视频评论池。,,false
2026-05-24,wangduoyu,抖音评论 15:19,算力网宿科技,网宿科技(300017),,网宿科技(300017) 被提及 1 次，有效评论 1 条，来源 1 个，单视频线索，情绪 中性，当前判断：保留观察。,待确认,video_id=7643289331093157553; video_url=https://www.douyin.com/video/7643289331093157553; creator=王多于-股之子; like=0; reply=0; source_type=comment; yeren_signal_id=; parent_comment_text=,15:19,抖音评论,video,新的一周瑟瑟发抖啊#内容过于真实 #股民 #王多于股之子 #vlog十亿流量扶持计划,华北深情专一,7643289331093157553,https://www.douyin.com/video/7643289331093157553,,7643354553615090489,15:19,待确认,中性,自动映射到抖音视频评论池。,6.4,false
2026-05-24,wangduoyu,抖音评论 16:35,已经换平台了，蹲烦了，一直不明白怎么回事 我要8000-4000 6000-3000 5000-2000，4000-2000，1000-500，爱给不给，其他平台已经给我5000无门槛了，垃圾抖音只有3000-420[微笑],,,,否,video_id=7643289331093157553; video_url=https://www.douyin.com/video/7643289331093157553; creator=王多于-股之子; like=0; reply=0; source_type=comment; yeren_signal_id=; parent_comment_text=,16:35,抖音评论,video,新的一周瑟瑟发抖啊#内容过于真实 #股民 #王多于股之子 #vlog十亿流量扶持计划,求求老天让我中一次,7643289331093157553,https://www.douyin.com/video/7643289331093157553,,7643374087414711075,16:35,未纳入,中性,自动映射到抖音视频评论池。,,false
2026-05-24,wangduoyu,抖音评论 15:38,能不能来个真大哥，先说好处 分成➕介绍闺蜜➕回本亲自送特产 请吃饭 ，真心付真心，我要先验牌 承诺说到做到[比心],,,,否,video_id=7643289331093157553; video_url=https://www.douyin.com/video/7643289331093157553; creator=王多于-股之子; like=0; reply=0; source_type=comment; yeren_signal_id=; parent_comment_text=,15:38,抖音评论,video,新的一周瑟瑟发抖啊#内容过于真实 #股民 #王多于股之子 #vlog十亿流量扶持计划,DeR,7643289331093157553,https://www.douyin.com/video/7643289331093157553,,7643359522144584497,15:38,未纳入,中性,自动映射到抖音视频评论池。,,false
2026-05-24,yege,抖音评论 10:28,野哥抖音视频｜中国电信(601728)｜方向：算力基建、电网｜中性观察｜代来临，将利好AR基建、ARD、CRDC、TikTok出海和3D租赁等领域。 固定电话时代 固定电话时代造就了中国电信、中国移动、联通三大运营商。 2G、3G时代 2G、3G时代流量贵，造就了诺基亚、摩托罗拉等公司。 4｜规则：题材方向需要用板块强度和核心股表现二次确认。,,,评论热度较高，但暂未自动识别到明确股票线索，保留人工复核。,待确认,video_id=7643279703731059328; video_url=https://www.douyin.com/video/7643279703731059328; creator=全能的野人; like=15; reply=0; source_type=yeren_video_signal; yeren_signal_id=7643279703731059328_stock_601728; parent_comment_text=,10:28,抖音评论,video,deepseek降价是利好还是利空？#deepseek降价 #金融#财经#股市#算力,全能的野人,7643279703731059328,https://www.douyin.com/video/7643279703731059328,,yeren_douyin_7643279703731059328_stock_601728,10:28,待确认,中性,自动映射到抖音视频评论池。,6.2,false
2026-05-24,yege,抖音评论 10:28,野哥抖音视频｜中国移动(600941)｜方向：算力基建、电网｜中性观察｜利好AR基建、ARD、CRDC、TikTok出海和3D租赁等领域。 固定电话时代 固定电话时代造就了中国电信、中国移动、联通三大运营商。 2G、3G时代 2G、3G时代流量贵，造就了诺基亚、摩托罗拉等公司。 4G、5G时｜规则：题材方向需要用板块强度和核心股表现二次确认。,,,评论热度较高，但暂未自动识别到明确股票线索，保留人工复核。,待确认,video_id=7643279703731059328; video_url=https://www.douyin.com/video/7643279703731059328; creator=全能的野人; like=15; reply=0; source_type=yeren_video_signal; yeren_signal_id=7643279703731059328_stock_600941; parent_comment_text=,10:28,抖音评论,video,deepseek降价是利好还是利空？#deepseek降价 #金融#财经#股市#算力,全能的野人,7643279703731059328,https://www.douyin.com/video/7643279703731059328,,yeren_douyin_7643279703731059328_stock_600941,10:28,待确认,中性,自动映射到抖音视频评论池。,6.2,false
2026-05-24,yege,抖音评论 10:28,野哥抖音视频｜方向：算力基建｜谨慎/风控｜deepseek降价是利好还是利空？#deepseek降价 #金融#财经#股市#算力 从固定电话时代到TOKEN流量时代，通信技术的发展造就了不同的行业巨头。随着流量降｜规则：题材方向需要用板块强度和核心股表现二次确认。,,,评论热度较高，但暂未自动识别到明确股票线索，保留人工复核。,待确认,video_id=7643279703731059328; video_url=https://www.douyin.com/video/7643279703731059328; creator=全能的野人; like=13; reply=0; source_type=yeren_video_signal; yeren_signal_id=7643279703731059328_direction_算力基建; parent_comment_text=,10:28,抖音评论,video,deepseek降价是利好还是利空？#deepseek降价 #金融#财经#股市#算力,全能的野人,7643279703731059328,https://www.douyin.com/video/7643279703731059328,,yeren_douyin_7643279703731059328_direction_算力基建,10:28,待确认,中性,自动映射到抖音视频评论池。,6.2,false
2026-05-24,yege,抖音评论 10:28,野哥抖音视频｜方向：电网｜中性观察｜，造就了苹果、腾讯等公司。 TOKEN流量时代 TOKEN流量时代将造就AR基建，如电网设备、电网输出等。 利好分析 流量降价利好AR基建、ARD、CRDC、TikTo｜规则：题材方向需要用板块强度和核心股表现二次确认。,,,评论热度较高，但暂未自动识别到明确股票线索，保留人工复核。,待确认,video_id=7643279703731059328; video_url=https://www.douyin.com/video/7643279703731059328; creator=全能的野人; like=13; reply=0; source_type=yeren_video_signal; yeren_signal_id=7643279703731059328_direction_电网; parent_comment_text=,10:28,抖音评论,video,deepseek降价是利好还是利空？#deepseek降价 #金融#财经#股市#算力,全能的野人,7643279703731059328,https://www.douyin.com/video/7643279703731059328,,yeren_douyin_7643279703731059328_direction_电网,10:28,待确认,中性,自动映射到抖音视频评论池。,6.2,false
2026-05-24,wangduoyu,抖音评论 未标注时间,朋友,,,,否,video_id=7643289331093157553; video_url=https://www.douyin.com/video/7643289331093157553; creator=王多于-股之子; like=0; reply=0; source_type=reply; yeren_signal_id=; parent_comment_text=精达股份不是一字开盘就进,--:--,抖音评论,video,新的一周瑟瑟发抖啊#内容过于真实 #股民 #王多于股之子 #vlog十亿流量扶持计划,王多于-股之子,7643289331093157553,https://www.douyin.com/video/7643289331093157553,,7643304341093532426_browser_reply_1,--:--,未纳入,中性,自动映射到抖音视频评论池。,,false
2026-05-24,wangduoyu,抖音评论 未标注时间,我的,,,,否,video_id=7643289331093157553; video_url=https://www.douyin.com/video/7643289331093157553; creator=王多于-股之子; like=0; reply=0; source_type=reply; yeren_signal_id=; parent_comment_text=精达股份不是一字开盘就进,--:--,抖音评论,video,新的一周瑟瑟发抖啊#内容过于真实 #股民 #王多于股之子 #vlog十亿流量扶持计划,王多于-股之子,7643289331093157553,https://www.douyin.com/video/7643289331093157553,,7643304341093532426_browser_reply_2,--:--,未纳入,中性,自动映射到抖音视频评论池。,,false
2026-05-24,wangduoyu,抖音评论 未标注时间,王多于-股之子,,,,否,video_id=7643289331093157553; video_url=https://www.douyin.com/video/7643289331093157553; creator=王多于-股之子; like=0; reply=0; source_type=reply; yeren_signal_id=; parent_comment_text=精达股份不是一字开盘就进,--:--,抖音评论,video,新的一周瑟瑟发抖啊#内容过于真实 #股民 #王多于股之子 #vlog十亿流量扶持计划,王多于-股之子,7643289331093157553,https://www.douyin.com/video/7643289331093157553,,7643304341093532426_browser_reply_3,--:--,未纳入,中性,自动映射到抖音视频评论池。,,false
2026-05-24,wangduoyu,抖音评论 未标注时间,00:15,,,,否,video_id=7643289331093157553; video_url=https://www.douyin.com/video/7643289331093157553; creator=王多于-股之子; like=0; reply=0; source_type=reply; yeren_signal_id=; parent_comment_text=精达股份不是一字开盘就进,--:--,抖音评论,video,新的一周瑟瑟发抖啊#内容过于真实 #股民 #王多于股之子 #vlog十亿流量扶持计划,王多于-股之子,7643289331093157553,https://www.douyin.com/video/7643289331093157553,,7643304341093532426_browser_reply_4,--:--,未纳入,中性,自动映射到抖音视频评论池。,,false
2026-05-24,wangduoyu,抖音评论 未标注时间,上上签 ... 我在希望大涨，不过没多少 29分钟前·山东 0 分享 回复 黄昕玥 ... 看到是安徽up，我要无脑进了 1小时前·安徽 0 分享 回复 空白黄昕玥 ... 上一个看江西ip跟着进江特的已经半截入土了 30分钟前·福建 1 分享 回复 展开更多 收起,精达股份(600577),,精达股份(600577) 被提及 7 次，有效评论 7 条，来源 1 个，单视频线索，情绪 中性，当前判断：已进入推荐候选。,是,video_id=7643289331093157553; video_url=https://www.douyin.com/video/7643289331093157553; creator=王多于-股之子; like=0; reply=0; source_type=reply; yeren_signal_id=; parent_comment_text=精达股份不是一字开盘就进,--:--,抖音评论,video,新的一周瑟瑟发抖啊#内容过于真实 #股民 #王多于股之子 #vlog十亿流量扶持计划,王多于-股之子,7643289331093157553,https://www.douyin.com/video/7643289331093157553,,7643304341093532426_browser_reply_5,--:--,已纳入,中性,自动映射到抖音视频评论池。,9.6,true
2026-05-24,wangduoyu,抖音评论 未标注时间,上上签 ... 我在希望大涨，不过没多少 29分钟前·山东 0 分享 回复,精达股份(600577),,精达股份(600577) 被提及 7 次，有效评论 7 条，来源 1 个，单视频线索，情绪 中性，当前判断：已进入推荐候选。,是,video_id=7643289331093157553; video_url=https://www.douyin.com/video/7643289331093157553; creator=王多于-股之子; like=0; reply=0; source_type=reply; yeren_signal_id=; parent_comment_text=精达股份不是一字开盘就进,--:--,抖音评论,video,新的一周瑟瑟发抖啊#内容过于真实 #股民 #王多于股之子 #vlog十亿流量扶持计划,王多于-股之子,7643289331093157553,https://www.douyin.com/video/7643289331093157553,,7643304341093532426_browser_reply_6,--:--,已纳入,中性,自动映射到抖音视频评论池。,9.6,true
2026-05-24,wangduoyu,抖音评论 未标注时间,上上签 ...,,,,否,video_id=7643289331093157553; video_url=https://www.douyin.com/video/7643289331093157553; creator=王多于-股之子; like=0; reply=0; source_type=reply; yeren_signal_id=; parent_comment_text=精达股份不是一字开盘就进,--:--,抖音评论,video,新的一周瑟瑟发抖啊#内容过于真实 #股民 #王多于股之子 #vlog十亿流量扶持计划,王多于-股之子,7643289331093157553,https://www.douyin.com/video/7643289331093157553,,7643304341093532426_browser_reply_7,--:--,未纳入,中性,自动映射到抖音视频评论池。,,false
2026-05-24,wangduoyu,抖音评论 未标注时间,上上签,,,,否,video_id=7643289331093157553; video_url=https://www.douyin.com/video/7643289331093157553; creator=王多于-股之子; like=0; reply=0; source_type=reply; yeren_signal_id=; parent_comment_text=精达股份不是一字开盘就进,--:--,抖音评论,video,新的一周瑟瑟发抖啊#内容过于真实 #股民 #王多于股之子 #vlog十亿流量扶持计划,王多于-股之子,7643289331093157553,https://www.douyin.com/video/7643289331093157553,,7643304341093532426_browser_reply_8,--:--,未纳入,中性,自动映射到抖音视频评论池。,,false
2026-05-24,wangduoyu,抖音评论 未标注时间,我在希望大涨，不过没多少,精达股份(600577),,精达股份(600577) 被提及 7 次，有效评论 7 条，来源 1 个，单视频线索，情绪 中性，当前判断：已进入推荐候选。,是,video_id=7643289331093157553; video_url=https://www.douyin.com/video/7643289331093157553; creator=王多于-股之子; like=0; reply=0; source_type=reply; yeren_signal_id=; parent_comment_text=精达股份不是一字开盘就进,--:--,抖音评论,video,新的一周瑟瑟发抖啊#内容过于真实 #股民 #王多于股之子 #vlog十亿流量扶持计划,王多于-股之子,7643289331093157553,https://www.douyin.com/video/7643289331093157553,,7643304341093532426_browser_reply_9,--:--,已纳入,中性,自动映射到抖音视频评论池。,9.6,true
2026-05-24,wangduoyu,抖音评论 未标注时间,我在,,,,否,video_id=7643289331093157553; video_url=https://www.douyin.com/video/7643289331093157553; creator=王多于-股之子; like=0; reply=0; source_type=reply; yeren_signal_id=; parent_comment_text=精达股份不是一字开盘就进,--:--,抖音评论,video,新的一周瑟瑟发抖啊#内容过于真实 #股民 #王多于股之子 #vlog十亿流量扶持计划,王多于-股之子,7643289331093157553,https://www.douyin.com/video/7643289331093157553,,7643304341093532426_browser_reply_10,--:--,未纳入,中性,自动映射到抖音视频评论池。,,false
2026-05-24,wangduoyu,抖音评论 未标注时间,希望大涨，不过没多少,精达股份(600577),,精达股份(600577) 被提及 7 次，有效评论 7 条，来源 1 个，单视频线索，情绪 中性，当前判断：已进入推荐候选。,是,video_id=7643289331093157553; video_url=https://www.douyin.com/video/7643289331093157553; creator=王多于-股之子; like=0; reply=0; source_type=reply; yeren_signal_id=; parent_comment_text=精达股份不是一字开盘就进,--:--,抖音评论,video,新的一周瑟瑟发抖啊#内容过于真实 #股民 #王多于股之子 #vlog十亿流量扶持计划,王多于-股之子,7643289331093157553,https://www.douyin.com/video/7643289331093157553,,7643304341093532426_browser_reply_11,--:--,已纳入,中性,自动映射到抖音视频评论池。,9.6,true
2026-05-24,wangduoyu,抖音评论 未标注时间,00:16 中国青年 燃起来了#主打就是一个真实 #深夜talk #同花顺 #股票 #交易 386 书遥Trade,,,,否,video_id=7643289331093157553; video_url=https://www.douyin.com/video/7643289331093157553; creator=王多于-股之子; like=0; reply=0; source_type=reply; yeren_signal_id=; parent_comment_text=精达股份不是一字开盘就进,--:--,抖音评论,video,新的一周瑟瑟发抖啊#内容过于真实 #股民 #王多于股之子 #vlog十亿流量扶持计划,王多于-股之子,7643289331093157553,https://www.douyin.com/video/7643289331093157553,,7643304341093532426_browser_reply_12,--:--,未纳入,中性,自动映射到抖音视频评论池。,,false
2026-05-24,wangduoyu,抖音评论 未标注时间,朋友,,,,否,video_id=7643289331093157553; video_url=https://www.douyin.com/video/7643289331093157553; creator=王多于-股之子; like=0; reply=0; source_type=reply; yeren_signal_id=; parent_comment_text=青龙管业，挂 14.3,--:--,抖音评论,video,新的一周瑟瑟发抖啊#内容过于真实 #股民 #王多于股之子 #vlog十亿流量扶持计划,王多于-股之子,7643289331093157553,https://www.douyin.com/video/7643289331093157553,,7643355181635830577_browser_reply_1,--:--,未纳入,中性,自动映射到抖音视频评论池。,,false
2026-05-24,wangduoyu,抖音评论 未标注时间,另：近期收到的私信较多，实在抱歉，确实没有足够精力一一回复,,,,否,video_id=7643289331093157553; video_url=https://www.douyin.com/video/7643289331093157553; creator=王多于-股之子; like=0; reply=0; source_type=reply; yeren_signal_id=; parent_comment_text=青龙管业，挂 14.3,--:--,抖音评论,video,新的一周瑟瑟发抖啊#内容过于真实 #股民 #王多于股之子 #vlog十亿流量扶持计划,王多于-股之子,7643289331093157553,https://www.douyin.com/video/7643289331093157553,,7643355181635830577_browser_reply_2,--:--,未纳入,中性,自动映射到抖音视频评论池。,,false
2026-05-24,wangduoyu,抖音评论 未标注时间,我的,,,,否,video_id=7643289331093157553; video_url=https://www.douyin.com/video/7643289331093157553; creator=王多于-股之子; like=0; reply=0; source_type=reply; yeren_signal_id=; parent_comment_text=青龙管业，挂 14.3,--:--,抖音评论,video,新的一周瑟瑟发抖啊#内容过于真实 #股民 #王多于股之子 #vlog十亿流量扶持计划,王多于-股之子,7643289331093157553,https://www.douyin.com/video/7643289331093157553,,7643355181635830577_browser_reply_3,--:--,未纳入,中性,自动映射到抖音视频评论池。,,false
2026-05-24,wangduoyu,抖音评论 未标注时间,00:31 这就叫做专业！#a股 1.8万 令哥,,,,否,video_id=7643289331093157553; video_url=https://www.douyin.com/video/7643289331093157553; creator=王多于-股之子; like=0; reply=0; source_type=reply; yeren_signal_id=; parent_comment_text=青龙管业，挂 14.3,--:--,抖音评论,video,新的一周瑟瑟发抖啊#内容过于真实 #股民 #王多于股之子 #vlog十亿流量扶持计划,王多于-股之子,7643289331093157553,https://www.douyin.com/video/7643289331093157553,,7643355181635830577_browser_reply_4,--:--,未纳入,中性,自动映射到抖音视频评论池。,,false
2026-05-24,wangduoyu,抖音评论 未标注时间,00:31,,,,否,video_id=7643289331093157553; video_url=https://www.douyin.com/video/7643289331093157553; creator=王多于-股之子; like=0; reply=0; source_type=reply; yeren_signal_id=; parent_comment_text=青龙管业，挂 14.3,--:--,抖音评论,video,新的一周瑟瑟发抖啊#内容过于真实 #股民 #王多于股之子 #vlog十亿流量扶持计划,王多于-股之子,7643289331093157553,https://www.douyin.com/video/7643289331093157553,,7643355181635830577_browser_reply_5,--:--,未纳入,中性,自动映射到抖音视频评论池。,,false
2026-05-24,wangduoyu,抖音评论 未标注时间,这就叫做专业！#a股 1.8万 令哥,,,,否,video_id=7643289331093157553; video_url=https://www.douyin.com/video/7643289331093157553; creator=王多于-股之子; like=0; reply=0; source_type=reply; yeren_signal_id=; parent_comment_text=青龙管业，挂 14.3,--:--,抖音评论,video,新的一周瑟瑟发抖啊#内容过于真实 #股民 #王多于股之子 #vlog十亿流量扶持计划,王多于-股之子,7643289331093157553,https://www.douyin.com/video/7643289331093157553,,7643355181635830577_browser_reply_6,--:--,未纳入,中性,自动映射到抖音视频评论池。,,false
2026-05-24,wangduoyu,抖音评论 未标注时间,这就叫做专业！#a股,,,,否,video_id=7643289331093157553; video_url=https://www.douyin.com/video/7643289331093157553; creator=王多于-股之子; like=0; reply=0; source_type=reply; yeren_signal_id=; parent_comment_text=青龙管业，挂 14.3,--:--,抖音评论,video,新的一周瑟瑟发抖啊#内容过于真实 #股民 #王多于股之子 #vlog十亿流量扶持计划,王多于-股之子,7643289331093157553,https://www.douyin.com/video/7643289331093157553,,7643355181635830577_browser_reply_7,--:--,未纳入,中性,自动映射到抖音视频评论池。,,false
2026-05-24,wangduoyu,抖音评论 未标注时间,萌兔童装 ... 现在不是13.4 4分钟前·四川 0 分享 回复 金宝儿 ... 巧了！我也选了 2小时前·河南 0 分享 回复 茶金宝儿 ... 拿两天，记得走， 2小时前·河南 1 分享 回复 展开更多 收起,青龙管业(002457),,青龙管业(002457) 被提及 7 次，有效评论 7 条，来源 1 个，单视频线索，情绪 中性，当前判断：保留观察。,待确认,video_id=7643289331093157553; video_url=https://www.douyin.com/video/7643289331093157553; creator=王多于-股之子; like=0; reply=0; source_type=reply; yeren_signal_id=; parent_comment_text=青龙管业，挂 14.3,--:--,抖音评论,video,新的一周瑟瑟发抖啊#内容过于真实 #股民 #王多于股之子 #vlog十亿流量扶持计划,王多于-股之子,7643289331093157553,https://www.douyin.com/video/7643289331093157553,,7643355181635830577_browser_reply_8,--:--,待确认,中性,自动映射到抖音视频评论池。,8.8,false
2026-05-24,wangduoyu,抖音评论 未标注时间,萌兔童装 ... 现在不是13.4 4分钟前·四川 0 分享 回复,,,,否,video_id=7643289331093157553; video_url=https://www.douyin.com/video/7643289331093157553; creator=王多于-股之子; like=0; reply=0; source_type=reply; yeren_signal_id=; parent_comment_text=青龙管业，挂 14.3,--:--,抖音评论,video,新的一周瑟瑟发抖啊#内容过于真实 #股民 #王多于股之子 #vlog十亿流量扶持计划,王多于-股之子,7643289331093157553,https://www.douyin.com/video/7643289331093157553,,7643355181635830577_browser_reply_9,--:--,未纳入,中性,自动映射到抖音视频评论池。,,false
2026-05-24,wangduoyu,抖音评论 未标注时间,萌兔童装 ...,,,,否,video_id=7643289331093157553; video_url=https://www.douyin.com/video/7643289331093157553; creator=王多于-股之子; like=0; reply=0; source_type=reply; yeren_signal_id=; parent_comment_text=青龙管业，挂 14.3,--:--,抖音评论,video,新的一周瑟瑟发抖啊#内容过于真实 #股民 #王多于股之子 #vlog十亿流量扶持计划,王多于-股之子,7643289331093157553,https://www.douyin.com/video/7643289331093157553,,7643355181635830577_browser_reply_10,--:--,未纳入,中性,自动映射到抖音视频评论池。,,false
2026-05-24,wangduoyu,抖音评论 未标注时间,萌兔童装,,,,否,video_id=7643289331093157553; video_url=https://www.douyin.com/video/7643289331093157553; creator=王多于-股之子; like=0; reply=0; source_type=reply; yeren_signal_id=; parent_comment_text=青龙管业，挂 14.3,--:--,抖音评论,video,新的一周瑟瑟发抖啊#内容过于真实 #股民 #王多于股之子 #vlog十亿流量扶持计划,王多于-股之子,7643289331093157553,https://www.douyin.com/video/7643289331093157553,,7643355181635830577_browser_reply_11,--:--,未纳入,中性,自动映射到抖音视频评论池。,,false
2026-05-24,wangduoyu,抖音评论 未标注时间,现在不是13.4,再升科技(603601),,再升科技(603601) 被提及 7 次，有效评论 7 条，来源 1 个，单视频线索，情绪 中性，当前判断：已进入推荐候选。,是,video_id=7643289331093157553; video_url=https://www.douyin.com/video/7643289331093157553; creator=王多于-股之子; like=0; reply=0; source_type=reply; yeren_signal_id=; parent_comment_text=青龙管业，挂 14.3,--:--,抖音评论,video,新的一周瑟瑟发抖啊#内容过于真实 #股民 #王多于股之子 #vlog十亿流量扶持计划,王多于-股之子,7643289331093157553,https://www.douyin.com/video/7643289331093157553,,7643355181635830577_browser_reply_12,--:--,已纳入,中性,自动映射到抖音视频评论池。,9.6,true
2026-05-24,wangduoyu,抖音评论 未标注时间,朋友,,,,否,video_id=7643289331093157553; video_url=https://www.douyin.com/video/7643289331093157553; creator=王多于-股之子; like=0; reply=0; source_type=reply; yeren_signal_id=; parent_comment_text=再升科技继续。,--:--,抖音评论,video,新的一周瑟瑟发抖啊#内容过于真实 #股民 #王多于股之子 #vlog十亿流量扶持计划,王多于-股之子,7643289331093157553,https://www.douyin.com/video/7643289331093157553,,7643290684769895205_browser_reply_1,--:--,未纳入,中性,自动映射到抖音视频评论池。,,false
2026-05-24,wangduoyu,抖音评论 未标注时间,1.5万 反者道之动（阿东）,,,,否,video_id=7643289331093157553; video_url=https://www.douyin.com/video/7643289331093157553; creator=王多于-股之子; like=0; reply=0; source_type=reply; yeren_signal_id=; parent_comment_text=再升科技继续。,--:--,抖音评论,video,新的一周瑟瑟发抖啊#内容过于真实 #股民 #王多于股之子 #vlog十亿流量扶持计划,王多于-股之子,7643289331093157553,https://www.douyin.com/video/7643289331093157553,,7643290684769895205_browser_reply_2,--:--,未纳入,中性,自动映射到抖音视频评论池。,,false
2026-05-24,wangduoyu,抖音评论 未标注时间,1.5万,,,,否,video_id=7643289331093157553; video_url=https://www.douyin.com/video/7643289331093157553; creator=王多于-股之子; like=0; reply=0; source_type=reply; yeren_signal_id=; parent_comment_text=再升科技继续。,--:--,抖音评论,video,新的一周瑟瑟发抖啊#内容过于真实 #股民 #王多于股之子 #vlog十亿流量扶持计划,王多于-股之子,7643289331093157553,https://www.douyin.com/video/7643289331093157553,,7643290684769895205_browser_reply_3,--:--,未纳入,中性,自动映射到抖音视频评论池。,,false
2026-05-24,wangduoyu,抖音评论 未标注时间,反者道之动（阿东）,,,,否,video_id=7643289331093157553; video_url=https://www.douyin.com/video/7643289331093157553; creator=王多于-股之子; like=0; reply=0; source_type=reply; yeren_signal_id=; parent_comment_text=再升科技继续。,--:--,抖音评论,video,新的一周瑟瑟发抖啊#内容过于真实 #股民 #王多于股之子 #vlog十亿流量扶持计划,王多于-股之子,7643289331093157553,https://www.douyin.com/video/7643289331093157553,,7643290684769895205_browser_reply_4,--:--,未纳入,中性,自动映射到抖音视频评论池。,,false
2026-05-24,wangduoyu,抖音评论 未标注时间,00:30,同花顺(300033),,同花顺(300033) 被提及 5 次，有效评论 5 条，来源 1 个，单视频线索，情绪 中性，当前判断：保留观察。,待确认,video_id=7643289331093157553; video_url=https://www.douyin.com/video/7643289331093157553; creator=王多于-股之子; like=0; reply=0; source_type=reply; yeren_signal_id=; parent_comment_text=再升科技继续。,--:--,抖音评论,video,新的一周瑟瑟发抖啊#内容过于真实 #股民 #王多于股之子 #vlog十亿流量扶持计划,王多于-股之子,7643289331093157553,https://www.douyin.com/video/7643289331093157553,,7643290684769895205_browser_reply_5,--:--,待确认,中性,自动映射到抖音视频评论池。,8.1,false
2026-05-24,wangduoyu,抖音评论 未标注时间,我的,,,,否,video_id=7643289331093157553; video_url=https://www.douyin.com/video/7643289331093157553; creator=王多于-股之子; like=0; reply=0; source_type=reply; yeren_signal_id=; parent_comment_text=再升科技继续。,--:--,抖音评论,video,新的一周瑟瑟发抖啊#内容过于真实 #股民 #王多于股之子 #vlog十亿流量扶持计划,王多于-股之子,7643289331093157553,https://www.douyin.com/video/7643289331093157553,,7643290684769895205_browser_reply_6,--:--,未纳入,中性,自动映射到抖音视频评论池。,,false
2026-05-24,wangduoyu,抖音评论 未标注时间,00:14 说到做到，从不白听劝#内容过于真实 #股民 #基金 #王多于股之子 3689 王多于-股之子,同花顺(300033),,同花顺(300033) 被提及 5 次，有效评论 5 条，来源 1 个，单视频线索，情绪 中性，当前判断：保留观察。,待确认,video_id=7643289331093157553; video_url=https://www.douyin.com/video/7643289331093157553; creator=王多于-股之子; like=0; reply=0; source_type=reply; yeren_signal_id=; parent_comment_text=再升科技继续。,--:--,抖音评论,video,新的一周瑟瑟发抖啊#内容过于真实 #股民 #王多于股之子 #vlog十亿流量扶持计划,王多于-股之子,7643289331093157553,https://www.douyin.com/video/7643289331093157553,,7643290684769895205_browser_reply_7,--:--,待确认,中性,自动映射到抖音视频评论池。,8.1,false
2026-05-24,wangduoyu,抖音评论 未标注时间,00:14,同花顺(300033),,同花顺(300033) 被提及 5 次，有效评论 5 条，来源 1 个，单视频线索，情绪 中性，当前判断：保留观察。,待确认,video_id=7643289331093157553; video_url=https://www.douyin.com/video/7643289331093157553; creator=王多于-股之子; like=0; reply=0; source_type=reply; yeren_signal_id=; parent_comment_text=再升科技继续。,--:--,抖音评论,video,新的一周瑟瑟发抖啊#内容过于真实 #股民 #王多于股之子 #vlog十亿流量扶持计划,王多于-股之子,7643289331093157553,https://www.douyin.com/video/7643289331093157553,,7643290684769895205_browser_reply_8,--:--,待确认,中性,自动映射到抖音视频评论池。,8.1,false
2026-05-24,wangduoyu,抖音评论 未标注时间,说到做到，从不白听劝#内容过于真实 #股民 #基金 #王多于股之子 3689 王多于-股之子,,,,否,video_id=7643289331093157553; video_url=https://www.douyin.com/video/7643289331093157553; creator=王多于-股之子; like=0; reply=0; source_type=reply; yeren_signal_id=; parent_comment_text=再升科技继续。,--:--,抖音评论,video,新的一周瑟瑟发抖啊#内容过于真实 #股民 #王多于股之子 #vlog十亿流量扶持计划,王多于-股之子,7643289331093157553,https://www.douyin.com/video/7643289331093157553,,7643290684769895205_browser_reply_9,--:--,未纳入,中性,自动映射到抖音视频评论池。,,false
2026-05-24,wangduoyu,抖音评论 未标注时间,说到做到，从不白听劝#内容过于真实 #股民 #基金 #王多于股之子,博云新材(002297),,博云新材(002297) 被提及 5 次，有效评论 5 条，来源 1 个，单视频线索，情绪 看多，当前判断：保留观察。,待确认,video_id=7643289331093157553; video_url=https://www.douyin.com/video/7643289331093157553; creator=王多于-股之子; like=0; reply=0; source_type=reply; yeren_signal_id=; parent_comment_text=再升科技继续。,--:--,抖音评论,video,新的一周瑟瑟发抖啊#内容过于真实 #股民 #王多于股之子 #vlog十亿流量扶持计划,王多于-股之子,7643289331093157553,https://www.douyin.com/video/7643289331093157553,,7643290684769895205_browser_reply_10,--:--,待确认,看多,自动映射到抖音视频评论池。,8.1,false
2026-05-24,wangduoyu,抖音评论 未标注时间,"红酒杯 ... 再升看到多少？ 2小时前·北京 0 分享 回复 "" 依心而行红酒杯 ... 看到50 58分钟前·河南 0 分享 回复 红酒杯"" 依心而行 ... 相信您，一定能到 4分钟前·北京 0 分享 回复 展开更多 收起",博云新材(002297),,博云新材(002297) 被提及 5 次，有效评论 5 条，来源 1 个，单视频线索，情绪 看多，当前判断：保留观察。,待确认,video_id=7643289331093157553; video_url=https://www.douyin.com/video/7643289331093157553; creator=王多于-股之子; like=0; reply=0; source_type=reply; yeren_signal_id=; parent_comment_text=再升科技继续。,--:--,抖音评论,video,新的一周瑟瑟发抖啊#内容过于真实 #股民 #王多于股之子 #vlog十亿流量扶持计划,王多于-股之子,7643289331093157553,https://www.douyin.com/video/7643289331093157553,,7643290684769895205_browser_reply_11,--:--,待确认,看多,自动映射到抖音视频评论池。,8.1,false
2026-05-24,wangduoyu,抖音评论 未标注时间,红酒杯 ... 再升看到多少？ 2小时前·北京 0 分享 回复,,,,否,video_id=7643289331093157553; video_url=https://www.douyin.com/video/7643289331093157553; creator=王多于-股之子; like=0; reply=0; source_type=reply; yeren_signal_id=; parent_comment_text=再升科技继续。,--:--,抖音评论,video,新的一周瑟瑟发抖啊#内容过于真实 #股民 #王多于股之子 #vlog十亿流量扶持计划,王多于-股之子,7643289331093157553,https://www.douyin.com/video/7643289331093157553,,7643290684769895205_browser_reply_12,--:--,未纳入,中性,自动映射到抖音视频评论池。,,false
2026-05-24,wangduoyu,抖音评论 未标注时间,朋友,,,,否,video_id=7643289331093157553; video_url=https://www.douyin.com/video/7643289331093157553; creator=王多于-股之子; like=0; reply=0; source_type=reply; yeren_signal_id=; parent_comment_text=达实智能 龙头选手应该跟我审美一样 韭菜这个位置不敢买说了也没用[赞],--:--,抖音评论,video,新的一周瑟瑟发抖啊#内容过于真实 #股民 #王多于股之子 #vlog十亿流量扶持计划,王多于-股之子,7643289331093157553,https://www.douyin.com/video/7643289331093157553,,7643352148994933540_browser_reply_1,--:--,未纳入,中性,自动映射到抖音视频评论池。,,false
2026-05-24,wangduoyu,抖音评论 未标注时间,我的,,,,否,video_id=7643289331093157553; video_url=https://www.douyin.com/video/7643289331093157553; creator=王多于-股之子; like=0; reply=0; source_type=reply; yeren_signal_id=; parent_comment_text=达实智能 龙头选手应该跟我审美一样 韭菜这个位置不敢买说了也没用[赞],--:--,抖音评论,video,新的一周瑟瑟发抖啊#内容过于真实 #股民 #王多于股之子 #vlog十亿流量扶持计划,王多于-股之子,7643289331093157553,https://www.douyin.com/video/7643289331093157553,,7643352148994933540_browser_reply_2,--:--,未纳入,中性,自动映射到抖音视频评论池。,,false
2026-05-24,wangduoyu,抖音评论 未标注时间,𓄂阿远𓆃 ... 弗山系在里面 周一估计得砸 1小时前·江苏 0 分享 回复 富农 ... 锋龙 2小时前·四川 2 分享 回复 牛油果绿的柚子 ... 周五上车了 2小时前·陕西 1 分享 回复 展开更多 收起,,,,否,video_id=7643289331093157553; video_url=https://www.douyin.com/video/7643289331093157553; creator=王多于-股之子; like=0; reply=0; source_type=reply; yeren_signal_id=; parent_comment_text=达实智能 龙头选手应该跟我审美一样 韭菜这个位置不敢买说了也没用[赞],--:--,抖音评论,video,新的一周瑟瑟发抖啊#内容过于真实 #股民 #王多于股之子 #vlog十亿流量扶持计划,王多于-股之子,7643289331093157553,https://www.douyin.com/video/7643289331093157553,,7643352148994933540_browser_reply_3,--:--,未纳入,中性,自动映射到抖音视频评论池。,,false
2026-05-24,wangduoyu,抖音评论 未标注时间,𓄂阿远𓆃 ... 弗山系在里面 周一估计得砸 1小时前·江苏 0 分享 回复,,,,否,video_id=7643289331093157553; video_url=https://www.douyin.com/video/7643289331093157553; creator=王多于-股之子; like=0; reply=0; source_type=reply; yeren_signal_id=; parent_comment_text=达实智能 龙头选手应该跟我审美一样 韭菜这个位置不敢买说了也没用[赞],--:--,抖音评论,video,新的一周瑟瑟发抖啊#内容过于真实 #股民 #王多于股之子 #vlog十亿流量扶持计划,王多于-股之子,7643289331093157553,https://www.douyin.com/video/7643289331093157553,,7643352148994933540_browser_reply_4,--:--,未纳入,中性,自动映射到抖音视频评论池。,,false
2026-05-24,wangduoyu,抖音评论 未标注时间,𓄂阿远𓆃 ...,,,,否,video_id=7643289331093157553; video_url=https://www.douyin.com/video/7643289331093157553; creator=王多于-股之子; like=0; reply=0; source_type=reply; yeren_signal_id=; parent_comment_text=达实智能 龙头选手应该跟我审美一样 韭菜这个位置不敢买说了也没用[赞],--:--,抖音评论,video,新的一周瑟瑟发抖啊#内容过于真实 #股民 #王多于股之子 #vlog十亿流量扶持计划,王多于-股之子,7643289331093157553,https://www.douyin.com/video/7643289331093157553,,7643352148994933540_browser_reply_5,--:--,未纳入,中性,自动映射到抖音视频评论池。,,false
2026-05-24,wangduoyu,抖音评论 未标注时间,𓄂阿远𓆃,,,,否,video_id=7643289331093157553; video_url=https://www.douyin.com/video/7643289331093157553; creator=王多于-股之子; like=0; reply=0; source_type=reply; yeren_signal_id=; parent_comment_text=达实智能 龙头选手应该跟我审美一样 韭菜这个位置不敢买说了也没用[赞],--:--,抖音评论,video,新的一周瑟瑟发抖啊#内容过于真实 #股民 #王多于股之子 #vlog十亿流量扶持计划,王多于-股之子,7643289331093157553,https://www.douyin.com/video/7643289331093157553,,7643352148994933540_browser_reply_6,--:--,未纳入,中性,自动映射到抖音视频评论池。,,false
2026-05-24,wangduoyu,抖音评论 未标注时间,弗山系在里面 周一估计得砸,,,,否,video_id=7643289331093157553; video_url=https://www.douyin.com/video/7643289331093157553; creator=王多于-股之子; like=0; reply=0; source_type=reply; yeren_signal_id=; parent_comment_text=达实智能 龙头选手应该跟我审美一样 韭菜这个位置不敢买说了也没用[赞],--:--,抖音评论,video,新的一周瑟瑟发抖啊#内容过于真实 #股民 #王多于股之子 #vlog十亿流量扶持计划,王多于-股之子,7643289331093157553,https://www.douyin.com/video/7643289331093157553,,7643352148994933540_browser_reply_7,--:--,未纳入,中性,自动映射到抖音视频评论池。,,false
2026-05-24,wangduoyu,抖音评论 未标注时间,直播,,,,否,video_id=7643289331093157553; video_url=https://www.douyin.com/video/7643289331093157553; creator=王多于-股之子; like=0; reply=0; source_type=reply; yeren_signal_id=; parent_comment_text=达实智能 龙头选手应该跟我审美一样 韭菜这个位置不敢买说了也没用[赞],--:--,抖音评论,video,新的一周瑟瑟发抖啊#内容过于真实 #股民 #王多于股之子 #vlog十亿流量扶持计划,王多于-股之子,7643289331093157553,https://www.douyin.com/video/7643289331093157553,,7643352148994933540_browser_reply_8,--:--,未纳入,中性,自动映射到抖音视频评论池。,,false
2026-05-24,wangduoyu,抖音评论 未标注时间,放映厅,,,,否,video_id=7643289331093157553; video_url=https://www.douyin.com/video/7643289331093157553; creator=王多于-股之子; like=0; reply=0; source_type=reply; yeren_signal_id=; parent_comment_text=达实智能 龙头选手应该跟我审美一样 韭菜这个位置不敢买说了也没用[赞],--:--,抖音评论,video,新的一周瑟瑟发抖啊#内容过于真实 #股民 #王多于股之子 #vlog十亿流量扶持计划,王多于-股之子,7643289331093157553,https://www.douyin.com/video/7643289331093157553,,7643352148994933540_browser_reply_9,--:--,未纳入,中性,自动映射到抖音视频评论池。,,false
2026-05-24,wangduoyu,抖音评论 未标注时间,富农 ... 锋龙 2小时前·四川 2 分享 回复,,,,否,video_id=7643289331093157553; video_url=https://www.douyin.com/video/7643289331093157553; creator=王多于-股之子; like=0; reply=0; source_type=reply; yeren_signal_id=; parent_comment_text=达实智能 龙头选手应该跟我审美一样 韭菜这个位置不敢买说了也没用[赞],--:--,抖音评论,video,新的一周瑟瑟发抖啊#内容过于真实 #股民 #王多于股之子 #vlog十亿流量扶持计划,王多于-股之子,7643289331093157553,https://www.douyin.com/video/7643289331093157553,,7643352148994933540_browser_reply_10,--:--,未纳入,中性,自动映射到抖音视频评论池。,,false
2026-05-24,wangduoyu,抖音评论 未标注时间,富农 ...,,,,否,video_id=7643289331093157553; video_url=https://www.douyin.com/video/7643289331093157553; creator=王多于-股之子; like=0; reply=0; source_type=reply; yeren_signal_id=; parent_comment_text=达实智能 龙头选手应该跟我审美一样 韭菜这个位置不敢买说了也没用[赞],--:--,抖音评论,video,新的一周瑟瑟发抖啊#内容过于真实 #股民 #王多于股之子 #vlog十亿流量扶持计划,王多于-股之子,7643289331093157553,https://www.douyin.com/video/7643289331093157553,,7643352148994933540_browser_reply_11,--:--,未纳入,中性,自动映射到抖音视频评论池。,,false
2026-05-24,wangduoyu,抖音评论 未标注时间,富农,,,,否,video_id=7643289331093157553; video_url=https://www.douyin.com/video/7643289331093157553; creator=王多于-股之子; like=0; reply=0; source_type=reply; yeren_signal_id=; parent_comment_text=达实智能 龙头选手应该跟我审美一样 韭菜这个位置不敢买说了也没用[赞],--:--,抖音评论,video,新的一周瑟瑟发抖啊#内容过于真实 #股民 #王多于股之子 #vlog十亿流量扶持计划,王多于-股之子,7643289331093157553,https://www.douyin.com/video/7643289331093157553,,7643352148994933540_browser_reply_12,--:--,未纳入,中性,自动映射到抖音视频评论池。,,false
2026-05-24,wangduoyu,抖音评论 未标注时间,朋友,,,,否,video_id=7643289331093157553; video_url=https://www.douyin.com/video/7643289331093157553; creator=王多于-股之子; like=0; reply=0; source_type=reply; yeren_signal_id=; parent_comment_text=精达股份不是一字开盘就进,--:--,抖音评论,video,新的一周瑟瑟发抖啊#内容过于真实 #股民 #王多于股之子 #vlog十亿流量扶持计划,王多于-股之子,7643289331093157553,https://www.douyin.com/video/7643289331093157553,,7643304341093532426_browser_reply_1,--:--,未纳入,中性,自动映射到抖音视频评论池。,,false
2026-05-24,wangduoyu,抖音评论 未标注时间,我的,,,,否,video_id=7643289331093157553; video_url=https://www.douyin.com/video/7643289331093157553; creator=王多于-股之子; like=0; reply=0; source_type=reply; yeren_signal_id=; parent_comment_text=精达股份不是一字开盘就进,--:--,抖音评论,video,新的一周瑟瑟发抖啊#内容过于真实 #股民 #王多于股之子 #vlog十亿流量扶持计划,王多于-股之子,7643289331093157553,https://www.douyin.com/video/7643289331093157553,,7643304341093532426_browser_reply_2,--:--,未纳入,中性,自动映射到抖音视频评论池。,,false
2026-05-24,wangduoyu,抖音评论 未标注时间,蜡笔小鸡,,,,否,video_id=7643289331093157553; video_url=https://www.douyin.com/video/7643289331093157553; creator=王多于-股之子; like=0; reply=0; source_type=reply; yeren_signal_id=; parent_comment_text=精达股份不是一字开盘就进,--:--,抖音评论,video,新的一周瑟瑟发抖啊#内容过于真实 #股民 #王多于股之子 #vlog十亿流量扶持计划,王多于-股之子,7643289331093157553,https://www.douyin.com/video/7643289331093157553,,7643304341093532426_browser_reply_3,--:--,未纳入,中性,自动映射到抖音视频评论池。,,false
2026-05-24,wangduoyu,抖音评论 未标注时间,01:07,,,,否,video_id=7643289331093157553; video_url=https://www.douyin.com/video/7643289331093157553; creator=王多于-股之子; like=0; reply=0; source_type=reply; yeren_signal_id=; parent_comment_text=精达股份不是一字开盘就进,--:--,抖音评论,video,新的一周瑟瑟发抖啊#内容过于真实 #股民 #王多于股之子 #vlog十亿流量扶持计划,王多于-股之子,7643289331093157553,https://www.douyin.com/video/7643289331093157553,,7643304341093532426_browser_reply_4,--:--,未纳入,中性,自动映射到抖音视频评论池。,,false
2026-05-24,wangduoyu,抖音评论 未标注时间,00:20 又画上了#内容过于真实 #股民 #基金 #原油 3960 王多于-股之子,,,,否,video_id=7643289331093157553; video_url=https://www.douyin.com/video/7643289331093157553; creator=王多于-股之子; like=0; reply=0; source_type=reply; yeren_signal_id=; parent_comment_text=精达股份不是一字开盘就进,--:--,抖音评论,video,新的一周瑟瑟发抖啊#内容过于真实 #股民 #王多于股之子 #vlog十亿流量扶持计划,王多于-股之子,7643289331093157553,https://www.douyin.com/video/7643289331093157553,,7643304341093532426_browser_reply_5,--:--,未纳入,中性,自动映射到抖音视频评论池。,,false
2026-05-24,wangduoyu,抖音评论 未标注时间,00:20,,,,否,video_id=7643289331093157553; video_url=https://www.douyin.com/video/7643289331093157553; creator=王多于-股之子; like=0; reply=0; source_type=reply; yeren_signal_id=; parent_comment_text=精达股份不是一字开盘就进,--:--,抖音评论,video,新的一周瑟瑟发抖啊#内容过于真实 #股民 #王多于股之子 #vlog十亿流量扶持计划,王多于-股之子,7643289331093157553,https://www.douyin.com/video/7643289331093157553,,7643304341093532426_browser_reply_6,--:--,未纳入,中性,自动映射到抖音视频评论池。,,false
2026-05-24,wangduoyu,抖音评论 未标注时间,又画上了#内容过于真实 #股民 #基金 #原油 3960 王多于-股之子,,,,否,video_id=7643289331093157553; video_url=https://www.douyin.com/video/7643289331093157553; creator=王多于-股之子; like=0; reply=0; source_type=reply; yeren_signal_id=; parent_comment_text=精达股份不是一字开盘就进,--:--,抖音评论,video,新的一周瑟瑟发抖啊#内容过于真实 #股民 #王多于股之子 #vlog十亿流量扶持计划,王多于-股之子,7643289331093157553,https://www.douyin.com/video/7643289331093157553,,7643304341093532426_browser_reply_7,--:--,未纳入,中性,自动映射到抖音视频评论池。,,false
2026-05-24,wangduoyu,抖音评论 未标注时间,又画上了#内容过于真实 #股民 #基金 #原油,,,,否,video_id=7643289331093157553; video_url=https://www.douyin.com/video/7643289331093157553; creator=王多于-股之子; like=0; reply=0; source_type=reply; yeren_signal_id=; parent_comment_text=精达股份不是一字开盘就进,--:--,抖音评论,video,新的一周瑟瑟发抖啊#内容过于真实 #股民 #王多于股之子 #vlog十亿流量扶持计划,王多于-股之子,7643289331093157553,https://www.douyin.com/video/7643289331093157553,,7643304341093532426_browser_reply_8,--:--,未纳入,中性,自动映射到抖音视频评论池。,,false
2026-05-24,wangduoyu,抖音评论 未标注时间,直播,,,,否,video_id=7643289331093157553; video_url=https://www.douyin.com/video/7643289331093157553; creator=王多于-股之子; like=0; reply=0; source_type=reply; yeren_signal_id=; parent_comment_text=精达股份不是一字开盘就进,--:--,抖音评论,video,新的一周瑟瑟发抖啊#内容过于真实 #股民 #王多于股之子 #vlog十亿流量扶持计划,王多于-股之子,7643289331093157553,https://www.douyin.com/video/7643289331093157553,,7643304341093532426_browser_reply_9,--:--,未纳入,中性,自动映射到抖音视频评论池。,,false
2026-05-24,wangduoyu,抖音评论 未标注时间,北单 北京店 ... 吉林碳谷，碳纤维原丝龙头，航天航空，风电，对碳纤维需求放量，一个龙头股市值100亿，有足够的翻倍空间 5小时前·北京 33 分享 回复 王多于-股之子 作者 ... 插眼 4小时前·四川 7 分享 回复 展开15条回复,,,,否,video_id=7643289331093157553; video_url=https://www.douyin.com/video/7643289331093157553; creator=王多于-股之子; like=0; reply=0; source_type=reply; yeren_signal_id=; parent_comment_text=精达股份不是一字开盘就进,--:--,抖音评论,video,新的一周瑟瑟发抖啊#内容过于真实 #股民 #王多于股之子 #vlog十亿流量扶持计划,王多于-股之子,7643289331093157553,https://www.douyin.com/video/7643289331093157553,,7643304341093532426_browser_reply_10,--:--,未纳入,中性,自动映射到抖音视频评论池。,,false
2026-05-24,wangduoyu,抖音评论 未标注时间,北单 北京店 ... 吉林碳谷，碳纤维原丝龙头，航天航空，风电，对碳纤维需求放量，一个龙头股市值100亿，有足够的翻倍空间 5小时前·北京 33 分享 回复,,,,否,video_id=7643289331093157553; video_url=https://www.douyin.com/video/7643289331093157553; creator=王多于-股之子; like=0; reply=0; source_type=reply; yeren_signal_id=; parent_comment_text=精达股份不是一字开盘就进,--:--,抖音评论,video,新的一周瑟瑟发抖啊#内容过于真实 #股民 #王多于股之子 #vlog十亿流量扶持计划,王多于-股之子,7643289331093157553,https://www.douyin.com/video/7643289331093157553,,7643304341093532426_browser_reply_11,--:--,未纳入,中性,自动映射到抖音视频评论池。,,false
2026-05-24,wangduoyu,抖音评论 未标注时间,北单 北京店 ...,,,,否,video_id=7643289331093157553; video_url=https://www.douyin.com/video/7643289331093157553; creator=王多于-股之子; like=0; reply=0; source_type=reply; yeren_signal_id=; parent_comment_text=精达股份不是一字开盘就进,--:--,抖音评论,video,新的一周瑟瑟发抖啊#内容过于真实 #股民 #王多于股之子 #vlog十亿流量扶持计划,王多于-股之子,7643289331093157553,https://www.douyin.com/video/7643289331093157553,,7643304341093532426_browser_reply_12,--:--,未纳入,中性,自动映射到抖音视频评论池。,,false
2026-05-24,wangduoyu,抖音评论 未标注时间,朋友,,,,否,video_id=7643289331093157553; video_url=https://www.douyin.com/video/7643289331093157553; creator=王多于-股之子; like=0; reply=0; source_type=reply; yeren_signal_id=; parent_comment_text=青龙管业，挂 14.3,--:--,抖音评论,video,新的一周瑟瑟发抖啊#内容过于真实 #股民 #王多于股之子 #vlog十亿流量扶持计划,王多于-股之子,7643289331093157553,https://www.douyin.com/video/7643289331093157553,,7643355181635830577_browser_reply_1,--:--,未纳入,中性,自动映射到抖音视频评论池。,,false
2026-05-24,wangduoyu,抖音评论 未标注时间,我的,,,,否,video_id=7643289331093157553; video_url=https://www.douyin.com/video/7643289331093157553; creator=王多于-股之子; like=0; reply=0; source_type=reply; yeren_signal_id=; parent_comment_text=青龙管业，挂 14.3,--:--,抖音评论,video,新的一周瑟瑟发抖啊#内容过于真实 #股民 #王多于股之子 #vlog十亿流量扶持计划,王多于-股之子,7643289331093157553,https://www.douyin.com/video/7643289331093157553,,7643355181635830577_browser_reply_2,--:--,未纳入,中性,自动映射到抖音视频评论池。,,false
2026-05-24,wangduoyu,抖音评论 未标注时间,6903 闲闲（小号）,,,,否,video_id=7643289331093157553; video_url=https://www.douyin.com/video/7643289331093157553; creator=王多于-股之子; like=0; reply=0; source_type=reply; yeren_signal_id=; parent_comment_text=青龙管业，挂 14.3,--:--,抖音评论,video,新的一周瑟瑟发抖啊#内容过于真实 #股民 #王多于股之子 #vlog十亿流量扶持计划,王多于-股之子,7643289331093157553,https://www.douyin.com/video/7643289331093157553,,7643355181635830577_browser_reply_3,--:--,未纳入,中性,自动映射到抖音视频评论池。,,false
2026-05-24,wangduoyu,抖音评论 未标注时间,闲闲（小号）,,,,否,video_id=7643289331093157553; video_url=https://www.douyin.com/video/7643289331093157553; creator=王多于-股之子; like=0; reply=0; source_type=reply; yeren_signal_id=; parent_comment_text=青龙管业，挂 14.3,--:--,抖音评论,video,新的一周瑟瑟发抖啊#内容过于真实 #股民 #王多于股之子 #vlog十亿流量扶持计划,王多于-股之子,7643289331093157553,https://www.douyin.com/video/7643289331093157553,,7643355181635830577_browser_reply_4,--:--,未纳入,中性,自动映射到抖音视频评论池。,,false
2026-05-24,wangduoyu,抖音评论 未标注时间,00:07,,,,否,video_id=7643289331093157553; video_url=https://www.douyin.com/video/7643289331093157553; creator=王多于-股之子; like=0; reply=0; source_type=reply; yeren_signal_id=; parent_comment_text=青龙管业，挂 14.3,--:--,抖音评论,video,新的一周瑟瑟发抖啊#内容过于真实 #股民 #王多于股之子 #vlog十亿流量扶持计划,王多于-股之子,7643289331093157553,https://www.douyin.com/video/7643289331093157553,,7643355181635830577_browser_reply_5,--:--,未纳入,中性,自动映射到抖音视频评论池。,,false
2026-05-24,wangduoyu,抖音评论 未标注时间,00:15 每日一开眼#内容过于真实 #股民 #基金 #王多于股之子 #vlog十亿流量扶持计划 5012 王多于-股之子,,,,否,video_id=7643289331093157553; video_url=https://www.douyin.com/video/7643289331093157553; creator=王多于-股之子; like=0; reply=0; source_type=reply; yeren_signal_id=; parent_comment_text=青龙管业，挂 14.3,--:--,抖音评论,video,新的一周瑟瑟发抖啊#内容过于真实 #股民 #王多于股之子 #vlog十亿流量扶持计划,王多于-股之子,7643289331093157553,https://www.douyin.com/video/7643289331093157553,,7643355181635830577_browser_reply_6,--:--,未纳入,中性,自动映射到抖音视频评论池。,,false
2026-05-24,wangduoyu,抖音评论 未标注时间,00:15,,,,否,video_id=7643289331093157553; video_url=https://www.douyin.com/video/7643289331093157553; creator=王多于-股之子; like=0; reply=0; source_type=reply; yeren_signal_id=; parent_comment_text=青龙管业，挂 14.3,--:--,抖音评论,video,新的一周瑟瑟发抖啊#内容过于真实 #股民 #王多于股之子 #vlog十亿流量扶持计划,王多于-股之子,7643289331093157553,https://www.douyin.com/video/7643289331093157553,,7643355181635830577_browser_reply_7,--:--,未纳入,中性,自动映射到抖音视频评论池。,,false
2026-05-24,wangduoyu,抖音评论 未标注时间,每日一开眼#内容过于真实 #股民 #基金 #王多于股之子 #vlog十亿流量扶持计划 5012 王多于-股之子,,,,否,video_id=7643289331093157553; video_url=https://www.douyin.com/video/7643289331093157553; creator=王多于-股之子; like=0; reply=0; source_type=reply; yeren_signal_id=; parent_comment_text=青龙管业，挂 14.3,--:--,抖音评论,video,新的一周瑟瑟发抖啊#内容过于真实 #股民 #王多于股之子 #vlog十亿流量扶持计划,王多于-股之子,7643289331093157553,https://www.douyin.com/video/7643289331093157553,,7643355181635830577_browser_reply_8,--:--,未纳入,中性,自动映射到抖音视频评论池。,,false
2026-05-24,wangduoyu,抖音评论 未标注时间,每日一开眼#内容过于真实 #股民 #基金 #王多于股之子 #vlog十亿流量扶持计划,,,,否,video_id=7643289331093157553; video_url=https://www.douyin.com/video/7643289331093157553; creator=王多于-股之子; like=0; reply=0; source_type=reply; yeren_signal_id=; parent_comment_text=青龙管业，挂 14.3,--:--,抖音评论,video,新的一周瑟瑟发抖啊#内容过于真实 #股民 #王多于股之子 #vlog十亿流量扶持计划,王多于-股之子,7643289331093157553,https://www.douyin.com/video/7643289331093157553,,7643355181635830577_browser_reply_9,--:--,未纳入,中性,自动映射到抖音视频评论池。,,false
2026-05-24,wangduoyu,抖音评论 未标注时间,直播,,,,否,video_id=7643289331093157553; video_url=https://www.douyin.com/video/7643289331093157553; creator=王多于-股之子; like=0; reply=0; source_type=reply; yeren_signal_id=; parent_comment_text=青龙管业，挂 14.3,--:--,抖音评论,video,新的一周瑟瑟发抖啊#内容过于真实 #股民 #王多于股之子 #vlog十亿流量扶持计划,王多于-股之子,7643289331093157553,https://www.douyin.com/video/7643289331093157553,,7643355181635830577_browser_reply_10,--:--,未纳入,中性,自动映射到抖音视频评论池。,,false
2026-05-24,wangduoyu,抖音评论 未标注时间,""" 依心而行 ... 再升科技继续。 6小时前·河南 7 分享 回复 展开11条回复",再升科技(603601),,再升科技(603601) 被提及 7 次，有效评论 7 条，来源 1 个，单视频线索，情绪 中性，当前判断：已进入推荐候选。,是,video_id=7643289331093157553; video_url=https://www.douyin.com/video/7643289331093157553; creator=王多于-股之子; like=0; reply=0; source_type=reply; yeren_signal_id=; parent_comment_text=青龙管业，挂 14.3,--:--,抖音评论,video,新的一周瑟瑟发抖啊#内容过于真实 #股民 #王多于股之子 #vlog十亿流量扶持计划,王多于-股之子,7643289331093157553,https://www.douyin.com/video/7643289331093157553,,7643355181635830577_browser_reply_11,--:--,已纳入,中性,自动映射到抖音视频评论池。,9.6,true
2026-05-24,wangduoyu,抖音评论 未标注时间,""" 依心而行 ... 再升科技继续。 6小时前·河南 7 分享 回复",,,,否,video_id=7643289331093157553; video_url=https://www.douyin.com/video/7643289331093157553; creator=王多于-股之子; like=0; reply=0; source_type=reply; yeren_signal_id=; parent_comment_text=青龙管业，挂 14.3,--:--,抖音评论,video,新的一周瑟瑟发抖啊#内容过于真实 #股民 #王多于股之子 #vlog十亿流量扶持计划,王多于-股之子,7643289331093157553,https://www.douyin.com/video/7643289331093157553,,7643355181635830577_browser_reply_12,--:--,未纳入,中性,自动映射到抖音视频评论池。,,false
2026-05-24,wangduoyu,抖音评论 未标注时间,朋友,,,,否,video_id=7643289331093157553; video_url=https://www.douyin.com/video/7643289331093157553; creator=王多于-股之子; like=0; reply=0; source_type=reply; yeren_signal_id=; parent_comment_text=再升科技继续。,--:--,抖音评论,video,新的一周瑟瑟发抖啊#内容过于真实 #股民 #王多于股之子 #vlog十亿流量扶持计划,王多于-股之子,7643289331093157553,https://www.douyin.com/video/7643289331093157553,,7643290684769895205_browser_reply_1,--:--,未纳入,中性,自动映射到抖音视频评论池。,,false
2026-05-24,wangduoyu,抖音评论 未标注时间,王多于-股之子,,,,否,video_id=7643289331093157553; video_url=https://www.douyin.com/video/7643289331093157553; creator=王多于-股之子; like=0; reply=0; source_type=reply; yeren_signal_id=; parent_comment_text=再升科技继续。,--:--,抖音评论,video,新的一周瑟瑟发抖啊#内容过于真实 #股民 #王多于股之子 #vlog十亿流量扶持计划,王多于-股之子,7643289331093157553,https://www.douyin.com/video/7643289331093157553,,7643290684769895205_browser_reply_2,--:--,未纳入,中性,自动映射到抖音视频评论池。,,false
2026-05-24,wangduoyu,抖音评论 未标注时间,00:15,,,,否,video_id=7643289331093157553; video_url=https://www.douyin.com/video/7643289331093157553; creator=王多于-股之子; like=0; reply=0; source_type=reply; yeren_signal_id=; parent_comment_text=再升科技继续。,--:--,抖音评论,video,新的一周瑟瑟发抖啊#内容过于真实 #股民 #王多于股之子 #vlog十亿流量扶持计划,王多于-股之子,7643289331093157553,https://www.douyin.com/video/7643289331093157553,,7643290684769895205_browser_reply_3,--:--,未纳入,中性,自动映射到抖音视频评论池。,,false
2026-05-24,wangduoyu,抖音评论 未标注时间,我的,,,,否,video_id=7643289331093157553; video_url=https://www.douyin.com/video/7643289331093157553; creator=王多于-股之子; like=0; reply=0; source_type=reply; yeren_signal_id=; parent_comment_text=再升科技继续。,--:--,抖音评论,video,新的一周瑟瑟发抖啊#内容过于真实 #股民 #王多于股之子 #vlog十亿流量扶持计划,王多于-股之子,7643289331093157553,https://www.douyin.com/video/7643289331093157553,,7643290684769895205_browser_reply_4,--:--,未纳入,中性,自动映射到抖音视频评论池。,,false
2026-05-24,wangduoyu,抖音评论 未标注时间,00:16 中国青年 燃起来了#主打就是一个真实 #深夜talk #同花顺 #股票 #交易 386 书遥Trade,,,,否,video_id=7643289331093157553; video_url=https://www.douyin.com/video/7643289331093157553; creator=王多于-股之子; like=0; reply=0; source_type=reply; yeren_signal_id=; parent_comment_text=再升科技继续。,--:--,抖音评论,video,新的一周瑟瑟发抖啊#内容过于真实 #股民 #王多于股之子 #vlog十亿流量扶持计划,王多于-股之子,7643289331093157553,https://www.douyin.com/video/7643289331093157553,,7643290684769895205_browser_reply_5,--:--,未纳入,中性,自动映射到抖音视频评论池。,,false
2026-05-24,wangduoyu,抖音评论 未标注时间,00:16,,,,否,video_id=7643289331093157553; video_url=https://www.douyin.com/video/7643289331093157553; creator=王多于-股之子; like=0; reply=0; source_type=reply; yeren_signal_id=; parent_comment_text=再升科技继续。,--:--,抖音评论,video,新的一周瑟瑟发抖啊#内容过于真实 #股民 #王多于股之子 #vlog十亿流量扶持计划,王多于-股之子,7643289331093157553,https://www.douyin.com/video/7643289331093157553,,7643290684769895205_browser_reply_6,--:--,未纳入,中性,自动映射到抖音视频评论池。,,false
2026-05-24,wangduoyu,抖音评论 未标注时间,中国青年 燃起来了#主打就是一个真实 #深夜talk #同花顺 #股票 #交易 386 书遥Trade,同花顺(300033),,同花顺(300033) 被提及 5 次，有效评论 5 条，来源 1 个，单视频线索，情绪 中性，当前判断：保留观察。,待确认,video_id=7643289331093157553; video_url=https://www.douyin.com/video/7643289331093157553; creator=王多于-股之子; like=0; reply=0; source_type=reply; yeren_signal_id=; parent_comment_text=再升科技继续。,--:--,抖音评论,video,新的一周瑟瑟发抖啊#内容过于真实 #股民 #王多于股之子 #vlog十亿流量扶持计划,王多于-股之子,7643289331093157553,https://www.douyin.com/video/7643289331093157553,,7643290684769895205_browser_reply_7,--:--,待确认,中性,自动映射到抖音视频评论池。,8.1,false
2026-05-24,wangduoyu,抖音评论 未标注时间,中国青年 燃起来了#主打就是一个真实 #深夜talk #同花顺 #股票 #交易,同花顺(300033),,同花顺(300033) 被提及 5 次，有效评论 5 条，来源 1 个，单视频线索，情绪 中性，当前判断：保留观察。,待确认,video_id=7643289331093157553; video_url=https://www.douyin.com/video/7643289331093157553; creator=王多于-股之子; like=0; reply=0; source_type=reply; yeren_signal_id=; parent_comment_text=再升科技继续。,--:--,抖音评论,video,新的一周瑟瑟发抖啊#内容过于真实 #股民 #王多于股之子 #vlog十亿流量扶持计划,王多于-股之子,7643289331093157553,https://www.douyin.com/video/7643289331093157553,,7643290684769895205_browser_reply_8,--:--,待确认,中性,自动映射到抖音视频评论池。,8.1,false
2026-05-24,wangduoyu,抖音评论 未标注时间,直播,,,,否,video_id=7643289331093157553; video_url=https://www.douyin.com/video/7643289331093157553; creator=王多于-股之子; like=0; reply=0; source_type=reply; yeren_signal_id=; parent_comment_text=再升科技继续。,--:--,抖音评论,video,新的一周瑟瑟发抖啊#内容过于真实 #股民 #王多于股之子 #vlog十亿流量扶持计划,王多于-股之子,7643289331093157553,https://www.douyin.com/video/7643289331093157553,,7643290684769895205_browser_reply_9,--:--,未纳入,中性,自动映射到抖音视频评论池。,,false
2026-05-24,wangduoyu,抖音评论 未标注时间,叶子的回忆 ... 博云新材，周五2个点多25.35左右买入的 4小时前·福建 3 分享 回复 展开7条回复,博云新材(002297),,博云新材(002297) 被提及 5 次，有效评论 5 条，来源 1 个，单视频线索，情绪 看多，当前判断：保留观察。,待确认,video_id=7643289331093157553; video_url=https://www.douyin.com/video/7643289331093157553; creator=王多于-股之子; like=0; reply=0; source_type=reply; yeren_signal_id=; parent_comment_text=再升科技继续。,--:--,抖音评论,video,新的一周瑟瑟发抖啊#内容过于真实 #股民 #王多于股之子 #vlog十亿流量扶持计划,王多于-股之子,7643289331093157553,https://www.douyin.com/video/7643289331093157553,,7643290684769895205_browser_reply_10,--:--,待确认,看多,自动映射到抖音视频评论池。,8.1,false
2026-05-24,wangduoyu,抖音评论 未标注时间,叶子的回忆 ... 博云新材，周五2个点多25.35左右买入的 4小时前·福建 3 分享 回复,博云新材(002297),,博云新材(002297) 被提及 5 次，有效评论 5 条，来源 1 个，单视频线索，情绪 看多，当前判断：保留观察。,待确认,video_id=7643289331093157553; video_url=https://www.douyin.com/video/7643289331093157553; creator=王多于-股之子; like=0; reply=0; source_type=reply; yeren_signal_id=; parent_comment_text=再升科技继续。,--:--,抖音评论,video,新的一周瑟瑟发抖啊#内容过于真实 #股民 #王多于股之子 #vlog十亿流量扶持计划,王多于-股之子,7643289331093157553,https://www.douyin.com/video/7643289331093157553,,7643290684769895205_browser_reply_11,--:--,待确认,看多,自动映射到抖音视频评论池。,8.1,false
2026-05-24,wangduoyu,抖音评论 未标注时间,叶子的回忆 ...,,,,否,video_id=7643289331093157553; video_url=https://www.douyin.com/video/7643289331093157553; creator=王多于-股之子; like=0; reply=0; source_type=reply; yeren_signal_id=; parent_comment_text=再升科技继续。,--:--,抖音评论,video,新的一周瑟瑟发抖啊#内容过于真实 #股民 #王多于股之子 #vlog十亿流量扶持计划,王多于-股之子,7643289331093157553,https://www.douyin.com/video/7643289331093157553,,7643290684769895205_browser_reply_12,--:--,未纳入,中性,自动映射到抖音视频评论池。,,false
2026-05-24,wangduoyu,抖音评论 未标注时间,朋友,,,,否,video_id=7643289331093157553; video_url=https://www.douyin.com/video/7643289331093157553; creator=王多于-股之子; like=0; reply=0; source_type=reply; yeren_signal_id=; parent_comment_text=青龙管业 我要特产,--:--,抖音评论,video,新的一周瑟瑟发抖啊#内容过于真实 #股民 #王多于股之子 #vlog十亿流量扶持计划,王多于-股之子,7643289331093157553,https://www.douyin.com/video/7643289331093157553,,7643322684054553381_browser_reply_1,--:--,未纳入,中性,自动映射到抖音视频评论池。,,false
2026-05-24,wangduoyu,抖音评论 未标注时间,我的,,,,否,video_id=7643289331093157553; video_url=https://www.douyin.com/video/7643289331093157553; creator=王多于-股之子; like=0; reply=0; source_type=reply; yeren_signal_id=; parent_comment_text=青龙管业 我要特产,--:--,抖音评论,video,新的一周瑟瑟发抖啊#内容过于真实 #股民 #王多于股之子 #vlog十亿流量扶持计划,王多于-股之子,7643289331093157553,https://www.douyin.com/video/7643289331093157553,,7643322684054553381_browser_reply_2,--:--,未纳入,中性,自动映射到抖音视频评论池。,,false
2026-05-24,wangduoyu,抖音评论 未标注时间,5583 5566的白日梦（已清仓）,,,,否,video_id=7643289331093157553; video_url=https://www.douyin.com/video/7643289331093157553; creator=王多于-股之子; like=0; reply=0; source_type=reply; yeren_signal_id=; parent_comment_text=青龙管业 我要特产,--:--,抖音评论,video,新的一周瑟瑟发抖啊#内容过于真实 #股民 #王多于股之子 #vlog十亿流量扶持计划,王多于-股之子,7643289331093157553,https://www.douyin.com/video/7643289331093157553,,7643322684054553381_browser_reply_3,--:--,未纳入,中性,自动映射到抖音视频评论池。,,false
2026-05-24,wangduoyu,抖音评论 未标注时间,5566的白日梦（已清仓）,,,,否,video_id=7643289331093157553; video_url=https://www.douyin.com/video/7643289331093157553; creator=王多于-股之子; like=0; reply=0; source_type=reply; yeren_signal_id=; parent_comment_text=青龙管业 我要特产,--:--,抖音评论,video,新的一周瑟瑟发抖啊#内容过于真实 #股民 #王多于股之子 #vlog十亿流量扶持计划,王多于-股之子,7643289331093157553,https://www.douyin.com/video/7643289331093157553,,7643322684054553381_browser_reply_4,--:--,未纳入,中性,自动映射到抖音视频评论池。,,false
2026-05-24,wangduoyu,抖音评论 未标注时间,01:20,,,,否,video_id=7643289331093157553; video_url=https://www.douyin.com/video/7643289331093157553; creator=王多于-股之子; like=0; reply=0; source_type=reply; yeren_signal_id=; parent_comment_text=青龙管业 我要特产,--:--,抖音评论,video,新的一周瑟瑟发抖啊#内容过于真实 #股民 #王多于股之子 #vlog十亿流量扶持计划,王多于-股之子,7643289331093157553,https://www.douyin.com/video/7643289331093157553,,7643322684054553381_browser_reply_5,--:--,未纳入,中性,自动映射到抖音视频评论池。,,false
2026-05-24,wangduoyu,抖音评论 未标注时间,另：近期收到的私信较多，实在抱歉，确实没有足够精力一一回复,,,,否,video_id=7643289331093157553; video_url=https://www.douyin.com/video/7643289331093157553; creator=王多于-股之子; like=0; reply=0; source_type=reply; yeren_signal_id=; parent_comment_text=青龙管业 我要特产,--:--,抖音评论,video,新的一周瑟瑟发抖啊#内容过于真实 #股民 #王多于股之子 #vlog十亿流量扶持计划,王多于-股之子,7643289331093157553,https://www.douyin.com/video/7643289331093157553,,7643322684054553381_browser_reply_6,--:--,未纳入,中性,自动映射到抖音视频评论池。,,false
2026-05-24,wangduoyu,抖音评论 未标注时间,00:30 我祝你们未来可期、八方来财、跨越阶级 #股票 #股民 #大a #实盘记录 #上热门 1.5万 反者道之动（阿东）,,,,否,video_id=7643289331093157553; video_url=https://www.douyin.com/video/7643289331093157553; creator=王多于-股之子; like=0; reply=0; source_type=reply; yeren_signal_id=; parent_comment_text=青龙管业 我要特产,--:--,抖音评论,video,新的一周瑟瑟发抖啊#内容过于真实 #股民 #王多于股之子 #vlog十亿流量扶持计划,王多于-股之子,7643289331093157553,https://www.douyin.com/video/7643289331093157553,,7643322684054553381_browser_reply_7,--:--,未纳入,中性,自动映射到抖音视频评论池。,,false
2026-05-24,wangduoyu,抖音评论 未标注时间,00:30,,,,否,video_id=7643289331093157553; video_url=https://www.douyin.com/video/7643289331093157553; creator=王多于-股之子; like=0; reply=0; source_type=reply; yeren_signal_id=; parent_comment_text=青龙管业 我要特产,--:--,抖音评论,video,新的一周瑟瑟发抖啊#内容过于真实 #股民 #王多于股之子 #vlog十亿流量扶持计划,王多于-股之子,7643289331093157553,https://www.douyin.com/video/7643289331093157553,,7643322684054553381_browser_reply_8,--:--,未纳入,中性,自动映射到抖音视频评论池。,,false
2026-05-24,wangduoyu,抖音评论 未标注时间,我祝你们未来可期、八方来财、跨越阶级 #股票 #股民 #大a #实盘记录 #上热门 1.5万 反者道之动（阿东）,,,,否,video_id=7643289331093157553; video_url=https://www.douyin.com/video/7643289331093157553; creator=王多于-股之子; like=0; reply=0; source_type=reply; yeren_signal_id=; parent_comment_text=青龙管业 我要特产,--:--,抖音评论,video,新的一周瑟瑟发抖啊#内容过于真实 #股民 #王多于股之子 #vlog十亿流量扶持计划,王多于-股之子,7643289331093157553,https://www.douyin.com/video/7643289331093157553,,7643322684054553381_browser_reply_9,--:--,未纳入,中性,自动映射到抖音视频评论池。,,false
2026-05-24,wangduoyu,抖音评论 未标注时间,我祝你们未来可期、八方来财、跨越阶级 #股票 #股民 #大a #实盘记录 #上热门,,,,否,video_id=7643289331093157553; video_url=https://www.douyin.com/video/7643289331093157553; creator=王多于-股之子; like=0; reply=0; source_type=reply; yeren_signal_id=; parent_comment_text=青龙管业 我要特产,--:--,抖音评论,video,新的一周瑟瑟发抖啊#内容过于真实 #股民 #王多于股之子 #vlog十亿流量扶持计划,王多于-股之子,7643289331093157553,https://www.douyin.com/video/7643289331093157553,,7643322684054553381_browser_reply_10,--:--,未纳入,中性,自动映射到抖音视频评论池。,,false
2026-05-24,wangduoyu,抖音评论 未标注时间,直播,,,,否,video_id=7643289331093157553; video_url=https://www.douyin.com/video/7643289331093157553; creator=王多于-股之子; like=0; reply=0; source_type=reply; yeren_signal_id=; parent_comment_text=青龙管业 我要特产,--:--,抖音评论,video,新的一周瑟瑟发抖啊#内容过于真实 #股民 #王多于股之子 #vlog十亿流量扶持计划,王多于-股之子,7643289331093157553,https://www.douyin.com/video/7643289331093157553,,7643322684054553381_browser_reply_11,--:--,未纳入,中性,自动映射到抖音视频评论池。,,false
2026-05-24,wangduoyu,抖音评论 未标注时间,明己 ... 再升科技，第二次说 1小时前·福建 4 分享 回复 展开19条回复,,,,否,video_id=7643289331093157553; video_url=https://www.douyin.com/video/7643289331093157553; creator=王多于-股之子; like=0; reply=0; source_type=reply; yeren_signal_id=; parent_comment_text=青龙管业 我要特产,--:--,抖音评论,video,新的一周瑟瑟发抖啊#内容过于真实 #股民 #王多于股之子 #vlog十亿流量扶持计划,王多于-股之子,7643289331093157553,https://www.douyin.com/video/7643289331093157553,,7643322684054553381_browser_reply_12,--:--,未纳入,中性,自动映射到抖音视频评论池。,,false
