date,source,comment_source,content,mentioned_stocks,mentioned_sectors,value_reason,include_in_logic,note,time,platform,parent_type,parent_title,commenter,parent_id,parent_url,parent_cover,comment_id,comment_time,include_status,sentiment,action_note,value_score,is_selected
2026-05-15,yege,同花顺评论备份 14:59,帖子评论量备份：224 条。帖子摘要：润泽科技(300442)  天华新能(300390)  合力泰(002217)  黄毛走了，带走了我的账户余额。,润泽科技(300442);天华新能(300390);合力泰(002217),减仓/退出风险;含图片/截图核对;个股相关;野哥同花顺逻辑;AIDC;数据中心;锂电材料;消费电子;光学光电子,文本包含减仓、走了、卖飞、止盈止损等退出类词。；动态包含图片，可能有交易截图，需人工点开核对。；同花顺选股逻辑命中：THS-08 退出词优先风险；THS-06 二次回踩看承接；THS-08 退出词优先风险。,否,post_id=2345513390; media=/media/2026-05-15/yege/alert_01_1459_2345513390.jpg;/media/2026-05-15/yege/daily_01_1459_2345513390.jpg,,,,,,,,,,,,,,,
2026-05-15,yege,同花顺评论备份 11:03,帖子评论量备份：408 条。帖子摘要：良信股份(002706)  合力泰(002217)  完了大盘红了，不会把我洗出去了吧！,良信股份(002706);合力泰(002217),个股相关;野哥同花顺逻辑;低压电器;AIDC;消费电子;光学光电子,同花顺选股逻辑命中：THS-06 二次回踩看承接。,待确认,post_id=2345142303; media=,,,,,,,,,,,,,,,
2026-05-15,yege,同花顺评论备份 10:35,帖子评论量备份：386 条。帖子摘要：工业富联(601138)  不会逼着我买这个吧！这也太大了太大了。,工业富联(601138),交易动作;个股相关,文本包含买入、进场、加仓、低吸、锁仓或试错等动作词。,待确认,post_id=2345069036; media=,,,,,,,,,,,,,,,
2026-05-15,yege,同花顺评论备份 10:31,帖子评论量备份：542 条。帖子摘要：算拉，算啦，拿了快一个月，也不给我走。想绑架我没门。交易唯有自渡呀，兄弟们。跟就要盈亏自负。我走个买都实时发的。没有毛病啊。又不是今天进明天就出。好多天了。懒得喷。,,交易动作;风险提示,文本包含买入、进场、加仓、低吸、锁仓或试错等动作词。；文本包含被套、解套、风险、盈亏自负等风控词。,待确认,post_id=2345057879; media=,,,,,,,,,,,,,,,
2026-05-15,yege,同花顺评论备份 10:09,帖子评论量备份：15 条。帖子摘要：我看这个评论有点搞笑，弱了我不能卖，你能卖？我死扛是吧。我想卖就卖，手在我身上。你的手也在你身上。盈亏自负。做不到的都是自己带幻想。,,风险提示,文本包含被套、解套、风险、盈亏自负等风控词。,待确认,post_id=2344996326; media=,,,,,,,,,,,,,,,
2026-05-15,yege,同花顺评论备份 09:58,帖子评论量备份：149 条。帖子摘要：润泽科技(300442)  弱了就是弱了。我也没有卖在最高点。合力泰早上最高点我也没卖到，但是我有去弱留强的概念。弱的不割去强的，就是死扛，你要想到底是谁在做交易。,润泽科技(300442),含图片/截图核对;个股相关;AIDC;数据中心,动态包含图片，可能有交易截图，需人工点开核对。,待确认,post_id=2344955247; media=/media/2026-05-15/yege/alert_01_0958_2344955247.jpg;/media/2026-05-15/yege/daily_01_0958_2344955247.jpg;/media/2026-05-15/yege/daily_02_0958_2344955247.jpg,,,,,,,,,,,,,,,
2026-05-15,yege,同花顺评论备份 09:49,帖子评论量备份：181 条。帖子摘要：合力泰(002217)  润泽科技(300442)  天华新能(300390)  早上红9个,润泽科技(300442);合力泰(002217);天华新能(300390),含图片/截图核对;个股相关;野哥同花顺逻辑;AIDC;数据中心;消费电子;光学光电子;锂电材料,动态包含图片，可能有交易截图，需人工点开核对。；同花顺选股逻辑命中：THS-06 二次回踩看承接。,待确认,post_id=2344919853; media=/media/2026-05-15/yege/alert_02_0949_2344919853.jpg;/media/2026-05-15/yege/daily_02_0949_2344919853.jpg;/media/2026-05-15/yege/daily_03_0949_2344919853.jpg,,,,,,,,,,,,,,,
2026-05-15,yege,同花顺评论备份 09:44,帖子评论量备份：441 条。帖子摘要：合力泰(002217)  来气,合力泰(002217),含图片/截图核对;个股相关;野哥同花顺逻辑;消费电子;光学光电子,动态包含图片，可能有交易截图，需人工点开核对。；同花顺选股逻辑命中：THS-06 二次回踩看承接。,待确认,post_id=2344900072; media=/media/2026-05-15/yege/alert_03_0944_2344900072.jpg;/media/2026-05-15/yege/daily_03_0944_2344900072.jpg;/media/2026-05-15/yege/daily_04_0944_2344900072.jpg,,,,,,,,,,,,,,,
2026-05-15,yege,同花顺评论备份 09:42,帖子评论量备份：119 条。帖子摘要：润泽科技(300442)  去弱留强。,润泽科技(300442),含图片/截图核对;个股相关;AIDC;数据中心,动态包含图片，可能有交易截图，需人工点开核对。,待确认,post_id=2344892901; media=/media/2026-05-15/yege/alert_04_0942_2344892901.jpg;/media/2026-05-15/yege/daily_04_0942_2344892901.jpg;/media/2026-05-15/yege/daily_05_0942_2344892901.jpg,,,,,,,,,,,,,,,
2026-05-15,yege,同花顺评论备份 09:40,帖子评论量备份：195 条。帖子摘要：良信股份(002706),良信股份(002706),含图片/截图核对;个股相关;低压电器;AIDC,动态包含图片，可能有交易截图，需人工点开核对。,待确认,post_id=2344881561; media=/media/2026-05-15/yege/alert_05_0940_2344881561.jpg;/media/2026-05-15/yege/daily_05_0940_2344881561.jpg;/media/2026-05-15/yege/daily_06_0940_2344881561.jpg,,,,,,,,,,,,,,,
2026-05-15,yege,同花顺评论备份 09:26,帖子评论量备份：316 条。帖子摘要：润泽科技(300442)  好运来，那个好运来。,润泽科技(300442),含图片/截图核对;个股相关;AIDC;数据中心,动态包含图片，可能有交易截图，需人工点开核对。,待确认,post_id=2344841114; media=/media/2026-05-15/yege/alert_06_0926_2344841114.jpg;/media/2026-05-15/yege/daily_06_0926_2344841114.jpg;/media/2026-05-15/yege/daily_07_0926_2344841114.jpg,,,,,,,,,,,,,,,
2026-05-15,wangduoyu,抖音评论 15:02,我说一个，维科技术，大概率是借大盘下跌洗盘,维科技术(600152),,维科技术(600152) 被提及 1 次，有效评论 1 条，来源 1 个，单视频线索，情绪 谨慎，当前判断：偏风险观察。,否,video_id=7640002925737079931; video_url=https://www.douyin.com/video/7640002925737079931; creator=王多于-股之子; like=1; reply=2; source_type=comment; yeren_signal_id=; parent_comment_text=,15:02,抖音评论,video,连续两天都是大跌#内容过于真实 #股民 #基金 #王多于股之子 #vlog十亿流量扶持计划,鹅无吴呜呜呜,7640002925737079931,https://www.douyin.com/video/7640002925737079931,,7640010505985409826,15:02,未纳入,谨慎,自动映射到抖音视频评论池。,5.9,false
2026-05-15,wangduoyu,抖音评论 14:50,我昨天清场了重仓的粤传媒，加仓了华电能源和节能风电，有我惨吗[流泪],节能风电(601016);华电能源(600726),电力;风电,节能风电(601016) 被提及 3 次，有效评论 3 条，来源 2 个，跨来源共振，情绪 看多，当前判断：保留观察。；华电能源(600726) 被提及 2 次，有效评论 2 条，来源 2 个，跨来源共振，情绪 中性，当前判断：保留观察。,待确认,video_id=7640002925737079931; video_url=https://www.douyin.com/video/7640002925737079931; creator=王多于-股之子; like=0; reply=4; source_type=comment; yeren_signal_id=; parent_comment_text=,14:50,抖音评论,video,连续两天都是大跌#内容过于真实 #股民 #基金 #王多于股之子 #vlog十亿流量扶持计划,pop,7640002925737079931,https://www.douyin.com/video/7640002925737079931,,7640007260383249193,14:50,待确认,看多,自动映射到抖音视频评论池。,8.0,false
2026-05-15,wangduoyu,抖音评论 14:57,真算电协同:协鑫能科,协鑫能科(002015),,协鑫能科(002015) 被提及 2 次，有效评论 2 条，来源 2 个，跨来源共振，情绪 中性，当前判断：保留观察。,待确认,video_id=7640002925737079931; video_url=https://www.douyin.com/video/7640002925737079931; creator=王多于-股之子; like=1; reply=0; source_type=comment; yeren_signal_id=; parent_comment_text=,14:57,抖音评论,video,连续两天都是大跌#内容过于真实 #股民 #基金 #王多于股之子 #vlog十亿流量扶持计划,咬字,7640002925737079931,https://www.douyin.com/video/7640002925737079931,,7640009094086017829,14:57,待确认,中性,自动映射到抖音视频评论池。,7.6,false
2026-05-15,wangduoyu,抖音评论 14:41,昨天吃了两涨停，今天这两家涨停给我干了俩跌停[流泪][流泪][流泪][流泪],,,评论热度较高，但暂未自动识别到明确股票线索，保留人工复核。,待确认,video_id=7640002925737079931; video_url=https://www.douyin.com/video/7640002925737079931; creator=王多于-股之子; like=0; reply=7; source_type=comment; yeren_signal_id=; parent_comment_text=,14:41,抖音评论,video,连续两天都是大跌#内容过于真实 #股民 #基金 #王多于股之子 #vlog十亿流量扶持计划,じօνε͇ؓ财神偏爱我,7640002925737079931,https://www.douyin.com/video/7640002925737079931,,7640004996247388974,14:41,待确认,中性,自动映射到抖音视频评论池。,6.2,false
2026-05-15,wangduoyu,抖音评论 14:52,华天科技，还有小商品城都可以拿着[玫瑰],华天科技(002185);小商品城(600415),,华天科技(002185) 被提及 2 次，有效评论 2 条，来源 2 个，跨来源共振，情绪 看多，当前判断：已进入推荐候选。；小商品城(600415) 被提及 2 次，有效评论 2 条，来源 1 个，单视频线索，情绪 看多，当前判断：保留观察。,是,video_id=7640002925737079931; video_url=https://www.douyin.com/video/7640002925737079931; creator=王多于-股之子; like=0; reply=0; source_type=comment; yeren_signal_id=; parent_comment_text=,14:52,抖音评论,video,连续两天都是大跌#内容过于真实 #股民 #基金 #王多于股之子 #vlog十亿流量扶持计划,诸葛文奕,7640002925737079931,https://www.douyin.com/video/7640002925737079931,,7640007913674752795,14:52,已纳入,看多,自动映射到抖音视频评论池。,8.4,true
2026-05-15,wangduoyu,抖音评论 14:43,有没有义夫义母，能不能提前给点定心丸，重仓美诺华和平潭下星期能回本吗？我以后再也不再评论区听劝了，回本就走，发誓十年不碰！,美诺华(603538),医药,美诺华(603538) 被提及 2 次，有效评论 2 条，来源 2 个，跨来源共振，情绪 中性，当前判断：保留观察。,待确认,video_id=7640002925737079931; video_url=https://www.douyin.com/video/7640002925737079931; creator=王多于-股之子; like=3; reply=2; source_type=comment; yeren_signal_id=; parent_comment_text=,14:43,抖音评论,video,连续两天都是大跌#内容过于真实 #股民 #基金 #王多于股之子 #vlog十亿流量扶持计划,跟着米哆不踩坑,7640002925737079931,https://www.douyin.com/video/7640002925737079931,,7640005520867361579,14:43,待确认,中性,自动映射到抖音视频评论池。,7.6,false
2026-05-15,wangduoyu,抖音评论 14:33,我早上其实红的好好的[微笑][微笑][微笑],,,评论热度较高，但暂未自动识别到明确股票线索，保留人工复核。,待确认,video_id=7640002925737079931; video_url=https://www.douyin.com/video/7640002925737079931; creator=王多于-股之子; like=8; reply=6; source_type=comment; yeren_signal_id=; parent_comment_text=,14:33,抖音评论,video,连续两天都是大跌#内容过于真实 #股民 #基金 #王多于股之子 #vlog十亿流量扶持计划,王多于-股之子,7640002925737079931,https://www.douyin.com/video/7640002925737079931,,7640003037885285169,14:33,待确认,中性,自动映射到抖音视频评论池。,6.2,false
2026-05-15,wangduoyu,抖音评论 14:58,山子高科,山子高科(000981),,山子高科(000981) 被提及 1 次，有效评论 1 条，来源 1 个，单视频线索，情绪 中性，当前判断：保留观察。,待确认,video_id=7640002925737079931; video_url=https://www.douyin.com/video/7640002925737079931; creator=王多于-股之子; like=1; reply=0; source_type=comment; yeren_signal_id=; parent_comment_text=,14:58,抖音评论,video,连续两天都是大跌#内容过于真实 #股民 #基金 #王多于股之子 #vlog十亿流量扶持计划,🐭,7640002925737079931,https://www.douyin.com/video/7640002925737079931,,7640009366876308275,14:58,待确认,中性,自动映射到抖音视频评论池。,6.4,false
2026-05-15,wangduoyu,抖音评论 14:52,进富佳拿到下周四,,,,否,video_id=7640002925737079931; video_url=https://www.douyin.com/video/7640002925737079931; creator=王多于-股之子; like=1; reply=2; source_type=comment; yeren_signal_id=; parent_comment_text=,14:52,抖音评论,video,连续两天都是大跌#内容过于真实 #股民 #基金 #王多于股之子 #vlog十亿流量扶持计划,FM从你的全世界路过,7640002925737079931,https://www.douyin.com/video/7640002925737079931,,7640007747211887375,14:52,未纳入,中性,自动映射到抖音视频评论池。,,false
2026-05-15,wangduoyu,抖音评论 14:43,恒光股份,恒光股份(301118),,恒光股份(301118) 被提及 1 次，有效评论 1 条，来源 1 个，单视频线索，情绪 中性，当前判断：保留观察。,待确认,video_id=7640002925737079931; video_url=https://www.douyin.com/video/7640002925737079931; creator=王多于-股之子; like=0; reply=0; source_type=comment; yeren_signal_id=; parent_comment_text=,14:43,抖音评论,video,连续两天都是大跌#内容过于真实 #股民 #基金 #王多于股之子 #vlog十亿流量扶持计划,🌈CJM&🌈,7640002925737079931,https://www.douyin.com/video/7640002925737079931,,7640005612247925562,14:43,待确认,中性,自动映射到抖音视频评论池。,6.4,false
2026-05-15,wangduoyu,抖音评论 14:39,我昨天就说了，襄阳轴承,,,,否,video_id=7640002925737079931; video_url=https://www.douyin.com/video/7640002925737079931; creator=王多于-股之子; like=0; reply=0; source_type=comment; yeren_signal_id=; parent_comment_text=,14:39,抖音评论,video,连续两天都是大跌#内容过于真实 #股民 #基金 #王多于股之子 #vlog十亿流量扶持计划,Qwy,7640002925737079931,https://www.douyin.com/video/7640002925737079931,,7640004574854316858,14:39,未纳入,中性,自动映射到抖音视频评论池。,,false
2026-05-15,wangduoyu,抖音评论 14:55,巨石跌停。fake,,,,否,video_id=7640002925737079931; video_url=https://www.douyin.com/video/7640002925737079931; creator=王多于-股之子; like=0; reply=3; source_type=comment; yeren_signal_id=; parent_comment_text=,14:55,抖音评论,video,连续两天都是大跌#内容过于真实 #股民 #基金 #王多于股之子 #vlog十亿流量扶持计划,Cl,7640002925737079931,https://www.douyin.com/video/7640002925737079931,,7640008706360509242,14:55,未纳入,中性,自动映射到抖音视频评论池。,,false
2026-05-15,wangduoyu,抖音评论 15:08,莲花怎么看[流泪][流泪],,,,否,video_id=7640002925737079931; video_url=https://www.douyin.com/video/7640002925737079931; creator=王多于-股之子; like=1; reply=1; source_type=comment; yeren_signal_id=; parent_comment_text=,15:08,抖音评论,video,连续两天都是大跌#内容过于真实 #股民 #基金 #王多于股之子 #vlog十亿流量扶持计划,喜西西,7640002925737079931,https://www.douyin.com/video/7640002925737079931,,7640011885975651109,15:08,未纳入,中性,自动映射到抖音视频评论池。,,false
2026-05-15,wangduoyu,抖音评论 15:05,昨天五洲套5个，今天涨停[黑脸],,,,否,video_id=7640002925737079931; video_url=https://www.douyin.com/video/7640002925737079931; creator=王多于-股之子; like=0; reply=0; source_type=comment; yeren_signal_id=; parent_comment_text=,15:05,抖音评论,video,连续两天都是大跌#内容过于真实 #股民 #基金 #王多于股之子 #vlog十亿流量扶持计划,勇猛大帅,7640002925737079931,https://www.douyin.com/video/7640002925737079931,,7640011219650429748,15:05,未纳入,中性,自动映射到抖音视频评论池。,,false
2026-05-15,wangduoyu,抖音评论 15:07,不好意思两个涨停[尬笑],,,,否,video_id=7640002925737079931; video_url=https://www.douyin.com/video/7640002925737079931; creator=王多于-股之子; like=0; reply=0; source_type=comment; yeren_signal_id=; parent_comment_text=,15:07,抖音评论,video,连续两天都是大跌#内容过于真实 #股民 #基金 #王多于股之子 #vlog十亿流量扶持计划,C Z,7640002925737079931,https://www.douyin.com/video/7640002925737079931,,7640011701613495076,15:07,未纳入,中性,自动映射到抖音视频评论池。,,false
2026-05-15,wangduoyu,抖音评论 14:51,说中视传媒的大佬在哪[举手],中视传媒(600088),,中视传媒(600088) 被提及 3 次，有效评论 3 条，来源 2 个，跨来源共振，情绪 中性，当前判断：保留观察。,待确认,video_id=7640002925737079931; video_url=https://www.douyin.com/video/7640002925737079931; creator=王多于-股之子; like=0; reply=0; source_type=comment; yeren_signal_id=; parent_comment_text=,14:51,抖音评论,video,连续两天都是大跌#内容过于真实 #股民 #基金 #王多于股之子 #vlog十亿流量扶持计划,小小黄,7640002925737079931,https://www.douyin.com/video/7640002925737079931,,7640007700692976426,14:51,待确认,中性,自动映射到抖音视频评论池。,8.0,false
2026-05-15,wangduoyu,抖音评论 14:54,鸿博，中视，世界杯概念，下周看看,,,,否,video_id=7640002925737079931; video_url=https://www.douyin.com/video/7640002925737079931; creator=王多于-股之子; like=0; reply=1; source_type=comment; yeren_signal_id=; parent_comment_text=,14:54,抖音评论,video,连续两天都是大跌#内容过于真实 #股民 #基金 #王多于股之子 #vlog十亿流量扶持计划,日见富有⁺¹⁰⁰↝,7640002925737079931,https://www.douyin.com/video/7640002925737079931,,7640008436881048320,14:54,未纳入,中性,自动映射到抖音视频评论池。,,false
2026-05-15,wangduoyu,抖音评论 15:10,早上买了巨轮，然后就跌，还好上去[呲牙],,,,否,video_id=7640002925737079931; video_url=https://www.douyin.com/video/7640002925737079931; creator=王多于-股之子; like=0; reply=0; source_type=comment; yeren_signal_id=; parent_comment_text=,15:10,抖音评论,video,连续两天都是大跌#内容过于真实 #股民 #基金 #王多于股之子 #vlog十亿流量扶持计划,一严万年,7640002925737079931,https://www.douyin.com/video/7640002925737079931,,7640012603762459451,15:10,未纳入,中性,自动映射到抖音视频评论池。,,false
2026-05-15,wangduoyu,抖音评论 14:39,周一就说机器人了，巨轮，没人信啊,机器人(300024),,机器人(300024) 被提及 6 次，有效评论 6 条，来源 2 个，跨来源共振，情绪 中性，当前判断：保留观察。,待确认,video_id=7640002925737079931; video_url=https://www.douyin.com/video/7640002925737079931; creator=王多于-股之子; like=1; reply=0; source_type=comment; yeren_signal_id=; parent_comment_text=,14:39,抖音评论,video,连续两天都是大跌#内容过于真实 #股民 #基金 #王多于股之子 #vlog十亿流量扶持计划,牛市小新兵,7640002925737079931,https://www.douyin.com/video/7640002925737079931,,7640004445280076587,14:39,待确认,中性,自动映射到抖音视频评论池。,9.1,false
2026-05-15,wangduoyu,抖音评论 14:41,中天给我拉了一坨大的,,,,否,video_id=7640002925737079931; video_url=https://www.douyin.com/video/7640002925737079931; creator=王多于-股之子; like=0; reply=2; source_type=comment; yeren_signal_id=; parent_comment_text=,14:41,抖音评论,video,连续两天都是大跌#内容过于真实 #股民 #基金 #王多于股之子 #vlog十亿流量扶持计划,🌈夏天,7640002925737079931,https://www.douyin.com/video/7640002925737079931,,7640005071367717641,14:41,未纳入,中性,自动映射到抖音视频评论池。,,false
2026-05-15,wangduoyu,抖音评论 14:40,[呲牙]在深圳新星 看好新高,深圳新星(603978),,深圳新星(603978) 被提及 1 次，有效评论 1 条，来源 1 个，单视频线索，情绪 看多，当前判断：保留观察。,待确认,video_id=7640002925737079931; video_url=https://www.douyin.com/video/7640002925737079931; creator=王多于-股之子; like=0; reply=0; source_type=comment; yeren_signal_id=; parent_comment_text=,14:40,抖音评论,video,连续两天都是大跌#内容过于真实 #股民 #基金 #王多于股之子 #vlog十亿流量扶持计划,念安,7640002925737079931,https://www.douyin.com/video/7640002925737079931,,7640004854023062322,14:40,待确认,看多,自动映射到抖音视频评论池。,6.4,false
2026-05-15,wangduoyu,抖音评论 15:04,尾盘红了[看],,,,否,video_id=7640002925737079931; video_url=https://www.douyin.com/video/7640002925737079931; creator=王多于-股之子; like=0; reply=0; source_type=comment; yeren_signal_id=; parent_comment_text=,15:04,抖音评论,video,连续两天都是大跌#内容过于真实 #股民 #基金 #王多于股之子 #vlog十亿流量扶持计划,须臾,7640002925737079931,https://www.douyin.com/video/7640002925737079931,,7640011032669569819,15:04,未纳入,中性,自动映射到抖音视频评论池。,,false
2026-05-15,wangduoyu,抖音评论 15:07,吃了涨停，去了体育又吃[舔屏][舔屏],,,,否,video_id=7640002925737079931; video_url=https://www.douyin.com/video/7640002925737079931; creator=王多于-股之子; like=1; reply=0; source_type=comment; yeren_signal_id=; parent_comment_text=,15:07,抖音评论,video,连续两天都是大跌#内容过于真实 #股民 #基金 #王多于股之子 #vlog十亿流量扶持计划,浪客,7640002925737079931,https://www.douyin.com/video/7640002925737079931,,7640011654365479716,15:07,未纳入,中性,自动映射到抖音视频评论池。,,false
2026-05-15,wangduoyu,抖音评论 15:09,超级红,,,,否,video_id=7640002925737079931; video_url=https://www.douyin.com/video/7640002925737079931; creator=王多于-股之子; like=0; reply=0; source_type=comment; yeren_signal_id=; parent_comment_text=,15:09,抖音评论,video,连续两天都是大跌#内容过于真实 #股民 #基金 #王多于股之子 #vlog十亿流量扶持计划,金海｜智品 赵磊,7640002925737079931,https://www.douyin.com/video/7640002925737079931,,7640012289101923112,15:09,未纳入,中性,自动映射到抖音视频评论池。,,false
2026-05-15,wangduoyu,抖音评论 15:10,平潭两天跌了14个点[噢买尬],,,,否,video_id=7640002925737079931; video_url=https://www.douyin.com/video/7640002925737079931; creator=王多于-股之子; like=0; reply=0; source_type=comment; yeren_signal_id=; parent_comment_text=,15:10,抖音评论,video,连续两天都是大跌#内容过于真实 #股民 #基金 #王多于股之子 #vlog十亿流量扶持计划,Halu,7640002925737079931,https://www.douyin.com/video/7640002925737079931,,7640012498482070331,15:10,未纳入,中性,自动映射到抖音视频评论池。,,false
2026-05-15,wangduoyu,抖音评论 14:53,两天把本月所有利润全部带走,,,,否,video_id=7640002925737079931; video_url=https://www.douyin.com/video/7640002925737079931; creator=王多于-股之子; like=7; reply=4; source_type=comment; yeren_signal_id=; parent_comment_text=,14:53,抖音评论,video,连续两天都是大跌#内容过于真实 #股民 #基金 #王多于股之子 #vlog十亿流量扶持计划,小七Nice,7640002925737079931,https://www.douyin.com/video/7640002925737079931,,7640008141208240945,14:53,未纳入,中性,自动映射到抖音视频评论池。,,false
2026-05-15,wangduoyu,抖音评论 14:44,本来红的，150买了个新股[流泪]，砍到我腰子了[流泪][流泪][流泪],,,评论热度较高，但暂未自动识别到明确股票线索，保留人工复核。,待确认,video_id=7640002925737079931; video_url=https://www.douyin.com/video/7640002925737079931; creator=王多于-股之子; like=1; reply=7; source_type=comment; yeren_signal_id=; parent_comment_text=,14:44,抖音评论,video,连续两天都是大跌#内容过于真实 #股民 #基金 #王多于股之子 #vlog十亿流量扶持计划,计先生,7640002925737079931,https://www.douyin.com/video/7640002925737079931,,7640005879895524150,14:44,待确认,中性,自动映射到抖音视频评论池。,6.2,false
2026-05-15,wangduoyu,抖音评论 14:53,永强怎么看？,,,,否,video_id=7640002925737079931; video_url=https://www.douyin.com/video/7640002925737079931; creator=王多于-股之子; like=0; reply=0; source_type=comment; yeren_signal_id=; parent_comment_text=,14:53,抖音评论,video,连续两天都是大跌#内容过于真实 #股民 #基金 #王多于股之子 #vlog十亿流量扶持计划,ℂℍℕℙℚℝℤ ♡,7640002925737079931,https://www.douyin.com/video/7640002925737079931,,7640008060093989669,14:53,未纳入,中性,自动映射到抖音视频评论池。,,false
2026-05-15,wangduoyu,抖音评论 14:42,谁说的江特,,,,否,video_id=7640002925737079931; video_url=https://www.douyin.com/video/7640002925737079931; creator=王多于-股之子; like=0; reply=2; source_type=comment; yeren_signal_id=; parent_comment_text=,14:42,抖音评论,video,连续两天都是大跌#内容过于真实 #股民 #基金 #王多于股之子 #vlog十亿流量扶持计划,🌏,7640002925737079931,https://www.douyin.com/video/7640002925737079931,,7640005163500290874,14:42,未纳入,中性,自动映射到抖音视频评论池。,,false
2026-05-15,wangduoyu,抖音评论 14:45,"想做t的可以去金螳螂，下午买早上卖，底部筹码还没出完[暗中观察]
方正dj能进就进[暗中观察]",,,,否,video_id=7640002925737079931; video_url=https://www.douyin.com/video/7640002925737079931; creator=王多于-股之子; like=0; reply=0; source_type=comment; yeren_signal_id=; parent_comment_text=,14:45,抖音评论,video,连续两天都是大跌#内容过于真实 #股民 #基金 #王多于股之子 #vlog十亿流量扶持计划,木偶,7640002925737079931,https://www.douyin.com/video/7640002925737079931,,7640006100473234230,14:45,未纳入,中性,自动映射到抖音视频评论池。,,false
2026-05-15,wangduoyu,抖音评论 15:05,妈的，才两天，走哪都想骂两句,,,,否,video_id=7640002925737079931; video_url=https://www.douyin.com/video/7640002925737079931; creator=王多于-股之子; like=0; reply=0; source_type=comment; yeren_signal_id=; parent_comment_text=,15:05,抖音评论,video,连续两天都是大跌#内容过于真实 #股民 #基金 #王多于股之子 #vlog十亿流量扶持计划,—～,7640002925737079931,https://www.douyin.com/video/7640002925737079931,,7640011182736786203,15:05,未纳入,中性,自动映射到抖音视频评论池。,,false
2026-05-15,wangduoyu,抖音评论 14:48,昨天买了安彩高科还是早上高位买的[打脸]，今天早上还低位卖了。我真是sb还好买的不多,安彩高科(600207),,安彩高科(600207) 被提及 1 次，有效评论 1 条，来源 1 个，单视频线索，情绪 谨慎，当前判断：偏风险观察。,否,video_id=7640002925737079931; video_url=https://www.douyin.com/video/7640002925737079931; creator=王多于-股之子; like=0; reply=0; source_type=comment; yeren_signal_id=; parent_comment_text=,14:48,抖音评论,video,连续两天都是大跌#内容过于真实 #股民 #基金 #王多于股之子 #vlog十亿流量扶持计划,苏嘉乐,7640002925737079931,https://www.douyin.com/video/7640002925737079931,,7640006829154550566,14:48,未纳入,谨慎,自动映射到抖音视频评论池。,5.9,false
2026-05-15,wangduoyu,抖音评论 14:38,不卖就不卖，最近追涨杀跌结果都卖飞了，TM亏死了[捂脸],,,,否,video_id=7640002925737079931; video_url=https://www.douyin.com/video/7640002925737079931; creator=王多于-股之子; like=0; reply=0; source_type=comment; yeren_signal_id=; parent_comment_text=,14:38,抖音评论,video,连续两天都是大跌#内容过于真实 #股民 #基金 #王多于股之子 #vlog十亿流量扶持计划,孙溯蔓,7640002925737079931,https://www.douyin.com/video/7640002925737079931,,7640004221588554522,14:38,未纳入,中性,自动映射到抖音视频评论池。,,false
2026-05-15,wangduoyu,抖音评论 15:03,"永赢买了100，赚了30，今天三点卖了100，预计18号到账，南方原油买了30，现在赚了16，今天三点前卖了30，为什么预计21号到账，现在有两个问题，1.两个到账时间怎么还不一样
2.今天和明天的营收和我是否有关[思考]",,,,否,video_id=7640002925737079931; video_url=https://www.douyin.com/video/7640002925737079931; creator=王多于-股之子; like=0; reply=0; source_type=comment; yeren_signal_id=; parent_comment_text=,15:03,抖音评论,video,连续两天都是大跌#内容过于真实 #股民 #基金 #王多于股之子 #vlog十亿流量扶持计划,在线发癫,7640002925737079931,https://www.douyin.com/video/7640002925737079931,,7640010586013369147,15:03,未纳入,中性,自动映射到抖音视频评论池。,,false
2026-05-15,wangduoyu,抖音评论 15:10,就这两天把我一个月的盈利全部干没了。 两天前还沾沾自喜，逃顶成功，结果发现又涨了，怕踏空又进来了,,,,否,video_id=7640002925737079931; video_url=https://www.douyin.com/video/7640002925737079931; creator=王多于-股之子; like=0; reply=0; source_type=comment; yeren_signal_id=; parent_comment_text=,15:10,抖音评论,video,连续两天都是大跌#内容过于真实 #股民 #基金 #王多于股之子 #vlog十亿流量扶持计划,啾啾,7640002925737079931,https://www.douyin.com/video/7640002925737079931,,7640012415958303531,15:10,未纳入,中性,自动映射到抖音视频评论池。,,false
2026-05-15,wangduoyu,抖音评论 15:08,我早上还把昨天的拉回来了，下午跳水了，但还红着,,,,否,video_id=7640002925737079931; video_url=https://www.douyin.com/video/7640002925737079931; creator=王多于-股之子; like=0; reply=0; source_type=comment; yeren_signal_id=; parent_comment_text=,15:08,抖音评论,video,连续两天都是大跌#内容过于真实 #股民 #基金 #王多于股之子 #vlog十亿流量扶持计划,小林好高冷,7640002925737079931,https://www.douyin.com/video/7640002925737079931,,7640012048769024803,15:08,未纳入,中性,自动映射到抖音视频评论池。,,false
2026-05-15,wangduoyu,抖音评论 15:10,两天都这样，昨天两点半还是红的，3点直接绿了。今天早上是红的，下午是绿的。[看],,,,否,video_id=7640002925737079931; video_url=https://www.douyin.com/video/7640002925737079931; creator=王多于-股之子; like=1; reply=0; source_type=comment; yeren_signal_id=; parent_comment_text=,15:10,抖音评论,video,连续两天都是大跌#内容过于真实 #股民 #基金 #王多于股之子 #vlog十亿流量扶持计划,T。,7640002925737079931,https://www.douyin.com/video/7640002925737079931,,7640012521186034467,15:10,未纳入,中性,自动映射到抖音视频评论池。,,false
2026-05-15,wangduoyu,抖音评论 14:44,早上绿的卖了买的红的，结果[流泪],,,,否,video_id=7640002925737079931; video_url=https://www.douyin.com/video/7640002925737079931; creator=王多于-股之子; like=0; reply=0; source_type=comment; yeren_signal_id=; parent_comment_text=,14:44,抖音评论,video,连续两天都是大跌#内容过于真实 #股民 #基金 #王多于股之子 #vlog十亿流量扶持计划,老男孩er,7640002925737079931,https://www.douyin.com/video/7640002925737079931,,7640005738707337994,14:44,未纳入,中性,自动映射到抖音视频评论池。,,false
2026-05-15,wangduoyu,抖音评论 15:10,这两天把我前天的利润吞回去了,,,,否,video_id=7640002925737079931; video_url=https://www.douyin.com/video/7640002925737079931; creator=王多于-股之子; like=0; reply=0; source_type=comment; yeren_signal_id=; parent_comment_text=,15:10,抖音评论,video,连续两天都是大跌#内容过于真实 #股民 #基金 #王多于股之子 #vlog十亿流量扶持计划,是茹茹茹茹茹茹茹茹呀,7640002925737079931,https://www.douyin.com/video/7640002925737079931,,7640012525102301962,15:10,未纳入,中性,自动映射到抖音视频评论池。,,false
2026-05-15,wangduoyu,抖音评论 15:01,[流泪][流泪][流泪][流泪],,,,否,video_id=7640002925737079931; video_url=https://www.douyin.com/video/7640002925737079931; creator=王多于-股之子; like=0; reply=0; source_type=comment; yeren_signal_id=; parent_comment_text=,15:01,抖音评论,video,连续两天都是大跌#内容过于真实 #股民 #基金 #王多于股之子 #vlog十亿流量扶持计划,八戒呀,7640002925737079931,https://www.douyin.com/video/7640002925737079931,,7640010226535809850,15:01,未纳入,中性,自动映射到抖音视频评论池。,,false
2026-05-15,wangduoyu,抖音评论 14:38,[比心],,,,否,video_id=7640002925737079931; video_url=https://www.douyin.com/video/7640002925737079931; creator=王多于-股之子; like=0; reply=0; source_type=comment; yeren_signal_id=; parent_comment_text=,14:38,抖音评论,video,连续两天都是大跌#内容过于真实 #股民 #基金 #王多于股之子 #vlog十亿流量扶持计划,一路长虹,7640002925737079931,https://www.douyin.com/video/7640002925737079931,,7640004357010965288,14:38,未纳入,中性,自动映射到抖音视频评论池。,,false
2026-05-15,wangduoyu,抖音评论 15:05,不买。老子打死不卖,,,,否,video_id=7640002925737079931; video_url=https://www.douyin.com/video/7640002925737079931; creator=王多于-股之子; like=0; reply=0; source_type=comment; yeren_signal_id=; parent_comment_text=,15:05,抖音评论,video,连续两天都是大跌#内容过于真实 #股民 #基金 #王多于股之子 #vlog十亿流量扶持计划,南充卖铺盖的高老师（锦绣家纺）,7640002925737079931,https://www.douyin.com/video/7640002925737079931,,7640011273698214707,15:05,未纳入,中性,自动映射到抖音视频评论池。,,false
2026-05-15,wangduoyu,抖音评论 14:58,不甘心啊，算了，下周割肉走，以后再也不碰,,,,否,video_id=7640002925737079931; video_url=https://www.douyin.com/video/7640002925737079931; creator=王多于-股之子; like=0; reply=0; source_type=comment; yeren_signal_id=; parent_comment_text=,14:58,抖音评论,video,连续两天都是大跌#内容过于真实 #股民 #基金 #王多于股之子 #vlog十亿流量扶持计划,李二,7640002925737079931,https://www.douyin.com/video/7640002925737079931,,7640009311641846569,14:58,未纳入,中性,自动映射到抖音视频评论池。,,false
2026-05-15,wangduoyu,抖音评论 15:00,昨天顺灏买早了2点半18.88进的，要是2点50多进就漂亮了，那会应该在18.30左右，今天设置了19点30的止盈出了[捂脸],,,,否,video_id=7640002925737079931; video_url=https://www.douyin.com/video/7640002925737079931; creator=王多于-股之子; like=1; reply=0; source_type=comment; yeren_signal_id=; parent_comment_text=,15:00,抖音评论,video,连续两天都是大跌#内容过于真实 #股民 #基金 #王多于股之子 #vlog十亿流量扶持计划,今天很美好,7640002925737079931,https://www.douyin.com/video/7640002925737079931,,7640009992209154825,15:00,未纳入,中性,自动映射到抖音视频评论池。,,false
2026-05-15,wangduoyu,抖音评论 14:42,[思考]现在就是抄底机会，但不知道有几个敢的,,,,否,video_id=7640002925737079931; video_url=https://www.douyin.com/video/7640002925737079931; creator=王多于-股之子; like=2; reply=1; source_type=comment; yeren_signal_id=; parent_comment_text=,14:42,抖音评论,video,连续两天都是大跌#内容过于真实 #股民 #基金 #王多于股之子 #vlog十亿流量扶持计划,请叫我键爷,7640002925737079931,https://www.douyin.com/video/7640002925737079931,,7640005212798845746,14:42,未纳入,中性,自动映射到抖音视频评论池。,,false
2026-05-15,wangduoyu,抖音评论 14:58,我的光，亏惨了，也没卖死扛,,,,否,video_id=7640002925737079931; video_url=https://www.douyin.com/video/7640002925737079931; creator=王多于-股之子; like=0; reply=0; source_type=comment; yeren_signal_id=; parent_comment_text=,14:58,抖音评论,video,连续两天都是大跌#内容过于真实 #股民 #基金 #王多于股之子 #vlog十亿流量扶持计划,小牛,7640002925737079931,https://www.douyin.com/video/7640002925737079931,,7640009484035818289,14:58,未纳入,中性,自动映射到抖音视频评论池。,,false
2026-05-15,wangduoyu,抖音评论 15:08,昨天亏1.1万。今天中午浮盈1.25万，没跑，下午收盘-515。够狠的。,,,,否,video_id=7640002925737079931; video_url=https://www.douyin.com/video/7640002925737079931; creator=王多于-股之子; like=0; reply=1; source_type=comment; yeren_signal_id=; parent_comment_text=,15:08,抖音评论,video,连续两天都是大跌#内容过于真实 #股民 #基金 #王多于股之子 #vlog十亿流量扶持计划,云海之梦❀,7640002925737079931,https://www.douyin.com/video/7640002925737079931,,7640011867318780706,15:08,未纳入,中性,自动映射到抖音视频评论池。,,false
2026-05-15,wangduoyu,抖音评论 14:41,早上红的，中午红的，现在绿成💩,,,,否,video_id=7640002925737079931; video_url=https://www.douyin.com/video/7640002925737079931; creator=王多于-股之子; like=0; reply=0; source_type=comment; yeren_signal_id=; parent_comment_text=,14:41,抖音评论,video,连续两天都是大跌#内容过于真实 #股民 #基金 #王多于股之子 #vlog十亿流量扶持计划,溜溜的她哦,7640002925737079931,https://www.douyin.com/video/7640002925737079931,,7640005039491695409,14:41,未纳入,中性,自动映射到抖音视频评论池。,,false
2026-05-15,wangduoyu,抖音评论 15:08,本来中午还红着，下午竟然这么跳，一周的努力又白费了,,,,否,video_id=7640002925737079931; video_url=https://www.douyin.com/video/7640002925737079931; creator=王多于-股之子; like=0; reply=0; source_type=comment; yeren_signal_id=; parent_comment_text=,15:08,抖音评论,video,连续两天都是大跌#内容过于真实 #股民 #基金 #王多于股之子 #vlog十亿流量扶持计划,空 白 格,7640002925737079931,https://www.douyin.com/video/7640002925737079931,,7640012000424100643,15:08,未纳入,中性,自动映射到抖音视频评论池。,,false
2026-05-15,wangduoyu,抖音评论 14:38,两天我少了三万，这个回本好难[流泪][流泪][流泪][流泪][流泪],,,,否,video_id=7640002925737079931; video_url=https://www.douyin.com/video/7640002925737079931; creator=王多于-股之子; like=3; reply=0; source_type=comment; yeren_signal_id=; parent_comment_text=,14:38,抖音评论,video,连续两天都是大跌#内容过于真实 #股民 #基金 #王多于股之子 #vlog十亿流量扶持计划,跟着米哆不踩坑,7640002925737079931,https://www.douyin.com/video/7640002925737079931,,7640004374551085867,14:38,未纳入,中性,自动映射到抖音视频评论池。,,false
2026-05-15,wangduoyu,抖音评论 15:04,早上红的，中午一看就绿的不行了[捂脸],,,,否,video_id=7640002925737079931; video_url=https://www.douyin.com/video/7640002925737079931; creator=王多于-股之子; like=0; reply=0; source_type=comment; yeren_signal_id=; parent_comment_text=,15:04,抖音评论,video,连续两天都是大跌#内容过于真实 #股民 #基金 #王多于股之子 #vlog十亿流量扶持计划,粒粒,7640002925737079931,https://www.douyin.com/video/7640002925737079931,,7640010967451337531,15:04,未纳入,中性,自动映射到抖音视频评论池。,,false
2026-05-15,wangduoyu,抖音评论 15:04,别说卖了还补仓了[捂脸],,,,否,video_id=7640002925737079931; video_url=https://www.douyin.com/video/7640002925737079931; creator=王多于-股之子; like=0; reply=0; source_type=comment; yeren_signal_id=; parent_comment_text=,15:04,抖音评论,video,连续两天都是大跌#内容过于真实 #股民 #基金 #王多于股之子 #vlog十亿流量扶持计划,程小妞家纺店,7640002925737079931,https://www.douyin.com/video/7640002925737079931,,7640010913500168960,15:04,未纳入,中性,自动映射到抖音视频评论池。,,false
2026-05-15,wangduoyu,抖音评论 15:03,这两天都红了,,,,否,video_id=7640002925737079931; video_url=https://www.douyin.com/video/7640002925737079931; creator=王多于-股之子; like=0; reply=0; source_type=comment; yeren_signal_id=; parent_comment_text=,15:03,抖音评论,video,连续两天都是大跌#内容过于真实 #股民 #基金 #王多于股之子 #vlog十亿流量扶持计划,好运连连～～,7640002925737079931,https://www.douyin.com/video/7640002925737079931,,7640010810395329290,15:03,未纳入,中性,自动映射到抖音视频评论池。,,false
2026-05-15,wangduoyu,抖音评论 15:03,两天就到解放前[流泪],,,,否,video_id=7640002925737079931; video_url=https://www.douyin.com/video/7640002925737079931; creator=王多于-股之子; like=0; reply=0; source_type=comment; yeren_signal_id=; parent_comment_text=,15:03,抖音评论,video,连续两天都是大跌#内容过于真实 #股民 #基金 #王多于股之子 #vlog十亿流量扶持计划,财神偏爱 好运常在,7640002925737079931,https://www.douyin.com/video/7640002925737079931,,7640010802897388326,15:03,未纳入,中性,自动映射到抖音视频评论池。,,false
2026-05-15,wangduoyu,抖音评论 15:03,"永赢买了100，赚了30，今天三点卖了100，预计18号到账，南方原油买了30，现在赚了16，今天三点前卖了30，为什么预计21号到账，现在有两个问题，1.两个到账时间怎么还不一样
2.今天和明天的营收和我是否有关[思考]",,,,否,video_id=7640002925737079931; video_url=https://www.douyin.com/video/7640002925737079931; creator=王多于-股之子; like=0; reply=0; source_type=comment; yeren_signal_id=; parent_comment_text=,15:03,抖音评论,video,连续两天都是大跌#内容过于真实 #股民 #基金 #王多于股之子 #vlog十亿流量扶持计划,在线发癫,7640002925737079931,https://www.douyin.com/video/7640002925737079931,,7640010586013369147,15:03,未纳入,中性,自动映射到抖音视频评论池。,,false
2026-05-15,wangduoyu,抖音评论 15:03,绿了我一个星期今天终于红了，但还亏了点,,,,否,video_id=7640002925737079931; video_url=https://www.douyin.com/video/7640002925737079931; creator=王多于-股之子; like=0; reply=0; source_type=comment; yeren_signal_id=; parent_comment_text=,15:03,抖音评论,video,连续两天都是大跌#内容过于真实 #股民 #基金 #王多于股之子 #vlog十亿流量扶持计划,农村的我,7640002925737079931,https://www.douyin.com/video/7640002925737079931,,7640010567948534568,15:03,未纳入,中性,自动映射到抖音视频评论池。,,false
2026-05-15,wangduoyu,抖音评论 15:01,今天没抄底吗[捂脸],,,,否,video_id=7640002925737079931; video_url=https://www.douyin.com/video/7640002925737079931; creator=王多于-股之子; like=0; reply=0; source_type=comment; yeren_signal_id=; parent_comment_text=,15:01,抖音评论,video,连续两天都是大跌#内容过于真实 #股民 #基金 #王多于股之子 #vlog十亿流量扶持计划,波段炒手,7640002925737079931,https://www.douyin.com/video/7640002925737079931,,7640010307830530859,15:01,未纳入,中性,自动映射到抖音视频评论池。,,false
2026-05-15,wangduoyu,抖音评论 15:01,[流泪][流泪][流泪][流泪],,,,否,video_id=7640002925737079931; video_url=https://www.douyin.com/video/7640002925737079931; creator=王多于-股之子; like=0; reply=0; source_type=comment; yeren_signal_id=; parent_comment_text=,15:01,抖音评论,video,连续两天都是大跌#内容过于真实 #股民 #基金 #王多于股之子 #vlog十亿流量扶持计划,八戒呀,7640002925737079931,https://www.douyin.com/video/7640002925737079931,,7640010226535809850,15:01,未纳入,中性,自动映射到抖音视频评论池。,,false
2026-05-15,wangduoyu,抖音评论 15:01,你不卖下周继续📉[捂脸],,,,否,video_id=7640002925737079931; video_url=https://www.douyin.com/video/7640002925737079931; creator=王多于-股之子; like=0; reply=0; source_type=comment; yeren_signal_id=; parent_comment_text=,15:01,抖音评论,video,连续两天都是大跌#内容过于真实 #股民 #基金 #王多于股之子 #vlog十亿流量扶持计划,🇨🇳頭髮亂ㄋ™🇨,7640002925737079931,https://www.douyin.com/video/7640002925737079931,,7640010090784162597,15:01,未纳入,中性,自动映射到抖音视频评论池。,,false
2026-05-15,wangduoyu,抖音评论 15:00,昨天顺灏买早了2点半18.88进的，要是2点50多进就漂亮了，那会应该在18.30左右，今天设置了19点30的止盈出了[捂脸],,,,否,video_id=7640002925737079931; video_url=https://www.douyin.com/video/7640002925737079931; creator=王多于-股之子; like=1; reply=0; source_type=comment; yeren_signal_id=; parent_comment_text=,15:00,抖音评论,video,连续两天都是大跌#内容过于真实 #股民 #基金 #王多于股之子 #vlog十亿流量扶持计划,今天很美好,7640002925737079931,https://www.douyin.com/video/7640002925737079931,,7640009992209154825,15:00,未纳入,中性,自动映射到抖音视频评论池。,,false
2026-05-15,wangduoyu,抖音评论 14:58,我的光，亏惨了，也没卖死扛,,,,否,video_id=7640002925737079931; video_url=https://www.douyin.com/video/7640002925737079931; creator=王多于-股之子; like=0; reply=0; source_type=comment; yeren_signal_id=; parent_comment_text=,14:58,抖音评论,video,连续两天都是大跌#内容过于真实 #股民 #基金 #王多于股之子 #vlog十亿流量扶持计划,小牛,7640002925737079931,https://www.douyin.com/video/7640002925737079931,,7640009484035818289,14:58,未纳入,中性,自动映射到抖音视频评论池。,,false
2026-05-15,wangduoyu,抖音评论 14:58,不甘心啊，算了，下周割肉走，以后再也不碰,,,,否,video_id=7640002925737079931; video_url=https://www.douyin.com/video/7640002925737079931; creator=王多于-股之子; like=0; reply=0; source_type=comment; yeren_signal_id=; parent_comment_text=,14:58,抖音评论,video,连续两天都是大跌#内容过于真实 #股民 #基金 #王多于股之子 #vlog十亿流量扶持计划,李二,7640002925737079931,https://www.douyin.com/video/7640002925737079931,,7640009311641846569,14:58,未纳入,中性,自动映射到抖音视频评论池。,,false
2026-05-15,wangduoyu,抖音评论 14:53,红啥子哟红，目不忍睹[流泪][流泪][流泪][流泪][流泪][流泪],,,,否,video_id=7640002925737079931; video_url=https://www.douyin.com/video/7640002925737079931; creator=王多于-股之子; like=0; reply=0; source_type=comment; yeren_signal_id=; parent_comment_text=,14:53,抖音评论,video,连续两天都是大跌#内容过于真实 #股民 #基金 #王多于股之子 #vlog十亿流量扶持计划,笼笼,7640002925737079931,https://www.douyin.com/video/7640002925737079931,,7640008057875579683,14:53,未纳入,中性,自动映射到抖音视频评论池。,,false
2026-05-15,wangduoyu,抖音评论 14:51,倒贴2w,,,,否,video_id=7640002925737079931; video_url=https://www.douyin.com/video/7640002925737079931; creator=王多于-股之子; like=0; reply=0; source_type=comment; yeren_signal_id=; parent_comment_text=,14:51,抖音评论,video,连续两天都是大跌#内容过于真实 #股民 #基金 #王多于股之子 #vlog十亿流量扶持计划,小满不满,7640002925737079931,https://www.douyin.com/video/7640002925737079931,,7640007706594247473,14:51,未纳入,中性,自动映射到抖音视频评论池。,,false
2026-05-15,wangduoyu,抖音评论 14:50,加仓,,,,否,video_id=7640002925737079931; video_url=https://www.douyin.com/video/7640002925737079931; creator=王多于-股之子; like=0; reply=0; source_type=comment; yeren_signal_id=; parent_comment_text=,14:50,抖音评论,video,连续两天都是大跌#内容过于真实 #股民 #基金 #王多于股之子 #vlog十亿流量扶持计划,蓝钻科技王珏,7640002925737079931,https://www.douyin.com/video/7640002925737079931,,7640007449805652755,14:50,未纳入,中性,自动映射到抖音视频评论池。,,false
2026-05-15,wangduoyu,抖音评论 14:50,最后一天吃了一个大的[坏笑][坏笑][坏笑],,,,否,video_id=7640002925737079931; video_url=https://www.douyin.com/video/7640002925737079931; creator=王多于-股之子; like=0; reply=0; source_type=comment; yeren_signal_id=; parent_comment_text=,14:50,抖音评论,video,连续两天都是大跌#内容过于真实 #股民 #基金 #王多于股之子 #vlog十亿流量扶持计划,_06,7640002925737079931,https://www.douyin.com/video/7640002925737079931,,7640007415849763621,14:50,未纳入,中性,自动映射到抖音视频评论池。,,false
2026-05-15,wangduoyu,抖音评论 14:50,三个月的收益，这两天全还回去了[尬笑]还倒贴,,,,否,video_id=7640002925737079931; video_url=https://www.douyin.com/video/7640002925737079931; creator=王多于-股之子; like=0; reply=0; source_type=comment; yeren_signal_id=; parent_comment_text=,14:50,抖音评论,video,连续两天都是大跌#内容过于真实 #股民 #基金 #王多于股之子 #vlog十亿流量扶持计划,煤球姐姐,7640002925737079931,https://www.douyin.com/video/7640002925737079931,,7640007253256586042,14:50,未纳入,中性,自动映射到抖音视频评论池。,,false
2026-05-15,wangduoyu,抖音评论 14:49,这几天把所有收益全亏出去了[流泪],,,,否,video_id=7640002925737079931; video_url=https://www.douyin.com/video/7640002925737079931; creator=王多于-股之子; like=0; reply=0; source_type=comment; yeren_signal_id=; parent_comment_text=,14:49,抖音评论,video,连续两天都是大跌#内容过于真实 #股民 #基金 #王多于股之子 #vlog十亿流量扶持计划,🤪,7640002925737079931,https://www.douyin.com/video/7640002925737079931,,7640007010905785125,14:49,未纳入,中性,自动映射到抖音视频评论池。,,false
2026-05-15,wangduoyu,抖音评论 14:48,昨天买了安彩高科还是早上高位买的[打脸]，今天早上还低位卖了。我真是sb还好买的不多,安彩高科(600207),,安彩高科(600207) 被提及 1 次，有效评论 1 条，来源 1 个，单视频线索，情绪 谨慎，当前判断：偏风险观察。,否,video_id=7640002925737079931; video_url=https://www.douyin.com/video/7640002925737079931; creator=王多于-股之子; like=0; reply=0; source_type=comment; yeren_signal_id=; parent_comment_text=,14:48,抖音评论,video,连续两天都是大跌#内容过于真实 #股民 #基金 #王多于股之子 #vlog十亿流量扶持计划,苏嘉乐,7640002925737079931,https://www.douyin.com/video/7640002925737079931,,7640006829154550566,14:48,未纳入,谨慎,自动映射到抖音视频评论池。,5.9,false
2026-05-15,wangduoyu,抖音评论 14:45,关键是我还加仓了,,,,否,video_id=7640002925737079931; video_url=https://www.douyin.com/video/7640002925737079931; creator=王多于-股之子; like=0; reply=0; source_type=comment; yeren_signal_id=; parent_comment_text=,14:45,抖音评论,video,连续两天都是大跌#内容过于真实 #股民 #基金 #王多于股之子 #vlog十亿流量扶持计划,一支穿云箭,7640002925737079931,https://www.douyin.com/video/7640002925737079931,,7640006108161934117,14:45,未纳入,中性,自动映射到抖音视频评论池。,,false
2026-05-15,wangduoyu,抖音评论 14:45,天通33，还有没有救[捂脸][捂脸][捂脸],,,,否,video_id=7640002925737079931; video_url=https://www.douyin.com/video/7640002925737079931; creator=王多于-股之子; like=0; reply=1; source_type=comment; yeren_signal_id=; parent_comment_text=,14:45,抖音评论,video,连续两天都是大跌#内容过于真实 #股民 #基金 #王多于股之子 #vlog十亿流量扶持计划,花开花落,7640002925737079931,https://www.douyin.com/video/7640002925737079931,,7640005959452033844,14:45,未纳入,中性,自动映射到抖音视频评论池。,,false
2026-05-15,wangduoyu,抖音评论 14:44,突然向下👇砸[流泪][流泪][流泪],,,,否,video_id=7640002925737079931; video_url=https://www.douyin.com/video/7640002925737079931; creator=王多于-股之子; like=0; reply=0; source_type=comment; yeren_signal_id=; parent_comment_text=,14:44,抖音评论,video,连续两天都是大跌#内容过于真实 #股民 #基金 #王多于股之子 #vlog十亿流量扶持计划,莲子心,7640002925737079931,https://www.douyin.com/video/7640002925737079931,,7640005924593926949,14:44,未纳入,中性,自动映射到抖音视频评论池。,,false
2026-05-15,wangduoyu,抖音评论 14:44,早上绿的卖了买的红的，结果[流泪],,,,否,video_id=7640002925737079931; video_url=https://www.douyin.com/video/7640002925737079931; creator=王多于-股之子; like=0; reply=0; source_type=comment; yeren_signal_id=; parent_comment_text=,14:44,抖音评论,video,连续两天都是大跌#内容过于真实 #股民 #基金 #王多于股之子 #vlog十亿流量扶持计划,老男孩er,7640002925737079931,https://www.douyin.com/video/7640002925737079931,,7640005738707337994,14:44,未纳入,中性,自动映射到抖音视频评论池。,,false
2026-05-15,wangduoyu,抖音评论 14:43,俩天亏了五万 [绝望的凝视] 这个月还倒贴俩万,,,,否,video_id=7640002925737079931; video_url=https://www.douyin.com/video/7640002925737079931; creator=王多于-股之子; like=0; reply=0; source_type=comment; yeren_signal_id=; parent_comment_text=,14:43,抖音评论,video,连续两天都是大跌#内容过于真实 #股民 #基金 #王多于股之子 #vlog十亿流量扶持计划,GNOHZYI,7640002925737079931,https://www.douyin.com/video/7640002925737079931,,7640005456870638379,14:43,未纳入,中性,自动映射到抖音视频评论池。,,false
2026-05-15,wangduoyu,抖音评论 14:42,我华盛昌红红的,华盛昌(002980),,华盛昌(002980) 被提及 2 次，有效评论 2 条，来源 2 个，跨来源共振，情绪 中性，当前判断：保留观察。,待确认,video_id=7640002925737079931; video_url=https://www.douyin.com/video/7640002925737079931; creator=王多于-股之子; like=0; reply=0; source_type=comment; yeren_signal_id=; parent_comment_text=,14:42,抖音评论,video,连续两天都是大跌#内容过于真实 #股民 #基金 #王多于股之子 #vlog十亿流量扶持计划,财少,7640002925737079931,https://www.douyin.com/video/7640002925737079931,,7640005297411064582,14:42,待确认,中性,自动映射到抖音视频评论池。,7.6,false
2026-05-15,wangduoyu,抖音评论 14:42,[思考]现在就是抄底机会，但不知道有几个敢的,,,,否,video_id=7640002925737079931; video_url=https://www.douyin.com/video/7640002925737079931; creator=王多于-股之子; like=2; reply=1; source_type=comment; yeren_signal_id=; parent_comment_text=,14:42,抖音评论,video,连续两天都是大跌#内容过于真实 #股民 #基金 #王多于股之子 #vlog十亿流量扶持计划,请叫我键爷,7640002925737079931,https://www.douyin.com/video/7640002925737079931,,7640005212798845746,14:42,未纳入,中性,自动映射到抖音视频评论池。,,false
2026-05-15,wangduoyu,抖音评论 14:42,五月份利润，半天干没了[泣不成声],,,,否,video_id=7640002925737079931; video_url=https://www.douyin.com/video/7640002925737079931; creator=王多于-股之子; like=0; reply=0; source_type=comment; yeren_signal_id=; parent_comment_text=,14:42,抖音评论,video,连续两天都是大跌#内容过于真实 #股民 #基金 #王多于股之子 #vlog十亿流量扶持计划,小先生～,7640002925737079931,https://www.douyin.com/video/7640002925737079931,,7640005193145467706,14:42,未纳入,中性,自动映射到抖音视频评论池。,,false
2026-05-15,wangduoyu,抖音评论 14:41,亏得要死[流泪],,,,否,video_id=7640002925737079931; video_url=https://www.douyin.com/video/7640002925737079931; creator=王多于-股之子; like=0; reply=0; source_type=comment; yeren_signal_id=; parent_comment_text=,14:41,抖音评论,video,连续两天都是大跌#内容过于真实 #股民 #基金 #王多于股之子 #vlog十亿流量扶持计划,岁岁长相见。,7640002925737079931,https://www.douyin.com/video/7640002925737079931,,7640005098203218745,14:41,未纳入,中性,自动映射到抖音视频评论池。,,false
2026-05-15,wangduoyu,抖音评论 14:41,早上红的，中午红的，现在绿成💩,,,,否,video_id=7640002925737079931; video_url=https://www.douyin.com/video/7640002925737079931; creator=王多于-股之子; like=0; reply=0; source_type=comment; yeren_signal_id=; parent_comment_text=,14:41,抖音评论,video,连续两天都是大跌#内容过于真实 #股民 #基金 #王多于股之子 #vlog十亿流量扶持计划,溜溜的她哦,7640002925737079931,https://www.douyin.com/video/7640002925737079931,,7640005039491695409,14:41,未纳入,中性,自动映射到抖音视频评论池。,,false
2026-05-15,wangduoyu,抖音评论 14:39,无语了，亏的一塌糊涂。[尬笑],,,,否,video_id=7640002925737079931; video_url=https://www.douyin.com/video/7640002925737079931; creator=王多于-股之子; like=0; reply=0; source_type=comment; yeren_signal_id=; parent_comment_text=,14:39,抖音评论,video,连续两天都是大跌#内容过于真实 #股民 #基金 #王多于股之子 #vlog十亿流量扶持计划,百无求,7640002925737079931,https://www.douyin.com/video/7640002925737079931,,7640004435439223587,14:39,未纳入,中性,自动映射到抖音视频评论池。,,false
2026-05-15,wangduoyu,抖音评论 14:38,两天我少了三万，这个回本好难[流泪][流泪][流泪][流泪][流泪],,,,否,video_id=7640002925737079931; video_url=https://www.douyin.com/video/7640002925737079931; creator=王多于-股之子; like=3; reply=0; source_type=comment; yeren_signal_id=; parent_comment_text=,14:38,抖音评论,video,连续两天都是大跌#内容过于真实 #股民 #基金 #王多于股之子 #vlog十亿流量扶持计划,跟着米哆不踩坑,7640002925737079931,https://www.douyin.com/video/7640002925737079931,,7640004374551085867,14:38,未纳入,中性,自动映射到抖音视频评论池。,,false
2026-05-15,wangduoyu,抖音评论 14:38,[比心],,,,否,video_id=7640002925737079931; video_url=https://www.douyin.com/video/7640002925737079931; creator=王多于-股之子; like=0; reply=0; source_type=comment; yeren_signal_id=; parent_comment_text=,14:38,抖音评论,video,连续两天都是大跌#内容过于真实 #股民 #基金 #王多于股之子 #vlog十亿流量扶持计划,一路长虹,7640002925737079931,https://www.douyin.com/video/7640002925737079931,,7640004357010965288,14:38,未纳入,中性,自动映射到抖音视频评论池。,,false
2026-05-15,wangduoyu,抖音评论 14:38,不卖就不卖，最近追涨杀跌结果都卖飞了，TM亏死了[捂脸],,,,否,video_id=7640002925737079931; video_url=https://www.douyin.com/video/7640002925737079931; creator=王多于-股之子; like=0; reply=0; source_type=comment; yeren_signal_id=; parent_comment_text=,14:38,抖音评论,video,连续两天都是大跌#内容过于真实 #股民 #基金 #王多于股之子 #vlog十亿流量扶持计划,孙溯蔓,7640002925737079931,https://www.douyin.com/video/7640002925737079931,,7640004221588554522,14:38,未纳入,中性,自动映射到抖音视频评论池。,,false
2026-05-15,wangduoyu,抖音评论 14:37,直接跌停，[尬笑],,,,否,video_id=7640002925737079931; video_url=https://www.douyin.com/video/7640002925737079931; creator=王多于-股之子; like=0; reply=0; source_type=comment; yeren_signal_id=; parent_comment_text=,14:37,抖音评论,video,连续两天都是大跌#内容过于真实 #股民 #基金 #王多于股之子 #vlog十亿流量扶持计划,爱吃芝士蛋糕🎂,7640002925737079931,https://www.douyin.com/video/7640002925737079931,,7640004000972292900,14:37,未纳入,中性,自动映射到抖音视频评论池。,,false
2026-05-15,wangduoyu,抖音评论 14:34,[看]是这个表情包吗[图片表情],,,,否,video_id=7640002925737079931; video_url=https://www.douyin.com/video/7640002925737079931; creator=王多于-股之子; like=1; reply=0; source_type=comment; yeren_signal_id=; parent_comment_text=,14:34,抖音评论,video,连续两天都是大跌#内容过于真实 #股民 #基金 #王多于股之子 #vlog十亿流量扶持计划,滨锡锡（快乐记单词）,7640002925737079931,https://www.douyin.com/video/7640002925737079931,,7640003275803607865,14:34,未纳入,中性,自动映射到抖音视频评论池。,,false
2026-05-15,wangduoyu,抖音评论 14:34,我又红的，就是赔了,,,,否,video_id=7640002925737079931; video_url=https://www.douyin.com/video/7640002925737079931; creator=王多于-股之子; like=0; reply=0; source_type=comment; yeren_signal_id=; parent_comment_text=,14:34,抖音评论,video,连续两天都是大跌#内容过于真实 #股民 #基金 #王多于股之子 #vlog十亿流量扶持计划,yan52011562,7640002925737079931,https://www.douyin.com/video/7640002925737079931,,7640003253040497465,14:34,未纳入,中性,自动映射到抖音视频评论池。,,false
2026-05-15,wangduoyu,抖音评论 14:34,第一[尬笑],,,,否,video_id=7640002925737079931; video_url=https://www.douyin.com/video/7640002925737079931; creator=王多于-股之子; like=2; reply=0; source_type=comment; yeren_signal_id=; parent_comment_text=,14:34,抖音评论,video,连续两天都是大跌#内容过于真实 #股民 #基金 #王多于股之子 #vlog十亿流量扶持计划,我刚刚好……,7640002925737079931,https://www.douyin.com/video/7640002925737079931,,7640003219141870395,14:34,未纳入,中性,自动映射到抖音视频评论池。,,false
2026-05-15,wangduoyu,抖音评论 14:51,"[看]分析师来了：
早盘大幅下杀。散户纷纷抄底[看]
明显看得出来。散户比主力入场的份额多。上午收尾翻红。散户纷纷跑步进厂抄底。下午狂跌。散户T+1跑不了。总结。下周一上午还得杀。",,,,否,video_id=7640002925737079931; video_url=https://www.douyin.com/video/7640002925737079931; creator=王多于-股之子; like=1; reply=0; source_type=comment; yeren_signal_id=; parent_comment_text=,14:51,抖音评论,video,连续两天都是大跌#内容过于真实 #股民 #基金 #王多于股之子 #vlog十亿流量扶持计划,酒保大叔、,7640002925737079931,https://www.douyin.com/video/7640002925737079931,,7640007496615281465,14:51,未纳入,中性,自动映射到抖音视频评论池。,,false
2026-05-15,wangduoyu,抖音评论 14:57,真算电协同:协鑫能科,,,,否,video_id=7640002925737079931; video_url=https://www.douyin.com/video/7640002925737079931; creator=王多于-股之子; like=0; reply=0; source_type=comment; yeren_signal_id=; parent_comment_text=,14:57,抖音评论,video,连续两天都是大跌#内容过于真实 #股民 #基金 #王多于股之子 #vlog十亿流量扶持计划,咬字,7640002925737079931,https://www.douyin.com/video/7640002925737079931,,7640009220657955621,14:57,未纳入,中性,自动映射到抖音视频评论池。,,false
2026-05-15,wangduoyu,抖音评论 14:59,哪位大佬说的合力泰，涨停了[鼓掌],合力泰(002217),消费电子;光学光电子,合力泰(002217) 被提及 5 次，有效评论 5 条，来源 2 个，跨来源共振，情绪 中性，当前判断：保留观察。,待确认,video_id=7639973382557732346; video_url=https://www.douyin.com/video/7639973382557732346; creator=王多于-股之子; like=0; reply=3; source_type=comment; yeren_signal_id=; parent_comment_text=,14:59,抖音评论,video,多学多看多总结吧#内容过于真实 #股民 #基金 #王多于股之子 #vlog十亿流量扶持计划,妹小白想发财,7639973382557732346,https://www.douyin.com/video/7639973382557732346,,7640009731940254515,14:59,待确认,中性,自动映射到抖音视频评论池。,8.8,false
2026-05-15,wangduoyu,抖音评论 12:44,中岩大地,中岩大地(003001),,中岩大地(003001) 被提及 1 次，有效评论 1 条，来源 1 个，单视频线索，情绪 中性，当前判断：保留观察。,待确认,video_id=7639973382557732346; video_url=https://www.douyin.com/video/7639973382557732346; creator=王多于-股之子; like=1; reply=3; source_type=comment; yeren_signal_id=; parent_comment_text=,12:44,抖音评论,video,多学多看多总结吧#内容过于真实 #股民 #基金 #王多于股之子 #vlog十亿流量扶持计划,歪零明明.,7639973382557732346,https://www.douyin.com/video/7639973382557732346,,7639974875855127306,12:44,待确认,中性,自动映射到抖音视频评论池。,6.4,false
2026-05-15,wangduoyu,抖音评论 13:52,江特电机还没跑,江特电机(002176),,江特电机(002176) 被提及 3 次，有效评论 3 条，来源 2 个，跨来源共振，情绪 中性，当前判断：保留观察。,待确认,video_id=7639973382557732346; video_url=https://www.douyin.com/video/7639973382557732346; creator=王多于-股之子; like=1; reply=2; source_type=comment; yeren_signal_id=; parent_comment_text=,13:52,抖音评论,video,多学多看多总结吧#内容过于真实 #股民 #基金 #王多于股之子 #vlog十亿流量扶持计划,阿伟,7639973382557732346,https://www.douyin.com/video/7639973382557732346,,7639992316242264889,13:52,待确认,中性,自动映射到抖音视频评论池。,8.0,false
2026-05-15,wangduoyu,抖音评论 13:59,只有贵州燃气[看],贵州燃气(600903),,贵州燃气(600903) 被提及 2 次，有效评论 2 条，来源 2 个，跨来源共振，情绪 中性，当前判断：保留观察。,待确认,video_id=7639973382557732346; video_url=https://www.douyin.com/video/7639973382557732346; creator=王多于-股之子; like=0; reply=1; source_type=comment; yeren_signal_id=; parent_comment_text=,13:59,抖音评论,video,多学多看多总结吧#内容过于真实 #股民 #基金 #王多于股之子 #vlog十亿流量扶持计划,静候佳音。,7639973382557732346,https://www.douyin.com/video/7639973382557732346,,7639994117266948907,13:59,待确认,中性,自动映射到抖音视频评论池。,7.6,false
2026-05-15,wangduoyu,抖音评论 12:43,赛摩智能[举手],赛摩智能(300466),,赛摩智能(300466) 被提及 1 次，有效评论 1 条，来源 1 个，单视频线索，情绪 中性，当前判断：保留观察。,待确认,video_id=7639973382557732346; video_url=https://www.douyin.com/video/7639973382557732346; creator=王多于-股之子; like=0; reply=3; source_type=comment; yeren_signal_id=; parent_comment_text=,12:43,抖音评论,video,多学多看多总结吧#内容过于真实 #股民 #基金 #王多于股之子 #vlog十亿流量扶持计划,写博恩,7639973382557732346,https://www.douyin.com/video/7639973382557732346,,7639974620897067828,12:43,待确认,中性,自动映射到抖音视频评论池。,6.4,false
2026-05-15,wangduoyu,抖音评论 14:30,巨力索具什么时候涨啊，跌了20个点了,巨力索具(002342),,巨力索具(002342) 被提及 1 次，有效评论 1 条，来源 1 个，单视频线索，情绪 谨慎，当前判断：偏风险观察。,否,video_id=7639973382557732346; video_url=https://www.douyin.com/video/7639973382557732346; creator=王多于-股之子; like=0; reply=3; source_type=comment; yeren_signal_id=; parent_comment_text=,14:30,抖音评论,video,多学多看多总结吧#内容过于真实 #股民 #基金 #王多于股之子 #vlog十亿流量扶持计划,紫妍,7639973382557732346,https://www.douyin.com/video/7639973382557732346,,7640002297942278969,14:30,未纳入,谨慎,自动映射到抖音视频评论池。,5.9,false
2026-05-15,wangduoyu,抖音评论 13:59,跨境通,,,评论热度较高，但暂未自动识别到明确股票线索，保留人工复核。,待确认,video_id=7639973382557732346; video_url=https://www.douyin.com/video/7639973382557732346; creator=王多于-股之子; like=0; reply=12; source_type=comment; yeren_signal_id=; parent_comment_text=,13:59,抖音评论,video,多学多看多总结吧#内容过于真实 #股民 #基金 #王多于股之子 #vlog十亿流量扶持计划,道可破万法,7639973382557732346,https://www.douyin.com/video/7639973382557732346,,7639994093368263473,13:59,待确认,中性,自动映射到抖音视频评论池。,6.2,false
2026-05-15,wangduoyu,抖音评论 13:19,说了几天的襄阳轴承也没人买[抠鼻],,,评论热度较高，但暂未自动识别到明确股票线索，保留人工复核。,待确认,video_id=7639973382557732346; video_url=https://www.douyin.com/video/7639973382557732346; creator=王多于-股之子; like=6; reply=9; source_type=comment; yeren_signal_id=; parent_comment_text=,13:19,抖音评论,video,多学多看多总结吧#内容过于真实 #股民 #基金 #王多于股之子 #vlog十亿流量扶持计划,杜 杜,7639973382557732346,https://www.douyin.com/video/7639973382557732346,,7639983884655248185,13:19,待确认,中性,自动映射到抖音视频评论池。,6.2,false
2026-05-15,wangduoyu,抖音评论 13:54,远东传动[微笑],远东传动(002406),,远东传动(002406) 被提及 1 次，有效评论 1 条，来源 1 个，单视频线索，情绪 中性，当前判断：保留观察。,待确认,video_id=7639973382557732346; video_url=https://www.douyin.com/video/7639973382557732346; creator=王多于-股之子; like=0; reply=1; source_type=comment; yeren_signal_id=; parent_comment_text=,13:54,抖音评论,video,多学多看多总结吧#内容过于真实 #股民 #基金 #王多于股之子 #vlog十亿流量扶持计划,Life。,7639973382557732346,https://www.douyin.com/video/7639973382557732346,,7639992868874584891,13:54,待确认,中性,自动映射到抖音视频评论池。,6.4,false
2026-05-15,wangduoyu,抖音评论 13:57,不知道之前是谁说的中国长城25进的 跌麻了,中国长城(000066),,中国长城(000066) 被提及 7 次，有效评论 7 条，来源 2 个，跨来源共振，情绪 谨慎，当前判断：偏风险观察。,否,video_id=7639973382557732346; video_url=https://www.douyin.com/video/7639973382557732346; creator=王多于-股之子; like=5; reply=1; source_type=comment; yeren_signal_id=; parent_comment_text=,13:57,抖音评论,video,多学多看多总结吧#内容过于真实 #股民 #基金 #王多于股之子 #vlog十亿流量扶持计划,夏日松香,7639973382557732346,https://www.douyin.com/video/7639973382557732346,,7639993618262786853,13:57,未纳入,谨慎,自动映射到抖音视频评论池。,9.0,false
2026-05-15,wangduoyu,抖音评论 13:47,一觉睡醒天塌了,,,,否,video_id=7639973382557732346; video_url=https://www.douyin.com/video/7639973382557732346; creator=王多于-股之子; like=5; reply=2; source_type=comment; yeren_signal_id=; parent_comment_text=,13:47,抖音评论,video,多学多看多总结吧#内容过于真实 #股民 #基金 #王多于股之子 #vlog十亿流量扶持计划,王多于-股之子,7639973382557732346,https://www.douyin.com/video/7639973382557732346,,7639991118797194033,13:47,未纳入,中性,自动映射到抖音视频评论池。,,false
2026-05-15,wangduoyu,抖音评论 14:11,说士兰微的大佬 还能拿吗？,士兰微(600460),,士兰微(600460) 被提及 1 次，有效评论 1 条，来源 1 个，单视频线索，情绪 中性，当前判断：保留观察。,待确认,video_id=7639973382557732346; video_url=https://www.douyin.com/video/7639973382557732346; creator=王多于-股之子; like=0; reply=1; source_type=comment; yeren_signal_id=; parent_comment_text=,14:11,抖音评论,video,多学多看多总结吧#内容过于真实 #股民 #基金 #王多于股之子 #vlog十亿流量扶持计划,姐妹花,7639973382557732346,https://www.douyin.com/video/7639973382557732346,,7639997296373924649,14:11,待确认,中性,自动映射到抖音视频评论池。,6.4,false
2026-05-15,wangduoyu,抖音评论 13:47,周一全仓进了平潭，昨天割了，全仓进了小商品，各位义父，小商品我啥时候跑[捂脸],,,,否,video_id=7639973382557732346; video_url=https://www.douyin.com/video/7639973382557732346; creator=王多于-股之子; like=0; reply=5; source_type=comment; yeren_signal_id=; parent_comment_text=,13:47,抖音评论,video,多学多看多总结吧#内容过于真实 #股民 #基金 #王多于股之子 #vlog十亿流量扶持计划,亳州酒蒙子,7639973382557732346,https://www.douyin.com/video/7639973382557732346,,7639991152469000969,13:47,未纳入,中性,自动映射到抖音视频评论池。,,false
2026-05-15,wangduoyu,抖音评论 12:44,威星智能[看],威星智能(002849),,威星智能(002849) 被提及 1 次，有效评论 1 条，来源 1 个，单视频线索，情绪 中性，当前判断：保留观察。,待确认,video_id=7639973382557732346; video_url=https://www.douyin.com/video/7639973382557732346; creator=王多于-股之子; like=1; reply=1; source_type=comment; yeren_signal_id=; parent_comment_text=,12:44,抖音评论,video,多学多看多总结吧#内容过于真实 #股民 #基金 #王多于股之子 #vlog十亿流量扶持计划,MSH,7639973382557732346,https://www.douyin.com/video/7639973382557732346,,7639974901814264622,12:44,待确认,中性,自动映射到抖音视频评论池。,6.4,false
2026-05-15,wangduoyu,抖音评论 14:33,工业富联[苦涩],工业富联(601138),,工业富联(601138) 被提及 1 次，有效评论 1 条，来源 1 个，单视频线索，情绪 中性，当前判断：保留观察。,待确认,video_id=7639973382557732346; video_url=https://www.douyin.com/video/7639973382557732346; creator=王多于-股之子; like=0; reply=0; source_type=comment; yeren_signal_id=; parent_comment_text=,14:33,抖音评论,video,多学多看多总结吧#内容过于真实 #股民 #基金 #王多于股之子 #vlog十亿流量扶持计划,谁的等待   恰当花开,7639973382557732346,https://www.douyin.com/video/7639973382557732346,,7640003050182312723,14:33,待确认,中性,自动映射到抖音视频评论池。,6.4,false
2026-05-15,wangduoyu,抖音评论 14:55,圣阳啥时候涨啊[哭哭][哭哭][哭哭]全仓吃了两个跌停,,,,否,video_id=7639973382557732346; video_url=https://www.douyin.com/video/7639973382557732346; creator=王多于-股之子; like=0; reply=0; source_type=comment; yeren_signal_id=; parent_comment_text=,14:55,抖音评论,video,多学多看多总结吧#内容过于真实 #股民 #基金 #王多于股之子 #vlog十亿流量扶持计划,兔兔,7639973382557732346,https://www.douyin.com/video/7639973382557732346,,7640008656775988017,14:55,未纳入,中性,自动映射到抖音视频评论池。,,false
2026-05-15,wangduoyu,抖音评论 14:28,多鱼呀，我再不给你推荐了。,,,评论热度较高，但暂未自动识别到明确股票线索，保留人工复核。,待确认,video_id=7639973382557732346; video_url=https://www.douyin.com/video/7639973382557732346; creator=王多于-股之子; like=5; reply=8; source_type=comment; yeren_signal_id=; parent_comment_text=,14:28,抖音评论,video,多学多看多总结吧#内容过于真实 #股民 #基金 #王多于股之子 #vlog十亿流量扶持计划,风起云涌,7639973382557732346,https://www.douyin.com/video/7639973382557732346,,7640001740837749562,14:28,待确认,中性,自动映射到抖音视频评论池。,6.2,false
2026-05-15,wangduoyu,抖音评论 12:40,永鼎今天杀到水下7个点 在反弹 怎么看,,,评论热度较高，但暂未自动识别到明确股票线索，保留人工复核。,待确认,video_id=7639973382557732346; video_url=https://www.douyin.com/video/7639973382557732346; creator=王多于-股之子; like=0; reply=7; source_type=comment; yeren_signal_id=; parent_comment_text=,12:40,抖音评论,video,多学多看多总结吧#内容过于真实 #股民 #基金 #王多于股之子 #vlog十亿流量扶持计划,。。。。。,7639973382557732346,https://www.douyin.com/video/7639973382557732346,,7639973881809847059,12:40,待确认,中性,自动映射到抖音视频评论池。,6.2,false
2026-05-15,wangduoyu,抖音评论 13:27,好久没说话了，我留言的多氟多，涨的不多每股有三块了吧。,多氟多(002407),,多氟多(002407) 被提及 1 次，有效评论 1 条，来源 1 个，单视频线索，情绪 中性，当前判断：保留观察。,待确认,video_id=7639973382557732346; video_url=https://www.douyin.com/video/7639973382557732346; creator=王多于-股之子; like=0; reply=3; source_type=comment; yeren_signal_id=; parent_comment_text=,13:27,抖音评论,video,多学多看多总结吧#内容过于真实 #股民 #基金 #王多于股之子 #vlog十亿流量扶持计划,孤_冰,7639973382557732346,https://www.douyin.com/video/7639973382557732346,,7639986012652045105,13:27,待确认,中性,自动映射到抖音视频评论池。,6.4,false
2026-05-15,wangduoyu,抖音评论 12:43,Zg 巨石要止损吗,,,,否,video_id=7639973382557732346; video_url=https://www.douyin.com/video/7639973382557732346; creator=王多于-股之子; like=0; reply=3; source_type=comment; yeren_signal_id=; parent_comment_text=,12:43,抖音评论,video,多学多看多总结吧#内容过于真实 #股民 #基金 #王多于股之子 #vlog十亿流量扶持计划,释然,7639973382557732346,https://www.douyin.com/video/7639973382557732346,,7639974704582230799,12:43,未纳入,中性,自动映射到抖音视频评论池。,,false
2026-05-15,wangduoyu,抖音评论 13:22,协鑫nk怎么看啊各位义夫义母，昨天高位进的[黑脸],,,,否,video_id=7639973382557732346; video_url=https://www.douyin.com/video/7639973382557732346; creator=王多于-股之子; like=0; reply=1; source_type=comment; yeren_signal_id=; parent_comment_text=,13:22,抖音评论,video,多学多看多总结吧#内容过于真实 #股民 #基金 #王多于股之子 #vlog十亿流量扶持计划,好运蛙蛙～,7639973382557732346,https://www.douyin.com/video/7639973382557732346,,7639984627863552817,13:22,未纳入,中性,自动映射到抖音视频评论池。,,false
2026-05-15,wangduoyu,抖音评论 14:12,海星股份 义父们看看还能进吗,海星股份(603115),,海星股份(603115) 被提及 1 次，有效评论 1 条，来源 1 个，单视频线索，情绪 中性，当前判断：保留观察。,待确认,video_id=7639973382557732346; video_url=https://www.douyin.com/video/7639973382557732346; creator=王多于-股之子; like=0; reply=1; source_type=comment; yeren_signal_id=; parent_comment_text=,14:12,抖音评论,video,多学多看多总结吧#内容过于真实 #股民 #基金 #王多于股之子 #vlog十亿流量扶持计划,足智多谋派大星,7639973382557732346,https://www.douyin.com/video/7639973382557732346,,7639997537969144595,14:12,待确认,中性,自动映射到抖音视频评论池。,6.4,false
2026-05-15,wangduoyu,抖音评论 13:20,三维通信还能拿吗义父们？,三维通信(002115),,三维通信(002115) 被提及 1 次，有效评论 1 条，来源 1 个，单视频线索，情绪 中性，当前判断：保留观察。,待确认,video_id=7639973382557732346; video_url=https://www.douyin.com/video/7639973382557732346; creator=王多于-股之子; like=0; reply=0; source_type=comment; yeren_signal_id=; parent_comment_text=,13:20,抖音评论,video,多学多看多总结吧#内容过于真实 #股民 #基金 #王多于股之子 #vlog十亿流量扶持计划,适可而止,7639973382557732346,https://www.douyin.com/video/7639973382557732346,,7639984143900590885,13:20,待确认,中性,自动映射到抖音视频评论池。,6.4,false
2026-05-15,wangduoyu,抖音评论 13:46,有没有被江特恶心到了,,,,否,video_id=7639973382557732346; video_url=https://www.douyin.com/video/7639973382557732346; creator=王多于-股之子; like=0; reply=4; source_type=comment; yeren_signal_id=; parent_comment_text=,13:46,抖音评论,video,多学多看多总结吧#内容过于真实 #股民 #基金 #王多于股之子 #vlog十亿流量扶持计划,李时珍的菜🃏,7639973382557732346,https://www.douyin.com/video/7639973382557732346,,7639990803587597091,13:46,未纳入,中性,自动映射到抖音视频评论池。,,false
2026-05-15,wangduoyu,抖音评论 13:36,你看储能，阳光电源,阳光电源(300274),,阳光电源(300274) 被提及 1 次，有效评论 1 条，来源 1 个，单视频线索，情绪 中性，当前判断：保留观察。,待确认,video_id=7639973382557732346; video_url=https://www.douyin.com/video/7639973382557732346; creator=王多于-股之子; like=0; reply=0; source_type=comment; yeren_signal_id=; parent_comment_text=,13:36,抖音评论,video,多学多看多总结吧#内容过于真实 #股民 #基金 #王多于股之子 #vlog十亿流量扶持计划,一个兔子跑得慢✨,7639973382557732346,https://www.douyin.com/video/7639973382557732346,,7639988308089733898,13:36,待确认,中性,自动映射到抖音视频评论池。,6.4,false
2026-05-15,wangduoyu,抖音评论 12:51,光迅，开盘卖，然后做t反杀回来，爽了,,,,否,video_id=7639973382557732346; video_url=https://www.douyin.com/video/7639973382557732346; creator=王多于-股之子; like=0; reply=4; source_type=comment; yeren_signal_id=; parent_comment_text=,12:51,抖音评论,video,多学多看多总结吧#内容过于真实 #股民 #基金 #王多于股之子 #vlog十亿流量扶持计划,最最最最喵,7639973382557732346,https://www.douyin.com/video/7639973382557732346,,7639976686452966202,12:51,未纳入,中性,自动映射到抖音视频评论池。,,false
2026-05-15,wangduoyu,抖音评论 14:20,小商品城再说一次小商品城,小商品城(600415),,小商品城(600415) 被提及 2 次，有效评论 2 条，来源 1 个，单视频线索，情绪 看多，当前判断：保留观察。,待确认,video_id=7639973382557732346; video_url=https://www.douyin.com/video/7639973382557732346; creator=王多于-股之子; like=0; reply=2; source_type=comment; yeren_signal_id=; parent_comment_text=,14:20,抖音评论,video,多学多看多总结吧#内容过于真实 #股民 #基金 #王多于股之子 #vlog十亿流量扶持计划,🌱,7639973382557732346,https://www.douyin.com/video/7639973382557732346,,7639999553819869989,14:20,待确认,看多,自动映射到抖音视频评论池。,6.9,false
2026-05-15,wangduoyu,抖音评论 15:10,跌停进的天通，老师们怎么看,,,,否,video_id=7639973382557732346; video_url=https://www.douyin.com/video/7639973382557732346; creator=王多于-股之子; like=0; reply=0; source_type=comment; yeren_signal_id=; parent_comment_text=,15:10,抖音评论,video,多学多看多总结吧#内容过于真实 #股民 #基金 #王多于股之子 #vlog十亿流量扶持计划,亚太首饰,7639973382557732346,https://www.douyin.com/video/7639973382557732346,,7640012562977375025,15:10,未纳入,中性,自动映射到抖音视频评论池。,,false
2026-05-15,wangduoyu,抖音评论 13:06,西藏珠峰怎么样,西藏珠峰(600338),,西藏珠峰(600338) 被提及 2 次，有效评论 2 条，来源 2 个，跨来源共振，情绪 中性，当前判断：保留观察。,待确认,video_id=7639973382557732346; video_url=https://www.douyin.com/video/7639973382557732346; creator=王多于-股之子; like=0; reply=1; source_type=comment; yeren_signal_id=; parent_comment_text=,13:06,抖音评论,video,多学多看多总结吧#内容过于真实 #股民 #基金 #王多于股之子 #vlog十亿流量扶持计划,奕晗,7639973382557732346,https://www.douyin.com/video/7639973382557732346,,7639980568109662985,13:06,待确认,中性,自动映射到抖音视频评论池。,7.6,false
2026-05-15,wangduoyu,抖音评论 13:33,哪位说的天通，跌爆了[流泪],,,,否,video_id=7639973382557732346; video_url=https://www.douyin.com/video/7639973382557732346; creator=王多于-股之子; like=1; reply=2; source_type=comment; yeren_signal_id=; parent_comment_text=,13:33,抖音评论,video,多学多看多总结吧#内容过于真实 #股民 #基金 #王多于股之子 #vlog十亿流量扶持计划,不想吃头孢,7639973382557732346,https://www.douyin.com/video/7639973382557732346,,7639987502312571707,13:33,未纳入,中性,自动映射到抖音视频评论池。,,false
2026-05-15,wangduoyu,抖音评论 14:12,"[看]分析师来了：
早盘大幅下杀。散户纷纷抄底[看]
明显看得出来。散户比主力入场的份额多。上午收尾翻红。散户纷纷跑步进厂抄底。下午狂跌。散户T+1跑不了。总结。下周一上午还得杀。",,,评论热度较高，但暂未自动识别到明确股票线索，保留人工复核。,待确认,video_id=7639973382557732346; video_url=https://www.douyin.com/video/7639973382557732346; creator=王多于-股之子; like=18; reply=6; source_type=comment; yeren_signal_id=; parent_comment_text=,14:12,抖音评论,video,多学多看多总结吧#内容过于真实 #股民 #基金 #王多于股之子 #vlog十亿流量扶持计划,酒保大叔、,7639973382557732346,https://www.douyin.com/video/7639973382557732346,,7639997525214135099,14:12,待确认,中性,自动映射到抖音视频评论池。,6.2,false
2026-05-15,wangduoyu,抖音评论 13:51,那个说平潭的呢？？？！！！[微笑]我保证不打死你,,,,否,video_id=7639973382557732346; video_url=https://www.douyin.com/video/7639973382557732346; creator=王多于-股之子; like=3; reply=5; source_type=comment; yeren_signal_id=; parent_comment_text=,13:51,抖音评论,video,多学多看多总结吧#内容过于真实 #股民 #基金 #王多于股之子 #vlog十亿流量扶持计划,小团子是只小兔子,7639973382557732346,https://www.douyin.com/video/7639973382557732346,,7639992059101922085,13:51,未纳入,中性,自动映射到抖音视频评论池。,,false
2026-05-15,wangduoyu,抖音评论 13:31,我真是被电⚡击打的脸都绿了,,,评论热度较高，但暂未自动识别到明确股票线索，保留人工复核。,待确认,video_id=7639973382557732346; video_url=https://www.douyin.com/video/7639973382557732346; creator=王多于-股之子; like=4; reply=6; source_type=comment; yeren_signal_id=; parent_comment_text=,13:31,抖音评论,video,多学多看多总结吧#内容过于真实 #股民 #基金 #王多于股之子 #vlog十亿流量扶持计划,阳阳得意🥳,7639973382557732346,https://www.douyin.com/video/7639973382557732346,,7639986881609859886,13:31,待确认,中性,自动映射到抖音视频评论池。,6.2,false
2026-05-15,wangduoyu,抖音评论 14:47,圣阳吃了2个地板[尬笑],,,,否,video_id=7639973382557732346; video_url=https://www.douyin.com/video/7639973382557732346; creator=王多于-股之子; like=1; reply=1; source_type=comment; yeren_signal_id=; parent_comment_text=,14:47,抖音评论,video,多学多看多总结吧#内容过于真实 #股民 #基金 #王多于股之子 #vlog十亿流量扶持计划,那个夏天,7639973382557732346,https://www.douyin.com/video/7639973382557732346,,7640006442322805539,14:47,未纳入,中性,自动映射到抖音视频评论池。,,false
2026-05-15,wangduoyu,抖音评论 14:33,求未来一个月能翻倍的股，亏30个点了[流泪],,,,否,video_id=7639973382557732346; video_url=https://www.douyin.com/video/7639973382557732346; creator=王多于-股之子; like=0; reply=1; source_type=comment; yeren_signal_id=; parent_comment_text=,14:33,抖音评论,video,多学多看多总结吧#内容过于真实 #股民 #基金 #王多于股之子 #vlog十亿流量扶持计划,花相似,7639973382557732346,https://www.douyin.com/video/7639973382557732346,,7640003087701246777,14:33,未纳入,中性,自动映射到抖音视频评论池。,,false
2026-05-15,wangduoyu,抖音评论 15:01,莲花下周一怎么样义父们，all in了,,,,否,video_id=7639973382557732346; video_url=https://www.douyin.com/video/7639973382557732346; creator=王多于-股之子; like=0; reply=0; source_type=comment; yeren_signal_id=; parent_comment_text=,15:01,抖音评论,video,多学多看多总结吧#内容过于真实 #股民 #基金 #王多于股之子 #vlog十亿流量扶持计划,我叫牛富贵  咸鱼之王,7639973382557732346,https://www.douyin.com/video/7639973382557732346,,7640010268823208758,15:01,未纳入,中性,自动映射到抖音视频评论池。,,false
2026-05-15,wangduoyu,抖音评论 12:43,乱买的，跟开盘亏的对冲了[捂脸],,,,否,video_id=7639973382557732346; video_url=https://www.douyin.com/video/7639973382557732346; creator=王多于-股之子; like=2; reply=4; source_type=comment; yeren_signal_id=; parent_comment_text=,12:43,抖音评论,video,多学多看多总结吧#内容过于真实 #股民 #基金 #王多于股之子 #vlog十亿流量扶持计划,@小半,7639973382557732346,https://www.douyin.com/video/7639973382557732346,,7639974627293807370,12:43,未纳入,中性,自动映射到抖音视频评论池。,,false
2026-05-15,wangduoyu,抖音评论 12:44,我琢磨着下午还是进电力埋伏下周？,,,评论热度较高，但暂未自动识别到明确股票线索，保留人工复核。,待确认,video_id=7639973382557732346; video_url=https://www.douyin.com/video/7639973382557732346; creator=王多于-股之子; like=1; reply=8; source_type=comment; yeren_signal_id=; parent_comment_text=,12:44,抖音评论,video,多学多看多总结吧#内容过于真实 #股民 #基金 #王多于股之子 #vlog十亿流量扶持计划,风灬依然,7639973382557732346,https://www.douyin.com/video/7639973382557732346,,7639974783644140337,12:44,待确认,中性,自动映射到抖音视频评论池。,6.2,false
2026-05-15,wangduoyu,抖音评论 14:06,我早上进了大唐,,,,否,video_id=7639973382557732346; video_url=https://www.douyin.com/video/7639973382557732346; creator=王多于-股之子; like=0; reply=2; source_type=comment; yeren_signal_id=; parent_comment_text=,14:06,抖音评论,video,多学多看多总结吧#内容过于真实 #股民 #基金 #王多于股之子 #vlog十亿流量扶持计划,莎,7639973382557732346,https://www.douyin.com/video/7639973382557732346,,7639996137294463790,14:06,未纳入,中性,自动映射到抖音视频评论池。,,false
2026-05-15,wangduoyu,抖音评论 12:58,这条我翻了半天也没找到原文[流泪][捂脸][捂脸][捂脸],,,评论热度较高，但暂未自动识别到明确股票线索，保留人工复核。,待确认,video_id=7639973382557732346; video_url=https://www.douyin.com/video/7639973382557732346; creator=王多于-股之子; like=0; reply=6; source_type=comment; yeren_signal_id=; parent_comment_text=,12:58,抖音评论,video,多学多看多总结吧#内容过于真实 #股民 #基金 #王多于股之子 #vlog十亿流量扶持计划,Dushon,7639973382557732346,https://www.douyin.com/video/7639973382557732346,,7639978520986845992,12:58,待确认,中性,自动映射到抖音视频评论池。,6.2,false
2026-05-15,wangduoyu,抖音评论 12:44,有没有哪位大神知道说的是哪个[尬笑][尬笑][尬笑],,,,否,video_id=7639973382557732346; video_url=https://www.douyin.com/video/7639973382557732346; creator=王多于-股之子; like=0; reply=2; source_type=comment; yeren_signal_id=; parent_comment_text=,12:44,抖音评论,video,多学多看多总结吧#内容过于真实 #股民 #基金 #王多于股之子 #vlog十亿流量扶持计划,🍒不说再见🍒,7639973382557732346,https://www.douyin.com/video/7639973382557732346,,7639974921380856613,12:44,未纳入,中性,自动映射到抖音视频评论池。,,false
2026-05-15,wangduoyu,抖音评论 12:41,zg长城怎么看，义父们[流泪],,,评论热度较高，但暂未自动识别到明确股票线索，保留人工复核。,待确认,video_id=7639973382557732346; video_url=https://www.douyin.com/video/7639973382557732346; creator=王多于-股之子; like=0; reply=8; source_type=comment; yeren_signal_id=; parent_comment_text=,12:41,抖音评论,video,多学多看多总结吧#内容过于真实 #股民 #基金 #王多于股之子 #vlog十亿流量扶持计划,大王好甜,7639973382557732346,https://www.douyin.com/video/7639973382557732346,,7639974167001924410,12:41,待确认,中性,自动映射到抖音视频评论池。,6.2,false
2026-05-15,wangduoyu,抖音评论 13:21,中国能建今天能入吗,中国能建(601868),,中国能建(601868) 被提及 2 次，有效评论 2 条，来源 2 个，跨来源共振，情绪 中性，当前判断：保留观察。,待确认,video_id=7639973382557732346; video_url=https://www.douyin.com/video/7639973382557732346; creator=王多于-股之子; like=0; reply=0; source_type=comment; yeren_signal_id=; parent_comment_text=,13:21,抖音评论,video,多学多看多总结吧#内容过于真实 #股民 #基金 #王多于股之子 #vlog十亿流量扶持计划,（·～·）,7639973382557732346,https://www.douyin.com/video/7639973382557732346,,7639984326842696494,13:21,待确认,中性,自动映射到抖音视频评论池。,7.6,false
2026-05-15,wangduoyu,抖音评论 13:32,黄河是不是该走了[流泪],,,,否,video_id=7639973382557732346; video_url=https://www.douyin.com/video/7639973382557732346; creator=王多于-股之子; like=1; reply=3; source_type=comment; yeren_signal_id=; parent_comment_text=,13:32,抖音评论,video,多学多看多总结吧#内容过于真实 #股民 #基金 #王多于股之子 #vlog十亿流量扶持计划,Melon,7639973382557732346,https://www.douyin.com/video/7639973382557732346,,7639987182384481073,13:32,未纳入,中性,自动映射到抖音视频评论池。,,false
2026-05-15,wangduoyu,抖音评论 12:57,[比心],,,,否,video_id=7639973382557732346; video_url=https://www.douyin.com/video/7639973382557732346; creator=王多于-股之子; like=1; reply=0; source_type=comment; yeren_signal_id=; parent_comment_text=,12:57,抖音评论,video,多学多看多总结吧#内容过于真实 #股民 #基金 #王多于股之子 #vlog十亿流量扶持计划,一路长虹,7639973382557732346,https://www.douyin.com/video/7639973382557732346,,7639978094250492687,12:57,未纳入,中性,自动映射到抖音视频评论池。,,false
2026-05-15,wangduoyu,抖音评论 13:01,今天追的，下一星期肯定暴亏，下周看结果,,,,否,video_id=7639973382557732346; video_url=https://www.douyin.com/video/7639973382557732346; creator=王多于-股之子; like=1; reply=2; source_type=comment; yeren_signal_id=; parent_comment_text=,13:01,抖音评论,video,多学多看多总结吧#内容过于真实 #股民 #基金 #王多于股之子 #vlog十亿流量扶持计划,栾川九十度装饰,7639973382557732346,https://www.douyin.com/video/7639973382557732346,,7639979326327571215,13:01,未纳入,中性,自动映射到抖音视频评论池。,,false
2026-05-15,wangduoyu,抖音评论 12:41,虽然说这周我不够精彩，但是下周一定能轮到我,,,,否,video_id=7639973382557732346; video_url=https://www.douyin.com/video/7639973382557732346; creator=王多于-股之子; like=1; reply=3; source_type=comment; yeren_signal_id=; parent_comment_text=,12:41,抖音评论,video,多学多看多总结吧#内容过于真实 #股民 #基金 #王多于股之子 #vlog十亿流量扶持计划,王多于-股之子,7639973382557732346,https://www.douyin.com/video/7639973382557732346,,7639974144150815537,12:41,未纳入,中性,自动映射到抖音视频评论池。,,false
2026-05-15,wangduoyu,抖音评论 13:40,上次说蓝思科技慢慢玩那个大哥，已经这周30%了，感谢大哥,蓝思科技(300433),,蓝思科技(300433) 被提及 2 次，有效评论 2 条，来源 2 个，跨来源共振，情绪 中性，当前判断：已进入推荐候选。,是,video_id=7639973382557732346; video_url=https://www.douyin.com/video/7639973382557732346; creator=王多于-股之子; like=0; reply=0; source_type=comment; yeren_signal_id=; parent_comment_text=,13:40,抖音评论,video,多学多看多总结吧#内容过于真实 #股民 #基金 #王多于股之子 #vlog十亿流量扶持计划,一个兔子跑得慢✨,7639973382557732346,https://www.douyin.com/video/7639973382557732346,,7639989281663042355,13:40,已纳入,中性,自动映射到抖音视频评论池。,8.4,true
2026-05-15,wangduoyu,抖音评论 12:43,绿了几天了，看下个周[捂脸],,,,否,video_id=7639973382557732346; video_url=https://www.douyin.com/video/7639973382557732346; creator=王多于-股之子; like=1; reply=0; source_type=comment; yeren_signal_id=; parent_comment_text=,12:43,抖音评论,video,多学多看多总结吧#内容过于真实 #股民 #基金 #王多于股之子 #vlog十亿流量扶持计划,uncle杰克,7639973382557732346,https://www.douyin.com/video/7639973382557732346,,7639974521475613489,12:43,未纳入,中性,自动映射到抖音视频评论池。,,false
2026-05-15,wangduoyu,抖音评论 12:42,等指导了大哥们,,,,否,video_id=7639973382557732346; video_url=https://www.douyin.com/video/7639973382557732346; creator=王多于-股之子; like=1; reply=0; source_type=comment; yeren_signal_id=; parent_comment_text=,12:42,抖音评论,video,多学多看多总结吧#内容过于真实 #股民 #基金 #王多于股之子 #vlog十亿流量扶持计划,‘’wy。,7639973382557732346,https://www.douyin.com/video/7639973382557732346,,7639974334077109002,12:42,未纳入,中性,自动映射到抖音视频评论池。,,false
2026-05-15,wangduoyu,抖音评论 12:44,有没有哪位大神知道说的是哪个[尬笑][尬笑][尬笑],,,,否,video_id=7639973382557732346; video_url=https://www.douyin.com/video/7639973382557732346; creator=王多于-股之子; like=0; reply=2; source_type=comment; yeren_signal_id=; parent_comment_text=,12:44,抖音评论,video,多学多看多总结吧#内容过于真实 #股民 #基金 #王多于股之子 #vlog十亿流量扶持计划,🍒不说再见🍒,7639973382557732346,https://www.douyin.com/video/7639973382557732346,,7639974921380856613,12:44,未纳入,中性,自动映射到抖音视频评论池。,,false
2026-05-15,wangduoyu,抖音评论 12:44,我琢磨着下午还是进电力埋伏下周？,,,评论热度较高，但暂未自动识别到明确股票线索，保留人工复核。,待确认,video_id=7639973382557732346; video_url=https://www.douyin.com/video/7639973382557732346; creator=王多于-股之子; like=1; reply=8; source_type=comment; yeren_signal_id=; parent_comment_text=,12:44,抖音评论,video,多学多看多总结吧#内容过于真实 #股民 #基金 #王多于股之子 #vlog十亿流量扶持计划,风灬依然,7639973382557732346,https://www.douyin.com/video/7639973382557732346,,7639974783644140337,12:44,待确认,中性,自动映射到抖音视频评论池。,6.2,false
2026-05-15,wangduoyu,抖音评论 12:43,通F,,,,否,video_id=7639973382557732346; video_url=https://www.douyin.com/video/7639973382557732346; creator=王多于-股之子; like=0; reply=0; source_type=comment; yeren_signal_id=; parent_comment_text=,12:43,抖音评论,video,多学多看多总结吧#内容过于真实 #股民 #基金 #王多于股之子 #vlog十亿流量扶持计划,绵绵丹,7639973382557732346,https://www.douyin.com/video/7639973382557732346,,7639974694549062452,12:43,未纳入,中性,自动映射到抖音视频评论池。,,false
2026-05-15,wangduoyu,抖音评论 12:43,乱买的，跟开盘亏的对冲了[捂脸],,,,否,video_id=7639973382557732346; video_url=https://www.douyin.com/video/7639973382557732346; creator=王多于-股之子; like=2; reply=4; source_type=comment; yeren_signal_id=; parent_comment_text=,12:43,抖音评论,video,多学多看多总结吧#内容过于真实 #股民 #基金 #王多于股之子 #vlog十亿流量扶持计划,@小半,7639973382557732346,https://www.douyin.com/video/7639973382557732346,,7639974627293807370,12:43,未纳入,中性,自动映射到抖音视频评论池。,,false
2026-05-15,wangduoyu,抖音评论 12:43,绿了几天了，看下个周[捂脸],,,,否,video_id=7639973382557732346; video_url=https://www.douyin.com/video/7639973382557732346; creator=王多于-股之子; like=1; reply=0; source_type=comment; yeren_signal_id=; parent_comment_text=,12:43,抖音评论,video,多学多看多总结吧#内容过于真实 #股民 #基金 #王多于股之子 #vlog十亿流量扶持计划,uncle杰克,7639973382557732346,https://www.douyin.com/video/7639973382557732346,,7639974521475613489,12:43,未纳入,中性,自动映射到抖音视频评论池。,,false
2026-05-15,wangduoyu,抖音评论 12:42,等指导了大哥们,,,,否,video_id=7639973382557732346; video_url=https://www.douyin.com/video/7639973382557732346; creator=王多于-股之子; like=1; reply=0; source_type=comment; yeren_signal_id=; parent_comment_text=,12:42,抖音评论,video,多学多看多总结吧#内容过于真实 #股民 #基金 #王多于股之子 #vlog十亿流量扶持计划,‘’wy。,7639973382557732346,https://www.douyin.com/video/7639973382557732346,,7639974334077109002,12:42,未纳入,中性,自动映射到抖音视频评论池。,,false
2026-05-15,wangduoyu,抖音评论 12:41,zg长城怎么看，义父们[流泪],,,评论热度较高，但暂未自动识别到明确股票线索，保留人工复核。,待确认,video_id=7639973382557732346; video_url=https://www.douyin.com/video/7639973382557732346; creator=王多于-股之子; like=0; reply=8; source_type=comment; yeren_signal_id=; parent_comment_text=,12:41,抖音评论,video,多学多看多总结吧#内容过于真实 #股民 #基金 #王多于股之子 #vlog十亿流量扶持计划,大王好甜,7639973382557732346,https://www.douyin.com/video/7639973382557732346,,7639974167001924410,12:41,待确认,中性,自动映射到抖音视频评论池。,6.2,false
2026-05-15,wangduoyu,抖音评论 12:41,虽然说这周我不够精彩，但是下周一定能轮到我,,,,否,video_id=7639973382557732346; video_url=https://www.douyin.com/video/7639973382557732346; creator=王多于-股之子; like=1; reply=3; source_type=comment; yeren_signal_id=; parent_comment_text=,12:41,抖音评论,video,多学多看多总结吧#内容过于真实 #股民 #基金 #王多于股之子 #vlog十亿流量扶持计划,王多于-股之子,7639973382557732346,https://www.douyin.com/video/7639973382557732346,,7639974144150815537,12:41,未纳入,中性,自动映射到抖音视频评论池。,,false
2026-05-15,wangduoyu,抖音评论 12:39,第一,,,,否,video_id=7639973382557732346; video_url=https://www.douyin.com/video/7639973382557732346; creator=王多于-股之子; like=1; reply=0; source_type=comment; yeren_signal_id=; parent_comment_text=,12:39,抖音评论,video,多学多看多总结吧#内容过于真实 #股民 #基金 #王多于股之子 #vlog十亿流量扶持计划,🌈    赵不语🎈,7639973382557732346,https://www.douyin.com/video/7639973382557732346,,7639973647473574705,12:39,未纳入,中性,自动映射到抖音视频评论池。,,false
2026-05-15,wangduoyu,抖音评论 13:39,AI服务器→高功耗→快充/固态电池→超导电炭黑/碳纳米管（导电剂）→黑猫股份核心产品。,黑猫股份(002068),,黑猫股份(002068) 被提及 1 次，有效评论 1 条，来源 1 个，单视频线索，情绪 中性，当前判断：保留观察。,待确认,video_id=7639973382557732346; video_url=https://www.douyin.com/video/7639973382557732346; creator=王多于-股之子; like=0; reply=1; source_type=comment; yeren_signal_id=; parent_comment_text=,13:39,抖音评论,video,多学多看多总结吧#内容过于真实 #股民 #基金 #王多于股之子 #vlog十亿流量扶持计划,雾里📈,7639973382557732346,https://www.douyin.com/video/7639973382557732346,,7639989009741349669,13:39,待确认,中性,自动映射到抖音视频评论池。,6.4,false
2026-05-15,longge,抖音评论 15:09,我早上一看情况不对就赶紧跑去舒华了[捂脸][捂脸][捂脸],,,,否,video_id=7640011831146495674; video_url=https://www.douyin.com/video/7640011831146495674; creator=阿龙闯大A📈; like=0; reply=0; source_type=comment; yeren_signal_id=; parent_comment_text=,15:09,抖音评论,video,老特，你是带着任务来的吧#股票 #股民 #vlgo十亿流量扶持计划,🌈🌈文哥🌈🌈,7640011831146495674,https://www.douyin.com/video/7640011831146495674,,7640012293477286697,15:09,未纳入,中性,自动映射到抖音视频评论池。,,false
2026-05-15,longge,抖音评论 15:09,5月白干了,,,,否,video_id=7640011831146495674; video_url=https://www.douyin.com/video/7640011831146495674; creator=阿龙闯大A📈; like=0; reply=0; source_type=comment; yeren_signal_id=; parent_comment_text=,15:09,抖音评论,video,老特，你是带着任务来的吧#股票 #股民 #vlgo十亿流量扶持计划,俩块钰,7640011831146495674,https://www.douyin.com/video/7640011831146495674,,7640012308009845550,15:09,未纳入,中性,自动映射到抖音视频评论池。,,false
2026-05-15,longge,抖音评论 15:09,求推荐一个让我能回本的好股，听劝[流泪][流泪][流泪][流泪][流泪][流泪],,,,否,video_id=7640011831146495674; video_url=https://www.douyin.com/video/7640011831146495674; creator=阿龙闯大A📈; like=0; reply=0; source_type=comment; yeren_signal_id=; parent_comment_text=,15:09,抖音评论,video,老特，你是带着任务来的吧#股票 #股民 #vlgo十亿流量扶持计划,我爱蛋花汤🍥,7640011831146495674,https://www.douyin.com/video/7640011831146495674,,7640012221011493642,15:09,未纳入,中性,自动映射到抖音视频评论池。,,false
2026-05-15,longge,抖音评论 15:09,我两个📉亭，今早水下5个点走了，,,,,否,video_id=7640011831146495674; video_url=https://www.douyin.com/video/7640011831146495674; creator=阿龙闯大A📈; like=0; reply=0; source_type=comment; yeren_signal_id=; parent_comment_text=,15:09,抖音评论,video,老特，你是带着任务来的吧#股票 #股民 #vlgo十亿流量扶持计划,阿易,7640011831146495674,https://www.douyin.com/video/7640011831146495674,,7640012276535329578,15:09,未纳入,中性,自动映射到抖音视频评论池。,,false
2026-05-15,longge,抖音评论 15:09,吃了两天大面，，亏了我5月利润的百分之40，出去旅游了,,,,否,video_id=7640011831146495674; video_url=https://www.douyin.com/video/7640011831146495674; creator=阿龙闯大A📈; like=0; reply=0; source_type=comment; yeren_signal_id=; parent_comment_text=,15:09,抖音评论,video,老特，你是带着任务来的吧#股票 #股民 #vlgo十亿流量扶持计划,La Flame🔥,7640011831146495674,https://www.douyin.com/video/7640011831146495674,,7640012265411953423,15:09,未纳入,中性,自动映射到抖音视频评论池。,,false
2026-05-15,longge,抖音评论 15:10,粤传媒看到多少啊,,,,否,video_id=7640011831146495674; video_url=https://www.douyin.com/video/7640011831146495674; creator=阿龙闯大A📈; like=0; reply=0; source_type=comment; yeren_signal_id=; parent_comment_text=,15:10,抖音评论,video,老特，你是带着任务来的吧#股票 #股民 #vlgo十亿流量扶持计划,1.9,7640011831146495674,https://www.douyin.com/video/7640011831146495674,,7640012367170290473,15:10,未纳入,中性,自动映射到抖音视频评论池。,,false
2026-05-15,longge,抖音评论 15:09,不知道的以为老特噶在中国了[抠鼻],,,,否,video_id=7640011831146495674; video_url=https://www.douyin.com/video/7640011831146495674; creator=阿龙闯大A📈; like=0; reply=0; source_type=comment; yeren_signal_id=; parent_comment_text=,15:09,抖音评论,video,老特，你是带着任务来的吧#股票 #股民 #vlgo十亿流量扶持计划,夫子,7640011831146495674,https://www.douyin.com/video/7640011831146495674,,7640012201864151865,15:09,未纳入,中性,自动映射到抖音视频评论池。,,false
2026-05-15,longge,抖音评论 15:09,感谢说中视的大哥，给大哥上龙[玫瑰][玫瑰][玫瑰],,,,否,video_id=7640011831146495674; video_url=https://www.douyin.com/video/7640011831146495674; creator=阿龙闯大A📈; like=0; reply=0; source_type=comment; yeren_signal_id=; parent_comment_text=,15:09,抖音评论,video,老特，你是带着任务来的吧#股票 #股民 #vlgo十亿流量扶持计划,寒序初临,7640011831146495674,https://www.douyin.com/video/7640011831146495674,,7640012308118487850,15:09,未纳入,中性,自动映射到抖音视频评论池。,,false
2026-05-15,longge,抖音评论 15:09,[捂脸][捂脸][捂脸]我也麻了,,,,否,video_id=7640011831146495674; video_url=https://www.douyin.com/video/7640011831146495674; creator=阿龙闯大A📈; like=0; reply=0; source_type=comment; yeren_signal_id=; parent_comment_text=,15:09,抖音评论,video,老特，你是带着任务来的吧#股票 #股民 #vlgo十亿流量扶持计划,李满仓！,7640011831146495674,https://www.douyin.com/video/7640011831146495674,,7640012197159519012,15:09,未纳入,中性,自动映射到抖音视频评论池。,,false
2026-05-15,longge,抖音评论 15:10,豫能我已经亏20个点了,,,,否,video_id=7640011831146495674; video_url=https://www.douyin.com/video/7640011831146495674; creator=阿龙闯大A📈; like=0; reply=0; source_type=comment; yeren_signal_id=; parent_comment_text=,15:10,抖音评论,video,老特，你是带着任务来的吧#股票 #股民 #vlgo十亿流量扶持计划,Iron,7640011831146495674,https://www.douyin.com/video/7640011831146495674,,7640012467443647290,15:10,未纳入,中性,自动映射到抖音视频评论池。,,false
2026-05-15,longge,抖音评论 15:09,一个月的利润都进去了[流泪],,,,否,video_id=7640011831146495674; video_url=https://www.douyin.com/video/7640011831146495674; creator=阿龙闯大A📈; like=0; reply=0; source_type=comment; yeren_signal_id=; parent_comment_text=,15:09,抖音评论,video,老特，你是带着任务来的吧#股票 #股民 #vlgo十亿流量扶持计划,钱进卡里来！来来来！,7640011831146495674,https://www.douyin.com/video/7640011831146495674,,7640012269816382245,15:09,未纳入,中性,自动映射到抖音视频评论池。,,false
2026-05-15,longge,抖音评论 15:09,招待费我出了10个点,,,,否,video_id=7640011831146495674; video_url=https://www.douyin.com/video/7640011831146495674; creator=阿龙闯大A📈; like=1; reply=0; source_type=comment; yeren_signal_id=; parent_comment_text=,15:09,抖音评论,video,老特，你是带着任务来的吧#股票 #股民 #vlgo十亿流量扶持计划,🌈清风摇影夜微凉,7640011831146495674,https://www.douyin.com/video/7640011831146495674,,7640012335159624497,15:09,未纳入,中性,自动映射到抖音视频评论池。,,false
2026-05-15,longge,抖音评论 15:09,哈哈哈，亏麻了➕1,,,,否,video_id=7640011831146495674; video_url=https://www.douyin.com/video/7640011831146495674; creator=阿龙闯大A📈; like=0; reply=0; source_type=comment; yeren_signal_id=; parent_comment_text=,15:09,抖音评论,video,老特，你是带着任务来的吧#股票 #股民 #vlgo十亿流量扶持计划,Lily🥑,7640011831146495674,https://www.douyin.com/video/7640011831146495674,,7640012353028244281,15:09,未纳入,中性,自动映射到抖音视频评论池。,,false
2026-05-15,longge,抖音评论 15:09,[流泪][流泪][流泪][流泪][流泪],,,,否,video_id=7640011831146495674; video_url=https://www.douyin.com/video/7640011831146495674; creator=阿龙闯大A📈; like=0; reply=0; source_type=comment; yeren_signal_id=; parent_comment_text=,15:09,抖音评论,video,老特，你是带着任务来的吧#股票 #股民 #vlgo十亿流量扶持计划,相遇,7640011831146495674,https://www.douyin.com/video/7640011831146495674,,7640012198279250724,15:09,未纳入,中性,自动映射到抖音视频评论池。,,false
2026-05-15,longge,抖音评论 15:09,哈哈,,,,否,video_id=7640011831146495674; video_url=https://www.douyin.com/video/7640011831146495674; creator=阿龙闯大A📈; like=0; reply=0; source_type=comment; yeren_signal_id=; parent_comment_text=,15:09,抖音评论,video,老特，你是带着任务来的吧#股票 #股民 #vlgo十亿流量扶持计划,比昨天爱你多点,7640011831146495674,https://www.douyin.com/video/7640011831146495674,,7640012171510776622,15:09,未纳入,中性,自动映射到抖音视频评论池。,,false
2026-05-15,longge,抖音评论 15:09,亏麻了,,,,否,video_id=7640011831146495674; video_url=https://www.douyin.com/video/7640011831146495674; creator=阿龙闯大A📈; like=0; reply=0; source_type=comment; yeren_signal_id=; parent_comment_text=,15:09,抖音评论,video,老特，你是带着任务来的吧#股票 #股民 #vlgo十亿流量扶持计划,^_^chen,7640011831146495674,https://www.douyin.com/video/7640011831146495674,,7640012142502937359,15:09,未纳入,中性,自动映射到抖音视频评论池。,,false
2026-05-15,longge,抖音评论 15:08,第一,,,,否,video_id=7640011831146495674; video_url=https://www.douyin.com/video/7640011831146495674; creator=阿龙闯大A📈; like=0; reply=0; source_type=comment; yeren_signal_id=; parent_comment_text=,15:08,抖音评论,video,老特，你是带着任务来的吧#股票 #股民 #vlgo十亿流量扶持计划,戏抓🐛,7640011831146495674,https://www.douyin.com/video/7640011831146495674,,7640012101172265771,15:08,未纳入,中性,自动映射到抖音视频评论池。,,false
2026-05-15,longge,抖音评论 15:08,1,,,,否,video_id=7640011831146495674; video_url=https://www.douyin.com/video/7640011831146495674; creator=阿龙闯大A📈; like=0; reply=1; source_type=comment; yeren_signal_id=; parent_comment_text=,15:08,抖音评论,video,老特，你是带着任务来的吧#股票 #股民 #vlgo十亿流量扶持计划,咧咧咧咧,7640011831146495674,https://www.douyin.com/video/7640011831146495674,,7640012093874520889,15:08,未纳入,中性,自动映射到抖音视频评论池。,,false
2026-05-15,longge,抖音评论 15:08,第一,,,,否,video_id=7640011831146495674; video_url=https://www.douyin.com/video/7640011831146495674; creator=阿龙闯大A📈; like=0; reply=0; source_type=comment; yeren_signal_id=; parent_comment_text=,15:08,抖音评论,video,老特，你是带着任务来的吧#股票 #股民 #vlgo十亿流量扶持计划,大刚子,7640011831146495674,https://www.douyin.com/video/7640011831146495674,,7640012067596682024,15:08,未纳入,中性,自动映射到抖音视频评论池。,,false
2026-05-15,longge,抖音评论 13:28,百达精工今天下午买吧，周一涨停[躺平][躺平][躺平],百达精工(603331),,百达精工(603331) 被提及 1 次，有效评论 1 条，来源 1 个，单视频线索，情绪 看多，当前判断：保留观察。,待确认,video_id=7639958622008737915; video_url=https://www.douyin.com/video/7639958622008737915; creator=阿龙闯大A📈; like=24; reply=38; source_type=comment; yeren_signal_id=; parent_comment_text=,13:28,抖音评论,video,呼叫万手哥，帮忙拉一拉。#股票 #股民 #vlgo十亿流量扶持计划,沧海一声笑,7639958622008737915,https://www.douyin.com/video/7639958622008737915,,7639986306114781992,13:28,待确认,看多,自动映射到抖音视频评论池。,6.4,false
2026-05-15,longge,抖音评论 11:42,宏昌高开7个点怎么样，大业股份昨天解放左侧阴顶，今天涨停缩量过左峰，下午2.30在选一个，拿先手，一招就够用了。,大业股份(603278),,大业股份(603278) 被提及 4 次，有效评论 4 条，来源 1 个，单视频线索，情绪 看多，当前判断：已进入推荐候选。,是,video_id=7639958622008737915; video_url=https://www.douyin.com/video/7639958622008737915; creator=阿龙闯大A📈; like=167; reply=168; source_type=comment; yeren_signal_id=; parent_comment_text=,11:42,抖音评论,video,呼叫万手哥，帮忙拉一拉。#股票 #股民 #vlgo十亿流量扶持计划,写什么呢。,7639958622008737915,https://www.douyin.com/video/7639958622008737915,,7639959006961730353,11:42,已纳入,看多,自动映射到抖音视频评论池。,8.4,true
2026-05-15,longge,抖音评论 12:47,节能风电下午涨停，继续持有,节能风电(601016),电力;风电,节能风电(601016) 被提及 3 次，有效评论 3 条，来源 2 个，跨来源共振，情绪 看多，当前判断：保留观察。,待确认,video_id=7639958622008737915; video_url=https://www.douyin.com/video/7639958622008737915; creator=阿龙闯大A📈; like=33; reply=69; source_type=comment; yeren_signal_id=; parent_comment_text=,12:47,抖音评论,video,呼叫万手哥，帮忙拉一拉。#股票 #股民 #vlgo十亿流量扶持计划,浅浅,7639958622008737915,https://www.douyin.com/video/7639958622008737915,,7639975743346492195,12:47,待确认,看多,自动映射到抖音视频评论池。,8.0,false
2026-05-15,longge,抖音评论 12:14,002990,盛视科技(002990),,盛视科技(002990) 被提及 1 次，有效评论 1 条，来源 1 个，单视频线索，情绪 中性，当前判断：保留观察。,待确认,video_id=7639958622008737915; video_url=https://www.douyin.com/video/7639958622008737915; creator=阿龙闯大A📈; like=3; reply=6; source_type=comment; yeren_signal_id=; parent_comment_text=,12:14,抖音评论,video,呼叫万手哥，帮忙拉一拉。#股票 #股民 #vlgo十亿流量扶持计划,王王Wangggggg,7639958622008737915,https://www.douyin.com/video/7639958622008737915,,7639967250141741824,12:14,待确认,中性,自动映射到抖音视频评论池。,6.4,false
2026-05-15,longge,抖音评论 11:59,看好红宝丽，下周一继续涨,,,评论热度较高，但暂未自动识别到明确股票线索，保留人工复核。,待确认,video_id=7639958622008737915; video_url=https://www.douyin.com/video/7639958622008737915; creator=阿龙闯大A📈; like=3; reply=13; source_type=comment; yeren_signal_id=; parent_comment_text=,11:59,抖音评论,video,呼叫万手哥，帮忙拉一拉。#股票 #股民 #vlgo十亿流量扶持计划,小鹿斑比,7639958622008737915,https://www.douyin.com/video/7639958622008737915,,7639963259797783345,11:59,待确认,中性,自动映射到抖音视频评论池。,6.2,false
2026-05-15,longge,抖音评论 11:59,兆新股份，下周给我上龙,兆新股份(002256),,兆新股份(002256) 被提及 2 次，有效评论 2 条，来源 1 个，单视频线索，情绪 中性，当前判断：保留观察。,待确认,video_id=7639958622008737915; video_url=https://www.douyin.com/video/7639958622008737915; creator=阿龙闯大A📈; like=7; reply=6; source_type=comment; yeren_signal_id=; parent_comment_text=,11:59,抖音评论,video,呼叫万手哥，帮忙拉一拉。#股票 #股民 #vlgo十亿流量扶持计划,彩虹🌈,7639958622008737915,https://www.douyin.com/video/7639958622008737915,,7639963183470248753,11:59,待确认,中性,自动映射到抖音视频评论池。,6.9,false
2026-05-15,longge,抖音评论 14:51,华升股份有没有同车的[笑哭],华升股份(600156),,华升股份(600156) 被提及 1 次，有效评论 1 条，来源 1 个，单视频线索，情绪 中性，当前判断：保留观察。,待确认,video_id=7639958622008737915; video_url=https://www.douyin.com/video/7639958622008737915; creator=阿龙闯大A📈; like=0; reply=3; source_type=comment; yeren_signal_id=; parent_comment_text=,14:51,抖音评论,video,呼叫万手哥，帮忙拉一拉。#股票 #股民 #vlgo十亿流量扶持计划,爱吃的程程,7639958622008737915,https://www.douyin.com/video/7639958622008737915,,7640007588809671461,14:51,待确认,中性,自动映射到抖音视频评论池。,6.4,false
2026-05-15,longge,抖音评论 13:42,中视传媒，世界杯转播权80%概率这周末官宣，不信问豆包，只要官宣了。下周直接一字板,中视传媒(600088),,中视传媒(600088) 被提及 3 次，有效评论 3 条，来源 2 个，跨来源共振，情绪 中性，当前判断：保留观察。,待确认,video_id=7639958622008737915; video_url=https://www.douyin.com/video/7639958622008737915; creator=阿龙闯大A📈; like=49; reply=95; source_type=comment; yeren_signal_id=; parent_comment_text=,13:42,抖音评论,video,呼叫万手哥，帮忙拉一拉。#股票 #股民 #vlgo十亿流量扶持计划,菲盛红围巾仓库,7639958622008737915,https://www.douyin.com/video/7639958622008737915,,7639989755547714319,13:42,待确认,中性,自动映射到抖音视频评论池。,8.0,false
2026-05-15,longge,抖音评论 13:22,昨天谁跟我说买新能泰山的[微笑][微笑][微笑][微笑][微笑][微笑]，五个点大面,新能泰山(000720),电网设备;电力,新能泰山(000720) 被提及 7 次，有效评论 7 条，来源 1 个，单视频线索，情绪 中性，当前判断：保留观察。,待确认,video_id=7639958622008737915; video_url=https://www.douyin.com/video/7639958622008737915; creator=阿龙闯大A📈; like=12; reply=9; source_type=comment; yeren_signal_id=; parent_comment_text=,13:22,抖音评论,video,呼叫万手哥，帮忙拉一拉。#股票 #股民 #vlgo十亿流量扶持计划,🌈鸭蛋卷,7639958622008737915,https://www.douyin.com/video/7639958622008737915,,7639984589640925971,13:22,待确认,中性,自动映射到抖音视频评论池。,8.8,false
2026-05-15,longge,抖音评论 12:37,下周苏州固得，通达股份，给我上龙[灵机一动],通达股份(002560),,通达股份(002560) 被提及 1 次，有效评论 1 条，来源 1 个，单视频线索，情绪 中性，当前判断：保留观察。,待确认,video_id=7639958622008737915; video_url=https://www.douyin.com/video/7639958622008737915; creator=阿龙闯大A📈; like=6; reply=8; source_type=comment; yeren_signal_id=; parent_comment_text=,12:37,抖音评论,video,呼叫万手哥，帮忙拉一拉。#股票 #股民 #vlgo十亿流量扶持计划,金圣源防水（堵漏加固）,7639958622008737915,https://www.douyin.com/video/7639958622008737915,,7639973166975435547,12:37,待确认,中性,自动映射到抖音视频评论池。,6.4,false
2026-05-15,longge,抖音评论 13:33,新能泰山那个你出来[憨笑],,,,否,video_id=7639958622008737915; video_url=https://www.douyin.com/video/7639958622008737915; creator=阿龙闯大A📈; like=0; reply=3; source_type=comment; yeren_signal_id=; parent_comment_text=,13:33,抖音评论,video,呼叫万手哥，帮忙拉一拉。#股票 #股民 #vlgo十亿流量扶持计划,Mikasa,7639958622008737915,https://www.douyin.com/video/7639958622008737915,,7639987420255945521,13:33,未纳入,中性,自动映射到抖音视频评论池。,,false
2026-05-15,longge,抖音评论 14:19,华控赛格你就买吧，拿一周,华控赛格(000068),,华控赛格(000068) 被提及 1 次，有效评论 1 条，来源 1 个，单视频线索，情绪 看多，当前判断：保留观察。,待确认,video_id=7639958622008737915; video_url=https://www.douyin.com/video/7639958622008737915; creator=阿龙闯大A📈; like=2; reply=7; source_type=comment; yeren_signal_id=; parent_comment_text=,14:19,抖音评论,video,呼叫万手哥，帮忙拉一拉。#股票 #股民 #vlgo十亿流量扶持计划,Mwj小迷妹,7639958622008737915,https://www.douyin.com/video/7639958622008737915,,7639999357706011441,14:19,待确认,看多,自动映射到抖音视频评论池。,6.4,false
2026-05-15,longge,抖音评论 12:17,电力电力，拿到7月底，票就看前十涨停的挑一个合适的进。想翻倍就拿住,,,评论热度较高，但暂未自动识别到明确股票线索，保留人工复核。,待确认,video_id=7639958622008737915; video_url=https://www.douyin.com/video/7639958622008737915; creator=阿龙闯大A📈; like=2; reply=8; source_type=comment; yeren_signal_id=; parent_comment_text=,12:17,抖音评论,video,呼叫万手哥，帮忙拉一拉。#股票 #股民 #vlgo十亿流量扶持计划,王老板,7639958622008737915,https://www.douyin.com/video/7639958622008737915,,7639967850811376393,12:17,待确认,中性,自动映射到抖音视频评论池。,6.2,false
2026-05-15,longge,抖音评论 11:52,中国巨石怎么办，哪位义父指点一下！,中国巨石(600176),,中国巨石(600176) 被提及 1 次，有效评论 1 条，来源 1 个，单视频线索，情绪 中性，当前判断：保留观察。,待确认,video_id=7639958622008737915; video_url=https://www.douyin.com/video/7639958622008737915; creator=阿龙闯大A📈; like=1; reply=2; source_type=comment; yeren_signal_id=; parent_comment_text=,11:52,抖音评论,video,呼叫万手哥，帮忙拉一拉。#股票 #股民 #vlgo十亿流量扶持计划,取个什么名字好,7639958622008737915,https://www.douyin.com/video/7639958622008737915,,7639961487004255016,11:52,待确认,中性,自动映射到抖音视频评论池。,6.4,false
2026-05-15,longge,抖音评论 12:05,昨天说粤下午涨，虽然晚了一天，大家都低吸吃到大肉了吧[捂脸]上午进了科L尔,,,,否,video_id=7639958622008737915; video_url=https://www.douyin.com/video/7639958622008737915; creator=阿龙闯大A📈; like=3; reply=4; source_type=comment; yeren_signal_id=; parent_comment_text=,12:05,抖音评论,video,呼叫万手哥，帮忙拉一拉。#股票 #股民 #vlgo十亿流量扶持计划,天王盖地虎,7639958622008737915,https://www.douyin.com/video/7639958622008737915,,7639964878560199462,12:05,未纳入,中性,自动映射到抖音视频评论池。,,false
2026-05-15,longge,抖音评论 11:51,中利尿性不好，昨天涨停，今天跌停,,,,否,video_id=7639958622008737915; video_url=https://www.douyin.com/video/7639958622008737915; creator=阿龙闯大A📈; like=2; reply=3; source_type=comment; yeren_signal_id=; parent_comment_text=,11:51,抖音评论,video,呼叫万手哥，帮忙拉一拉。#股票 #股民 #vlgo十亿流量扶持计划,用户3638876327492,7639958622008737915,https://www.douyin.com/video/7639958622008737915,,7639961210654540585,11:51,未纳入,中性,自动映射到抖音视频评论池。,,false
2026-05-15,longge,抖音评论 14:19,昨天大哥说的中马传动，我早上买了[点火],中马传动(603767),,中马传动(603767) 被提及 1 次，有效评论 1 条，来源 1 个，单视频线索，情绪 看多，当前判断：保留观察。,待确认,video_id=7639958622008737915; video_url=https://www.douyin.com/video/7639958622008737915; creator=阿龙闯大A📈; like=1; reply=0; source_type=comment; yeren_signal_id=; parent_comment_text=,14:19,抖音评论,video,呼叫万手哥，帮忙拉一拉。#股票 #股民 #vlgo十亿流量扶持计划,瓜洲,7639958622008737915,https://www.douyin.com/video/7639958622008737915,,7639999448492114715,14:19,待确认,看多,自动映射到抖音视频评论池。,6.4,false
2026-05-15,longge,抖音评论 12:29,粤传媒可以拿到多少？有没有大哥说一下[绝望的凝视][绝望的凝视][绝望的凝视][绝望的凝视],,,评论热度较高，但暂未自动识别到明确股票线索，保留人工复核。,待确认,video_id=7639958622008737915; video_url=https://www.douyin.com/video/7639958622008737915; creator=阿龙闯大A📈; like=3; reply=22; source_type=comment; yeren_signal_id=; parent_comment_text=,12:29,抖音评论,video,呼叫万手哥，帮忙拉一拉。#股票 #股民 #vlgo十亿流量扶持计划,yuyuyu🐟,7639958622008737915,https://www.douyin.com/video/7639958622008737915,,7639971120648700714,12:29,待确认,中性,自动映射到抖音视频评论池。,6.2,false
2026-05-15,longge,抖音评论 14:12,粤传媒炸了下板跑了，你们的呢，下午还能买啥[黑脸],,,,否,video_id=7639958622008737915; video_url=https://www.douyin.com/video/7639958622008737915; creator=阿龙闯大A📈; like=0; reply=0; source_type=comment; yeren_signal_id=; parent_comment_text=,14:12,抖音评论,video,呼叫万手哥，帮忙拉一拉。#股票 #股民 #vlgo十亿流量扶持计划,艾丽娅  ࿆ ॐ,7639958622008737915,https://www.douyin.com/video/7639958622008737915,,7639997481766191921,14:12,未纳入,中性,自动映射到抖音视频评论池。,,false
2026-05-15,longge,抖音评论 13:54,一直拿润建,,,,否,video_id=7639958622008737915; video_url=https://www.douyin.com/video/7639958622008737915; creator=阿龙闯大A📈; like=0; reply=1; source_type=comment; yeren_signal_id=; parent_comment_text=,13:54,抖音评论,video,呼叫万手哥，帮忙拉一拉。#股票 #股民 #vlgo十亿流量扶持计划,彩虹般的微笑,7639958622008737915,https://www.douyin.com/video/7639958622008737915,,7639992812490064677,13:54,未纳入,中性,自动映射到抖音视频评论池。,,false
2026-05-15,longge,抖音评论 12:16,挂汉缆山山上[捂脸],,,,否,video_id=7639958622008737915; video_url=https://www.douyin.com/video/7639958622008737915; creator=阿龙闯大A📈; like=1; reply=4; source_type=comment; yeren_signal_id=; parent_comment_text=,12:16,抖音评论,video,呼叫万手哥，帮忙拉一拉。#股票 #股民 #vlgo十亿流量扶持计划,叛逆中年（方兴未艾）,7639958622008737915,https://www.douyin.com/video/7639958622008737915,,7639967605826601728,12:16,未纳入,中性,自动映射到抖音视频评论池。,,false
2026-05-15,longge,抖音评论 11:54,晨光XC，记得上龙。,,,,否,video_id=7639958622008737915; video_url=https://www.douyin.com/video/7639958622008737915; creator=阿龙闯大A📈; like=4; reply=5; source_type=comment; yeren_signal_id=; parent_comment_text=,11:54,抖音评论,video,呼叫万手哥，帮忙拉一拉。#股票 #股民 #vlgo十亿流量扶持计划,再见仍是〃少年💥,7639958622008737915,https://www.douyin.com/video/7639958622008737915,,7639961880237359921,11:54,未纳入,中性,自动映射到抖音视频评论池。,,false
2026-05-15,longge,抖音评论 14:09,顺灏，周一我要上龙,,,,否,video_id=7639958622008737915; video_url=https://www.douyin.com/video/7639958622008737915; creator=阿龙闯大A📈; like=1; reply=2; source_type=comment; yeren_signal_id=; parent_comment_text=,14:09,抖音评论,video,呼叫万手哥，帮忙拉一拉。#股票 #股民 #vlgo十亿流量扶持计划,托尼带水洗头,7639958622008737915,https://www.douyin.com/video/7639958622008737915,,7639996664267359013,14:09,未纳入,中性,自动映射到抖音视频评论池。,,false
2026-05-15,longge,抖音评论 12:56,有没有大哥，说一说，圣泉集团，石英股份，走还是留，[感谢][感谢][感谢]上龙[感谢][感谢],石英股份(603688);圣泉集团(605589),,石英股份(603688) 被提及 1 次，有效评论 1 条，来源 1 个，单视频线索，情绪 中性，当前判断：保留观察。；圣泉集团(605589) 被提及 1 次，有效评论 1 条，来源 1 个，单视频线索，情绪 中性，当前判断：保留观察。,待确认,video_id=7639958622008737915; video_url=https://www.douyin.com/video/7639958622008737915; creator=阿龙闯大A📈; like=0; reply=0; source_type=comment; yeren_signal_id=; parent_comment_text=,12:56,抖音评论,video,呼叫万手哥，帮忙拉一拉。#股票 #股民 #vlgo十亿流量扶持计划,Yi558005,7639958622008737915,https://www.douyin.com/video/7639958622008737915,,7639978071453877033,12:56,待确认,中性,自动映射到抖音视频评论池。,6.4,false
2026-05-15,longge,抖音评论 12:57,下周中体可以出了～[看],,,,否,video_id=7639958622008737915; video_url=https://www.douyin.com/video/7639958622008737915; creator=阿龙闯大A📈; like=0; reply=2; source_type=comment; yeren_signal_id=; parent_comment_text=,12:57,抖音评论,video,呼叫万手哥，帮忙拉一拉。#股票 #股民 #vlgo十亿流量扶持计划,紫金秦,7639958622008737915,https://www.douyin.com/video/7639958622008737915,,7639978190824063781,12:57,未纳入,中性,自动映射到抖音视频评论池。,,false
2026-05-15,longge,抖音评论 12:43,豪威    半导体,,,,否,video_id=7639958622008737915; video_url=https://www.douyin.com/video/7639958622008737915; creator=阿龙闯大A📈; like=1; reply=1; source_type=comment; yeren_signal_id=; parent_comment_text=,12:43,抖音评论,video,呼叫万手哥，帮忙拉一拉。#股票 #股民 #vlgo十亿流量扶持计划,汤汤：：,7639958622008737915,https://www.douyin.com/video/7639958622008737915,,7639974688349274929,12:43,未纳入,中性,自动映射到抖音视频评论池。,,false
2026-05-15,longge,抖音评论 13:36,拉拉华银电力吧,华银电力(600744),,华银电力(600744) 被提及 1 次，有效评论 1 条，来源 1 个，单视频线索，情绪 中性，当前判断：保留观察。,待确认,video_id=7639958622008737915; video_url=https://www.douyin.com/video/7639958622008737915; creator=阿龙闯大A📈; like=2; reply=1; source_type=comment; yeren_signal_id=; parent_comment_text=,13:36,抖音评论,video,呼叫万手哥，帮忙拉一拉。#股票 #股民 #vlgo十亿流量扶持计划,可乐❤️,7639958622008737915,https://www.douyin.com/video/7639958622008737915,,7639988254393451327,13:36,待确认,中性,自动映射到抖音视频评论池。,6.4,false
2026-05-15,longge,抖音评论 14:15,天天看你在这里说，能不能老老实实买进aiETF和机器人ETF啊！,机器人(300024),,机器人(300024) 被提及 6 次，有效评论 6 条，来源 2 个，跨来源共振，情绪 中性，当前判断：保留观察。,待确认,video_id=7639958622008737915; video_url=https://www.douyin.com/video/7639958622008737915; creator=阿龙闯大A📈; like=1; reply=0; source_type=comment; yeren_signal_id=; parent_comment_text=,14:15,抖音评论,video,呼叫万手哥，帮忙拉一拉。#股票 #股民 #vlgo十亿流量扶持计划,佰签旺烧烤,7639958622008737915,https://www.douyin.com/video/7639958622008737915,,7639998358410003258,14:15,待确认,中性,自动映射到抖音视频评论池。,9.1,false
2026-05-15,longge,抖音评论 15:06,给说中视的大哥上龙[钱],,,,否,video_id=7639958622008737915; video_url=https://www.douyin.com/video/7639958622008737915; creator=阿龙闯大A📈; like=2; reply=2; source_type=comment; yeren_signal_id=; parent_comment_text=,15:06,抖音评论,video,呼叫万手哥，帮忙拉一拉。#股票 #股民 #vlgo十亿流量扶持计划,十月。,7639958622008737915,https://www.douyin.com/video/7639958622008737915,,7640011335376814875,15:06,未纳入,中性,自动映射到抖音视频评论池。,,false
2026-05-15,longge,抖音评论 12:28,亨通77进的，今天70割掉了,,,,否,video_id=7639958622008737915; video_url=https://www.douyin.com/video/7639958622008737915; creator=阿龙闯大A📈; like=1; reply=5; source_type=comment; yeren_signal_id=; parent_comment_text=,12:28,抖音评论,video,呼叫万手哥，帮忙拉一拉。#股票 #股民 #vlgo十亿流量扶持计划,可乐不限量,7639958622008737915,https://www.douyin.com/video/7639958622008737915,,7639970775298917172,12:28,未纳入,中性,自动映射到抖音视频评论池。,,false
2026-05-15,longge,抖音评论 15:07,长电拿一个月,,,,否,video_id=7639958622008737915; video_url=https://www.douyin.com/video/7639958622008737915; creator=阿龙闯大A📈; like=0; reply=0; source_type=comment; yeren_signal_id=; parent_comment_text=,15:07,抖音评论,video,呼叫万手哥，帮忙拉一拉。#股票 #股民 #vlgo十亿流量扶持计划,梦境玩家,7639958622008737915,https://www.douyin.com/video/7639958622008737915,,7640011732245938996,15:07,未纳入,中性,自动映射到抖音视频评论池。,,false
2026-05-15,longge,抖音评论 15:06,我昨天说盛合,,,,否,video_id=7639958622008737915; video_url=https://www.douyin.com/video/7639958622008737915; creator=阿龙闯大A📈; like=0; reply=0; source_type=comment; yeren_signal_id=; parent_comment_text=,15:06,抖音评论,video,呼叫万手哥，帮忙拉一拉。#股票 #股民 #vlgo十亿流量扶持计划,点男模没钱付款,7639958622008737915,https://www.douyin.com/video/7639958622008737915,,7640011552464094011,15:06,未纳入,中性,自动映射到抖音视频评论池。,,false
2026-05-15,longge,抖音评论 15:06,江特亏死了，[捂脸],,,,否,video_id=7639958622008737915; video_url=https://www.douyin.com/video/7639958622008737915; creator=阿龙闯大A📈; like=0; reply=0; source_type=comment; yeren_signal_id=; parent_comment_text=,15:06,抖音评论,video,呼叫万手哥，帮忙拉一拉。#股票 #股民 #vlgo十亿流量扶持计划,我儿臭屁文,7639958622008737915,https://www.douyin.com/video/7639958622008737915,,7640011463470482195,15:06,未纳入,中性,自动映射到抖音视频评论池。,,false
2026-05-15,longge,抖音评论 15:05,到底哪个大哥，天天有色锂矿亏死,,,,否,video_id=7639958622008737915; video_url=https://www.douyin.com/video/7639958622008737915; creator=阿龙闯大A📈; like=0; reply=0; source_type=comment; yeren_signal_id=; parent_comment_text=,15:05,抖音评论,video,呼叫万手哥，帮忙拉一拉。#股票 #股民 #vlgo十亿流量扶持计划,小花猫,7639958622008737915,https://www.douyin.com/video/7639958622008737915,,7640011264361988891,15:05,未纳入,中性,自动映射到抖音视频评论池。,,false
2026-05-15,longge,抖音评论 15:05,说彩虹gF的周一怎么看呢,,,,否,video_id=7639958622008737915; video_url=https://www.douyin.com/video/7639958622008737915; creator=阿龙闯大A📈; like=0; reply=1; source_type=comment; yeren_signal_id=; parent_comment_text=,15:05,抖音评论,video,呼叫万手哥，帮忙拉一拉。#股票 #股民 #vlgo十亿流量扶持计划,嗨咯宝,7639958622008737915,https://www.douyin.com/video/7639958622008737915,,7640011264333497137,15:05,未纳入,中性,自动映射到抖音视频评论池。,,false
2026-05-15,longge,抖音评论 15:05,共进股份为啥昨天涨停，今天跌停板,共进股份(603118),,共进股份(603118) 被提及 1 次，有效评论 1 条，来源 1 个，单视频线索，情绪 谨慎，当前判断：偏风险观察。,否,video_id=7639958622008737915; video_url=https://www.douyin.com/video/7639958622008737915; creator=阿龙闯大A📈; like=0; reply=2; source_type=comment; yeren_signal_id=; parent_comment_text=,15:05,抖音评论,video,呼叫万手哥，帮忙拉一拉。#股票 #股民 #vlgo十亿流量扶持计划,牛魔王,7639958622008737915,https://www.douyin.com/video/7639958622008737915,,7640011267050144527,15:05,未纳入,谨慎,自动映射到抖音视频评论池。,5.9,false
2026-05-15,longge,抖音评论 15:02,鸿博,,,,否,video_id=7639958622008737915; video_url=https://www.douyin.com/video/7639958622008737915; creator=阿龙闯大A📈; like=0; reply=0; source_type=comment; yeren_signal_id=; parent_comment_text=,15:02,抖音评论,video,呼叫万手哥，帮忙拉一拉。#股票 #股民 #vlgo十亿流量扶持计划,乄杺,7639958622008737915,https://www.douyin.com/video/7639958622008737915,,7640010344517321526,15:02,未纳入,中性,自动映射到抖音视频评论池。,,false
2026-05-15,longge,抖音评论 15:00,中利昨天封顶今天柔揉地板[捂脸],,,,否,video_id=7639958622008737915; video_url=https://www.douyin.com/video/7639958622008737915; creator=阿龙闯大A📈; like=0; reply=0; source_type=comment; yeren_signal_id=; parent_comment_text=,15:00,抖音评论,video,呼叫万手哥，帮忙拉一拉。#股票 #股民 #vlgo十亿流量扶持计划,毛小仙,7639958622008737915,https://www.douyin.com/video/7639958622008737915,,7640009885967958842,15:00,未纳入,中性,自动映射到抖音视频评论池。,,false
2026-05-15,longge,抖音评论 14:59,润泽科技能不能拉一下,润泽科技(300442),AIDC;数据中心,润泽科技(300442) 被提及 1 次，有效评论 1 条，来源 1 个，单视频线索，情绪 中性，当前判断：保留观察。,待确认,video_id=7639958622008737915; video_url=https://www.douyin.com/video/7639958622008737915; creator=阿龙闯大A📈; like=0; reply=0; source_type=comment; yeren_signal_id=; parent_comment_text=,14:59,抖音评论,video,呼叫万手哥，帮忙拉一拉。#股票 #股民 #vlgo十亿流量扶持计划,嘟嘟嘟嘟嘟嘟,7639958622008737915,https://www.douyin.com/video/7639958622008737915,,7640009585709957929,14:59,待确认,中性,自动映射到抖音视频评论池。,6.4,false
2026-05-15,longge,抖音评论 14:57,联科科技  我下周拉,联科科技(001207),,联科科技(001207) 被提及 1 次，有效评论 1 条，来源 1 个，单视频线索，情绪 中性，当前判断：保留观察。,待确认,video_id=7639958622008737915; video_url=https://www.douyin.com/video/7639958622008737915; creator=阿龙闯大A📈; like=0; reply=0; source_type=comment; yeren_signal_id=; parent_comment_text=,14:57,抖音评论,video,呼叫万手哥，帮忙拉一拉。#股票 #股民 #vlgo十亿流量扶持计划,哇哈哈哈哈哈哈,7639958622008737915,https://www.douyin.com/video/7639958622008737915,,7640009094275318565,14:57,待确认,中性,自动映射到抖音视频评论池。,6.4,false
2026-05-15,longge,抖音评论 14:57,金螳螂！！！,,,,否,video_id=7639958622008737915; video_url=https://www.douyin.com/video/7639958622008737915; creator=阿龙闯大A📈; like=0; reply=0; source_type=comment; yeren_signal_id=; parent_comment_text=,14:57,抖音评论,video,呼叫万手哥，帮忙拉一拉。#股票 #股民 #vlgo十亿流量扶持计划,哦？,7639958622008737915,https://www.douyin.com/video/7639958622008737915,,7640009065469805369,14:57,未纳入,中性,自动映射到抖音视频评论池。,,false
2026-05-15,longge,抖音评论 14:56,江特与锂矿扛不住了，9天亏了十来万割肉[尬笑],,,,否,video_id=7639958622008737915; video_url=https://www.douyin.com/video/7639958622008737915; creator=阿龙闯大A📈; like=0; reply=0; source_type=comment; yeren_signal_id=; parent_comment_text=,14:56,抖音评论,video,呼叫万手哥，帮忙拉一拉。#股票 #股民 #vlgo十亿流量扶持计划,用户20100310,7639958622008737915,https://www.douyin.com/video/7639958622008737915,,7640008763244053299,14:56,未纳入,中性,自动映射到抖音视频评论池。,,false
2026-05-15,longge,抖音评论 14:54,好消息手里有两个涨停的，坏消息买的少，赔钱的都是大头[捂脸],,,,否,video_id=7639958622008737915; video_url=https://www.douyin.com/video/7639958622008737915; creator=阿龙闯大A📈; like=0; reply=0; source_type=comment; yeren_signal_id=; parent_comment_text=,14:54,抖音评论,video,呼叫万手哥，帮忙拉一拉。#股票 #股民 #vlgo十亿流量扶持计划,大大伟,7639958622008737915,https://www.douyin.com/video/7639958622008737915,,7640008467549782842,14:54,未纳入,中性,自动映射到抖音视频评论池。,,false
2026-05-15,longge,抖音评论 14:54,"昨天开盘+8000，尾盘-21000
今天开盘+13000，尾盘-13000
看起来是好起来了，加仓，加全仓",,,,否,video_id=7639958622008737915; video_url=https://www.douyin.com/video/7639958622008737915; creator=阿龙闯大A📈; like=0; reply=0; source_type=comment; yeren_signal_id=; parent_comment_text=,14:54,抖音评论,video,呼叫万手哥，帮忙拉一拉。#股票 #股民 #vlgo十亿流量扶持计划,LEO FITNESS私教健身,7639958622008737915,https://www.douyin.com/video/7639958622008737915,,7640008290333115194,14:54,未纳入,中性,自动映射到抖音视频评论池。,,false
2026-05-15,longge,抖音评论 14:51,已经龙1了,,,,否,video_id=7639958622008737915; video_url=https://www.douyin.com/video/7639958622008737915; creator=阿龙闯大A📈; like=0; reply=0; source_type=comment; yeren_signal_id=; parent_comment_text=,14:51,抖音评论,video,呼叫万手哥，帮忙拉一拉。#股票 #股民 #vlgo十亿流量扶持计划,侯校长,7639958622008737915,https://www.douyin.com/video/7639958622008737915,,7640007723145593657,14:51,未纳入,中性,自动映射到抖音视频评论池。,,false
2026-05-15,longge,抖音评论 14:50,晶科科技要走吗,晶科科技(601778),电力;光伏,晶科科技(601778) 被提及 1 次，有效评论 1 条，来源 1 个，单视频线索，情绪 中性，当前判断：保留观察。,待确认,video_id=7639958622008737915; video_url=https://www.douyin.com/video/7639958622008737915; creator=阿龙闯大A📈; like=0; reply=0; source_type=comment; yeren_signal_id=; parent_comment_text=,14:50,抖音评论,video,呼叫万手哥，帮忙拉一拉。#股票 #股民 #vlgo十亿流量扶持计划,辣椒xx,7639958622008737915,https://www.douyin.com/video/7639958622008737915,,7640007419233387283,14:50,待确认,中性,自动映射到抖音视频评论池。,6.4,false
2026-05-15,longge,抖音评论 14:50,涨停没有买,,,,否,video_id=7639958622008737915; video_url=https://www.douyin.com/video/7639958622008737915; creator=阿龙闯大A📈; like=0; reply=0; source_type=comment; yeren_signal_id=; parent_comment_text=,14:50,抖音评论,video,呼叫万手哥，帮忙拉一拉。#股票 #股民 #vlgo十亿流量扶持计划,优雅时光,7639958622008737915,https://www.douyin.com/video/7639958622008737915,,7640007384820187963,14:50,未纳入,中性,自动映射到抖音视频评论池。,,false
2026-05-15,longge,抖音评论 14:49,美诺华准备二次启动了,美诺华(603538),医药,美诺华(603538) 被提及 2 次，有效评论 2 条，来源 2 个，跨来源共振，情绪 中性，当前判断：保留观察。,待确认,video_id=7639958622008737915; video_url=https://www.douyin.com/video/7639958622008737915; creator=阿龙闯大A📈; like=0; reply=0; source_type=comment; yeren_signal_id=; parent_comment_text=,14:49,抖音评论,video,呼叫万手哥，帮忙拉一拉。#股票 #股民 #vlgo十亿流量扶持计划,澜川,7639958622008737915,https://www.douyin.com/video/7639958622008737915,,7640007058834096954,14:49,待确认,中性,自动映射到抖音视频评论池。,7.6,false
2026-05-15,longge,抖音评论 14:48,我23000股,,,,否,video_id=7639958622008737915; video_url=https://www.douyin.com/video/7639958622008737915; creator=阿龙闯大A📈; like=0; reply=0; source_type=comment; yeren_signal_id=; parent_comment_text=,14:48,抖音评论,video,呼叫万手哥，帮忙拉一拉。#股票 #股民 #vlgo十亿流量扶持计划,🐚,7639958622008737915,https://www.douyin.com/video/7639958622008737915,,7640006835654771493,14:48,未纳入,中性,自动映射到抖音视频评论池。,,false
2026-05-15,longge,抖音评论 14:47,我说的浙文是不是行,,,,否,video_id=7639958622008737915; video_url=https://www.douyin.com/video/7639958622008737915; creator=阿龙闯大A📈; like=0; reply=4; source_type=comment; yeren_signal_id=; parent_comment_text=,14:47,抖音评论,video,呼叫万手哥，帮忙拉一拉。#股票 #股民 #vlgo十亿流量扶持计划,衍盧,7639958622008737915,https://www.douyin.com/video/7639958622008737915,,7640006685310796579,14:47,未纳入,中性,自动映射到抖音视频评论池。,,false
2026-05-15,longge,抖音评论 14:47,我说的浙文是不是行,,,,否,video_id=7639958622008737915; video_url=https://www.douyin.com/video/7639958622008737915; creator=阿龙闯大A📈; like=0; reply=4; source_type=comment; yeren_signal_id=; parent_comment_text=,14:47,抖音评论,video,呼叫万手哥，帮忙拉一拉。#股票 #股民 #vlgo十亿流量扶持计划,衍盧,7639958622008737915,https://www.douyin.com/video/7639958622008737915,,7640006685310796579,14:47,未纳入,中性,自动映射到抖音视频评论池。,,false
2026-05-15,longge,抖音评论 14:47,均胜电子 放3天,均胜电子(600699),,均胜电子(600699) 被提及 1 次，有效评论 1 条，来源 1 个，单视频线索，情绪 中性，当前判断：保留观察。,待确认,video_id=7639958622008737915; video_url=https://www.douyin.com/video/7639958622008737915; creator=阿龙闯大A📈; like=0; reply=0; source_type=comment; yeren_signal_id=; parent_comment_text=,14:47,抖音评论,video,呼叫万手哥，帮忙拉一拉。#股票 #股民 #vlgo十亿流量扶持计划,AA建材批发小江,7639958622008737915,https://www.douyin.com/video/7639958622008737915,,7640006653709910843,14:47,待确认,中性,自动映射到抖音视频评论池。,6.4,false
2026-05-15,longge,抖音评论 14:47,谢谢大哥刚刚买了就涨停了,,,,否,video_id=7639958622008737915; video_url=https://www.douyin.com/video/7639958622008737915; creator=阿龙闯大A📈; like=0; reply=0; source_type=comment; yeren_signal_id=; parent_comment_text=,14:47,抖音评论,video,呼叫万手哥，帮忙拉一拉。#股票 #股民 #vlgo十亿流量扶持计划,林木森,7639958622008737915,https://www.douyin.com/video/7639958622008737915,,7640006458529514298,14:47,未纳入,中性,自动映射到抖音视频评论池。,,false
2026-05-15,longge,抖音评论 14:47,去平潭发展吧,平潭发展(000592),林业;福建自贸区,平潭发展(000592) 被提及 2 次，有效评论 2 条，来源 1 个，单视频线索，情绪 中性，当前判断：保留观察。,待确认,video_id=7639958622008737915; video_url=https://www.douyin.com/video/7639958622008737915; creator=阿龙闯大A📈; like=1; reply=2; source_type=comment; yeren_signal_id=; parent_comment_text=,14:47,抖音评论,video,呼叫万手哥，帮忙拉一拉。#股票 #股民 #vlgo十亿流量扶持计划,用户,7639958622008737915,https://www.douyin.com/video/7639958622008737915,,7640006461297509169,14:47,待确认,中性,自动映射到抖音视频评论池。,6.9,false
2026-05-15,longge,抖音评论 14:47,博纳影业[呲牙],博纳影业(001330),,博纳影业(001330) 被提及 1 次，有效评论 1 条，来源 1 个，单视频线索，情绪 中性，当前判断：保留观察。,待确认,video_id=7639958622008737915; video_url=https://www.douyin.com/video/7639958622008737915; creator=阿龙闯大A📈; like=0; reply=0; source_type=comment; yeren_signal_id=; parent_comment_text=,14:47,抖音评论,video,呼叫万手哥，帮忙拉一拉。#股票 #股民 #vlgo十亿流量扶持计划,靠谱的农作物,7639958622008737915,https://www.douyin.com/video/7639958622008737915,,7640006465209762618,14:47,待确认,中性,自动映射到抖音视频评论池。,6.4,false
2026-05-15,longge,抖音评论 14:46,给大哥上板龙,,,,否,video_id=7639958622008737915; video_url=https://www.douyin.com/video/7639958622008737915; creator=阿龙闯大A📈; like=0; reply=0; source_type=comment; yeren_signal_id=; parent_comment_text=,14:46,抖音评论,video,呼叫万手哥，帮忙拉一拉。#股票 #股民 #vlgo十亿流量扶持计划,平舆TATA木门,7639958622008737915,https://www.douyin.com/video/7639958622008737915,,7640006429961585446,14:46,未纳入,中性,自动映射到抖音视频评论池。,,false
2026-05-15,longge,抖音评论 14:46,凯旺！！！！！！！拿稳了。,,,,否,video_id=7639958622008737915; video_url=https://www.douyin.com/video/7639958622008737915; creator=阿龙闯大A📈; like=0; reply=0; source_type=comment; yeren_signal_id=; parent_comment_text=,14:46,抖音评论,video,呼叫万手哥，帮忙拉一拉。#股票 #股民 #vlgo十亿流量扶持计划,"胜,",7639958622008737915,https://www.douyin.com/video/7639958622008737915,,7640006399942394650,14:46,未纳入,中性,自动映射到抖音视频评论池。,,false
2026-05-15,longge,抖音评论 14:46,我是看谁的HYQT呀[玫瑰][玫瑰][玫瑰][666][666][666],,,,否,video_id=7639958622008737915; video_url=https://www.douyin.com/video/7639958622008737915; creator=阿龙闯大A📈; like=0; reply=0; source_type=comment; yeren_signal_id=; parent_comment_text=,14:46,抖音评论,video,呼叫万手哥，帮忙拉一拉。#股票 #股民 #vlgo十亿流量扶持计划,Wjanky,7639958622008737915,https://www.douyin.com/video/7639958622008737915,,7640006328140628793,14:46,未纳入,中性,自动映射到抖音视频评论池。,,false
2026-05-15,longge,抖音评论 14:45,今天买啥 来个真大哥[流泪],,,,否,video_id=7639958622008737915; video_url=https://www.douyin.com/video/7639958622008737915; creator=阿龙闯大A📈; like=0; reply=0; source_type=comment; yeren_signal_id=; parent_comment_text=,14:45,抖音评论,video,呼叫万手哥，帮忙拉一拉。#股票 #股民 #vlgo十亿流量扶持计划,✨水冰月,7639958622008737915,https://www.douyin.com/video/7639958622008737915,,7640005944777540409,14:45,未纳入,中性,自动映射到抖音视频评论池。,,false
2026-05-15,longge,抖音评论 14:44,谁说的天通啊我服了,,,,否,video_id=7639958622008737915; video_url=https://www.douyin.com/video/7639958622008737915; creator=阿龙闯大A📈; like=0; reply=2; source_type=comment; yeren_signal_id=; parent_comment_text=,14:44,抖音评论,video,呼叫万手哥，帮忙拉一拉。#股票 #股民 #vlgo十亿流量扶持计划,田,7639958622008737915,https://www.douyin.com/video/7639958622008737915,,7640005827067577137,14:44,未纳入,中性,自动映射到抖音视频评论池。,,false
2026-05-15,longge,抖音评论 14:40,大哥们给一支吧，弟弟买啥都挨揍，再不给一支就退了,,,,否,video_id=7639958622008737915; video_url=https://www.douyin.com/video/7639958622008737915; creator=阿龙闯大A📈; like=0; reply=0; source_type=comment; yeren_signal_id=; parent_comment_text=,14:40,抖音评论,video,呼叫万手哥，帮忙拉一拉。#股票 #股民 #vlgo十亿流量扶持计划,三皮穿搭,7639958622008737915,https://www.douyin.com/video/7639958622008737915,,7640004753875796786,14:40,未纳入,中性,自动映射到抖音视频评论池。,,false
2026-05-15,longge,抖音评论 14:38,尾盘进豫能，下周吃席,,,,否,video_id=7639958622008737915; video_url=https://www.douyin.com/video/7639958622008737915; creator=阿龙闯大A📈; like=1; reply=5; source_type=comment; yeren_signal_id=; parent_comment_text=,14:38,抖音评论,video,呼叫万手哥，帮忙拉一拉。#股票 #股民 #vlgo十亿流量扶持计划,🌈滑溜溜🌈,7639958622008737915,https://www.douyin.com/video/7639958622008737915,,7640004190852776753,14:38,未纳入,中性,自动映射到抖音视频评论池。,,false
2026-05-15,longge,抖音评论 14:37,血洗了,,,,否,video_id=7639958622008737915; video_url=https://www.douyin.com/video/7639958622008737915; creator=阿龙闯大A📈; like=0; reply=0; source_type=comment; yeren_signal_id=; parent_comment_text=,14:37,抖音评论,video,呼叫万手哥，帮忙拉一拉。#股票 #股民 #vlgo十亿流量扶持计划,内小子真浪,7639958622008737915,https://www.douyin.com/video/7639958622008737915,,7640004012846695205,14:37,未纳入,中性,自动映射到抖音视频评论池。,,false
2026-05-15,longge,抖音评论 14:36,2:35了，宏昌电子那个大哥快来快来[呲牙][呲牙],宏昌电子(603002),,宏昌电子(603002) 被提及 2 次，有效评论 2 条，来源 1 个，单视频线索，情绪 中性，当前判断：保留观察。,待确认,video_id=7639958622008737915; video_url=https://www.douyin.com/video/7639958622008737915; creator=阿龙闯大A📈; like=0; reply=2; source_type=comment; yeren_signal_id=; parent_comment_text=,14:36,抖音评论,video,呼叫万手哥，帮忙拉一拉。#股票 #股民 #vlgo十亿流量扶持计划,Vic,7639958622008737915,https://www.douyin.com/video/7639958622008737915,,7640003624613643035,14:36,待确认,中性,自动映射到抖音视频评论池。,6.9,false
2026-05-15,longge,抖音评论 14:33,每天都有真大哥，就是不知道是哪个,,,,否,video_id=7639958622008737915; video_url=https://www.douyin.com/video/7639958622008737915; creator=阿龙闯大A📈; like=0; reply=0; source_type=comment; yeren_signal_id=; parent_comment_text=,14:33,抖音评论,video,呼叫万手哥，帮忙拉一拉。#股票 #股民 #vlgo十亿流量扶持计划,农村的我,7639958622008737915,https://www.douyin.com/video/7639958622008737915,,7640002861783630607,14:33,未纳入,中性,自动映射到抖音视频评论池。,,false
2026-05-15,longge,抖音评论 14:32,舒华体育有上的吗？,舒华体育(605299),,舒华体育(605299) 被提及 1 次，有效评论 1 条，来源 1 个，单视频线索，情绪 中性，当前判断：保留观察。,待确认,video_id=7639958622008737915; video_url=https://www.douyin.com/video/7639958622008737915; creator=阿龙闯大A📈; like=0; reply=0; source_type=comment; yeren_signal_id=; parent_comment_text=,14:32,抖音评论,video,呼叫万手哥，帮忙拉一拉。#股票 #股民 #vlgo十亿流量扶持计划,四季豆,7639958622008737915,https://www.douyin.com/video/7639958622008737915,,7640002824131101476,14:32,待确认,中性,自动映射到抖音视频评论池。,6.4,false
2026-05-15,longge,抖音评论 14:32,新能泰山的大哥，早就跑了，这东西有输有赢，[杀马特]反正我没跟,新能泰山(000720),电网设备;电力,新能泰山(000720) 被提及 7 次，有效评论 7 条，来源 1 个，单视频线索，情绪 中性，当前判断：保留观察。,待确认,video_id=7639958622008737915; video_url=https://www.douyin.com/video/7639958622008737915; creator=阿龙闯大A📈; like=1; reply=4; source_type=comment; yeren_signal_id=; parent_comment_text=,14:32,抖音评论,video,呼叫万手哥，帮忙拉一拉。#股票 #股民 #vlgo十亿流量扶持计划,🌈在哪丢了,7639958622008737915,https://www.douyin.com/video/7639958622008737915,,7640002719914754870,14:32,待确认,中性,自动映射到抖音视频评论池。,8.8,false
2026-05-15,longge,抖音评论 14:31,那啥，江特都割了吗？我补了九天了,,,,否,video_id=7639958622008737915; video_url=https://www.douyin.com/video/7639958622008737915; creator=阿龙闯大A📈; like=0; reply=4; source_type=comment; yeren_signal_id=; parent_comment_text=,14:31,抖音评论,video,呼叫万手哥，帮忙拉一拉。#股票 #股民 #vlgo十亿流量扶持计划,小华搬砖,7639958622008737915,https://www.douyin.com/video/7639958622008737915,,7640002569084207923,14:31,未纳入,中性,自动映射到抖音视频评论池。,,false
2026-05-15,longge,抖音评论 14:30,大佬看看 ，中国长城倒不到呀[流泪],中国长城(000066),,中国长城(000066) 被提及 7 次，有效评论 7 条，来源 2 个，跨来源共振，情绪 谨慎，当前判断：偏风险观察。,否,video_id=7639958622008737915; video_url=https://www.douyin.com/video/7639958622008737915; creator=阿龙闯大A📈; like=2; reply=1; source_type=comment; yeren_signal_id=; parent_comment_text=,14:30,抖音评论,video,呼叫万手哥，帮忙拉一拉。#股票 #股民 #vlgo十亿流量扶持计划,瑪💕,7639958622008737915,https://www.douyin.com/video/7639958622008737915,,7640002260877558568,14:30,未纳入,谨慎,自动映射到抖音视频评论池。,9.0,false
2026-05-15,longge,抖音评论 14:30,山子今天一直在回落 要跑吗,,,,否,video_id=7639958622008737915; video_url=https://www.douyin.com/video/7639958622008737915; creator=阿龙闯大A📈; like=0; reply=1; source_type=comment; yeren_signal_id=; parent_comment_text=,14:30,抖音评论,video,呼叫万手哥，帮忙拉一拉。#股票 #股民 #vlgo十亿流量扶持计划,老黄喜菜,7639958622008737915,https://www.douyin.com/video/7639958622008737915,,7640002208197526309,14:30,未纳入,中性,自动映射到抖音视频评论池。,,false
2026-05-15,longge,抖音评论 14:30,左手长城，右手巨石，怎么样哈哈哈哈,,,,否,video_id=7639958622008737915; video_url=https://www.douyin.com/video/7639958622008737915; creator=阿龙闯大A📈; like=0; reply=0; source_type=comment; yeren_signal_id=; parent_comment_text=,14:30,抖音评论,video,呼叫万手哥，帮忙拉一拉。#股票 #股民 #vlgo十亿流量扶持计划,玲🌞,7639958622008737915,https://www.douyin.com/video/7639958622008737915,,7640002153033139002,14:30,未纳入,中性,自动映射到抖音视频评论池。,,false
2026-05-15,longge,抖音评论 14:30,合肥城建的大哥是真牛,合肥城建(002208),,合肥城建(002208) 被提及 2 次，有效评论 2 条，来源 1 个，单视频线索，情绪 中性，当前判断：保留观察。,待确认,video_id=7639958622008737915; video_url=https://www.douyin.com/video/7639958622008737915; creator=阿龙闯大A📈; like=0; reply=0; source_type=comment; yeren_signal_id=; parent_comment_text=,14:30,抖音评论,video,呼叫万手哥，帮忙拉一拉。#股票 #股民 #vlgo十亿流量扶持计划,番薯同学,7639958622008737915,https://www.douyin.com/video/7639958622008737915,,7640002131990840100,14:30,待确认,中性,自动映射到抖音视频评论池。,6.9,false
2026-05-15,longge,抖音评论 14:27,韶能下周拿好,,,,否,video_id=7639958622008737915; video_url=https://www.douyin.com/video/7639958622008737915; creator=阿龙闯大A📈; like=2; reply=4; source_type=comment; yeren_signal_id=; parent_comment_text=,14:27,抖音评论,video,呼叫万手哥，帮忙拉一拉。#股票 #股民 #vlgo十亿流量扶持计划,王多鱼,7639958622008737915,https://www.douyin.com/video/7639958622008737915,,7640001447949697841,14:27,未纳入,中性,自动映射到抖音视频评论池。,,false
2026-05-15,longge,抖音评论 14:26,我也装大哥ytgx[抠鼻],,,,否,video_id=7639958622008737915; video_url=https://www.douyin.com/video/7639958622008737915; creator=阿龙闯大A📈; like=0; reply=0; source_type=comment; yeren_signal_id=; parent_comment_text=,14:26,抖音评论,video,呼叫万手哥，帮忙拉一拉。#股票 #股民 #vlgo十亿流量扶持计划,浮生若梦,7639958622008737915,https://www.douyin.com/video/7639958622008737915,,7640001088271582009,14:26,未纳入,中性,自动映射到抖音视频评论池。,,false
2026-05-15,longge,抖音评论 14:23,等你,,,,否,video_id=7639958622008737915; video_url=https://www.douyin.com/video/7639958622008737915; creator=阿龙闯大A📈; like=0; reply=0; source_type=comment; yeren_signal_id=; parent_comment_text=,14:23,抖音评论,video,呼叫万手哥，帮忙拉一拉。#股票 #股民 #vlgo十亿流量扶持计划,梧桐一叶,7639958622008737915,https://www.douyin.com/video/7639958622008737915,,7640000493729104699,14:23,未纳入,中性,自动映射到抖音视频评论池。,,false
2026-05-15,longge,抖音评论 14:23,华盛昌[抠鼻],华盛昌(002980),,华盛昌(002980) 被提及 2 次，有效评论 2 条，来源 2 个，跨来源共振，情绪 中性，当前判断：保留观察。,待确认,video_id=7639958622008737915; video_url=https://www.douyin.com/video/7639958622008737915; creator=阿龙闯大A📈; like=0; reply=0; source_type=comment; yeren_signal_id=; parent_comment_text=,14:23,抖音评论,video,呼叫万手哥，帮忙拉一拉。#股票 #股民 #vlgo十亿流量扶持计划,王小静,7639958622008737915,https://www.douyin.com/video/7639958622008737915,,7640000288024216329,14:23,待确认,中性,自动映射到抖音视频评论池。,7.6,false
2026-05-15,longge,抖音评论 14:22,三安今天还加不加呢[苦涩],,,,否,video_id=7639958622008737915; video_url=https://www.douyin.com/video/7639958622008737915; creator=阿龙闯大A📈; like=0; reply=0; source_type=comment; yeren_signal_id=; parent_comment_text=,14:22,抖音评论,video,呼叫万手哥，帮忙拉一拉。#股票 #股民 #vlgo十亿流量扶持计划,肉多帅的很安心,7639958622008737915,https://www.douyin.com/video/7639958622008737915,,7640000224035373867,14:22,未纳入,中性,自动映射到抖音视频评论池。,,false
2026-05-15,longge,抖音评论 14:22,还有在江特的吗[捂脸],,,,否,video_id=7639958622008737915; video_url=https://www.douyin.com/video/7639958622008737915; creator=阿龙闯大A📈; like=2; reply=2; source_type=comment; yeren_signal_id=; parent_comment_text=,14:22,抖音评论,video,呼叫万手哥，帮忙拉一拉。#股票 #股民 #vlgo十亿流量扶持计划,🐱兜里半个糖🍭,7639958622008737915,https://www.douyin.com/video/7639958622008737915,,7640000048201581361,14:22,未纳入,中性,自动映射到抖音视频评论池。,,false
2026-05-15,longge,抖音评论 14:20,恒润股份，和再升科技，下周亏我直播去吃[抱拳][抱拳][抱拳],再升科技(603601);恒润股份(603985),,再升科技(603601) 被提及 1 次，有效评论 1 条，来源 1 个，单视频线索，情绪 谨慎，当前判断：偏风险观察。；恒润股份(603985) 被提及 1 次，有效评论 1 条，来源 1 个，单视频线索，情绪 谨慎，当前判断：偏风险观察。,否,video_id=7639958622008737915; video_url=https://www.douyin.com/video/7639958622008737915; creator=阿龙闯大A📈; like=0; reply=2; source_type=comment; yeren_signal_id=; parent_comment_text=,14:20,抖音评论,video,呼叫万手哥，帮忙拉一拉。#股票 #股民 #vlgo十亿流量扶持计划,ASKING,7639958622008737915,https://www.douyin.com/video/7639958622008737915,,7639999719888028467,14:20,未纳入,谨慎,自动映射到抖音视频评论池。,5.9,false
2026-05-15,longge,抖音评论 14:20,汇绿昨天涨停今天跌停，真不知道咋说,,,,否,video_id=7639958622008737915; video_url=https://www.douyin.com/video/7639958622008737915; creator=阿龙闯大A📈; like=1; reply=0; source_type=comment; yeren_signal_id=; parent_comment_text=,14:20,抖音评论,video,呼叫万手哥，帮忙拉一拉。#股票 #股民 #vlgo十亿流量扶持计划,夏天-Lin🍃,7639958622008737915,https://www.douyin.com/video/7639958622008737915,,7639999559955923771,14:20,未纳入,中性,自动映射到抖音视频评论池。,,false
2026-05-15,longge,抖音评论 14:19,华控赛格你就买吧，拿一周,华控赛格(000068),,华控赛格(000068) 被提及 1 次，有效评论 1 条，来源 1 个，单视频线索，情绪 看多，当前判断：保留观察。,待确认,video_id=7639958622008737915; video_url=https://www.douyin.com/video/7639958622008737915; creator=阿龙闯大A📈; like=2; reply=7; source_type=comment; yeren_signal_id=; parent_comment_text=,14:19,抖音评论,video,呼叫万手哥，帮忙拉一拉。#股票 #股民 #vlgo十亿流量扶持计划,Mwj小迷妹,7639958622008737915,https://www.douyin.com/video/7639958622008737915,,7639999357706011441,14:19,待确认,看多,自动映射到抖音视频评论池。,6.4,false
2026-05-15,longge,抖音评论 14:19,银河电子有在的吗？[流泪],银河电子(002519),,银河电子(002519) 被提及 1 次，有效评论 1 条，来源 1 个，单视频线索，情绪 中性，当前判断：保留观察。,待确认,video_id=7639958622008737915; video_url=https://www.douyin.com/video/7639958622008737915; creator=阿龙闯大A📈; like=0; reply=0; source_type=comment; yeren_signal_id=; parent_comment_text=,14:19,抖音评论,video,呼叫万手哥，帮忙拉一拉。#股票 #股民 #vlgo十亿流量扶持计划,初见.,7639958622008737915,https://www.douyin.com/video/7639958622008737915,,7639999267352085306,14:19,待确认,中性,自动映射到抖音视频评论池。,6.4,false
2026-05-15,longge,抖音评论 14:18,新能泰山那个哥在哪里,新能泰山(000720),电网设备;电力,新能泰山(000720) 被提及 7 次，有效评论 7 条，来源 1 个，单视频线索，情绪 中性，当前判断：保留观察。,待确认,video_id=7639958622008737915; video_url=https://www.douyin.com/video/7639958622008737915; creator=阿龙闯大A📈; like=2; reply=11; source_type=comment; yeren_signal_id=; parent_comment_text=,14:18,抖音评论,video,呼叫万手哥，帮忙拉一拉。#股票 #股民 #vlgo十亿流量扶持计划,YZ、,7639958622008737915,https://www.douyin.com/video/7639958622008737915,,7639999211405509418,14:18,待确认,中性,自动映射到抖音视频评论池。,8.8,false
2026-05-15,longge,抖音评论 14:17,齐心集团,齐心集团(002301),,齐心集团(002301) 被提及 1 次，有效评论 1 条，来源 1 个，单视频线索，情绪 中性，当前判断：保留观察。,待确认,video_id=7639958622008737915; video_url=https://www.douyin.com/video/7639958622008737915; creator=阿龙闯大A📈; like=0; reply=0; source_type=comment; yeren_signal_id=; parent_comment_text=,14:17,抖音评论,video,呼叫万手哥，帮忙拉一拉。#股票 #股民 #vlgo十亿流量扶持计划,Mwj小迷妹,7639958622008737915,https://www.douyin.com/video/7639958622008737915,,7639998913945518897,14:17,待确认,中性,自动映射到抖音视频评论池。,6.4,false
2026-05-15,longge,抖音评论 14:16,红宝丽,,,,否,video_id=7639958622008737915; video_url=https://www.douyin.com/video/7639958622008737915; creator=阿龙闯大A📈; like=0; reply=0; source_type=comment; yeren_signal_id=; parent_comment_text=,14:16,抖音评论,video,呼叫万手哥，帮忙拉一拉。#股票 #股民 #vlgo十亿流量扶持计划,💋故事你在听吗？,7639958622008737915,https://www.douyin.com/video/7639958622008737915,,7639998567318684466,14:16,未纳入,中性,自动映射到抖音视频评论池。,,false
2026-05-15,longge,抖音评论 14:16,大佬，大唐卖不卖,,,,否,video_id=7639958622008737915; video_url=https://www.douyin.com/video/7639958622008737915; creator=阿龙闯大A📈; like=0; reply=2; source_type=comment; yeren_signal_id=; parent_comment_text=,14:16,抖音评论,video,呼叫万手哥，帮忙拉一拉。#股票 #股民 #vlgo十亿流量扶持计划,一拍即合,7639958622008737915,https://www.douyin.com/video/7639958622008737915,,7639998514513543993,14:16,未纳入,中性,自动映射到抖音视频评论池。,,false
2026-05-15,longge,抖音评论 14:14,长城咋办[杀马特],,,,否,video_id=7639958622008737915; video_url=https://www.douyin.com/video/7639958622008737915; creator=阿龙闯大A📈; like=0; reply=3; source_type=comment; yeren_signal_id=; parent_comment_text=,14:14,抖音评论,video,呼叫万手哥，帮忙拉一拉。#股票 #股民 #vlgo十亿流量扶持计划,一路向上🆙,7639958622008737915,https://www.douyin.com/video/7639958622008737915,,7639998107610399537,14:14,未纳入,中性,自动映射到抖音视频评论池。,,false
2026-05-15,longge,抖音评论 14:14,我前两天进的中天  45啊[捂脸],,,,否,video_id=7639958622008737915; video_url=https://www.douyin.com/video/7639958622008737915; creator=阿龙闯大A📈; like=0; reply=4; source_type=comment; yeren_signal_id=; parent_comment_text=,14:14,抖音评论,video,呼叫万手哥，帮忙拉一拉。#股票 #股民 #vlgo十亿流量扶持计划,申云飞,7639958622008737915,https://www.douyin.com/video/7639958622008737915,,7639998002443043610,14:14,未纳入,中性,自动映射到抖音视频评论池。,,false
2026-05-15,longge,抖音评论 14:13,新能泰山怎么说？,,,,否,video_id=7639958622008737915; video_url=https://www.douyin.com/video/7639958622008737915; creator=阿龙闯大A📈; like=0; reply=0; source_type=comment; yeren_signal_id=; parent_comment_text=,14:13,抖音评论,video,呼叫万手哥，帮忙拉一拉。#股票 #股民 #vlgo十亿流量扶持计划,虞苏,7639958622008737915,https://www.douyin.com/video/7639958622008737915,,7639997933798687507,14:13,未纳入,中性,自动映射到抖音视频评论池。,,false
2026-05-15,longge,抖音评论 14:12,华菱线lan的有吗,,,,否,video_id=7639958622008737915; video_url=https://www.douyin.com/video/7639958622008737915; creator=阿龙闯大A📈; like=0; reply=0; source_type=comment; yeren_signal_id=; parent_comment_text=,14:12,抖音评论,video,呼叫万手哥，帮忙拉一拉。#股票 #股民 #vlgo十亿流量扶持计划,喝乌昂~黄,7639958622008737915,https://www.douyin.com/video/7639958622008737915,,7639997432621728547,14:12,未纳入,中性,自动映射到抖音视频评论池。,,false
2026-05-15,longge,抖音评论 14:11,中国长城亏麻了[杀马特],中国长城(000066),,中国长城(000066) 被提及 7 次，有效评论 7 条，来源 2 个，跨来源共振，情绪 谨慎，当前判断：偏风险观察。,否,video_id=7639958622008737915; video_url=https://www.douyin.com/video/7639958622008737915; creator=阿龙闯大A📈; like=1; reply=5; source_type=comment; yeren_signal_id=; parent_comment_text=,14:11,抖音评论,video,呼叫万手哥，帮忙拉一拉。#股票 #股民 #vlgo十亿流量扶持计划,沐禧,7639958622008737915,https://www.douyin.com/video/7639958622008737915,,7639997303773053733,14:11,未纳入,谨慎,自动映射到抖音视频评论池。,9.0,false
2026-05-15,longge,抖音评论 14:09,顺灏，周一我要上龙,,,,否,video_id=7639958622008737915; video_url=https://www.douyin.com/video/7639958622008737915; creator=阿龙闯大A📈; like=1; reply=2; source_type=comment; yeren_signal_id=; parent_comment_text=,14:09,抖音评论,video,呼叫万手哥，帮忙拉一拉。#股票 #股民 #vlgo十亿流量扶持计划,托尼带水洗头,7639958622008737915,https://www.douyin.com/video/7639958622008737915,,7639996664267359013,14:09,未纳入,中性,自动映射到抖音视频评论池。,,false
2026-05-15,longge,抖音评论 14:08,哪位大哥能来金顶救救孩子,,,,否,video_id=7639958622008737915; video_url=https://www.douyin.com/video/7639958622008737915; creator=阿龙闯大A📈; like=0; reply=0; source_type=comment; yeren_signal_id=; parent_comment_text=,14:08,抖音评论,video,呼叫万手哥，帮忙拉一拉。#股票 #股民 #vlgo十亿流量扶持计划,洛玲,7639958622008737915,https://www.douyin.com/video/7639958622008737915,,7639996545735164731,14:08,未纳入,中性,自动映射到抖音视频评论池。,,false
2026-05-15,longge,抖音评论 14:07,那个说盛龙股份的，你出来，我给你寄特产,盛龙股份(001257),,盛龙股份(001257) 被提及 1 次，有效评论 1 条，来源 1 个，单视频线索，情绪 中性，当前判断：保留观察。,待确认,video_id=7639958622008737915; video_url=https://www.douyin.com/video/7639958622008737915; creator=阿龙闯大A📈; like=1; reply=0; source_type=comment; yeren_signal_id=; parent_comment_text=,14:07,抖音评论,video,呼叫万手哥，帮忙拉一拉。#股票 #股民 #vlgo十亿流量扶持计划,爱意随风起,7639958622008737915,https://www.douyin.com/video/7639958622008737915,,7639996228399104817,14:07,待确认,中性,自动映射到抖音视频评论池。,6.4,false
2026-05-15,longge,抖音评论 14:06,驰宏锌锗怎么办,驰宏锌锗(600497),,驰宏锌锗(600497) 被提及 1 次，有效评论 1 条，来源 1 个，单视频线索，情绪 中性，当前判断：保留观察。,待确认,video_id=7639958622008737915; video_url=https://www.douyin.com/video/7639958622008737915; creator=阿龙闯大A📈; like=1; reply=3; source_type=comment; yeren_signal_id=; parent_comment_text=,14:06,抖音评论,video,呼叫万手哥，帮忙拉一拉。#股票 #股民 #vlgo十亿流量扶持计划,周大帅,7639958622008737915,https://www.douyin.com/video/7639958622008737915,,7639996049243374362,14:06,待确认,中性,自动映射到抖音视频评论池。,6.4,false
2026-05-15,longge,抖音评论 14:06,尾盘进啥，这两天亏嘛了[捂脸],,,,否,video_id=7639958622008737915; video_url=https://www.douyin.com/video/7639958622008737915; creator=阿龙闯大A📈; like=0; reply=3; source_type=comment; yeren_signal_id=; parent_comment_text=,14:06,抖音评论,video,呼叫万手哥，帮忙拉一拉。#股票 #股民 #vlgo十亿流量扶持计划,云仙,7639958622008737915,https://www.douyin.com/video/7639958622008737915,,7639996010064298804,14:06,未纳入,中性,自动映射到抖音视频评论池。,,false
2026-05-15,longge,抖音评论 14:06,昨天叫我进新能泰山的呢,新能泰山(000720),电网设备;电力,新能泰山(000720) 被提及 7 次，有效评论 7 条，来源 1 个，单视频线索，情绪 中性，当前判断：保留观察。,待确认,video_id=7639958622008737915; video_url=https://www.douyin.com/video/7639958622008737915; creator=阿龙闯大A📈; like=1; reply=8; source_type=comment; yeren_signal_id=; parent_comment_text=,14:06,抖音评论,video,呼叫万手哥，帮忙拉一拉。#股票 #股民 #vlgo十亿流量扶持计划,小钥,7639958622008737915,https://www.douyin.com/video/7639958622008737915,,7639995942309954362,14:06,待确认,中性,自动映射到抖音视频评论池。,8.8,false
2026-05-15,longge,抖音评论 14:05,中粮糖业,中粮糖业(600737),,中粮糖业(600737) 被提及 1 次，有效评论 1 条，来源 1 个，单视频线索，情绪 中性，当前判断：保留观察。,待确认,video_id=7639958622008737915; video_url=https://www.douyin.com/video/7639958622008737915; creator=阿龙闯大A📈; like=0; reply=0; source_type=comment; yeren_signal_id=; parent_comment_text=,14:05,抖音评论,video,呼叫万手哥，帮忙拉一拉。#股票 #股民 #vlgo十亿流量扶持计划,九月柿子,7639958622008737915,https://www.douyin.com/video/7639958622008737915,,7639995856477012794,14:05,待确认,中性,自动映射到抖音视频评论池。,6.4,false
2026-05-15,longge,抖音评论 14:02,九鼎,,,,否,video_id=7639958622008737915; video_url=https://www.douyin.com/video/7639958622008737915; creator=阿龙闯大A📈; like=0; reply=0; source_type=comment; yeren_signal_id=; parent_comment_text=,14:02,抖音评论,video,呼叫万手哥，帮忙拉一拉。#股票 #股民 #vlgo十亿流量扶持计划,面料·一度,7639958622008737915,https://www.douyin.com/video/7639958622008737915,,7639994872422761275,14:02,未纳入,中性,自动映射到抖音视频评论池。,,false
2026-05-15,longge,抖音评论 14:01,各位大爷今天进啥！亏嘛了[衰][衰],,,,否,video_id=7639958622008737915; video_url=https://www.douyin.com/video/7639958622008737915; creator=阿龙闯大A📈; like=0; reply=1; source_type=comment; yeren_signal_id=; parent_comment_text=,14:01,抖音评论,video,呼叫万手哥，帮忙拉一拉。#股票 #股民 #vlgo十亿流量扶持计划,三年梦七年痒,7639958622008737915,https://www.douyin.com/video/7639958622008737915,,7639994804307460921,14:01,未纳入,中性,自动映射到抖音视频评论池。,,false
2026-05-15,longge,抖音评论 14:08,哪位大哥能来金顶救救孩子,,,,否,video_id=7639958622008737915; video_url=https://www.douyin.com/video/7639958622008737915; creator=阿龙闯大A📈; like=0; reply=0; source_type=comment; yeren_signal_id=; parent_comment_text=,14:08,抖音评论,video,呼叫万手哥，帮忙拉一拉。#股票 #股民 #vlgo十亿流量扶持计划,洛玲,7639958622008737915,https://www.douyin.com/video/7639958622008737915,,7639996545735164731,14:08,未纳入,中性,自动映射到抖音视频评论池。,,false
2026-05-15,longge,抖音评论 14:07,那个说盛龙股份的，你出来，我给你寄特产,盛龙股份(001257),,盛龙股份(001257) 被提及 1 次，有效评论 1 条，来源 1 个，单视频线索，情绪 中性，当前判断：保留观察。,待确认,video_id=7639958622008737915; video_url=https://www.douyin.com/video/7639958622008737915; creator=阿龙闯大A📈; like=1; reply=0; source_type=comment; yeren_signal_id=; parent_comment_text=,14:07,抖音评论,video,呼叫万手哥，帮忙拉一拉。#股票 #股民 #vlgo十亿流量扶持计划,爱意随风起,7639958622008737915,https://www.douyin.com/video/7639958622008737915,,7639996228399104817,14:07,待确认,中性,自动映射到抖音视频评论池。,6.4,false
2026-05-15,longge,抖音评论 14:06,驰宏锌锗怎么办,驰宏锌锗(600497),,驰宏锌锗(600497) 被提及 1 次，有效评论 1 条，来源 1 个，单视频线索，情绪 中性，当前判断：保留观察。,待确认,video_id=7639958622008737915; video_url=https://www.douyin.com/video/7639958622008737915; creator=阿龙闯大A📈; like=1; reply=3; source_type=comment; yeren_signal_id=; parent_comment_text=,14:06,抖音评论,video,呼叫万手哥，帮忙拉一拉。#股票 #股民 #vlgo十亿流量扶持计划,周大帅,7639958622008737915,https://www.douyin.com/video/7639958622008737915,,7639996049243374362,14:06,待确认,中性,自动映射到抖音视频评论池。,6.4,false
2026-05-15,longge,抖音评论 14:06,尾盘进啥，这两天亏嘛了[捂脸],,,,否,video_id=7639958622008737915; video_url=https://www.douyin.com/video/7639958622008737915; creator=阿龙闯大A📈; like=0; reply=3; source_type=comment; yeren_signal_id=; parent_comment_text=,14:06,抖音评论,video,呼叫万手哥，帮忙拉一拉。#股票 #股民 #vlgo十亿流量扶持计划,云仙,7639958622008737915,https://www.douyin.com/video/7639958622008737915,,7639996010064298804,14:06,未纳入,中性,自动映射到抖音视频评论池。,,false
2026-05-15,longge,抖音评论 14:06,昨天叫我进新能泰山的呢,新能泰山(000720),电网设备;电力,新能泰山(000720) 被提及 7 次，有效评论 7 条，来源 1 个，单视频线索，情绪 中性，当前判断：保留观察。,待确认,video_id=7639958622008737915; video_url=https://www.douyin.com/video/7639958622008737915; creator=阿龙闯大A📈; like=1; reply=8; source_type=comment; yeren_signal_id=; parent_comment_text=,14:06,抖音评论,video,呼叫万手哥，帮忙拉一拉。#股票 #股民 #vlgo十亿流量扶持计划,小钥,7639958622008737915,https://www.douyin.com/video/7639958622008737915,,7639995942309954362,14:06,待确认,中性,自动映射到抖音视频评论池。,8.8,false
2026-05-15,longge,抖音评论 14:05,中粮糖业,中粮糖业(600737),,中粮糖业(600737) 被提及 1 次，有效评论 1 条，来源 1 个，单视频线索，情绪 中性，当前判断：保留观察。,待确认,video_id=7639958622008737915; video_url=https://www.douyin.com/video/7639958622008737915; creator=阿龙闯大A📈; like=0; reply=0; source_type=comment; yeren_signal_id=; parent_comment_text=,14:05,抖音评论,video,呼叫万手哥，帮忙拉一拉。#股票 #股民 #vlgo十亿流量扶持计划,九月柿子,7639958622008737915,https://www.douyin.com/video/7639958622008737915,,7639995856477012794,14:05,待确认,中性,自动映射到抖音视频评论池。,6.4,false
2026-05-15,longge,抖音评论 14:03,哇哦～～～跌笑了，不管了，不卖也不买，实则没招了[噢买尬],,,,否,video_id=7639958622008737915; video_url=https://www.douyin.com/video/7639958622008737915; creator=阿龙闯大A📈; like=0; reply=0; source_type=comment; yeren_signal_id=; parent_comment_text=,14:03,抖音评论,video,呼叫万手哥，帮忙拉一拉。#股票 #股民 #vlgo十亿流量扶持计划,汤圆不是汤圆,7639958622008737915,https://www.douyin.com/video/7639958622008737915,,7639995154896536369,14:03,未纳入,中性,自动映射到抖音视频评论池。,,false
2026-05-15,longge,抖音评论 14:02,九鼎,,,,否,video_id=7639958622008737915; video_url=https://www.douyin.com/video/7639958622008737915; creator=阿龙闯大A📈; like=0; reply=0; source_type=comment; yeren_signal_id=; parent_comment_text=,14:02,抖音评论,video,呼叫万手哥，帮忙拉一拉。#股票 #股民 #vlgo十亿流量扶持计划,面料·一度,7639958622008737915,https://www.douyin.com/video/7639958622008737915,,7639994872422761275,14:02,未纳入,中性,自动映射到抖音视频评论池。,,false
2026-05-15,longge,抖音评论 14:01,各位大爷今天进啥！亏嘛了[衰][衰],,,,否,video_id=7639958622008737915; video_url=https://www.douyin.com/video/7639958622008737915; creator=阿龙闯大A📈; like=0; reply=1; source_type=comment; yeren_signal_id=; parent_comment_text=,14:01,抖音评论,video,呼叫万手哥，帮忙拉一拉。#股票 #股民 #vlgo十亿流量扶持计划,三年梦七年痒,7639958622008737915,https://www.douyin.com/video/7639958622008737915,,7639994804307460921,14:01,未纳入,中性,自动映射到抖音视频评论池。,,false
2026-05-15,longge,抖音评论 14:17,齐心集团,齐心集团(002301),,齐心集团(002301) 被提及 1 次，有效评论 1 条，来源 1 个，单视频线索，情绪 中性，当前判断：保留观察。,待确认,video_id=7639958622008737915; video_url=https://www.douyin.com/video/7639958622008737915; creator=阿龙闯大A📈; like=0; reply=0; source_type=comment; yeren_signal_id=; parent_comment_text=,14:17,抖音评论,video,呼叫万手哥，帮忙拉一拉。#股票 #股民 #vlgo十亿流量扶持计划,Mwj小迷妹,7639958622008737915,https://www.douyin.com/video/7639958622008737915,,7639998913945518897,14:17,待确认,中性,自动映射到抖音视频评论池。,6.4,false
2026-05-15,longge,抖音评论 14:00,5.5打板进了大唐，8.1全卖了，今天6.9又买回来了[捂脸]，凭的全是感觉,,,,否,video_id=7639958622008737915; video_url=https://www.douyin.com/video/7639958622008737915; creator=阿龙闯大A📈; like=2; reply=0; source_type=comment; yeren_signal_id=; parent_comment_text=,14:00,抖音评论,video,呼叫万手哥，帮忙拉一拉。#股票 #股民 #vlgo十亿流量扶持计划,肥兔来了,7639958622008737915,https://www.douyin.com/video/7639958622008737915,,7639994523443430193,14:00,未纳入,中性,自动映射到抖音视频评论池。,,false
2026-05-15,longge,抖音评论 13:59,合力泰跑不跑呀[泣不成声][泣不成声],合力泰(002217),消费电子;光学光电子,合力泰(002217) 被提及 5 次，有效评论 5 条，来源 2 个，跨来源共振，情绪 中性，当前判断：保留观察。,待确认,video_id=7639958622008737915; video_url=https://www.douyin.com/video/7639958622008737915; creator=阿龙闯大A📈; like=0; reply=7; source_type=comment; yeren_signal_id=; parent_comment_text=,13:59,抖音评论,video,呼叫万手哥，帮忙拉一拉。#股票 #股民 #vlgo十亿流量扶持计划,ML,7639958622008737915,https://www.douyin.com/video/7639958622008737915,,7639994150062703397,13:59,待确认,中性,自动映射到抖音视频评论池。,8.8,false
2026-05-15,longge,抖音评论 13:58,今天终于有人蒙对了 天天一千多条评论也是难选[捂脸],,,,否,video_id=7639958622008737915; video_url=https://www.douyin.com/video/7639958622008737915; creator=阿龙闯大A📈; like=1; reply=0; source_type=comment; yeren_signal_id=; parent_comment_text=,13:58,抖音评论,video,呼叫万手哥，帮忙拉一拉。#股票 #股民 #vlgo十亿流量扶持计划,☀️,7639958622008737915,https://www.douyin.com/video/7639958622008737915,,7639993919749014321,13:58,未纳入,中性,自动映射到抖音视频评论池。,,false
2026-05-15,longge,抖音评论 13:57,中国长城，哪位土豪拉一把[捂脸],中国长城(000066),,中国长城(000066) 被提及 7 次，有效评论 7 条，来源 2 个，跨来源共振，情绪 谨慎，当前判断：偏风险观察。,否,video_id=7639958622008737915; video_url=https://www.douyin.com/video/7639958622008737915; creator=阿龙闯大A📈; like=3; reply=1; source_type=comment; yeren_signal_id=; parent_comment_text=,13:57,抖音评论,video,呼叫万手哥，帮忙拉一拉。#股票 #股民 #vlgo十亿流量扶持计划,平🌸,7639958622008737915,https://www.douyin.com/video/7639958622008737915,,7639993724822569738,13:57,未纳入,谨慎,自动映射到抖音视频评论池。,9.0,false
2026-05-15,longge,抖音评论 13:57,昨天20分钟的尾盘模式我看今天又要开始了[流泪][流泪][流泪],,,,否,video_id=7639958622008737915; video_url=https://www.douyin.com/video/7639958622008737915; creator=阿龙闯大A📈; like=0; reply=2; source_type=comment; yeren_signal_id=; parent_comment_text=,13:57,抖音评论,video,呼叫万手哥，帮忙拉一拉。#股票 #股民 #vlgo十亿流量扶持计划,用户3097793643196,7639958622008737915,https://www.douyin.com/video/7639958622008737915,,7639993692002534201,13:57,未纳入,中性,自动映射到抖音视频评论池。,,false
2026-05-15,longge,抖音评论 13:56,协鑫呢,,,,否,video_id=7639958622008737915; video_url=https://www.douyin.com/video/7639958622008737915; creator=阿龙闯大A📈; like=0; reply=3; source_type=comment; yeren_signal_id=; parent_comment_text=,13:56,抖音评论,video,呼叫万手哥，帮忙拉一拉。#股票 #股民 #vlgo十亿流量扶持计划,111,7639958622008737915,https://www.douyin.com/video/7639958622008737915,,7639993302935225147,13:56,未纳入,中性,自动映射到抖音视频评论池。,,false
2026-05-15,longge,抖音评论 13:56,你是最棒的,,,,否,video_id=7639958622008737915; video_url=https://www.douyin.com/video/7639958622008737915; creator=阿龙闯大A📈; like=0; reply=0; source_type=comment; yeren_signal_id=; parent_comment_text=,13:56,抖音评论,video,呼叫万手哥，帮忙拉一拉。#股票 #股民 #vlgo十亿流量扶持计划,彩虹般的微笑,7639958622008737915,https://www.douyin.com/video/7639958622008737915,,7639993305668895525,13:56,未纳入,中性,自动映射到抖音视频评论池。,,false
2026-05-15,longge,抖音评论 13:54,京能[耶],,,,否,video_id=7639958622008737915; video_url=https://www.douyin.com/video/7639958622008737915; creator=阿龙闯大A📈; like=0; reply=0; source_type=comment; yeren_signal_id=; parent_comment_text=,13:54,抖音评论,video,呼叫万手哥，帮忙拉一拉。#股票 #股民 #vlgo十亿流量扶持计划,🌈哇哇哇,7639958622008737915,https://www.douyin.com/video/7639958622008737915,,7639992962961851155,13:54,未纳入,中性,自动映射到抖音视频评论池。,,false
2026-05-15,longge,抖音评论 13:54,大业,,,,否,video_id=7639958622008737915; video_url=https://www.douyin.com/video/7639958622008737915; creator=阿龙闯大A📈; like=0; reply=0; source_type=comment; yeren_signal_id=; parent_comment_text=,13:54,抖音评论,video,呼叫万手哥，帮忙拉一拉。#股票 #股民 #vlgo十亿流量扶持计划,鐘吖钟,7639958622008737915,https://www.douyin.com/video/7639958622008737915,,7639992950629548810,13:54,未纳入,中性,自动映射到抖音视频评论池。,,false
2026-05-15,longge,抖音评论 13:53,喊了几天的长裕水下低吸,,,,否,video_id=7639958622008737915; video_url=https://www.douyin.com/video/7639958622008737915; creator=阿龙闯大A📈; like=0; reply=1; source_type=comment; yeren_signal_id=; parent_comment_text=,13:53,抖音评论,video,呼叫万手哥，帮忙拉一拉。#股票 #股民 #vlgo十亿流量扶持计划,某某。,7639958622008737915,https://www.douyin.com/video/7639958622008737915,,7639992712901296942,13:53,未纳入,中性,自动映射到抖音视频评论池。,,false
2026-05-15,longge,抖音评论 13:53,江特电机还没跑,,,评论热度较高，但暂未自动识别到明确股票线索，保留人工复核。,待确认,video_id=7639958622008737915; video_url=https://www.douyin.com/video/7639958622008737915; creator=阿龙闯大A📈; like=1; reply=16; source_type=comment; yeren_signal_id=; parent_comment_text=,13:53,抖音评论,video,呼叫万手哥，帮忙拉一拉。#股票 #股民 #vlgo十亿流量扶持计划,阿伟,7639958622008737915,https://www.douyin.com/video/7639958622008737915,,7639992557606880059,13:53,待确认,中性,自动映射到抖音视频评论池。,6.2,false
2026-05-15,longge,抖音评论 13:53,哈哈哈哈哈哈,,,,否,video_id=7639958622008737915; video_url=https://www.douyin.com/video/7639958622008737915; creator=阿龙闯大A📈; like=0; reply=0; source_type=comment; yeren_signal_id=; parent_comment_text=,13:53,抖音评论,video,呼叫万手哥，帮忙拉一拉。#股票 #股民 #vlgo十亿流量扶持计划,199.,7639958622008737915,https://www.douyin.com/video/7639958622008737915,,7639992533199717157,13:53,未纳入,中性,自动映射到抖音视频评论池。,,false
2026-05-15,longge,抖音评论 13:52,中韩半导体[尬笑][尬笑][尬笑],,,评论热度较高，但暂未自动识别到明确股票线索，保留人工复核。,待确认,video_id=7639958622008737915; video_url=https://www.douyin.com/video/7639958622008737915; creator=阿龙闯大A📈; like=0; reply=6; source_type=comment; yeren_signal_id=; parent_comment_text=,13:52,抖音评论,video,呼叫万手哥，帮忙拉一拉。#股票 #股民 #vlgo十亿流量扶持计划,娇妹加油🫶,7639958622008737915,https://www.douyin.com/video/7639958622008737915,,7639992334923531045,13:52,待确认,中性,自动映射到抖音视频评论池。,6.2,false
2026-05-15,longge,抖音评论 13:51,韶能股份[感谢][感谢][感谢],韶能股份(000601),,韶能股份(000601) 被提及 1 次，有效评论 1 条，来源 1 个，单视频线索，情绪 中性，当前判断：保留观察。,待确认,video_id=7639958622008737915; video_url=https://www.douyin.com/video/7639958622008737915; creator=阿龙闯大A📈; like=0; reply=0; source_type=comment; yeren_signal_id=; parent_comment_text=,13:51,抖音评论,video,呼叫万手哥，帮忙拉一拉。#股票 #股民 #vlgo十亿流量扶持计划,冈仁波齐（叉哥）,7639958622008737915,https://www.douyin.com/video/7639958622008737915,,7639992201963111226,13:51,待确认,中性,自动映射到抖音视频评论池。,6.4,false
2026-05-15,longge,抖音评论 13:50,说沧州明珠的给我出来,沧州明珠(002108),,沧州明珠(002108) 被提及 5 次，有效评论 5 条，来源 1 个，单视频线索，情绪 中性，当前判断：已进入推荐候选。,是,video_id=7639958622008737915; video_url=https://www.douyin.com/video/7639958622008737915; creator=阿龙闯大A📈; like=1; reply=0; source_type=comment; yeren_signal_id=; parent_comment_text=,13:50,抖音评论,video,呼叫万手哥，帮忙拉一拉。#股票 #股民 #vlgo十亿流量扶持计划,20211202,7639958622008737915,https://www.douyin.com/video/7639958622008737915,,7639992000448611121,13:50,已纳入,中性,自动映射到抖音视频评论池。,8.9,true
2026-05-15,longge,抖音评论 13:50,说通达，长城那个大哥，在哪里？？你送我2个跌停？？？,,,,否,video_id=7639958622008737915; video_url=https://www.douyin.com/video/7639958622008737915; creator=阿龙闯大A📈; like=1; reply=2; source_type=comment; yeren_signal_id=; parent_comment_text=,13:50,抖音评论,video,呼叫万手哥，帮忙拉一拉。#股票 #股民 #vlgo十亿流量扶持计划,小白羊已成年,7639958622008737915,https://www.douyin.com/video/7639958622008737915,,7639991765526070022,13:50,未纳入,中性,自动映射到抖音视频评论池。,,false
2026-05-15,longge,抖音评论 13:48,谁说的衢州发展[捂脸],衢州发展(600208),,衢州发展(600208) 被提及 1 次，有效评论 1 条，来源 1 个，单视频线索，情绪 中性，当前判断：保留观察。,待确认,video_id=7639958622008737915; video_url=https://www.douyin.com/video/7639958622008737915; creator=阿龙闯大A📈; like=0; reply=0; source_type=comment; yeren_signal_id=; parent_comment_text=,13:48,抖音评论,video,呼叫万手哥，帮忙拉一拉。#股票 #股民 #vlgo十亿流量扶持计划,cx左耳,7639958622008737915,https://www.douyin.com/video/7639958622008737915,,7639991356383560506,13:48,待确认,中性,自动映射到抖音视频评论池。,6.4,false
2026-05-15,longge,抖音评论 13:46,粤传媒我从11看到现在,,,,否,video_id=7639958622008737915; video_url=https://www.douyin.com/video/7639958622008737915; creator=阿龙闯大A📈; like=1; reply=2; source_type=comment; yeren_signal_id=; parent_comment_text=,13:46,抖音评论,video,呼叫万手哥，帮忙拉一拉。#股票 #股民 #vlgo十亿流量扶持计划,山东华特 王强,7639958622008737915,https://www.douyin.com/video/7639958622008737915,,7639990945501627136,13:46,未纳入,中性,自动映射到抖音视频评论池。,,false
2026-05-15,longge,抖音评论 13:46,泰晶65走[呲牙],,,,否,video_id=7639958622008737915; video_url=https://www.douyin.com/video/7639958622008737915; creator=阿龙闯大A📈; like=0; reply=0; source_type=comment; yeren_signal_id=; parent_comment_text=,13:46,抖音评论,video,呼叫万手哥，帮忙拉一拉。#股票 #股民 #vlgo十亿流量扶持计划,VC情报站,7639958622008737915,https://www.douyin.com/video/7639958622008737915,,7639990950122832682,13:46,未纳入,中性,自动映射到抖音视频评论池。,,false
2026-05-15,longge,抖音评论 13:46,江特的大哥呢？,,,,否,video_id=7639958622008737915; video_url=https://www.douyin.com/video/7639958622008737915; creator=阿龙闯大A📈; like=0; reply=1; source_type=comment; yeren_signal_id=; parent_comment_text=,13:46,抖音评论,video,呼叫万手哥，帮忙拉一拉。#股票 #股民 #vlgo十亿流量扶持计划,钰钰@吃肉肉,7639958622008737915,https://www.douyin.com/video/7639958622008737915,,7639990792198849318,13:46,未纳入,中性,自动映射到抖音视频评论池。,,false
2026-05-15,longge,抖音评论 13:45,听别人进 就是让你们这些翡翠进去[捂脸]好接盘,,,,否,video_id=7639958622008737915; video_url=https://www.douyin.com/video/7639958622008737915; creator=阿龙闯大A📈; like=0; reply=0; source_type=comment; yeren_signal_id=; parent_comment_text=,13:45,抖音评论,video,呼叫万手哥，帮忙拉一拉。#股票 #股民 #vlgo十亿流量扶持计划,可以钓一天,7639958622008737915,https://www.douyin.com/video/7639958622008737915,,7639990496044450609,13:45,未纳入,中性,自动映射到抖音视频评论池。,,false
2026-05-15,longge,抖音评论 13:44,我把大哥放心上，大哥把我挂树上[呲牙],,,,否,video_id=7639958622008737915; video_url=https://www.douyin.com/video/7639958622008737915; creator=阿龙闯大A📈; like=0; reply=0; source_type=comment; yeren_signal_id=; parent_comment_text=,13:44,抖音评论,video,呼叫万手哥，帮忙拉一拉。#股票 #股民 #vlgo十亿流量扶持计划,李满仓！,7639958622008737915,https://www.douyin.com/video/7639958622008737915,,7639990378825777974,13:44,未纳入,中性,自动映射到抖音视频评论池。,,false
2026-05-15,longge,抖音评论 13:44,有没有大哥说一下和远气体,和远气体(002971),,和远气体(002971) 被提及 1 次，有效评论 1 条，来源 1 个，单视频线索，情绪 中性，当前判断：保留观察。,待确认,video_id=7639958622008737915; video_url=https://www.douyin.com/video/7639958622008737915; creator=阿龙闯大A📈; like=0; reply=0; source_type=comment; yeren_signal_id=; parent_comment_text=,13:44,抖音评论,video,呼叫万手哥，帮忙拉一拉。#股票 #股民 #vlgo十亿流量扶持计划,养乐多,7639958622008737915,https://www.douyin.com/video/7639958622008737915,,7639990374149047046,13:44,待确认,中性,自动映射到抖音视频评论池。,6.4,false
2026-05-15,longge,抖音评论 13:43,跟一个,,,,否,video_id=7639958622008737915; video_url=https://www.douyin.com/video/7639958622008737915; creator=阿龙闯大A📈; like=0; reply=0; source_type=comment; yeren_signal_id=; parent_comment_text=,13:43,抖音评论,video,呼叫万手哥，帮忙拉一拉。#股票 #股民 #vlgo十亿流量扶持计划,半壶清茗，一盏相思,7639958622008737915,https://www.douyin.com/video/7639958622008737915,,7639990098923258661,13:43,未纳入,中性,自动映射到抖音视频评论池。,,false
2026-05-15,longge,抖音评论 13:49,说沧州明珠的给我出来,,,,否,video_id=7639958622008737915; video_url=https://www.douyin.com/video/7639958622008737915; creator=阿龙闯大A📈; like=0; reply=0; source_type=comment; yeren_signal_id=; parent_comment_text=,13:49,抖音评论,video,呼叫万手哥，帮忙拉一拉。#股票 #股民 #vlgo十亿流量扶持计划,U+,7639958622008737915,https://www.douyin.com/video/7639958622008737915,,7639991650839708452,13:49,未纳入,中性,自动映射到抖音视频评论池。,,false
2026-05-15,longge,抖音评论 13:43,11号进的苏州高新，跌了10个[捂脸],苏州高新(600736),,苏州高新(600736) 被提及 3 次，有效评论 3 条，来源 1 个，单视频线索，情绪 谨慎，当前判断：偏风险观察。,否,video_id=7639958622008737915; video_url=https://www.douyin.com/video/7639958622008737915; creator=阿龙闯大A📈; like=0; reply=0; source_type=comment; yeren_signal_id=; parent_comment_text=,13:43,抖音评论,video,呼叫万手哥，帮忙拉一拉。#股票 #股民 #vlgo十亿流量扶持计划,11號美式、,7639958622008737915,https://www.douyin.com/video/7639958622008737915,,7639989976612569882,13:43,未纳入,谨慎,自动映射到抖音视频评论池。,6.7,false
2026-05-15,longge,抖音评论 13:41,下午有啥看好的,,,,否,video_id=7639958622008737915; video_url=https://www.douyin.com/video/7639958622008737915; creator=阿龙闯大A📈; like=0; reply=0; source_type=comment; yeren_signal_id=; parent_comment_text=,13:41,抖音评论,video,呼叫万手哥，帮忙拉一拉。#股票 #股民 #vlgo十亿流量扶持计划,艾丽娅  ࿆ ॐ,7639958622008737915,https://www.douyin.com/video/7639958622008737915,,7639989454540915505,13:41,未纳入,中性,自动映射到抖音视频评论池。,,false
2026-05-15,longge,抖音评论 13:40,"帮大家整理下评论区[呲牙]

每天整理有点麻烦，想做个程序，自动推送，有需要的吗？

大业股份
节能风电
滨化股份
兆新股份
鸿博股份
红宝丽
卓郎智能
奋达科技
浙江世宝
中国能建
美年健康
镇海股份
麦格米特
长电科技
航发科技
中视传媒
华电能源
天汽模
露笑科技
圣阳股份
五洲新春",中视传媒(600088);节能风电(601016);华电能源(600726);中国能建(601868);大业股份(603278);天汽模(002510);卓郎智能(600545);鸿博股份(002229);滨化股份(601678);奋达科技(002681);兆新股份(002256);长电科技(600584);美年健康(002044);浙江世宝(002703);麦格米特(002851);航发科技(600391);镇海股份(603637);五洲新春(603667);圣阳股份(002580);露笑科技(002617),电力;风电;工业母机;储能;铅酸电池,中视传媒(600088) 被提及 3 次，有效评论 3 条，来源 2 个，跨来源共振，情绪 中性，当前判断：保留观察。；节能风电(601016) 被提及 3 次，有效评论 3 条，来源 2 个，跨来源共振，情绪 看多，当前判断：保留观察。；华电能源(600726) 被提及 2 次，有效评论 2 条，来源 2 个，跨来源共振，情绪 中性，当前判断：保留观察。；中国能建(601868) 被提及 2 次，有效评论 2 条，来源 2 个，跨来源共振，情绪 中性，当前判断：保留观察。；大业股份(603278) 被提及 4 次，有效评论 4 条，来源 1 个，单视频线索，情绪 看多，当前判断：已进入推荐候选。；天汽模(002510) 被提及 3 次，有效评论 3 条，来源 1 个，单视频线索，情绪 中性，当前判断：已进入推荐候选。；卓郎智能(600545) 被提及 3 次，有效评论 3 条，来源 1 个，单视频线索，情绪 中性，当前判断：保留观察。；鸿博股份(002229) 被提及 2 次，有效评论 2 条，来源 1 个，单视频线索，情绪 中性，当前判断：保留观察。；滨化股份(601678) 被提及 2 次，有效评论 2 条，来源 1 个，单视频线索，情绪 中性，当前判断：保留观察。；奋达科技(002681) 被提及 2 次，有效评论 2 条，来源 1 个，单视频线索，情绪 中性，当前判断：已进入推荐候选。；兆新股份(002256) 被提及 2 次，有效评论 2 条，来源 1 个，单视频线索，情绪 中性，当前判断：保留观察。；长电科技(600584) 被提及 2 次，有效评论 2 条，来源 1 个，单视频线索，情绪 中性，当前判断：保留观察。；美年健康(002044) 被提及 2 次，有效评论 2 条，来源 1 个，单视频线索，情绪 中性，当前判断：保留观察。；浙江世宝(002703) 被提及 2 次，有效评论 2 条，来源 1 个，单视频线索，情绪 中性，当前判断：保留观察。；麦格米特(002851) 被提及 2 次，有效评论 2 条，来源 1 个，单视频线索，情绪 中性，当前判断：保留观察。；航发科技(600391) 被提及 2 次，有效评论 2 条，来源 1 个，单视频线索，情绪 中性，当前判断：保留观察。；镇海股份(603637) 被提及 2 次，有效评论 2 条，来源 1 个，单视频线索，情绪 中性，当前判断：保留观察。；五洲新春(603667) 被提及 2 次，有效评论 2 条，来源 1 个，单视频线索，情绪 中性，当前判断：保留观察。；圣阳股份(002580) 被提及 1 次，有效评论 1 条，来源 1 个，单视频线索，情绪 中性，当前判断：保留观察。；露笑科技(002617) 被提及 1 次，有效评论 1 条，来源 1 个，单视频线索，情绪 中性，当前判断：保留观察。,是,video_id=7639958622008737915; video_url=https://www.douyin.com/video/7639958622008737915; creator=阿龙闯大A📈; like=1; reply=2; source_type=comment; yeren_signal_id=; parent_comment_text=,13:40,抖音评论,video,呼叫万手哥，帮忙拉一拉。#股票 #股民 #vlgo十亿流量扶持计划,麻小,7639958622008737915,https://www.douyin.com/video/7639958622008737915,,7639989204701086516,13:40,已纳入,看多,自动映射到抖音视频评论池。,8.4,true
2026-05-15,longge,抖音评论 13:36,我来说一个跨境通。逻辑是我卖了，一般我卖了第二天就会涨停[微笑],,,评论热度较高，但暂未自动识别到明确股票线索，保留人工复核。,待确认,video_id=7639958622008737915; video_url=https://www.douyin.com/video/7639958622008737915; creator=阿龙闯大A📈; like=0; reply=8; source_type=comment; yeren_signal_id=; parent_comment_text=,13:36,抖音评论,video,呼叫万手哥，帮忙拉一拉。#股票 #股民 #vlgo十亿流量扶持计划,Amber 。,7639958622008737915,https://www.douyin.com/video/7639958622008737915,,7639988340079854345,13:36,待确认,中性,自动映射到抖音视频评论池。,6.2,false
2026-05-15,longge,抖音评论 13:35,粤传煤14.56多进的。16就走了，后悔得要死[流泪][流泪][流泪],,,,否,video_id=7639958622008737915; video_url=https://www.douyin.com/video/7639958622008737915; creator=阿龙闯大A📈; like=0; reply=1; source_type=comment; yeren_signal_id=; parent_comment_text=,13:35,抖音评论,video,呼叫万手哥，帮忙拉一拉。#股票 #股民 #vlgo十亿流量扶持计划,此情--可待,7639958622008737915,https://www.douyin.com/video/7639958622008737915,,7639988118041723675,13:35,未纳入,中性,自动映射到抖音视频评论池。,,false
2026-05-15,longge,抖音评论 13:35,说沧州明珠的大哥在哪里,沧州明珠(002108),,沧州明珠(002108) 被提及 5 次，有效评论 5 条，来源 1 个，单视频线索，情绪 中性，当前判断：已进入推荐候选。,是,video_id=7639958622008737915; video_url=https://www.douyin.com/video/7639958622008737915; creator=阿龙闯大A📈; like=1; reply=5; source_type=comment; yeren_signal_id=; parent_comment_text=,13:35,抖音评论,video,呼叫万手哥，帮忙拉一拉。#股票 #股民 #vlgo十亿流量扶持计划,此人比较凶,7639958622008737915,https://www.douyin.com/video/7639958622008737915,,7639987942002623291,13:35,已纳入,中性,自动映射到抖音视频评论池。,8.9,true
2026-05-15,longge,抖音评论 13:35,谁能告诉我通达如何，已经跌10个点咯[捂脸],,,,否,video_id=7639958622008737915; video_url=https://www.douyin.com/video/7639958622008737915; creator=阿龙闯大A📈; like=0; reply=0; source_type=comment; yeren_signal_id=; parent_comment_text=,13:35,抖音评论,video,呼叫万手哥，帮忙拉一拉。#股票 #股民 #vlgo十亿流量扶持计划,佛山装修王先生,7639958622008737915,https://www.douyin.com/video/7639958622008737915,,7639987938550219539,13:35,未纳入,中性,自动映射到抖音视频评论池。,,false
2026-05-15,longge,抖音评论 13:34,康盛,,,,否,video_id=7639958622008737915; video_url=https://www.douyin.com/video/7639958622008737915; creator=阿龙闯大A📈; like=0; reply=0; source_type=comment; yeren_signal_id=; parent_comment_text=,13:34,抖音评论,video,呼叫万手哥，帮忙拉一拉。#股票 #股民 #vlgo十亿流量扶持计划,化债人↗,7639958622008737915,https://www.douyin.com/video/7639958622008737915,,7639987843742171923,13:34,未纳入,中性,自动映射到抖音视频评论池。,,false
2026-05-15,longge,抖音评论 13:34,江特大哥能说两句让我死心,,,,否,video_id=7639958622008737915; video_url=https://www.douyin.com/video/7639958622008737915; creator=阿龙闯大A📈; like=0; reply=0; source_type=comment; yeren_signal_id=; parent_comment_text=,13:34,抖音评论,video,呼叫万手哥，帮忙拉一拉。#股票 #股民 #vlgo十亿流量扶持计划,小蜜蜂      （木工饰内装修）,7639958622008737915,https://www.douyin.com/video/7639958622008737915,,7639987794631312165,13:34,未纳入,中性,自动映射到抖音视频评论池。,,false
2026-05-15,longge,抖音评论 13:33,山河智能！我要土特产[尬笑],山河智能(002097),,山河智能(002097) 被提及 1 次，有效评论 1 条，来源 1 个，单视频线索，情绪 中性，当前判断：保留观察。,待确认,video_id=7639958622008737915; video_url=https://www.douyin.com/video/7639958622008737915; creator=阿龙闯大A📈; like=1; reply=3; source_type=comment; yeren_signal_id=; parent_comment_text=,13:33,抖音评论,video,呼叫万手哥，帮忙拉一拉。#股票 #股民 #vlgo十亿流量扶持计划,明天会更好7753191,7639958622008737915,https://www.douyin.com/video/7639958622008737915,,7639987531606573851,13:33,待确认,中性,自动映射到抖音视频评论池。,6.4,false
2026-05-15,longge,抖音评论 13:30,恒铭达,恒铭达(002947),,恒铭达(002947) 被提及 1 次，有效评论 1 条，来源 1 个，单视频线索，情绪 中性，当前判断：保留观察。,待确认,video_id=7639958622008737915; video_url=https://www.douyin.com/video/7639958622008737915; creator=阿龙闯大A📈; like=0; reply=0; source_type=comment; yeren_signal_id=; parent_comment_text=,13:30,抖音评论,video,呼叫万手哥，帮忙拉一拉。#股票 #股民 #vlgo十亿流量扶持计划,唔侑星期八,7639958622008737915,https://www.douyin.com/video/7639958622008737915,,7639986809112478523,13:30,待确认,中性,自动映射到抖音视频评论池。,6.4,false
2026-05-15,longge,抖音评论 13:30,有在浙文互联的么,浙文互联(600986),,浙文互联(600986) 被提及 1 次，有效评论 1 条，来源 1 个，单视频线索，情绪 中性，当前判断：保留观察。,待确认,video_id=7639958622008737915; video_url=https://www.douyin.com/video/7639958622008737915; creator=阿龙闯大A📈; like=1; reply=4; source_type=comment; yeren_signal_id=; parent_comment_text=,13:30,抖音评论,video,呼叫万手哥，帮忙拉一拉。#股票 #股民 #vlgo十亿流量扶持计划,城土墨,7639958622008737915,https://www.douyin.com/video/7639958622008737915,,7639986766762558223,13:30,待确认,中性,自动映射到抖音视频评论池。,6.4,false
2026-05-15,longge,抖音评论 13:29,凯气有人吗[我想静静][我想静静][我想静静],,,,否,video_id=7639958622008737915; video_url=https://www.douyin.com/video/7639958622008737915; creator=阿龙闯大A📈; like=0; reply=3; source_type=comment; yeren_signal_id=; parent_comment_text=,13:29,抖音评论,video,呼叫万手哥，帮忙拉一拉。#股票 #股民 #vlgo十亿流量扶持计划,我永远爱着结缘神,7639958622008737915,https://www.douyin.com/video/7639958622008737915,,7639986538361406208,13:29,未纳入,中性,自动映射到抖音视频评论池。,,false
2026-05-15,longge,抖音评论 13:29,早上追高进了大位科技[捂脸][捂脸][捂脸],大位科技(600589),AIDC;算力,大位科技(600589) 被提及 1 次，有效评论 1 条，来源 1 个，单视频线索，情绪 谨慎，当前判断：偏风险观察。,否,video_id=7639958622008737915; video_url=https://www.douyin.com/video/7639958622008737915; creator=阿龙闯大A📈; like=0; reply=0; source_type=comment; yeren_signal_id=; parent_comment_text=,13:29,抖音评论,video,呼叫万手哥，帮忙拉一拉。#股票 #股民 #vlgo十亿流量扶持计划,仄言,7639958622008737915,https://www.douyin.com/video/7639958622008737915,,7639986411252237115,13:29,未纳入,谨慎,自动映射到抖音视频评论池。,5.9,false
2026-05-15,longge,抖音评论 13:29,航发科技  周一给我上龙[玫瑰],航发科技(600391),,航发科技(600391) 被提及 2 次，有效评论 2 条，来源 1 个，单视频线索，情绪 中性，当前判断：保留观察。,待确认,video_id=7639958622008737915; video_url=https://www.douyin.com/video/7639958622008737915; creator=阿龙闯大A📈; like=0; reply=0; source_type=comment; yeren_signal_id=; parent_comment_text=,13:29,抖音评论,video,呼叫万手哥，帮忙拉一拉。#股票 #股民 #vlgo十亿流量扶持计划,稣仙（三角洲跑刀）,7639958622008737915,https://www.douyin.com/video/7639958622008737915,,7639986351869494062,13:29,待确认,中性,自动映射到抖音视频评论池。,6.9,false
2026-05-15,longge,抖音评论 13:29,航发科技  周一给我上龙[玫瑰],航发科技(600391),,航发科技(600391) 被提及 2 次，有效评论 2 条，来源 1 个，单视频线索，情绪 中性，当前判断：保留观察。,待确认,video_id=7639958622008737915; video_url=https://www.douyin.com/video/7639958622008737915; creator=阿龙闯大A📈; like=0; reply=0; source_type=comment; yeren_signal_id=; parent_comment_text=,13:29,抖音评论,video,呼叫万手哥，帮忙拉一拉。#股票 #股民 #vlgo十亿流量扶持计划,稣仙（三角洲跑刀）,7639958622008737915,https://www.douyin.com/video/7639958622008737915,,7639986351869494062,13:29,待确认,中性,自动映射到抖音视频评论池。,6.9,false
2026-05-15,longge,抖音评论 13:27,我就知道不止我自己进了沧州明珠[笑哭],沧州明珠(002108),,沧州明珠(002108) 被提及 5 次，有效评论 5 条，来源 1 个，单视频线索，情绪 中性，当前判断：已进入推荐候选。,是,video_id=7639958622008737915; video_url=https://www.douyin.com/video/7639958622008737915; creator=阿龙闯大A📈; like=0; reply=7; source_type=comment; yeren_signal_id=; parent_comment_text=,13:27,抖音评论,video,呼叫万手哥，帮忙拉一拉。#股票 #股民 #vlgo十亿流量扶持计划,天tian吖_,7639958622008737915,https://www.douyin.com/video/7639958622008737915,,7639986074421543722,13:27,已纳入,中性,自动映射到抖音视频评论池。,8.9,true
2026-05-15,longge,抖音评论 13:27,下午看电池,,,,否,video_id=7639958622008737915; video_url=https://www.douyin.com/video/7639958622008737915; creator=阿龙闯大A📈; like=0; reply=0; source_type=comment; yeren_signal_id=; parent_comment_text=,13:27,抖音评论,video,呼叫万手哥，帮忙拉一拉。#股票 #股民 #vlgo十亿流量扶持计划,🍀Lucky Dragons,7639958622008737915,https://www.douyin.com/video/7639958622008737915,,7639986008008082234,13:27,未纳入,中性,自动映射到抖音视频评论池。,,false
2026-05-15,longge,抖音评论 13:25,有那个大哥来救场，很听劝，今年亏麻了，让我回本就好，感激不尽[感谢][感谢],,,,否,video_id=7639958622008737915; video_url=https://www.douyin.com/video/7639958622008737915; creator=阿龙闯大A📈; like=0; reply=0; source_type=comment; yeren_signal_id=; parent_comment_text=,13:25,抖音评论,video,呼叫万手哥，帮忙拉一拉。#股票 #股民 #vlgo十亿流量扶持计划,归一,7639958622008737915,https://www.douyin.com/video/7639958622008737915,,7639985479052624677,13:25,未纳入,中性,自动映射到抖音视频评论池。,,false
2026-05-15,longge,抖音评论 13:25,hdln，下午验证,,,,否,video_id=7639958622008737915; video_url=https://www.douyin.com/video/7639958622008737915; creator=阿龙闯大A📈; like=1; reply=0; source_type=comment; yeren_signal_id=; parent_comment_text=,13:25,抖音评论,video,呼叫万手哥，帮忙拉一拉。#股票 #股民 #vlgo十亿流量扶持计划,悲伤白开水,7639958622008737915,https://www.douyin.com/video/7639958622008737915,,7639985425889608502,13:25,未纳入,中性,自动映射到抖音视频评论池。,,false
2026-05-15,longge,抖音评论 13:25,通鼎HL有没有人说下,,,,否,video_id=7639958622008737915; video_url=https://www.douyin.com/video/7639958622008737915; creator=阿龙闯大A📈; like=0; reply=0; source_type=comment; yeren_signal_id=; parent_comment_text=,13:25,抖音评论,video,呼叫万手哥，帮忙拉一拉。#股票 #股民 #vlgo十亿流量扶持计划,虚张声势丿,7639958622008737915,https://www.douyin.com/video/7639958622008737915,,7639985377381876529,13:25,未纳入,中性,自动映射到抖音视频评论池。,,false
2026-05-15,longge,抖音评论 13:24,[赞],,,,否,video_id=7639958622008737915; video_url=https://www.douyin.com/video/7639958622008737915; creator=阿龙闯大A📈; like=0; reply=0; source_type=comment; yeren_signal_id=; parent_comment_text=,13:24,抖音评论,video,呼叫万手哥，帮忙拉一拉。#股票 #股民 #vlgo十亿流量扶持计划,用户1113021125021,7639958622008737915,https://www.douyin.com/video/7639958622008737915,,7639985139871122234,13:24,未纳入,中性,自动映射到抖音视频评论池。,,false
2026-05-15,longge,抖音评论 13:24,欧派家居[看]大胆进,欧派家居(603833),,欧派家居(603833) 被提及 1 次，有效评论 1 条，来源 1 个，单视频线索，情绪 中性，当前判断：保留观察。,待确认,video_id=7639958622008737915; video_url=https://www.douyin.com/video/7639958622008737915; creator=阿龙闯大A📈; like=0; reply=0; source_type=comment; yeren_signal_id=; parent_comment_text=,13:24,抖音评论,video,呼叫万手哥，帮忙拉一拉。#股票 #股民 #vlgo十亿流量扶持计划,我不知道怎么讲,7639958622008737915,https://www.douyin.com/video/7639958622008737915,,7639985109353448229,13:24,待确认,中性,自动映射到抖音视频评论池。,6.4,false
2026-05-15,longge,抖音评论 13:24,金螳螂怎么说，早上7个点进的，挂在那了,,,,否,video_id=7639958622008737915; video_url=https://www.douyin.com/video/7639958622008737915; creator=阿龙闯大A📈; like=1; reply=1; source_type=comment; yeren_signal_id=; parent_comment_text=,13:24,抖音评论,video,呼叫万手哥，帮忙拉一拉。#股票 #股民 #vlgo十亿流量扶持计划,比牛皮还牛的牛皮腰带,7639958622008737915,https://www.douyin.com/video/7639958622008737915,,7639985084896297786,13:24,未纳入,中性,自动映射到抖音视频评论池。,,false
2026-05-15,longge,抖音评论 13:23,蒙娜丽莎[赞],蒙娜丽莎(002918),,蒙娜丽莎(002918) 被提及 2 次，有效评论 2 条，来源 1 个，单视频线索，情绪 谨慎，当前判断：偏风险观察。,否,video_id=7639958622008737915; video_url=https://www.douyin.com/video/7639958622008737915; creator=阿龙闯大A📈; like=0; reply=0; source_type=comment; yeren_signal_id=; parent_comment_text=,13:23,抖音评论,video,呼叫万手哥，帮忙拉一拉。#股票 #股民 #vlgo十亿流量扶持计划,徽,7639958622008737915,https://www.douyin.com/video/7639958622008737915,,7639984819561513738,13:23,未纳入,谨慎,自动映射到抖音视频评论池。,6.3,false
2026-05-15,longge,抖音评论 13:22,之前那个说赣锋锂业点呢！！！[微笑],赣锋锂业(002460),,赣锋锂业(002460) 被提及 1 次，有效评论 1 条，来源 1 个，单视频线索，情绪 中性，当前判断：保留观察。,待确认,video_id=7639958622008737915; video_url=https://www.douyin.com/video/7639958622008737915; creator=阿龙闯大A📈; like=3; reply=5; source_type=comment; yeren_signal_id=; parent_comment_text=,13:22,抖音评论,video,呼叫万手哥，帮忙拉一拉。#股票 #股民 #vlgo十亿流量扶持计划,鹿鹿子,7639958622008737915,https://www.douyin.com/video/7639958622008737915,,7639984705688912689,13:22,待确认,中性,自动映射到抖音视频评论池。,6.4,false
2026-05-15,longge,抖音评论 13:22,通鼎怎么样呢[尬笑],,,,否,video_id=7639958622008737915; video_url=https://www.douyin.com/video/7639958622008737915; creator=阿龙闯大A📈; like=0; reply=0; source_type=comment; yeren_signal_id=; parent_comment_text=,13:22,抖音评论,video,呼叫万手哥，帮忙拉一拉。#股票 #股民 #vlgo十亿流量扶持计划,好运连连,7639958622008737915,https://www.douyin.com/video/7639958622008737915,,7639984652991824678,13:22,未纳入,中性,自动映射到抖音视频评论池。,,false
2026-05-15,longge,抖音评论 13:22,柳工 和江特,,,评论热度较高，但暂未自动识别到明确股票线索，保留人工复核。,待确认,video_id=7639958622008737915; video_url=https://www.douyin.com/video/7639958622008737915; creator=阿龙闯大A📈; like=0; reply=6; source_type=comment; yeren_signal_id=; parent_comment_text=,13:22,抖音评论,video,呼叫万手哥，帮忙拉一拉。#股票 #股民 #vlgo十亿流量扶持计划,Seven🛌,7639958622008737915,https://www.douyin.com/video/7639958622008737915,,7639984584364606257,13:22,待确认,中性,自动映射到抖音视频评论池。,6.2,false
2026-05-15,longge,抖音评论 13:21,来个大佬说说天通怎么办,,,,否,video_id=7639958622008737915; video_url=https://www.douyin.com/video/7639958622008737915; creator=阿龙闯大A📈; like=0; reply=0; source_type=comment; yeren_signal_id=; parent_comment_text=,13:21,抖音评论,video,呼叫万手哥，帮忙拉一拉。#股票 #股民 #vlgo十亿流量扶持计划,🌈ivy,7639958622008737915,https://www.douyin.com/video/7639958622008737915,,7639984476877112105,13:21,未纳入,中性,自动映射到抖音视频评论池。,,false
2026-05-15,longge,抖音评论 13:20,绿麻了，但是没关系，我心态稳了，主要想看看大游资什么样子的[呲牙][呲牙][呲牙],,,,否,video_id=7639958622008737915; video_url=https://www.douyin.com/video/7639958622008737915; creator=阿龙闯大A📈; like=1; reply=0; source_type=comment; yeren_signal_id=; parent_comment_text=,13:20,抖音评论,video,呼叫万手哥，帮忙拉一拉。#股票 #股民 #vlgo十亿流量扶持计划,廿一晴,7639958622008737915,https://www.douyin.com/video/7639958622008737915,,7639984233570272037,13:20,未纳入,中性,自动映射到抖音视频评论池。,,false
2026-05-15,longge,抖音评论 13:20,红宝宝下午涨停,,,,否,video_id=7639958622008737915; video_url=https://www.douyin.com/video/7639958622008737915; creator=阿龙闯大A📈; like=0; reply=0; source_type=comment; yeren_signal_id=; parent_comment_text=,13:20,抖音评论,video,呼叫万手哥，帮忙拉一拉。#股票 #股民 #vlgo十亿流量扶持计划,🚶‍♂️,7639958622008737915,https://www.douyin.com/video/7639958622008737915,,7639984057283052337,13:20,未纳入,中性,自动映射到抖音视频评论池。,,false
2026-05-15,longge,抖音评论 13:19,yolo姐，呼叫yolo姐，可否给弟发个私信,,,,否,video_id=7639958622008737915; video_url=https://www.douyin.com/video/7639958622008737915; creator=阿龙闯大A📈; like=0; reply=0; source_type=comment; yeren_signal_id=; parent_comment_text=,13:19,抖音评论,video,呼叫万手哥，帮忙拉一拉。#股票 #股民 #vlgo十亿流量扶持计划,李海鑫,7639958622008737915,https://www.douyin.com/video/7639958622008737915,,7639983932196487993,13:19,未纳入,中性,自动映射到抖音视频评论池。,,false
2026-05-15,longge,抖音评论 13:17,这怎么选啊,,,,否,video_id=7639958622008737915; video_url=https://www.douyin.com/video/7639958622008737915; creator=阿龙闯大A📈; like=0; reply=0; source_type=comment; yeren_signal_id=; parent_comment_text=,13:17,抖音评论,video,呼叫万手哥，帮忙拉一拉。#股票 #股民 #vlgo十亿流量扶持计划,还把库珀,7639958622008737915,https://www.douyin.com/video/7639958622008737915,,7639983287772185371,13:17,未纳入,中性,自动映射到抖音视频评论池。,,false
2026-05-15,longge,抖音评论 13:16,现在图片天天遮，到底啥票,,,,否,video_id=7639958622008737915; video_url=https://www.douyin.com/video/7639958622008737915; creator=阿龙闯大A📈; like=1; reply=3; source_type=comment; yeren_signal_id=; parent_comment_text=,13:16,抖音评论,video,呼叫万手哥，帮忙拉一拉。#股票 #股民 #vlgo十亿流量扶持计划,用户5383670936846,7639958622008737915,https://www.douyin.com/video/7639958622008737915,,7639983205097046843,13:16,未纳入,中性,自动映射到抖音视频评论池。,,false
2026-05-15,longge,抖音评论 13:16,来个大哥拉拉节能跟中恒[泣不成声],,,,否,video_id=7639958622008737915; video_url=https://www.douyin.com/video/7639958622008737915; creator=阿龙闯大A📈; like=1; reply=0; source_type=comment; yeren_signal_id=; parent_comment_text=,13:16,抖音评论,video,呼叫万手哥，帮忙拉一拉。#股票 #股民 #vlgo十亿流量扶持计划,悦己。,7639958622008737915,https://www.douyin.com/video/7639958622008737915,,7639983113544516389,13:16,未纳入,中性,自动映射到抖音视频评论池。,,false
2026-05-15,longge,抖音评论 13:14,y姐呢,,,,否,video_id=7639958622008737915; video_url=https://www.douyin.com/video/7639958622008737915; creator=阿龙闯大A📈; like=0; reply=0; source_type=comment; yeren_signal_id=; parent_comment_text=,13:14,抖音评论,video,呼叫万手哥，帮忙拉一拉。#股票 #股民 #vlgo十亿流量扶持计划,超级无敌考拉,7639958622008737915,https://www.douyin.com/video/7639958622008737915,,7639982675096666923,13:14,未纳入,中性,自动映射到抖音视频评论池。,,false
2026-05-15,longge,抖音评论 13:11,同宇新材,同宇新材(301630),,同宇新材(301630) 被提及 1 次，有效评论 1 条，来源 1 个，单视频线索，情绪 中性，当前判断：保留观察。,待确认,video_id=7639958622008737915; video_url=https://www.douyin.com/video/7639958622008737915; creator=阿龙闯大A📈; like=0; reply=0; source_type=comment; yeren_signal_id=; parent_comment_text=,13:11,抖音评论,video,呼叫万手哥，帮忙拉一拉。#股票 #股民 #vlgo十亿流量扶持计划,一路向北~,7639958622008737915,https://www.douyin.com/video/7639958622008737915,,7639981905236558592,13:11,待确认,中性,自动映射到抖音视频评论池。,6.4,false
2026-05-15,longge,抖音评论 13:11,有没有大哥救救命，这两天刚进就挨打了[流泪],,,,否,video_id=7639958622008737915; video_url=https://www.douyin.com/video/7639958622008737915; creator=阿龙闯大A📈; like=0; reply=0; source_type=comment; yeren_signal_id=; parent_comment_text=,13:11,抖音评论,video,呼叫万手哥，帮忙拉一拉。#股票 #股民 #vlgo十亿流量扶持计划,张先生￥,7639958622008737915,https://www.douyin.com/video/7639958622008737915,,7639981809337795366,13:11,未纳入,中性,自动映射到抖音视频评论池。,,false
2026-05-15,longge,抖音评论 13:11,我看到了，早晨开车没买再想买封板了,,,,否,video_id=7639958622008737915; video_url=https://www.douyin.com/video/7639958622008737915; creator=阿龙闯大A📈; like=0; reply=0; source_type=comment; yeren_signal_id=; parent_comment_text=,13:11,抖音评论,video,呼叫万手哥，帮忙拉一拉。#股票 #股民 #vlgo十亿流量扶持计划,出陈易新,7639958622008737915,https://www.douyin.com/video/7639958622008737915,,7639981795354329919,13:11,未纳入,中性,自动映射到抖音视频评论池。,,false
2026-05-15,longge,抖音评论 13:10,昨天有个说沧州明Z的，是乱说的吗[微笑][微笑][微笑],,,,否,video_id=7639958622008737915; video_url=https://www.douyin.com/video/7639958622008737915; creator=阿龙闯大A📈; like=0; reply=0; source_type=comment; yeren_signal_id=; parent_comment_text=,13:10,抖音评论,video,呼叫万手哥，帮忙拉一拉。#股票 #股民 #vlgo十亿流量扶持计划,Wes chan,7639958622008737915,https://www.douyin.com/video/7639958622008737915,,7639981527691281189,13:10,未纳入,中性,自动映射到抖音视频评论池。,,false
2026-05-15,longge,抖音评论 13:09,长电科技，涨不停，不停涨,长电科技(600584),,长电科技(600584) 被提及 2 次，有效评论 2 条，来源 1 个，单视频线索，情绪 中性，当前判断：保留观察。,待确认,video_id=7639958622008737915; video_url=https://www.douyin.com/video/7639958622008737915; creator=阿龙闯大A📈; like=5; reply=7; source_type=comment; yeren_signal_id=; parent_comment_text=,13:09,抖音评论,video,呼叫万手哥，帮忙拉一拉。#股票 #股民 #vlgo十亿流量扶持计划,盛邦石材~独角兽,7639958622008737915,https://www.douyin.com/video/7639958622008737915,,7639981317535269670,13:09,待确认,中性,自动映射到抖音视频评论池。,6.9,false
2026-05-15,longge,抖音评论 13:09,线上线下,线上线下(300959),,线上线下(300959) 被提及 1 次，有效评论 1 条，来源 1 个，单视频线索，情绪 中性，当前判断：保留观察。,待确认,video_id=7639958622008737915; video_url=https://www.douyin.com/video/7639958622008737915; creator=阿龙闯大A📈; like=0; reply=0; source_type=comment; yeren_signal_id=; parent_comment_text=,13:09,抖音评论,video,呼叫万手哥，帮忙拉一拉。#股票 #股民 #vlgo十亿流量扶持计划,aeclfl,7639958622008737915,https://www.douyin.com/video/7639958622008737915,,7639981276733063976,13:09,待确认,中性,自动映射到抖音视频评论池。,6.4,false
2026-05-15,longge,抖音评论 13:07,天通还能拿吗,,,,否,video_id=7639958622008737915; video_url=https://www.douyin.com/video/7639958622008737915; creator=阿龙闯大A📈; like=0; reply=0; source_type=comment; yeren_signal_id=; parent_comment_text=,13:07,抖音评论,video,呼叫万手哥，帮忙拉一拉。#股票 #股民 #vlgo十亿流量扶持计划,袁老师·理想树与必刷题,7639958622008737915,https://www.douyin.com/video/7639958622008737915,,7639980703312495412,13:07,未纳入,中性,自动映射到抖音视频评论池。,,false
2026-05-15,longge,抖音评论 13:05,蟑螂大哥在哪,,,,否,video_id=7639958622008737915; video_url=https://www.douyin.com/video/7639958622008737915; creator=阿龙闯大A📈; like=0; reply=0; source_type=comment; yeren_signal_id=; parent_comment_text=,13:05,抖音评论,video,呼叫万手哥，帮忙拉一拉。#股票 #股民 #vlgo十亿流量扶持计划,คุณพ่อ,7639958622008737915,https://www.douyin.com/video/7639958622008737915,,7639980268040913690,13:05,未纳入,中性,自动映射到抖音视频评论池。,,false
2026-05-15,longge,抖音评论 13:03,跨境通有大哥说说今天能进吗？,,,,否,video_id=7639958622008737915; video_url=https://www.douyin.com/video/7639958622008737915; creator=阿龙闯大A📈; like=0; reply=0; source_type=comment; yeren_signal_id=; parent_comment_text=,13:03,抖音评论,video,呼叫万手哥，帮忙拉一拉。#股票 #股民 #vlgo十亿流量扶持计划,@恬锦,7639958622008737915,https://www.douyin.com/video/7639958622008737915,,7639979835176338213,13:03,未纳入,中性,自动映射到抖音视频评论池。,,false
2026-05-15,longge,抖音评论 13:00,昨天说黄河旋风的我给你寄点特产[黄脸干杯],,,评论热度较高，但暂未自动识别到明确股票线索，保留人工复核。,待确认,video_id=7639958622008737915; video_url=https://www.douyin.com/video/7639958622008737915; creator=阿龙闯大A📈; like=7; reply=8; source_type=comment; yeren_signal_id=; parent_comment_text=,13:00,抖音评论,video,呼叫万手哥，帮忙拉一拉。#股票 #股民 #vlgo十亿流量扶持计划,缘师,7639958622008737915,https://www.douyin.com/video/7639958622008737915,,7639979112933425957,13:00,待确认,中性,自动映射到抖音视频评论池。,6.2,false
2026-05-15,longge,抖音评论 13:00,特别关注你了[憨笑][憨笑][憨笑],,,,否,video_id=7639958622008737915; video_url=https://www.douyin.com/video/7639958622008737915; creator=阿龙闯大A📈; like=0; reply=0; source_type=comment; yeren_signal_id=; parent_comment_text=,13:00,抖音评论,video,呼叫万手哥，帮忙拉一拉。#股票 #股民 #vlgo十亿流量扶持计划,~鈅儿~,7639958622008737915,https://www.douyin.com/video/7639958622008737915,,7639978961049387825,13:00,未纳入,中性,自动映射到抖音视频评论池。,,false
2026-05-15,longge,抖音评论 13:21,柳工,,,,否,video_id=7639958622008737915; video_url=https://www.douyin.com/video/7639958622008737915; creator=阿龙闯大A📈; like=0; reply=0; source_type=comment; yeren_signal_id=; parent_comment_text=,13:21,抖音评论,video,呼叫万手哥，帮忙拉一拉。#股票 #股民 #vlgo十亿流量扶持计划,Seven🛌,7639958622008737915,https://www.douyin.com/video/7639958622008737915,,7639984428690162490,13:21,未纳入,中性,自动映射到抖音视频评论池。,,false
2026-05-15,longge,抖音评论 13:00,中天科技有人在吗？走还是留,中天科技(600522),,中天科技(600522) 被提及 1 次，有效评论 1 条，来源 1 个，单视频线索，情绪 中性，当前判断：保留观察。,待确认,video_id=7639958622008737915; video_url=https://www.douyin.com/video/7639958622008737915; creator=阿龙闯大A📈; like=0; reply=6; source_type=comment; yeren_signal_id=; parent_comment_text=,13:00,抖音评论,video,呼叫万手哥，帮忙拉一拉。#股票 #股民 #vlgo十亿流量扶持计划,艳艳姐✔,7639958622008737915,https://www.douyin.com/video/7639958622008737915,,7639978919672054563,13:00,待确认,中性,自动映射到抖音视频评论池。,6.4,false
2026-05-15,longge,抖音评论 12:59,买啥[笑哭],,,,否,video_id=7639958622008737915; video_url=https://www.douyin.com/video/7639958622008737915; creator=阿龙闯大A📈; like=0; reply=0; source_type=comment; yeren_signal_id=; parent_comment_text=,12:59,抖音评论,video,呼叫万手哥，帮忙拉一拉。#股票 #股民 #vlgo十亿流量扶持计划,💎对、 小东北儿,7639958622008737915,https://www.douyin.com/video/7639958622008737915,,7639978857331852089,12:59,未纳入,中性,自动映射到抖音视频评论池。,,false
2026-05-15,longge,抖音评论 12:59,紫光国微的大佬，这票是不是82就得走啊？我81.9买的[捂脸],紫光国微(002049),,紫光国微(002049) 被提及 1 次，有效评论 1 条，来源 1 个，单视频线索，情绪 中性，当前判断：保留观察。,待确认,video_id=7639958622008737915; video_url=https://www.douyin.com/video/7639958622008737915; creator=阿龙闯大A📈; like=0; reply=0; source_type=comment; yeren_signal_id=; parent_comment_text=,12:59,抖音评论,video,呼叫万手哥，帮忙拉一拉。#股票 #股民 #vlgo十亿流量扶持计划,哈哈123,7639958622008737915,https://www.douyin.com/video/7639958622008737915,,7639978837211710260,12:59,待确认,中性,自动映射到抖音视频评论池。,6.4,false
2026-05-15,longge,抖音评论 12:58,"利通

亨通

哪位姐妹、哥们帮们看一下！",,,,否,video_id=7639958622008737915; video_url=https://www.douyin.com/video/7639958622008737915; creator=阿龙闯大A📈; like=0; reply=3; source_type=comment; yeren_signal_id=; parent_comment_text=,12:58,抖音评论,video,呼叫万手哥，帮忙拉一拉。#股票 #股民 #vlgo十亿流量扶持计划,王堉,7639958622008737915,https://www.douyin.com/video/7639958622008737915,,7639978563609625402,12:58,未纳入,中性,自动映射到抖音视频评论池。,,false
2026-05-15,longge,抖音评论 12:58,今天的命是机器人给的,机器人(300024),,机器人(300024) 被提及 6 次，有效评论 6 条，来源 2 个，跨来源共振，情绪 中性，当前判断：保留观察。,待确认,video_id=7639958622008737915; video_url=https://www.douyin.com/video/7639958622008737915; creator=阿龙闯大A📈; like=5; reply=9; source_type=comment; yeren_signal_id=; parent_comment_text=,12:58,抖音评论,video,呼叫万手哥，帮忙拉一拉。#股票 #股民 #vlgo十亿流量扶持计划,sad,7639958622008737915,https://www.douyin.com/video/7639958622008737915,,7639978455023731475,12:58,待确认,中性,自动映射到抖音视频评论池。,9.1,false
2026-05-15,longge,抖音评论 12:58,华升怎么看[泣不成声],,,,否,video_id=7639958622008737915; video_url=https://www.douyin.com/video/7639958622008737915; creator=阿龙闯大A📈; like=0; reply=0; source_type=comment; yeren_signal_id=; parent_comment_text=,12:58,抖音评论,video,呼叫万手哥，帮忙拉一拉。#股票 #股民 #vlgo十亿流量扶持计划,大A守望者,7639958622008737915,https://www.douyin.com/video/7639958622008737915,,7639978428150580005,12:58,未纳入,中性,自动映射到抖音视频评论池。,,false
2026-05-15,longge,抖音评论 12:57,下周鸿博股份，下周给我上龙[憨笑],鸿博股份(002229),,鸿博股份(002229) 被提及 2 次，有效评论 2 条，来源 1 个，单视频线索，情绪 中性，当前判断：保留观察。,待确认,video_id=7639958622008737915; video_url=https://www.douyin.com/video/7639958622008737915; creator=阿龙闯大A📈; like=20; reply=34; source_type=comment; yeren_signal_id=; parent_comment_text=,12:57,抖音评论,video,呼叫万手哥，帮忙拉一拉。#股票 #股民 #vlgo十亿流量扶持计划,17.,7639958622008737915,https://www.douyin.com/video/7639958622008737915,,7639978290337809215,12:57,待确认,中性,自动映射到抖音视频评论池。,6.9,false
2026-05-15,longge,抖音评论 12:57,津药药业吃了个地板,津药药业(600488),,津药药业(600488) 被提及 1 次，有效评论 1 条，来源 1 个，单视频线索，情绪 中性，当前判断：保留观察。,待确认,video_id=7639958622008737915; video_url=https://www.douyin.com/video/7639958622008737915; creator=阿龙闯大A📈; like=1; reply=0; source_type=comment; yeren_signal_id=; parent_comment_text=,12:57,抖音评论,video,呼叫万手哥，帮忙拉一拉。#股票 #股民 #vlgo十亿流量扶持计划,🌈80233,7639958622008737915,https://www.douyin.com/video/7639958622008737915,,7639978149782455089,12:57,待确认,中性,自动映射到抖音视频评论池。,6.4,false
2026-05-15,longge,抖音评论 12:56,怎么分辨谁说的对呢[黑脸],,,,否,video_id=7639958622008737915; video_url=https://www.douyin.com/video/7639958622008737915; creator=阿龙闯大A📈; like=0; reply=0; source_type=comment; yeren_signal_id=; parent_comment_text=,12:56,抖音评论,video,呼叫万手哥，帮忙拉一拉。#股票 #股民 #vlgo十亿流量扶持计划,未见青山老,7639958622008737915,https://www.douyin.com/video/7639958622008737915,,7639978025098281754,12:56,未纳入,中性,自动映射到抖音视频评论池。,,false
2026-05-15,longge,抖音评论 12:56,三维是跑还是继续格局,,,,否,video_id=7639958622008737915; video_url=https://www.douyin.com/video/7639958622008737915; creator=阿龙闯大A📈; like=0; reply=1; source_type=comment; yeren_signal_id=; parent_comment_text=,12:56,抖音评论,video,呼叫万手哥，帮忙拉一拉。#股票 #股民 #vlgo十亿流量扶持计划,橙子橙子大橙子,7639958622008737915,https://www.douyin.com/video/7639958622008737915,,7639977942131344154,12:56,未纳入,中性,自动映射到抖音视频评论池。,,false
2026-05-15,longge,抖音评论 12:55,我的长城也是挂山顶了,,,,否,video_id=7639958622008737915; video_url=https://www.douyin.com/video/7639958622008737915; creator=阿龙闯大A📈; like=1; reply=0; source_type=comment; yeren_signal_id=; parent_comment_text=,12:55,抖音评论,video,呼叫万手哥，帮忙拉一拉。#股票 #股民 #vlgo十亿流量扶持计划,^.许酥榆𖠚ᐝ,7639958622008737915,https://www.douyin.com/video/7639958622008737915,,7639977695430034203,12:55,未纳入,中性,自动映射到抖音视频评论池。,,false
2026-05-15,longge,抖音评论 12:55,粤传媒都进了吧[黄脸干杯],,,评论热度较高，但暂未自动识别到明确股票线索，保留人工复核。,待确认,video_id=7639958622008737915; video_url=https://www.douyin.com/video/7639958622008737915; creator=阿龙闯大A📈; like=13; reply=43; source_type=comment; yeren_signal_id=; parent_comment_text=,12:55,抖音评论,video,呼叫万手哥，帮忙拉一拉。#股票 #股民 #vlgo十亿流量扶持计划,小番茄🍅,7639958622008737915,https://www.douyin.com/video/7639958622008737915,,7639977653978694451,12:55,待确认,中性,自动映射到抖音视频评论池。,6.2,false
2026-05-15,longge,抖音评论 12:55,希望大家没有根据的不要在这里边说，你们这一说害了不少人，结点德吧！不能因为你在里面就说这个好[捂脸][捂脸][捂脸],,,,否,video_id=7639958622008737915; video_url=https://www.douyin.com/video/7639958622008737915; creator=阿龙闯大A📈; like=4; reply=0; source_type=comment; yeren_signal_id=; parent_comment_text=,12:55,抖音评论,video,呼叫万手哥，帮忙拉一拉。#股票 #股民 #vlgo十亿流量扶持计划,人生,7639958622008737915,https://www.douyin.com/video/7639958622008737915,,7639977635595404090,12:55,未纳入,中性,自动映射到抖音视频评论池。,,false
2026-05-15,longge,抖音评论 12:54,彩虹[赞],,,,否,video_id=7639958622008737915; video_url=https://www.douyin.com/video/7639958622008737915; creator=阿龙闯大A📈; like=0; reply=0; source_type=comment; yeren_signal_id=; parent_comment_text=,12:54,抖音评论,video,呼叫万手哥，帮忙拉一拉。#股票 #股民 #vlgo十亿流量扶持计划,泰山巴菲特,7639958622008737915,https://www.douyin.com/video/7639958622008737915,,7639977448876049188,12:54,未纳入,中性,自动映射到抖音视频评论池。,,false
2026-05-15,longge,抖音评论 12:53,昨天我说我看好山子。蒙娜丽莎和粤传媒。结果后面两个涨停了,蒙娜丽莎(002918),,蒙娜丽莎(002918) 被提及 2 次，有效评论 2 条，来源 1 个，单视频线索，情绪 谨慎，当前判断：偏风险观察。,否,video_id=7639958622008737915; video_url=https://www.douyin.com/video/7639958622008737915; creator=阿龙闯大A📈; like=6; reply=12; source_type=comment; yeren_signal_id=; parent_comment_text=,12:53,抖音评论,video,呼叫万手哥，帮忙拉一拉。#股票 #股民 #vlgo十亿流量扶持计划,折戟沉沙,7639958622008737915,https://www.douyin.com/video/7639958622008737915,,7639977305506693940,12:53,未纳入,谨慎,自动映射到抖音视频评论池。,6.3,false
2026-05-15,longge,抖音评论 12:53,浙江世宝今天能涨停吗？,浙江世宝(002703),,浙江世宝(002703) 被提及 2 次，有效评论 2 条，来源 1 个，单视频线索，情绪 中性，当前判断：保留观察。,待确认,video_id=7639958622008737915; video_url=https://www.douyin.com/video/7639958622008737915; creator=阿龙闯大A📈; like=1; reply=1; source_type=comment; yeren_signal_id=; parent_comment_text=,12:53,抖音评论,video,呼叫万手哥，帮忙拉一拉。#股票 #股民 #vlgo十亿流量扶持计划,桃1021,7639958622008737915,https://www.douyin.com/video/7639958622008737915,,7639977242509345545,12:53,待确认,中性,自动映射到抖音视频评论池。,6.9,false
2026-05-15,longge,抖音评论 12:53,等我蟑螂大哥[躺平],,,,否,video_id=7639958622008737915; video_url=https://www.douyin.com/video/7639958622008737915; creator=阿龙闯大A📈; like=0; reply=0; source_type=comment; yeren_signal_id=; parent_comment_text=,12:53,抖音评论,video,呼叫万手哥，帮忙拉一拉。#股票 #股民 #vlgo十亿流量扶持计划,小小尘📈,7639958622008737915,https://www.douyin.com/video/7639958622008737915,,7639977139824476965,12:53,未纳入,中性,自动映射到抖音视频评论池。,,false
2026-05-15,longge,抖音评论 12:52,赛福天,赛福天(603028),,赛福天(603028) 被提及 1 次，有效评论 1 条，来源 1 个，单视频线索，情绪 中性，当前判断：保留观察。,待确认,video_id=7639958622008737915; video_url=https://www.douyin.com/video/7639958622008737915; creator=阿龙闯大A📈; like=0; reply=0; source_type=comment; yeren_signal_id=; parent_comment_text=,12:52,抖音评论,video,呼叫万手哥，帮忙拉一拉。#股票 #股民 #vlgo十亿流量扶持计划,🌈逍遥红尘🌈,7639958622008737915,https://www.douyin.com/video/7639958622008737915,,7639977028091904806,12:52,待确认,中性,自动映射到抖音视频评论池。,6.4,false
2026-05-15,longge,抖音评论 12:52,[抠鼻][抠鼻][抠鼻][抠鼻][抠鼻],,,,否,video_id=7639958622008737915; video_url=https://www.douyin.com/video/7639958622008737915; creator=阿龙闯大A📈; like=1; reply=2; source_type=comment; yeren_signal_id=; parent_comment_text=,12:52,抖音评论,video,呼叫万手哥，帮忙拉一拉。#股票 #股民 #vlgo十亿流量扶持计划,Gabriel,7639958622008737915,https://www.douyin.com/video/7639958622008737915,,7639976866455192326,12:52,未纳入,中性,自动映射到抖音视频评论池。,,false
2026-05-15,longge,抖音评论 12:52,说中南文化拿一周的大哥，今天是不是可以跑了,中南文化(002445),通用设备,中南文化(002445) 被提及 1 次，有效评论 1 条，来源 1 个，单视频线索，情绪 谨慎，当前判断：偏风险观察。,否,video_id=7639958622008737915; video_url=https://www.douyin.com/video/7639958622008737915; creator=阿龙闯大A📈; like=0; reply=6; source_type=comment; yeren_signal_id=; parent_comment_text=,12:52,抖音评论,video,呼叫万手哥，帮忙拉一拉。#股票 #股民 #vlgo十亿流量扶持计划,上上签+1,7639958622008737915,https://www.douyin.com/video/7639958622008737915,,7639976840052114213,12:52,未纳入,谨慎,自动映射到抖音视频评论池。,5.9,false
2026-05-15,longge,抖音评论 12:51,前几天说江特电机的大哥，我特产准备好了,江特电机(002176),,江特电机(002176) 被提及 3 次，有效评论 3 条，来源 2 个，跨来源共振，情绪 中性，当前判断：保留观察。,待确认,video_id=7639958622008737915; video_url=https://www.douyin.com/video/7639958622008737915; creator=阿龙闯大A📈; like=5; reply=10; source_type=comment; yeren_signal_id=; parent_comment_text=,12:51,抖音评论,video,呼叫万手哥，帮忙拉一拉。#股票 #股民 #vlgo十亿流量扶持计划,好听音乐会,7639958622008737915,https://www.douyin.com/video/7639958622008737915,,7639976677904663345,12:51,待确认,中性,自动映射到抖音视频评论池。,8.0,false
2026-05-15,longge,抖音评论 12:51,下周彩虹🌈不板我吃💩,,,评论热度较高，但暂未自动识别到明确股票线索，保留人工复核。,待确认,video_id=7639958622008737915; video_url=https://www.douyin.com/video/7639958622008737915; creator=阿龙闯大A📈; like=8; reply=17; source_type=comment; yeren_signal_id=; parent_comment_text=,12:51,抖音评论,video,呼叫万手哥，帮忙拉一拉。#股票 #股民 #vlgo十亿流量扶持计划,初好,7639958622008737915,https://www.douyin.com/video/7639958622008737915,,7639976625606787875,12:51,待确认,中性,自动映射到抖音视频评论池。,6.2,false
2026-05-15,longge,抖音评论 12:50,[流泪]昨晚谁说的新能泰山。你出来我绝对不打你,新能泰山(000720),电网设备;电力,新能泰山(000720) 被提及 7 次，有效评论 7 条，来源 1 个，单视频线索，情绪 中性，当前判断：保留观察。,待确认,video_id=7639958622008737915; video_url=https://www.douyin.com/video/7639958622008737915; creator=阿龙闯大A📈; like=7; reply=14; source_type=comment; yeren_signal_id=; parent_comment_text=,12:50,抖音评论,video,呼叫万手哥，帮忙拉一拉。#股票 #股民 #vlgo十亿流量扶持计划,小顾同学,7639958622008737915,https://www.douyin.com/video/7639958622008737915,,7639976518270305024,12:50,待确认,中性,自动映射到抖音视频评论池。,8.8,false
2026-05-15,longge,抖音评论 12:50,有没有大佬看看平潭发展的，被挂顶上了,平潭发展(000592),林业;福建自贸区,平潭发展(000592) 被提及 2 次，有效评论 2 条，来源 1 个，单视频线索，情绪 中性，当前判断：保留观察。,待确认,video_id=7639958622008737915; video_url=https://www.douyin.com/video/7639958622008737915; creator=阿龙闯大A📈; like=1; reply=0; source_type=comment; yeren_signal_id=; parent_comment_text=,12:50,抖音评论,video,呼叫万手哥，帮忙拉一拉。#股票 #股民 #vlgo十亿流量扶持计划,小小胡,7639958622008737915,https://www.douyin.com/video/7639958622008737915,,7639976490462167867,12:50,待确认,中性,自动映射到抖音视频评论池。,6.9,false
2026-05-15,longge,抖音评论 12:50,麦格米特给我拿住咯[看],麦格米特(002851),,麦格米特(002851) 被提及 2 次，有效评论 2 条，来源 1 个，单视频线索，情绪 中性，当前判断：保留观察。,待确认,video_id=7639958622008737915; video_url=https://www.douyin.com/video/7639958622008737915; creator=阿龙闯大A📈; like=1; reply=3; source_type=comment; yeren_signal_id=; parent_comment_text=,12:50,抖音评论,video,呼叫万手哥，帮忙拉一拉。#股票 #股民 #vlgo十亿流量扶持计划,世界第一好心情👄,7639958622008737915,https://www.douyin.com/video/7639958622008737915,,7639976378011910921,12:50,待确认,中性,自动映射到抖音视频评论池。,6.9,false
2026-05-15,longge,抖音评论 12:50,呼叫yolo姐，别抛下我们[抱拳],,,,否,video_id=7639958622008737915; video_url=https://www.douyin.com/video/7639958622008737915; creator=阿龙闯大A📈; like=2; reply=4; source_type=comment; yeren_signal_id=; parent_comment_text=,12:50,抖音评论,video,呼叫万手哥，帮忙拉一拉。#股票 #股民 #vlgo十亿流量扶持计划,Rrrrrrr,7639958622008737915,https://www.douyin.com/video/7639958622008737915,,7639976359741997861,12:50,未纳入,中性,自动映射到抖音视频评论池。,,false
2026-05-15,longge,抖音评论 12:49,没点内幕的不要乱评论啊，真是害屎人嘞,,,,否,video_id=7639958622008737915; video_url=https://www.douyin.com/video/7639958622008737915; creator=阿龙闯大A📈; like=1; reply=0; source_type=comment; yeren_signal_id=; parent_comment_text=,12:49,抖音评论,video,呼叫万手哥，帮忙拉一拉。#股票 #股民 #vlgo十亿流量扶持计划,海绵饱饱啦,7639958622008737915,https://www.douyin.com/video/7639958622008737915,,7639976284144550693,12:49,未纳入,中性,自动映射到抖音视频评论池。,,false
2026-05-15,longge,抖音评论 12:49,昨天进的泰山，怎么说呀,,,,否,video_id=7639958622008737915; video_url=https://www.douyin.com/video/7639958622008737915; creator=阿龙闯大A📈; like=0; reply=0; source_type=comment; yeren_signal_id=; parent_comment_text=,12:49,抖音评论,video,呼叫万手哥，帮忙拉一拉。#股票 #股民 #vlgo十亿流量扶持计划,萌萌贝小琰,7639958622008737915,https://www.douyin.com/video/7639958622008737915,,7639976264287765285,12:49,未纳入,中性,自动映射到抖音视频评论池。,,false
2026-05-15,longge,抖音评论 12:49,露笑 拿到14,,,,否,video_id=7639958622008737915; video_url=https://www.douyin.com/video/7639958622008737915; creator=阿龙闯大A📈; like=0; reply=2; source_type=comment; yeren_signal_id=; parent_comment_text=,12:49,抖音评论,video,呼叫万手哥，帮忙拉一拉。#股票 #股民 #vlgo十亿流量扶持计划,听话，不哭,7639958622008737915,https://www.douyin.com/video/7639958622008737915,,7639976230457115446,12:49,未纳入,中性,自动映射到抖音视频评论池。,,false
2026-05-15,longge,抖音评论 12:51,是谁说的中国长城啊，挂山顶了,中国长城(000066),,中国长城(000066) 被提及 7 次，有效评论 7 条，来源 2 个，跨来源共振，情绪 谨慎，当前判断：偏风险观察。,否,video_id=7639958622008737915; video_url=https://www.douyin.com/video/7639958622008737915; creator=阿龙闯大A📈; like=3; reply=14; source_type=comment; yeren_signal_id=; parent_comment_text=,12:51,抖音评论,video,呼叫万手哥，帮忙拉一拉。#股票 #股民 #vlgo十亿流量扶持计划,^.许酥榆𖠚ᐝ,7639958622008737915,https://www.douyin.com/video/7639958622008737915,,7639976774734496522,12:51,未纳入,谨慎,自动映射到抖音视频评论池。,9.0,false
2026-05-15,longge,抖音评论 12:49,宏昌电子还能拿吗[流泪],宏昌电子(603002),,宏昌电子(603002) 被提及 2 次，有效评论 2 条，来源 1 个，单视频线索，情绪 中性，当前判断：保留观察。,待确认,video_id=7639958622008737915; video_url=https://www.douyin.com/video/7639958622008737915; creator=阿龙闯大A📈; like=1; reply=2; source_type=comment; yeren_signal_id=; parent_comment_text=,12:49,抖音评论,video,呼叫万手哥，帮忙拉一拉。#股票 #股民 #vlgo十亿流量扶持计划,🍼,7639958622008737915,https://www.douyin.com/video/7639958622008737915,,7639976130741961521,12:49,待确认,中性,自动映射到抖音视频评论池。,6.9,false
2026-05-15,longge,抖音评论 12:48,进的泰山啊[躺平],,,,否,video_id=7639958622008737915; video_url=https://www.douyin.com/video/7639958622008737915; creator=阿龙闯大A📈; like=0; reply=2; source_type=comment; yeren_signal_id=; parent_comment_text=,12:48,抖音评论,video,呼叫万手哥，帮忙拉一拉。#股票 #股民 #vlgo十亿流量扶持计划,我会盯着你的,7639958622008737915,https://www.douyin.com/video/7639958622008737915,,7639976014924022563,12:48,未纳入,中性,自动映射到抖音视频评论池。,,false
2026-05-15,longge,抖音评论 12:48,谁说的合力泰和黄河炫风，告诉我你喜欢什么特产[流泪],合力泰(002217),消费电子;光学光电子,合力泰(002217) 被提及 5 次，有效评论 5 条，来源 2 个，跨来源共振，情绪 中性，当前判断：保留观察。,待确认,video_id=7639958622008737915; video_url=https://www.douyin.com/video/7639958622008737915; creator=阿龙闯大A📈; like=9; reply=10; source_type=comment; yeren_signal_id=; parent_comment_text=,12:48,抖音评论,video,呼叫万手哥，帮忙拉一拉。#股票 #股民 #vlgo十亿流量扶持计划,铁妹麦兜,7639958622008737915,https://www.douyin.com/video/7639958622008737915,,7639975999735972665,12:48,待确认,中性,自动映射到抖音视频评论池。,8.8,false
2026-05-15,longge,抖音评论 12:48,粤电力 有人在吗[捂脸],,,评论热度较高，但暂未自动识别到明确股票线索，保留人工复核。,待确认,video_id=7639958622008737915; video_url=https://www.douyin.com/video/7639958622008737915; creator=阿龙闯大A📈; like=3; reply=8; source_type=comment; yeren_signal_id=; parent_comment_text=,12:48,抖音评论,video,呼叫万手哥，帮忙拉一拉。#股票 #股民 #vlgo十亿流量扶持计划,兜兜🈶米,7639958622008737915,https://www.douyin.com/video/7639958622008737915,,7639975795032703744,12:48,待确认,中性,自动映射到抖音视频评论池。,6.2,false
2026-05-15,longge,抖音评论 12:47,美利云,美利云(000815),,美利云(000815) 被提及 2 次，有效评论 2 条，来源 1 个，单视频线索，情绪 中性，当前判断：保留观察。,待确认,video_id=7639958622008737915; video_url=https://www.douyin.com/video/7639958622008737915; creator=阿龙闯大A📈; like=0; reply=0; source_type=comment; yeren_signal_id=; parent_comment_text=,12:47,抖音评论,video,呼叫万手哥，帮忙拉一拉。#股票 #股民 #vlgo十亿流量扶持计划,饼饼呀,7639958622008737915,https://www.douyin.com/video/7639958622008737915,,7639975773583016741,12:47,待确认,中性,自动映射到抖音视频评论池。,6.9,false
2026-05-15,longge,抖音评论 12:47,提示风险今天缩量上涨，可能被闷。下周进机器人。,机器人(300024),,机器人(300024) 被提及 6 次，有效评论 6 条，来源 2 个，跨来源共振，情绪 中性，当前判断：保留观察。,待确认,video_id=7639958622008737915; video_url=https://www.douyin.com/video/7639958622008737915; creator=阿龙闯大A📈; like=1; reply=0; source_type=comment; yeren_signal_id=; parent_comment_text=,12:47,抖音评论,video,呼叫万手哥，帮忙拉一拉。#股票 #股民 #vlgo十亿流量扶持计划,友情天,7639958622008737915,https://www.douyin.com/video/7639958622008737915,,7639975670407594779,12:47,待确认,中性,自动映射到抖音视频评论池。,9.1,false
2026-05-15,longge,抖音评论 12:47,江特电机那位呢？？？在哪里,江特电机(002176),,江特电机(002176) 被提及 3 次，有效评论 3 条，来源 2 个，跨来源共振，情绪 中性，当前判断：保留观察。,待确认,video_id=7639958622008737915; video_url=https://www.douyin.com/video/7639958622008737915; creator=阿龙闯大A📈; like=2; reply=15; source_type=comment; yeren_signal_id=; parent_comment_text=,12:47,抖音评论,video,呼叫万手哥，帮忙拉一拉。#股票 #股民 #vlgo十亿流量扶持计划,嘻哈,7639958622008737915,https://www.douyin.com/video/7639958622008737915,,7639975620286055220,12:47,待确认,中性,自动映射到抖音视频评论池。,8.0,false
2026-05-15,longge,抖音评论 12:47,我的通顶还有长城，吃了两个跌停，我都不知道怎么办，来个大哥[流泪],,,,否,video_id=7639958622008737915; video_url=https://www.douyin.com/video/7639958622008737915; creator=阿龙闯大A📈; like=0; reply=4; source_type=comment; yeren_signal_id=; parent_comment_text=,12:47,抖音评论,video,呼叫万手哥，帮忙拉一拉。#股票 #股民 #vlgo十亿流量扶持计划,光启幸福女人,7639958622008737915,https://www.douyin.com/video/7639958622008737915,,7639975546273006355,12:47,未纳入,中性,自动映射到抖音视频评论池。,,false
2026-05-15,longge,抖音评论 12:46,我看30,,,,否,video_id=7639958622008737915; video_url=https://www.douyin.com/video/7639958622008737915; creator=阿龙闯大A📈; like=0; reply=0; source_type=comment; yeren_signal_id=; parent_comment_text=,12:46,抖音评论,video,呼叫万手哥，帮忙拉一拉。#股票 #股民 #vlgo十亿流量扶持计划,🌈落花,7639958622008737915,https://www.douyin.com/video/7639958622008737915,,7639975374923481906,12:46,未纳入,中性,自动映射到抖音视频评论池。,,false
2026-05-15,longge,抖音评论 12:46,今天下午能进哪个，亏麻了[裂开],,,,否,video_id=7639958622008737915; video_url=https://www.douyin.com/video/7639958622008737915; creator=阿龙闯大A📈; like=0; reply=3; source_type=comment; yeren_signal_id=; parent_comment_text=,12:46,抖音评论,video,呼叫万手哥，帮忙拉一拉。#股票 #股民 #vlgo十亿流量扶持计划,‘’wy。,7639958622008737915,https://www.douyin.com/video/7639958622008737915,,7639975314467046182,12:46,未纳入,中性,自动映射到抖音视频评论池。,,false
2026-05-15,longge,抖音评论 12:46,掌阅给我拉一拉呀[流泪],,,,否,video_id=7639958622008737915; video_url=https://www.douyin.com/video/7639958622008737915; creator=阿龙闯大A📈; like=0; reply=0; source_type=comment; yeren_signal_id=; parent_comment_text=,12:46,抖音评论,video,呼叫万手哥，帮忙拉一拉。#股票 #股民 #vlgo十亿流量扶持计划,Ghao,7639958622008737915,https://www.douyin.com/video/7639958622008737915,,7639975281088496393,12:46,未纳入,中性,自动映射到抖音视频评论池。,,false
2026-05-15,longge,抖音评论 12:46,天通要走吗,,,,否,video_id=7639958622008737915; video_url=https://www.douyin.com/video/7639958622008737915; creator=阿龙闯大A📈; like=0; reply=0; source_type=comment; yeren_signal_id=; parent_comment_text=,12:46,抖音评论,video,呼叫万手哥，帮忙拉一拉。#股票 #股民 #vlgo十亿流量扶持计划,随遇而安但不随波逐流,7639958622008737915,https://www.douyin.com/video/7639958622008737915,,7639975266891514661,12:46,未纳入,中性,自动映射到抖音视频评论池。,,false
2026-05-15,longge,抖音评论 12:45,下午求推荐 赚了来长沙请吃饭[呲牙],,,,否,video_id=7639958622008737915; video_url=https://www.douyin.com/video/7639958622008737915; creator=阿龙闯大A📈; like=0; reply=1; source_type=comment; yeren_signal_id=; parent_comment_text=,12:45,抖音评论,video,呼叫万手哥，帮忙拉一拉。#股票 #股民 #vlgo十亿流量扶持计划,KiKi👑,7639958622008737915,https://www.douyin.com/video/7639958622008737915,,7639975248301376293,12:45,未纳入,中性,自动映射到抖音视频评论池。,,false
2026-05-15,longge,抖音评论 12:45,有没有大佬喂饭,,,,否,video_id=7639958622008737915; video_url=https://www.douyin.com/video/7639958622008737915; creator=阿龙闯大A📈; like=0; reply=0; source_type=comment; yeren_signal_id=; parent_comment_text=,12:45,抖音评论,video,呼叫万手哥，帮忙拉一拉。#股票 #股民 #vlgo十亿流量扶持计划,年华易逝、,7639958622008737915,https://www.douyin.com/video/7639958622008737915,,7639975051261870905,12:45,未纳入,中性,自动映射到抖音视频评论池。,,false
2026-05-15,longge,抖音评论 12:44,顺hgf,,,,否,video_id=7639958622008737915; video_url=https://www.douyin.com/video/7639958622008737915; creator=阿龙闯大A📈; like=0; reply=0; source_type=comment; yeren_signal_id=; parent_comment_text=,12:44,抖音评论,video,呼叫万手哥，帮忙拉一拉。#股票 #股民 #vlgo十亿流量扶持计划,哈哈,7639958622008737915,https://www.douyin.com/video/7639958622008737915,,7639974873964757797,12:44,未纳入,中性,自动映射到抖音视频评论池。,,false
2026-05-15,longge,抖音评论 12:44,主要是你们都是买了才发出来[捂脸]我们跟不上啊,,,,否,video_id=7639958622008737915; video_url=https://www.douyin.com/video/7639958622008737915; creator=阿龙闯大A📈; like=0; reply=0; source_type=comment; yeren_signal_id=; parent_comment_text=,12:44,抖音评论,video,呼叫万手哥，帮忙拉一拉。#股票 #股民 #vlgo十亿流量扶持计划,泽一,7639958622008737915,https://www.douyin.com/video/7639958622008737915,,7639974778141524794,12:44,未纳入,中性,自动映射到抖音视频评论池。,,false
2026-05-15,longge,抖音评论 12:44,有没有大哥说下信立泰，割掉还是拿着[流泪],信立泰(002294),,信立泰(002294) 被提及 1 次，有效评论 1 条，来源 1 个，单视频线索，情绪 谨慎，当前判断：偏风险观察。,否,video_id=7639958622008737915; video_url=https://www.douyin.com/video/7639958622008737915; creator=阿龙闯大A📈; like=1; reply=0; source_type=comment; yeren_signal_id=; parent_comment_text=,12:44,抖音评论,video,呼叫万手哥，帮忙拉一拉。#股票 #股民 #vlgo十亿流量扶持计划,এ 心底有颗枇杷树,7639958622008737915,https://www.douyin.com/video/7639958622008737915,,7639974775695098661,12:44,未纳入,谨慎,自动映射到抖音视频评论池。,5.9,false
2026-05-15,longge,抖音评论 12:43,上个星期二的时候，我让你进红蜻蜓，你都没进[捂脸],红蜻蜓(603116),,红蜻蜓(603116) 被提及 1 次，有效评论 1 条，来源 1 个，单视频线索，情绪 中性，当前判断：保留观察。,待确认,video_id=7639958622008737915; video_url=https://www.douyin.com/video/7639958622008737915; creator=阿龙闯大A📈; like=1; reply=4; source_type=comment; yeren_signal_id=; parent_comment_text=,12:43,抖音评论,video,呼叫万手哥，帮忙拉一拉。#股票 #股民 #vlgo十亿流量扶持计划,一顿生吃八个小孩,7639958622008737915,https://www.douyin.com/video/7639958622008737915,,7639974654937891633,12:43,待确认,中性,自动映射到抖音视频评论池。,6.4,false
2026-05-15,longge,抖音评论 12:43,兆易创新,兆易创新(603986),,兆易创新(603986) 被提及 1 次，有效评论 1 条，来源 1 个，单视频线索，情绪 中性，当前判断：保留观察。,待确认,video_id=7639958622008737915; video_url=https://www.douyin.com/video/7639958622008737915; creator=阿龙闯大A📈; like=0; reply=2; source_type=comment; yeren_signal_id=; parent_comment_text=,12:43,抖音评论,video,呼叫万手哥，帮忙拉一拉。#股票 #股民 #vlgo十亿流量扶持计划,娃不哈哈,7639958622008737915,https://www.douyin.com/video/7639958622008737915,,7639974563942449970,12:43,待确认,中性,自动映射到抖音视频评论池。,6.4,false
2026-05-15,longge,抖音评论 12:42,都说中体产业阿，能不能进阿；还有仓位,中体产业(600158),,中体产业(600158) 被提及 1 次，有效评论 1 条，来源 1 个，单视频线索，情绪 中性，当前判断：保留观察。,待确认,video_id=7639958622008737915; video_url=https://www.douyin.com/video/7639958622008737915; creator=阿龙闯大A📈; like=0; reply=2; source_type=comment; yeren_signal_id=; parent_comment_text=,12:42,抖音评论,video,呼叫万手哥，帮忙拉一拉。#股票 #股民 #vlgo十亿流量扶持计划,小栗子,7639958622008737915,https://www.douyin.com/video/7639958622008737915,,7639974343419036473,12:42,待确认,中性,自动映射到抖音视频评论池。,6.4,false
2026-05-15,longge,抖音评论 12:42,山子高科,,,,否,video_id=7639958622008737915; video_url=https://www.douyin.com/video/7639958622008737915; creator=阿龙闯大A📈; like=0; reply=0; source_type=comment; yeren_signal_id=; parent_comment_text=,12:42,抖音评论,video,呼叫万手哥，帮忙拉一拉。#股票 #股民 #vlgo十亿流量扶持计划,荼靡,7639958622008737915,https://www.douyin.com/video/7639958622008737915,,7639974315472159546,12:42,未纳入,中性,自动映射到抖音视频评论池。,,false
2026-05-15,longge,抖音评论 12:42,昨天进了新n泰山[流泪]，大哥说会版，现在已经亏了七个点了,,,,否,video_id=7639958622008737915; video_url=https://www.douyin.com/video/7639958622008737915; creator=阿龙闯大A📈; like=1; reply=1; source_type=comment; yeren_signal_id=; parent_comment_text=,12:42,抖音评论,video,呼叫万手哥，帮忙拉一拉。#股票 #股民 #vlgo十亿流量扶持计划,应阳夏目,7639958622008737915,https://www.douyin.com/video/7639958622008737915,,7639974240574620453,12:42,未纳入,中性,自动映射到抖音视频评论池。,,false
2026-05-15,longge,抖音评论 12:41,贵州燃气,贵州燃气(600903),,贵州燃气(600903) 被提及 2 次，有效评论 2 条，来源 2 个，跨来源共振，情绪 中性，当前判断：保留观察。,待确认,video_id=7639958622008737915; video_url=https://www.douyin.com/video/7639958622008737915; creator=阿龙闯大A📈; like=6; reply=15; source_type=comment; yeren_signal_id=; parent_comment_text=,12:41,抖音评论,video,呼叫万手哥，帮忙拉一拉。#股票 #股民 #vlgo十亿流量扶持计划,大叔难得起名,7639958622008737915,https://www.douyin.com/video/7639958622008737915,,7639974231803298597,12:41,待确认,中性,自动映射到抖音视频评论池。,7.6,false
2026-05-15,longge,抖音评论 12:41,[赞][赞][赞],,,,否,video_id=7639958622008737915; video_url=https://www.douyin.com/video/7639958622008737915; creator=阿龙闯大A📈; like=0; reply=0; source_type=comment; yeren_signal_id=; parent_comment_text=,12:41,抖音评论,video,呼叫万手哥，帮忙拉一拉。#股票 #股民 #vlgo十亿流量扶持计划,飘遥,7639958622008737915,https://www.douyin.com/video/7639958622008737915,,7639974117563663141,12:41,未纳入,中性,自动映射到抖音视频评论池。,,false
2026-05-15,longge,抖音评论 12:41,蹲,,,,否,video_id=7639958622008737915; video_url=https://www.douyin.com/video/7639958622008737915; creator=阿龙闯大A📈; like=0; reply=0; source_type=comment; yeren_signal_id=; parent_comment_text=,12:41,抖音评论,video,呼叫万手哥，帮忙拉一拉。#股票 #股民 #vlgo十亿流量扶持计划,木槿花开,7639958622008737915,https://www.douyin.com/video/7639958622008737915,,7639974050252964645,12:41,未纳入,中性,自动映射到抖音视频评论池。,,false
2026-05-15,longge,抖音评论 12:41,拓普[比心][比心],,,,否,video_id=7639958622008737915; video_url=https://www.douyin.com/video/7639958622008737915; creator=阿龙闯大A📈; like=1; reply=0; source_type=comment; yeren_signal_id=; parent_comment_text=,12:41,抖音评论,video,呼叫万手哥，帮忙拉一拉。#股票 #股民 #vlgo十亿流量扶持计划,♡元宝,7639958622008737915,https://www.douyin.com/video/7639958622008737915,,7639974048160514862,12:41,未纳入,中性,自动映射到抖音视频评论池。,,false
2026-05-15,longge,抖音评论 12:41,一人说一个板了都是大哥[捂脸],,,,否,video_id=7639958622008737915; video_url=https://www.douyin.com/video/7639958622008737915; creator=阿龙闯大A📈; like=0; reply=0; source_type=comment; yeren_signal_id=; parent_comment_text=,12:41,抖音评论,video,呼叫万手哥，帮忙拉一拉。#股票 #股民 #vlgo十亿流量扶持计划,এ 心底有颗枇杷树,7639958622008737915,https://www.douyin.com/video/7639958622008737915,,7639973993239839525,12:41,未纳入,中性,自动映射到抖音视频评论池。,,false
2026-05-15,longge,抖音评论 12:40,有没有大哥帮我看看协鑫能科[流泪][流泪][流泪]挂天上了，怎么办呀,协鑫能科(002015),,协鑫能科(002015) 被提及 2 次，有效评论 2 条，来源 2 个，跨来源共振，情绪 中性，当前判断：保留观察。,待确认,video_id=7639958622008737915; video_url=https://www.douyin.com/video/7639958622008737915; creator=阿龙闯大A📈; like=0; reply=8; source_type=comment; yeren_signal_id=; parent_comment_text=,12:40,抖音评论,video,呼叫万手哥，帮忙拉一拉。#股票 #股民 #vlgo十亿流量扶持计划,出气包💢,7639958622008737915,https://www.douyin.com/video/7639958622008737915,,7639973937141990181,12:40,待确认,中性,自动映射到抖音视频评论池。,7.6,false
2026-05-15,longge,抖音评论 12:40,卓郎智能能拿到多少[泣不成声],卓郎智能(600545),工业母机,卓郎智能(600545) 被提及 3 次，有效评论 3 条，来源 1 个，单视频线索，情绪 中性，当前判断：保留观察。,待确认,video_id=7639958622008737915; video_url=https://www.douyin.com/video/7639958622008737915; creator=阿龙闯大A📈; like=0; reply=0; source_type=comment; yeren_signal_id=; parent_comment_text=,12:40,抖音评论,video,呼叫万手哥，帮忙拉一拉。#股票 #股民 #vlgo十亿流量扶持计划,我看透了,7639958622008737915,https://www.douyin.com/video/7639958622008737915,,7639973891771138858,12:40,待确认,中性,自动映射到抖音视频评论池。,7.2,false
2026-05-15,longge,抖音评论 12:39,下个礼拜专搞天汽模[呲牙],天汽模(002510),,天汽模(002510) 被提及 3 次，有效评论 3 条，来源 1 个，单视频线索，情绪 中性，当前判断：已进入推荐候选。,是,video_id=7639958622008737915; video_url=https://www.douyin.com/video/7639958622008737915; creator=阿龙闯大A📈; like=2; reply=3; source_type=comment; yeren_signal_id=; parent_comment_text=,12:39,抖音评论,video,呼叫万手哥，帮忙拉一拉。#股票 #股民 #vlgo十亿流量扶持计划,@奥力给,7639958622008737915,https://www.douyin.com/video/7639958622008737915,,7639973643733041978,12:39,已纳入,中性,自动映射到抖音视频评论池。,8.1,true
2026-05-15,longge,抖音评论 12:39,大哥推荐的啥都不知道[尬笑],,,,否,video_id=7639958622008737915; video_url=https://www.douyin.com/video/7639958622008737915; creator=阿龙闯大A📈; like=0; reply=0; source_type=comment; yeren_signal_id=; parent_comment_text=,12:39,抖音评论,video,呼叫万手哥，帮忙拉一拉。#股票 #股民 #vlgo十亿流量扶持计划,LL,7639958622008737915,https://www.douyin.com/video/7639958622008737915,,7639973603316155173,12:39,未纳入,中性,自动映射到抖音视频评论池。,,false
2026-05-15,longge,抖音评论 12:39,金开和长城有大佬给点建议呗,,,,否,video_id=7639958622008737915; video_url=https://www.douyin.com/video/7639958622008737915; creator=阿龙闯大A📈; like=0; reply=0; source_type=comment; yeren_signal_id=; parent_comment_text=,12:39,抖音评论,video,呼叫万手哥，帮忙拉一拉。#股票 #股民 #vlgo十亿流量扶持计划,人称小丁,7639958622008737915,https://www.douyin.com/video/7639958622008737915,,7639973565715301169,12:39,未纳入,中性,自动映射到抖音视频评论池。,,false
2026-05-15,longge,抖音评论 12:39,三花,,,,否,video_id=7639958622008737915; video_url=https://www.douyin.com/video/7639958622008737915; creator=阿龙闯大A📈; like=0; reply=0; source_type=comment; yeren_signal_id=; parent_comment_text=,12:39,抖音评论,video,呼叫万手哥，帮忙拉一拉。#股票 #股民 #vlgo十亿流量扶持计划,拾叶觅秋 陈CoCo🔥,7639958622008737915,https://www.douyin.com/video/7639958622008737915,,7639973567006507833,12:39,未纳入,中性,自动映射到抖音视频评论池。,,false
2026-05-15,longge,抖音评论 12:39,大唐和华电有谁在水下买的，来让我给自己一巴掌,,,评论热度较高，但暂未自动识别到明确股票线索，保留人工复核。,待确认,video_id=7639958622008737915; video_url=https://www.douyin.com/video/7639958622008737915; creator=阿龙闯大A📈; like=1; reply=7; source_type=comment; yeren_signal_id=; parent_comment_text=,12:39,抖音评论,video,呼叫万手哥，帮忙拉一拉。#股票 #股民 #vlgo十亿流量扶持计划,市井小民,7639958622008737915,https://www.douyin.com/video/7639958622008737915,,7639973479386792763,12:39,待确认,中性,自动映射到抖音视频评论池。,6.2,false
2026-05-15,longge,抖音评论 12:38,去神剑吧[流泪],,,,否,video_id=7639958622008737915; video_url=https://www.douyin.com/video/7639958622008737915; creator=阿龙闯大A📈; like=0; reply=0; source_type=comment; yeren_signal_id=; parent_comment_text=,12:38,抖音评论,video,呼叫万手哥，帮忙拉一拉。#股票 #股民 #vlgo十亿流量扶持计划,小猫*^o^*,7639958622008737915,https://www.douyin.com/video/7639958622008737915,,7639973439751275314,12:38,未纳入,中性,自动映射到抖音视频评论池。,,false
2026-05-15,longge,抖音评论 12:38,002510,天汽模(002510),,天汽模(002510) 被提及 3 次，有效评论 3 条，来源 1 个，单视频线索，情绪 中性，当前判断：已进入推荐候选。,是,video_id=7639958622008737915; video_url=https://www.douyin.com/video/7639958622008737915; creator=阿龙闯大A📈; like=4; reply=0; source_type=comment; yeren_signal_id=; parent_comment_text=,12:38,抖音评论,video,呼叫万手哥，帮忙拉一拉。#股票 #股民 #vlgo十亿流量扶持计划,Evelyn📈,7639958622008737915,https://www.douyin.com/video/7639958622008737915,,7639973426538726171,12:38,已纳入,中性,自动映射到抖音视频评论池。,8.1,true
2026-05-15,longge,抖音评论 12:37,cydl给我也上龙吧,,,,否,video_id=7639958622008737915; video_url=https://www.douyin.com/video/7639958622008737915; creator=阿龙闯大A📈; like=0; reply=0; source_type=comment; yeren_signal_id=; parent_comment_text=,12:37,抖音评论,video,呼叫万手哥，帮忙拉一拉。#股票 #股民 #vlgo十亿流量扶持计划,okk（居间人）,7639958622008737915,https://www.douyin.com/video/7639958622008737915,,7639973198926676795,12:37,未纳入,中性,自动映射到抖音视频评论池。,,false
2026-05-15,longge,抖音评论 12:37,cydl给我也上龙吧,,,,否,video_id=7639958622008737915; video_url=https://www.douyin.com/video/7639958622008737915; creator=阿龙闯大A📈; like=0; reply=0; source_type=comment; yeren_signal_id=; parent_comment_text=,12:37,抖音评论,video,呼叫万手哥，帮忙拉一拉。#股票 #股民 #vlgo十亿流量扶持计划,okk（居间人）,7639958622008737915,https://www.douyin.com/video/7639958622008737915,,7639973198926676795,12:37,未纳入,中性,自动映射到抖音视频评论池。,,false
2026-05-15,longge,抖音评论 12:37,上次哪个大哥说众合科技的，我给你寄点特产[呆无辜],众合科技(000925),,众合科技(000925) 被提及 1 次，有效评论 1 条，来源 1 个，单视频线索，情绪 中性，当前判断：保留观察。,待确认,video_id=7639958622008737915; video_url=https://www.douyin.com/video/7639958622008737915; creator=阿龙闯大A📈; like=0; reply=6; source_type=comment; yeren_signal_id=; parent_comment_text=,12:37,抖音评论,video,呼叫万手哥，帮忙拉一拉。#股票 #股民 #vlgo十亿流量扶持计划,小仙女～🌈🌈,7639958622008737915,https://www.douyin.com/video/7639958622008737915,,7639972988401959730,12:37,待确认,中性,自动映射到抖音视频评论池。,6.4,false
2026-05-15,longge,抖音评论 12:37,大唐拿到多少？[加一],,,,否,video_id=7639958622008737915; video_url=https://www.douyin.com/video/7639958622008737915; creator=阿龙闯大A📈; like=1; reply=0; source_type=comment; yeren_signal_id=; parent_comment_text=,12:37,抖音评论,video,呼叫万手哥，帮忙拉一拉。#股票 #股民 #vlgo十亿流量扶持计划,˗ˋˏᰔᩚˎˊ˗,7639958622008737915,https://www.douyin.com/video/7639958622008737915,,7639972948153582393,12:37,未纳入,中性,自动映射到抖音视频评论池。,,false
2026-05-15,longge,抖音评论 12:36,小姐姐呢 体育很牛 虽然我没买 今天没看到姐姐出来,,,,否,video_id=7639958622008737915; video_url=https://www.douyin.com/video/7639958622008737915; creator=阿龙闯大A📈; like=0; reply=0; source_type=comment; yeren_signal_id=; parent_comment_text=,12:36,抖音评论,video,呼叫万手哥，帮忙拉一拉。#股票 #股民 #vlgo十亿流量扶持计划,Rrrrrrr,7639958622008737915,https://www.douyin.com/video/7639958622008737915,,7639972938653582129,12:36,未纳入,中性,自动映射到抖音视频评论池。,,false
2026-05-15,longge,抖音评论 12:36,下午求一支，赚了疯狂寄特产,,,,否,video_id=7639958622008737915; video_url=https://www.douyin.com/video/7639958622008737915; creator=阿龙闯大A📈; like=0; reply=5; source_type=comment; yeren_signal_id=; parent_comment_text=,12:36,抖音评论,video,呼叫万手哥，帮忙拉一拉。#股票 #股民 #vlgo十亿流量扶持计划,💥,7639958622008737915,https://www.douyin.com/video/7639958622008737915,,7639972711003456314,12:36,未纳入,中性,自动映射到抖音视频评论池。,,false
2026-05-15,longge,抖音评论 12:36,下午能进的股票推一只，谢谢大哥大姐,,,,否,video_id=7639958622008737915; video_url=https://www.douyin.com/video/7639958622008737915; creator=阿龙闯大A📈; like=0; reply=0; source_type=comment; yeren_signal_id=; parent_comment_text=,12:36,抖音评论,video,呼叫万手哥，帮忙拉一拉。#股票 #股民 #vlgo十亿流量扶持计划,燕子🎤🎤,7639958622008737915,https://www.douyin.com/video/7639958622008737915,,7639972691113968433,12:36,未纳入,中性,自动映射到抖音视频评论池。,,false
2026-05-15,longge,抖音评论 12:35,能科昨天竞价买的，今天快跌停出的，-20个点，我的耻辱啊[捂脸],,,,否,video_id=7639958622008737915; video_url=https://www.douyin.com/video/7639958622008737915; creator=阿龙闯大A📈; like=0; reply=5; source_type=comment; yeren_signal_id=; parent_comment_text=,12:35,抖音评论,video,呼叫万手哥，帮忙拉一拉。#股票 #股民 #vlgo十亿流量扶持计划,浅浅笑,7639958622008737915,https://www.douyin.com/video/7639958622008737915,,7639972594405884672,12:35,未纳入,中性,自动映射到抖音视频评论池。,,false
2026-05-15,longge,抖音评论 12:34,蓝思科技,蓝思科技(300433),,蓝思科技(300433) 被提及 2 次，有效评论 2 条，来源 2 个，跨来源共振，情绪 中性，当前判断：已进入推荐候选。,是,video_id=7639958622008737915; video_url=https://www.douyin.com/video/7639958622008737915; creator=阿龙闯大A📈; like=1; reply=2; source_type=comment; yeren_signal_id=; parent_comment_text=,12:34,抖音评论,video,呼叫万手哥，帮忙拉一拉。#股票 #股民 #vlgo十亿流量扶持计划,素心,7639958622008737915,https://www.douyin.com/video/7639958622008737915,,7639972236119638819,12:34,已纳入,中性,自动映射到抖音视频评论池。,8.4,true
2026-05-15,longge,抖音评论 12:34,蹲[呲牙],,,,否,video_id=7639958622008737915; video_url=https://www.douyin.com/video/7639958622008737915; creator=阿龙闯大A📈; like=0; reply=0; source_type=comment; yeren_signal_id=; parent_comment_text=,12:34,抖音评论,video,呼叫万手哥，帮忙拉一拉。#股票 #股民 #vlgo十亿流量扶持计划,知产丁,7639958622008737915,https://www.douyin.com/video/7639958622008737915,,7639972217347228456,12:34,未纳入,中性,自动映射到抖音视频评论池。,,false
2026-05-15,longge,抖音评论 12:33,深科技还有搞头吗？,深科技(000021),,深科技(000021) 被提及 1 次，有效评论 1 条，来源 1 个，单视频线索，情绪 中性，当前判断：保留观察。,待确认,video_id=7639958622008737915; video_url=https://www.douyin.com/video/7639958622008737915; creator=阿龙闯大A📈; like=0; reply=1; source_type=comment; yeren_signal_id=; parent_comment_text=,12:33,抖音评论,video,呼叫万手哥，帮忙拉一拉。#股票 #股民 #vlgo十亿流量扶持计划,小芳芳,7639958622008737915,https://www.douyin.com/video/7639958622008737915,,7639972115726582578,12:33,待确认,中性,自动映射到抖音视频评论池。,6.4,false
2026-05-15,longge,抖音评论 12:33,今天京能没抄底都想吐了，都特么的合力泰,合力泰(002217),消费电子;光学光电子,合力泰(002217) 被提及 5 次，有效评论 5 条，来源 2 个，跨来源共振，情绪 中性，当前判断：保留观察。,待确认,video_id=7639958622008737915; video_url=https://www.douyin.com/video/7639958622008737915; creator=阿龙闯大A📈; like=0; reply=0; source_type=comment; yeren_signal_id=; parent_comment_text=,12:33,抖音评论,video,呼叫万手哥，帮忙拉一拉。#股票 #股民 #vlgo十亿流量扶持计划,吃饭，睡觉，看花花,7639958622008737915,https://www.douyin.com/video/7639958622008737915,,7639972093145531145,12:33,待确认,中性,自动映射到抖音视频评论池。,8.8,false
2026-05-15,longge,抖音评论 12:33,合力泰呢[黑脸],合力泰(002217),消费电子;光学光电子,合力泰(002217) 被提及 5 次，有效评论 5 条，来源 2 个，跨来源共振，情绪 中性，当前判断：保留观察。,待确认,video_id=7639958622008737915; video_url=https://www.douyin.com/video/7639958622008737915; creator=阿龙闯大A📈; like=0; reply=0; source_type=comment; yeren_signal_id=; parent_comment_text=,12:33,抖音评论,video,呼叫万手哥，帮忙拉一拉。#股票 #股民 #vlgo十亿流量扶持计划,夕林,7639958622008737915,https://www.douyin.com/video/7639958622008737915,,7639972025909461797,12:33,待确认,中性,自动映射到抖音视频评论池。,8.8,false
2026-05-15,longge,抖音评论 12:33,机器人都能掀涨停潮。那么AI应用今天企稳。接下来也会掀涨停潮,机器人(300024),,机器人(300024) 被提及 6 次，有效评论 6 条，来源 2 个，跨来源共振，情绪 中性，当前判断：保留观察。,待确认,video_id=7639958622008737915; video_url=https://www.douyin.com/video/7639958622008737915; creator=阿龙闯大A📈; like=2; reply=3; source_type=comment; yeren_signal_id=; parent_comment_text=,12:33,抖音评论,video,呼叫万手哥，帮忙拉一拉。#股票 #股民 #vlgo十亿流量扶持计划,墨倾池,7639958622008737915,https://www.douyin.com/video/7639958622008737915,,7639971949427442491,12:33,待确认,中性,自动映射到抖音视频评论池。,9.1,false
2026-05-15,longge,抖音评论 12:32,打码做啥，[抠鼻],,,,否,video_id=7639958622008737915; video_url=https://www.douyin.com/video/7639958622008737915; creator=阿龙闯大A📈; like=0; reply=0; source_type=comment; yeren_signal_id=; parent_comment_text=,12:32,抖音评论,video,呼叫万手哥，帮忙拉一拉。#股票 #股民 #vlgo十亿流量扶持计划,Frank-D设计,7639958622008737915,https://www.douyin.com/video/7639958622008737915,,7639971879608451840,12:32,未纳入,中性,自动映射到抖音视频评论池。,,false
2026-05-15,longge,抖音评论 12:32,啥票呀？我咋啥都没看见？,,,,否,video_id=7639958622008737915; video_url=https://www.douyin.com/video/7639958622008737915; creator=阿龙闯大A📈; like=0; reply=0; source_type=comment; yeren_signal_id=; parent_comment_text=,12:32,抖音评论,video,呼叫万手哥，帮忙拉一拉。#股票 #股民 #vlgo十亿流量扶持计划,时光浅浅,7639958622008737915,https://www.douyin.com/video/7639958622008737915,,7639971816287666953,12:32,未纳入,中性,自动映射到抖音视频评论池。,,false
2026-05-15,longge,抖音评论 12:32,昨天说沧州明珠的发个地址，我给你寄土特产[裂开],沧州明珠(002108),,沧州明珠(002108) 被提及 5 次，有效评论 5 条，来源 1 个，单视频线索，情绪 中性，当前判断：已进入推荐候选。,是,video_id=7639958622008737915; video_url=https://www.douyin.com/video/7639958622008737915; creator=阿龙闯大A📈; like=7; reply=15; source_type=comment; yeren_signal_id=; parent_comment_text=,12:32,抖音评论,video,呼叫万手哥，帮忙拉一拉。#股票 #股民 #vlgo十亿流量扶持计划,Dc.,7639958622008737915,https://www.douyin.com/video/7639958622008737915,,7639971793789354801,12:32,已纳入,中性,自动映射到抖音视频评论池。,8.9,true
2026-05-15,longge,抖音评论 12:31,五洲新春涨停了,五洲新春(603667),,五洲新春(603667) 被提及 2 次，有效评论 2 条，来源 1 个，单视频线索，情绪 中性，当前判断：保留观察。,待确认,video_id=7639958622008737915; video_url=https://www.douyin.com/video/7639958622008737915; creator=阿龙闯大A📈; like=0; reply=0; source_type=comment; yeren_signal_id=; parent_comment_text=,12:31,抖音评论,video,呼叫万手哥，帮忙拉一拉。#股票 #股民 #vlgo十亿流量扶持计划,生活拾光册,7639958622008737915,https://www.douyin.com/video/7639958622008737915,,7639971427466543923,12:31,待确认,中性,自动映射到抖音视频评论池。,6.9,false
2026-05-15,longge,抖音评论 12:30,评论区买的跨境通，亏麻了,,,评论热度较高，但暂未自动识别到明确股票线索，保留人工复核。,待确认,video_id=7639958622008737915; video_url=https://www.douyin.com/video/7639958622008737915; creator=阿龙闯大A📈; like=5; reply=23; source_type=comment; yeren_signal_id=; parent_comment_text=,12:30,抖音评论,video,呼叫万手哥，帮忙拉一拉。#股票 #股民 #vlgo十亿流量扶持计划,奥赛罗启蒙,7639958622008737915,https://www.douyin.com/video/7639958622008737915,,7639971176149009189,12:30,待确认,中性,自动映射到抖音视频评论池。,6.2,false
2026-05-15,longge,抖音评论 12:30,你别打码。看不见[微笑],,,,否,video_id=7639958622008737915; video_url=https://www.douyin.com/video/7639958622008737915; creator=阿龙闯大A📈; like=0; reply=0; source_type=comment; yeren_signal_id=; parent_comment_text=,12:30,抖音评论,video,呼叫万手哥，帮忙拉一拉。#股票 #股民 #vlgo十亿流量扶持计划,十四.·,7639958622008737915,https://www.douyin.com/video/7639958622008737915,,7639971174592774949,12:30,未纳入,中性,自动映射到抖音视频评论池。,,false
2026-05-15,longge,抖音评论 12:29,天天上龙，码打一半不行吗[偷笑],,,,否,video_id=7639958622008737915; video_url=https://www.douyin.com/video/7639958622008737915; creator=阿龙闯大A📈; like=1; reply=0; source_type=comment; yeren_signal_id=; parent_comment_text=,12:29,抖音评论,video,呼叫万手哥，帮忙拉一拉。#股票 #股民 #vlgo十亿流量扶持计划,时间过得快,7639958622008737915,https://www.douyin.com/video/7639958622008737915,,7639971109602263823,12:29,未纳入,中性,自动映射到抖音视频评论池。,,false
2026-05-15,longge,抖音评论 12:28,那个大哥说的绿色和汉缆[流泪][流泪][流泪][流泪][流泪],,,,否,video_id=7639958622008737915; video_url=https://www.douyin.com/video/7639958622008737915; creator=阿龙闯大A📈; like=0; reply=3; source_type=comment; yeren_signal_id=; parent_comment_text=,12:28,抖音评论,video,呼叫万手哥，帮忙拉一拉。#股票 #股民 #vlgo十亿流量扶持计划,告辞,7639958622008737915,https://www.douyin.com/video/7639958622008737915,,7639970819703751483,12:28,未纳入,中性,自动映射到抖音视频评论池。,,false
2026-05-15,longge,抖音评论 12:28,卓郎智能[看],卓郎智能(600545),工业母机,卓郎智能(600545) 被提及 3 次，有效评论 3 条，来源 1 个，单视频线索，情绪 中性，当前判断：保留观察。,待确认,video_id=7639958622008737915; video_url=https://www.douyin.com/video/7639958622008737915; creator=阿龙闯大A📈; like=3; reply=10; source_type=comment; yeren_signal_id=; parent_comment_text=,12:28,抖音评论,video,呼叫万手哥，帮忙拉一拉。#股票 #股民 #vlgo十亿流量扶持计划,双木,7639958622008737915,https://www.douyin.com/video/7639958622008737915,,7639970763600757550,12:28,待确认,中性,自动映射到抖音视频评论池。,7.2,false
2026-05-15,longge,抖音评论 12:28,跟了大哥的粤传媒[呲牙],,,,否,video_id=7639958622008737915; video_url=https://www.douyin.com/video/7639958622008737915; creator=阿龙闯大A📈; like=2; reply=0; source_type=comment; yeren_signal_id=; parent_comment_text=,12:28,抖音评论,video,呼叫万手哥，帮忙拉一拉。#股票 #股民 #vlgo十亿流量扶持计划,芝芝,7639958622008737915,https://www.douyin.com/video/7639958622008737915,,7639970700191007534,12:28,未纳入,中性,自动映射到抖音视频评论池。,,false
2026-05-15,longge,抖音评论 12:28,云南锗业求救命,云南锗业(002428),小金属;半导体材料,云南锗业(002428) 被提及 1 次，有效评论 1 条，来源 1 个，单视频线索，情绪 中性，当前判断：保留观察。,待确认,video_id=7639958622008737915; video_url=https://www.douyin.com/video/7639958622008737915; creator=阿龙闯大A📈; like=1; reply=5; source_type=comment; yeren_signal_id=; parent_comment_text=,12:28,抖音评论,video,呼叫万手哥，帮忙拉一拉。#股票 #股民 #vlgo十亿流量扶持计划,不胖不叫周二娟呀。,7639958622008737915,https://www.douyin.com/video/7639958622008737915,,7639970642973000507,12:28,待确认,中性,自动映射到抖音视频评论池。,6.4,false
2026-05-15,longge,抖音评论 12:28,我提前两天埋伏的总算吃到了,,,,否,video_id=7639958622008737915; video_url=https://www.douyin.com/video/7639958622008737915; creator=阿龙闯大A📈; like=0; reply=0; source_type=comment; yeren_signal_id=; parent_comment_text=,12:28,抖音评论,video,呼叫万手哥，帮忙拉一拉。#股票 #股民 #vlgo十亿流量扶持计划,故乡~小南滩,7639958622008737915,https://www.douyin.com/video/7639958622008737915,,7639970637729760037,12:28,未纳入,中性,自动映射到抖音视频评论池。,,false
2026-05-15,longge,抖音评论 12:27,002326,永太科技(002326),,永太科技(002326) 被提及 1 次，有效评论 1 条，来源 1 个，单视频线索，情绪 中性，当前判断：保留观察。,待确认,video_id=7639958622008737915; video_url=https://www.douyin.com/video/7639958622008737915; creator=阿龙闯大A📈; like=0; reply=1; source_type=comment; yeren_signal_id=; parent_comment_text=,12:27,抖音评论,video,呼叫万手哥，帮忙拉一拉。#股票 #股民 #vlgo十亿流量扶持计划,刘鹏禹,7639958622008737915,https://www.douyin.com/video/7639958622008737915,,7639970518071264049,12:27,待确认,中性,自动映射到抖音视频评论池。,6.4,false
2026-05-15,longge,抖音评论 12:26,亨通光电怎么办？,亨通光电(600487),通信设备;光通信,亨通光电(600487) 被提及 1 次，有效评论 1 条，来源 1 个，单视频线索，情绪 中性，当前判断：保留观察。,待确认,video_id=7639958622008737915; video_url=https://www.douyin.com/video/7639958622008737915; creator=阿龙闯大A📈; like=2; reply=1; source_type=comment; yeren_signal_id=; parent_comment_text=,12:26,抖音评论,video,呼叫万手哥，帮忙拉一拉。#股票 #股民 #vlgo十亿流量扶持计划,万事皆盈,7639958622008737915,https://www.douyin.com/video/7639958622008737915,,7639970361723470634,12:26,待确认,中性,自动映射到抖音视频评论池。,6.4,false
2026-05-15,longge,抖音评论 12:26,[泪奔]谁看评论区买了中航西飞，被坑死了[泪奔],中航西飞(000768),,中航西飞(000768) 被提及 1 次，有效评论 1 条，来源 1 个，单视频线索，情绪 看多，当前判断：保留观察。,待确认,video_id=7639958622008737915; video_url=https://www.douyin.com/video/7639958622008737915; creator=阿龙闯大A📈; like=0; reply=1; source_type=comment; yeren_signal_id=; parent_comment_text=,12:26,抖音评论,video,呼叫万手哥，帮忙拉一拉。#股票 #股民 #vlgo十亿流量扶持计划,Luck🌶️,7639958622008737915,https://www.douyin.com/video/7639958622008737915,,7639970341138006827,12:26,待确认,看多,自动映射到抖音视频评论池。,6.4,false
2026-05-15,longge,抖音评论 12:26,华天科技[抠鼻],华天科技(002185),,华天科技(002185) 被提及 2 次，有效评论 2 条，来源 2 个，跨来源共振，情绪 看多，当前判断：已进入推荐候选。,是,video_id=7639958622008737915; video_url=https://www.douyin.com/video/7639958622008737915; creator=阿龙闯大A📈; like=0; reply=2; source_type=comment; yeren_signal_id=; parent_comment_text=,12:26,抖音评论,video,呼叫万手哥，帮忙拉一拉。#股票 #股民 #vlgo十亿流量扶持计划,城南花已开☆,7639958622008737915,https://www.douyin.com/video/7639958622008737915,,7639970269663642374,12:26,已纳入,看多,自动映射到抖音视频评论池。,8.4,true
2026-05-15,longge,抖音评论 12:26,你得江特得亏走的快。这个要ST[捂脸],,,评论热度较高，但暂未自动识别到明确股票线索，保留人工复核。,待确认,video_id=7639958622008737915; video_url=https://www.douyin.com/video/7639958622008737915; creator=阿龙闯大A📈; like=1; reply=8; source_type=comment; yeren_signal_id=; parent_comment_text=,12:26,抖音评论,video,呼叫万手哥，帮忙拉一拉。#股票 #股民 #vlgo十亿流量扶持计划,浅陌半生,7639958622008737915,https://www.douyin.com/video/7639958622008737915,,7639970186528162617,12:26,待确认,中性,自动映射到抖音视频评论池。,6.2,false
2026-05-15,longge,抖音评论 12:25,上次那个大哥说，五月锁仓江特，赣锋的大哥在哪，给你邮寄点特产,,,评论热度较高，但暂未自动识别到明确股票线索，保留人工复核。,待确认,video_id=7639958622008737915; video_url=https://www.douyin.com/video/7639958622008737915; creator=阿龙闯大A📈; like=6; reply=9; source_type=comment; yeren_signal_id=; parent_comment_text=,12:25,抖音评论,video,呼叫万手哥，帮忙拉一拉。#股票 #股民 #vlgo十亿流量扶持计划,玖泽😇,7639958622008737915,https://www.douyin.com/video/7639958622008737915,,7639970038598796069,12:25,待确认,中性,自动映射到抖音视频评论池。,6.2,false
2026-05-15,longge,抖音评论 12:25,镇海股份怎么说？今天能进吗,镇海股份(603637),,镇海股份(603637) 被提及 2 次，有效评论 2 条，来源 1 个，单视频线索，情绪 中性，当前判断：保留观察。,待确认,video_id=7639958622008737915; video_url=https://www.douyin.com/video/7639958622008737915; creator=阿龙闯大A📈; like=0; reply=0; source_type=comment; yeren_signal_id=; parent_comment_text=,12:25,抖音评论,video,呼叫万手哥，帮忙拉一拉。#股票 #股民 #vlgo十亿流量扶持计划,几个你.,7639958622008737915,https://www.douyin.com/video/7639958622008737915,,7639970039189717797,12:25,待确认,中性,自动映射到抖音视频评论池。,6.9,false
2026-05-15,longge,抖音评论 12:25,谁帮我看看天通怎么说,,,,否,video_id=7639958622008737915; video_url=https://www.douyin.com/video/7639958622008737915; creator=阿龙闯大A📈; like=0; reply=0; source_type=comment; yeren_signal_id=; parent_comment_text=,12:25,抖音评论,video,呼叫万手哥，帮忙拉一拉。#股票 #股民 #vlgo十亿流量扶持计划,三藏思浪丶,7639958622008737915,https://www.douyin.com/video/7639958622008737915,,7639969910786409275,12:25,未纳入,中性,自动映射到抖音视频评论池。,,false
2026-05-15,longge,抖音评论 12:24,大哥们下午买啥啊,,,,否,video_id=7639958622008737915; video_url=https://www.douyin.com/video/7639958622008737915; creator=阿龙闯大A📈; like=0; reply=0; source_type=comment; yeren_signal_id=; parent_comment_text=,12:24,抖音评论,video,呼叫万手哥，帮忙拉一拉。#股票 #股民 #vlgo十亿流量扶持计划,陆拾陆,7639958622008737915,https://www.douyin.com/video/7639958622008737915,,7639969740543705905,12:24,未纳入,中性,自动映射到抖音视频评论池。,,false
2026-05-15,longge,抖音评论 12:23,等六月初准备进st京蓝,,,评论热度较高，但暂未自动识别到明确股票线索，保留人工复核。,待确认,video_id=7639958622008737915; video_url=https://www.douyin.com/video/7639958622008737915; creator=阿龙闯大A📈; like=1; reply=10; source_type=comment; yeren_signal_id=; parent_comment_text=,12:23,抖音评论,video,呼叫万手哥，帮忙拉一拉。#股票 #股民 #vlgo十亿流量扶持计划,弹指入梦,7639958622008737915,https://www.douyin.com/video/7639958622008737915,,7639969516445303589,12:23,待确认,中性,自动映射到抖音视频评论池。,6.2,false
2026-05-15,longge,抖音评论 12:23,有大哥吗，下午哪个能吃涨停，给你寄特产,,,评论热度较高，但暂未自动识别到明确股票线索，保留人工复核。,待确认,video_id=7639958622008737915; video_url=https://www.douyin.com/video/7639958622008737915; creator=阿龙闯大A📈; like=0; reply=9; source_type=comment; yeren_signal_id=; parent_comment_text=,12:23,抖音评论,video,呼叫万手哥，帮忙拉一拉。#股票 #股民 #vlgo十亿流量扶持计划,弔戼,7639958622008737915,https://www.douyin.com/video/7639958622008737915,,7639969501609739048,12:23,待确认,中性,自动映射到抖音视频评论池。,6.2,false
2026-05-15,longge,抖音评论 12:23,下午要减仓吗，是不是科技要大调整额,,,,否,video_id=7639958622008737915; video_url=https://www.douyin.com/video/7639958622008737915; creator=阿龙闯大A📈; like=0; reply=0; source_type=comment; yeren_signal_id=; parent_comment_text=,12:23,抖音评论,video,呼叫万手哥，帮忙拉一拉。#股票 #股民 #vlgo十亿流量扶持计划,呀呀,7639958622008737915,https://www.douyin.com/video/7639958622008737915,,7639967895862772523,12:23,未纳入,中性,自动映射到抖音视频评论池。,,false
2026-05-15,longge,抖音评论 12:23,我的群星玩具昨天高点买的，来个大哥分析下,,,,否,video_id=7639958622008737915; video_url=https://www.douyin.com/video/7639958622008737915; creator=阿龙闯大A📈; like=0; reply=0; source_type=comment; yeren_signal_id=; parent_comment_text=,12:23,抖音评论,video,呼叫万手哥，帮忙拉一拉。#股票 #股民 #vlgo十亿流量扶持计划,林深雾,7639958622008737915,https://www.douyin.com/video/7639958622008737915,,7639969445814223674,12:23,未纳入,中性,自动映射到抖音视频评论池。,,false
2026-05-15,longge,抖音评论 12:23,大哥，昨天进的新能，能留到周一吗,,,,否,video_id=7639958622008737915; video_url=https://www.douyin.com/video/7639958622008737915; creator=阿龙闯大A📈; like=0; reply=0; source_type=comment; yeren_signal_id=; parent_comment_text=,12:23,抖音评论,video,呼叫万手哥，帮忙拉一拉。#股票 #股民 #vlgo十亿流量扶持计划,布雷博,7639958622008737915,https://www.douyin.com/video/7639958622008737915,,7639969374254351158,12:23,未纳入,中性,自动映射到抖音视频评论池。,,false
2026-05-15,longge,抖音评论 12:23,关注了好久了你说的我一句也听不懂88,,,,否,video_id=7639958622008737915; video_url=https://www.douyin.com/video/7639958622008737915; creator=阿龙闯大A📈; like=0; reply=0; source_type=comment; yeren_signal_id=; parent_comment_text=,12:23,抖音评论,video,呼叫万手哥，帮忙拉一拉。#股票 #股民 #vlgo十亿流量扶持计划,大树,7639958622008737915,https://www.douyin.com/video/7639958622008737915,,7639969374778278705,12:23,未纳入,中性,自动映射到抖音视频评论池。,,false
2026-05-15,longge,抖音评论 12:23,我买了圣阳,,,,否,video_id=7639958622008737915; video_url=https://www.douyin.com/video/7639958622008737915; creator=阿龙闯大A📈; like=0; reply=0; source_type=comment; yeren_signal_id=; parent_comment_text=,12:23,抖音评论,video,呼叫万手哥，帮忙拉一拉。#股票 #股民 #vlgo十亿流量扶持计划,꧁༺风禾尽起·聚财༻꧂,7639958622008737915,https://www.douyin.com/video/7639958622008737915,,7639969356815156002,12:23,未纳入,中性,自动映射到抖音视频评论池。,,false
2026-05-15,longge,抖音评论 12:22,有大哥说说立达信吗两个跌停,立达信(605365),,立达信(605365) 被提及 1 次，有效评论 1 条，来源 1 个，单视频线索，情绪 谨慎，当前判断：偏风险观察。,否,video_id=7639958622008737915; video_url=https://www.douyin.com/video/7639958622008737915; creator=阿龙闯大A📈; like=0; reply=0; source_type=comment; yeren_signal_id=; parent_comment_text=,12:22,抖音评论,video,呼叫万手哥，帮忙拉一拉。#股票 #股民 #vlgo十亿流量扶持计划,Bling bling@,7639958622008737915,https://www.douyin.com/video/7639958622008737915,,7639969294135526193,12:22,未纳入,谨慎,自动映射到抖音视频评论池。,5.9,false
2026-05-15,longge,抖音评论 12:22,群众里有坏人啊[泪奔][泪奔][泪奔]昨天哪个说的沧州,,,评论热度较高，但暂未自动识别到明确股票线索，保留人工复核。,待确认,video_id=7639958622008737915; video_url=https://www.douyin.com/video/7639958622008737915; creator=阿龙闯大A📈; like=0; reply=7; source_type=comment; yeren_signal_id=; parent_comment_text=,12:22,抖音评论,video,呼叫万手哥，帮忙拉一拉。#股票 #股民 #vlgo十亿流量扶持计划,法拉mo,7639958622008737915,https://www.douyin.com/video/7639958622008737915,,7639969141156037410,12:22,待确认,中性,自动映射到抖音视频评论池。,6.2,false
2026-05-15,longge,抖音评论 12:21,两天已经跌23点了，义父义母快来救救我。求推荐下午买的,,,,否,video_id=7639958622008737915; video_url=https://www.douyin.com/video/7639958622008737915; creator=阿龙闯大A📈; like=0; reply=1; source_type=comment; yeren_signal_id=; parent_comment_text=,12:21,抖音评论,video,呼叫万手哥，帮忙拉一拉。#股票 #股民 #vlgo十亿流量扶持计划,既如此  便如此,7639958622008737915,https://www.douyin.com/video/7639958622008737915,,7639968856799396623,12:21,未纳入,中性,自动映射到抖音视频评论池。,,false
2026-05-15,longge,抖音评论 12:19,节能进,,,,否,video_id=7639958622008737915; video_url=https://www.douyin.com/video/7639958622008737915; creator=阿龙闯大A📈; like=1; reply=0; source_type=comment; yeren_signal_id=; parent_comment_text=,12:19,抖音评论,video,呼叫万手哥，帮忙拉一拉。#股票 #股民 #vlgo十亿流量扶持计划,涨~婷~,7639958622008737915,https://www.douyin.com/video/7639958622008737915,,7639968559716549439,12:19,未纳入,中性,自动映射到抖音视频评论池。,,false
2026-05-15,longge,抖音评论 12:19,我昨天刚卖了今天涨停了[泪奔],,,,否,video_id=7639958622008737915; video_url=https://www.douyin.com/video/7639958622008737915; creator=阿龙闯大A📈; like=0; reply=1; source_type=comment; yeren_signal_id=; parent_comment_text=,12:19,抖音评论,video,呼叫万手哥，帮忙拉一拉。#股票 #股民 #vlgo十亿流量扶持计划,归去来。,7639958622008737915,https://www.douyin.com/video/7639958622008737915,,7639968527495529253,12:19,未纳入,中性,自动映射到抖音视频评论池。,,false
2026-05-15,longge,抖音评论 12:19,义父  帮帮我,,,,否,video_id=7639958622008737915; video_url=https://www.douyin.com/video/7639958622008737915; creator=阿龙闯大A📈; like=0; reply=0; source_type=comment; yeren_signal_id=; parent_comment_text=,12:19,抖音评论,video,呼叫万手哥，帮忙拉一拉。#股票 #股民 #vlgo十亿流量扶持计划,Agoni！,7639958622008737915,https://www.douyin.com/video/7639958622008737915,,7639965695343117102,12:19,未纳入,中性,自动映射到抖音视频评论池。,,false
2026-05-15,longge,抖音评论 12:19,捡了个苏州高新亏了二个月工资水下割了,苏州高新(600736),,苏州高新(600736) 被提及 3 次，有效评论 3 条，来源 1 个，单视频线索，情绪 谨慎，当前判断：偏风险观察。,否,video_id=7639958622008737915; video_url=https://www.douyin.com/video/7639958622008737915; creator=阿龙闯大A📈; like=4; reply=6; source_type=comment; yeren_signal_id=; parent_comment_text=,12:19,抖音评论,video,呼叫万手哥，帮忙拉一拉。#股票 #股民 #vlgo十亿流量扶持计划,加菲猫,7639958622008737915,https://www.douyin.com/video/7639958622008737915,,7639968379861107475,12:19,未纳入,谨慎,自动映射到抖音视频评论池。,6.7,false
2026-05-15,longge,抖音评论 12:19,天赐呢 我昨天说过 别看江特 早就讲过哦,,,,否,video_id=7639958622008737915; video_url=https://www.douyin.com/video/7639958622008737915; creator=阿龙闯大A📈; like=1; reply=0; source_type=comment; yeren_signal_id=; parent_comment_text=,12:19,抖音评论,video,呼叫万手哥，帮忙拉一拉。#股票 #股民 #vlgo十亿流量扶持计划,独读都杜渡。,7639958622008737915,https://www.douyin.com/video/7639958622008737915,,7639968317487350538,12:19,未纳入,中性,自动映射到抖音视频评论池。,,false
2026-05-15,longge,抖音评论 12:17,还是想我蟑螂哥的一天。,,,,否,video_id=7639958622008737915; video_url=https://www.douyin.com/video/7639958622008737915; creator=阿龙闯大A📈; like=0; reply=0; source_type=comment; yeren_signal_id=; parent_comment_text=,12:17,抖音评论,video,呼叫万手哥，帮忙拉一拉。#股票 #股民 #vlgo十亿流量扶持计划,大鱼同学,7639958622008737915,https://www.douyin.com/video/7639958622008737915,,7639967862895018794,12:17,未纳入,中性,自动映射到抖音视频评论池。,,false
2026-05-15,longge,抖音评论 12:19,天赐呢 我昨天说过 别看江特 早就讲过哦,,,,否,video_id=7639958622008737915; video_url=https://www.douyin.com/video/7639958622008737915; creator=阿龙闯大A📈; like=1; reply=0; source_type=comment; yeren_signal_id=; parent_comment_text=,12:19,抖音评论,video,呼叫万手哥，帮忙拉一拉。#股票 #股民 #vlgo十亿流量扶持计划,独读都杜渡。,7639958622008737915,https://www.douyin.com/video/7639958622008737915,,7639968317487350538,12:19,未纳入,中性,自动映射到抖音视频评论池。,,false
2026-05-15,longge,抖音评论 12:17,还是想我蟑螂哥的一天。,,,,否,video_id=7639958622008737915; video_url=https://www.douyin.com/video/7639958622008737915; creator=阿龙闯大A📈; like=0; reply=0; source_type=comment; yeren_signal_id=; parent_comment_text=,12:17,抖音评论,video,呼叫万手哥，帮忙拉一拉。#股票 #股民 #vlgo十亿流量扶持计划,大鱼同学,7639958622008737915,https://www.douyin.com/video/7639958622008737915,,7639967862895018794,12:17,未纳入,中性,自动映射到抖音视频评论池。,,false
2026-05-15,longge,抖音评论 12:16,协鑫能k[黄脸干杯],,,,否,video_id=7639958622008737915; video_url=https://www.douyin.com/video/7639958622008737915; creator=阿龙闯大A📈; like=1; reply=3; source_type=comment; yeren_signal_id=; parent_comment_text=,12:16,抖音评论,video,呼叫万手哥，帮忙拉一拉。#股票 #股民 #vlgo十亿流量扶持计划,火🔥火,7639958622008737915,https://www.douyin.com/video/7639958622008737915,,7639967579927184155,12:16,未纳入,中性,自动映射到抖音视频评论池。,,false
2026-05-15,longge,抖音评论 12:15,昨天就说了机器人,,,,否,video_id=7639958622008737915; video_url=https://www.douyin.com/video/7639958622008737915; creator=阿龙闯大A📈; like=0; reply=0; source_type=comment; yeren_signal_id=; parent_comment_text=,12:15,抖音评论,video,呼叫万手哥，帮忙拉一拉。#股票 #股民 #vlgo十亿流量扶持计划,。,7639958622008737915,https://www.douyin.com/video/7639958622008737915,,7639967509105476389,12:15,未纳入,中性,自动映射到抖音视频评论池。,,false
2026-05-15,longge,抖音评论 12:15,节能谁在呀快给我拉个涨停[看],,,,否,video_id=7639958622008737915; video_url=https://www.douyin.com/video/7639958622008737915; creator=阿龙闯大A📈; like=3; reply=0; source_type=comment; yeren_signal_id=; parent_comment_text=,12:15,抖音评论,video,呼叫万手哥，帮忙拉一拉。#股票 #股民 #vlgo十亿流量扶持计划,大大大大大米虫,7639958622008737915,https://www.douyin.com/video/7639958622008737915,,7639967346581472037,12:15,未纳入,中性,自动映射到抖音视频评论池。,,false
2026-05-15,longge,抖音评论 12:14,昨天好像在哪里回复了拓普集团[捂脸]拿了几天终于起来了……,拓普集团(601689),,拓普集团(601689) 被提及 1 次，有效评论 1 条，来源 1 个，单视频线索，情绪 看多，当前判断：保留观察。,待确认,video_id=7639958622008737915; video_url=https://www.douyin.com/video/7639958622008737915; creator=阿龙闯大A📈; like=0; reply=2; source_type=comment; yeren_signal_id=; parent_comment_text=,12:14,抖音评论,video,呼叫万手哥，帮忙拉一拉。#股票 #股民 #vlgo十亿流量扶持计划,花开富贵贵,7639958622008737915,https://www.douyin.com/video/7639958622008737915,,7639967270374245170,12:14,待确认,看多,自动映射到抖音视频评论池。,6.4,false
2026-05-15,longge,抖音评论 12:14,能不能把大哥的留言多停留1秒？总是截屏截半天,,,,否,video_id=7639958622008737915; video_url=https://www.douyin.com/video/7639958622008737915; creator=阿龙闯大A📈; like=0; reply=0; source_type=comment; yeren_signal_id=; parent_comment_text=,12:14,抖音评论,video,呼叫万手哥，帮忙拉一拉。#股票 #股民 #vlgo十亿流量扶持计划,涨停点穴手,7639958622008737915,https://www.douyin.com/video/7639958622008737915,,7639967175524025146,12:14,未纳入,中性,自动映射到抖音视频评论池。,,false
2026-05-15,longge,抖音评论 12:13,长城被套傻了[流泪],,,评论热度较高，但暂未自动识别到明确股票线索，保留人工复核。,待确认,video_id=7639958622008737915; video_url=https://www.douyin.com/video/7639958622008737915; creator=阿龙闯大A📈; like=0; reply=9; source_type=comment; yeren_signal_id=; parent_comment_text=,12:13,抖音评论,video,呼叫万手哥，帮忙拉一拉。#股票 #股民 #vlgo十亿流量扶持计划,小雅。,7639958622008737915,https://www.douyin.com/video/7639958622008737915,,7639966873174377265,12:13,待确认,中性,自动映射到抖音视频评论池。,6.2,false
2026-05-15,longge,抖音评论 12:11,反正我只信蟑螂哥，跟其他的我都吃面，蟑螂哥的票一只都没踩雷！蟑螂哥，快回来吧！需要你啊！,,,评论热度较高，但暂未自动识别到明确股票线索，保留人工复核。,待确认,video_id=7639958622008737915; video_url=https://www.douyin.com/video/7639958622008737915; creator=阿龙闯大A📈; like=13; reply=31; source_type=comment; yeren_signal_id=; parent_comment_text=,12:11,抖音评论,video,呼叫万手哥，帮忙拉一拉。#股票 #股民 #vlgo十亿流量扶持计划,咖啡🐱,7639958622008737915,https://www.douyin.com/video/7639958622008737915,,7639966279520813883,12:11,待确认,中性,自动映射到抖音视频评论池。,6.2,false
2026-05-15,longge,抖音评论 12:10,昨天说的滨化股份,滨化股份(601678),,滨化股份(601678) 被提及 2 次，有效评论 2 条，来源 1 个，单视频线索，情绪 中性，当前判断：保留观察。,待确认,video_id=7639958622008737915; video_url=https://www.douyin.com/video/7639958622008737915; creator=阿龙闯大A📈; like=13; reply=15; source_type=comment; yeren_signal_id=; parent_comment_text=,12:10,抖音评论,video,呼叫万手哥，帮忙拉一拉。#股票 #股民 #vlgo十亿流量扶持计划,弹指入梦,7639958622008737915,https://www.douyin.com/video/7639958622008737915,,7639966151090373413,12:10,待确认,中性,自动映射到抖音视频评论池。,6.9,false
2026-05-15,longge,抖音评论 12:10,津津干蒙我了[抠鼻],,,,否,video_id=7639958622008737915; video_url=https://www.douyin.com/video/7639958622008737915; creator=阿龙闯大A📈; like=0; reply=0; source_type=comment; yeren_signal_id=; parent_comment_text=,12:10,抖音评论,video,呼叫万手哥，帮忙拉一拉。#股票 #股民 #vlgo十亿流量扶持计划,慢慢亦漫漫✔,7639958622008737915,https://www.douyin.com/video/7639958622008737915,,7639966089836921649,12:10,未纳入,中性,自动映射到抖音视频评论池。,,false
2026-05-15,longge,抖音评论 12:09,你到底真实在买没？我看你一天发的热闹，,,,,否,video_id=7639958622008737915; video_url=https://www.douyin.com/video/7639958622008737915; creator=阿龙闯大A📈; like=0; reply=0; source_type=comment; yeren_signal_id=; parent_comment_text=,12:09,抖音评论,video,呼叫万手哥，帮忙拉一拉。#股票 #股民 #vlgo十亿流量扶持计划,袁势皇《财富掌柜》,7639958622008737915,https://www.douyin.com/video/7639958622008737915,,7639965872215819045,12:09,未纳入,中性,自动映射到抖音视频评论池。,,false
2026-05-15,longge,抖音评论 12:09,利君最近涨停,,,,否,video_id=7639958622008737915; video_url=https://www.douyin.com/video/7639958622008737915; creator=阿龙闯大A📈; like=0; reply=1; source_type=comment; yeren_signal_id=; parent_comment_text=,12:09,抖音评论,video,呼叫万手哥，帮忙拉一拉。#股票 #股民 #vlgo十亿流量扶持计划,一品初夏🌈,7639958622008737915,https://www.douyin.com/video/7639958622008737915,,7639965831023903497,12:09,未纳入,中性,自动映射到抖音视频评论池。,,false
2026-05-15,longge,抖音评论 12:09,奋达科技,奋达科技(002681),,奋达科技(002681) 被提及 2 次，有效评论 2 条，来源 1 个，单视频线索，情绪 中性，当前判断：已进入推荐候选。,是,video_id=7639958622008737915; video_url=https://www.douyin.com/video/7639958622008737915; creator=阿龙闯大A📈; like=9; reply=3; source_type=comment; yeren_signal_id=; parent_comment_text=,12:09,抖音评论,video,呼叫万手哥，帮忙拉一拉。#股票 #股民 #vlgo十亿流量扶持计划,水到渠成,7639958622008737915,https://www.douyin.com/video/7639958622008737915,,7639965789756801849,12:09,已纳入,中性,自动映射到抖音视频评论池。,7.7,true
2026-05-15,longge,抖音评论 12:08,评论区跟大哥进的沃克光电！踩到地雷了,,,,否,video_id=7639958622008737915; video_url=https://www.douyin.com/video/7639958622008737915; creator=阿龙闯大A📈; like=1; reply=4; source_type=comment; yeren_signal_id=; parent_comment_text=,12:08,抖音评论,video,呼叫万手哥，帮忙拉一拉。#股票 #股民 #vlgo十亿流量扶持计划,🇨🇳哪李贵了,7639958622008737915,https://www.douyin.com/video/7639958622008737915,,7639965653444821803,12:08,未纳入,中性,自动映射到抖音视频评论池。,,false
2026-05-15,longge,抖音评论 12:08,说波导那位大哥呢,,,,否,video_id=7639958622008737915; video_url=https://www.douyin.com/video/7639958622008737915; creator=阿龙闯大A📈; like=0; reply=0; source_type=comment; yeren_signal_id=; parent_comment_text=,12:08,抖音评论,video,呼叫万手哥，帮忙拉一拉。#股票 #股民 #vlgo十亿流量扶持计划,夜空,7639958622008737915,https://www.douyin.com/video/7639958622008737915,,7639965561791726390,12:08,未纳入,中性,自动映射到抖音视频评论池。,,false
2026-05-15,longge,抖音评论 12:07,[看]我还在泰山和博敏挺尸,,,,否,video_id=7639958622008737915; video_url=https://www.douyin.com/video/7639958622008737915; creator=阿龙闯大A📈; like=0; reply=2; source_type=comment; yeren_signal_id=; parent_comment_text=,12:07,抖音评论,video,呼叫万手哥，帮忙拉一拉。#股票 #股民 #vlgo十亿流量扶持计划,梨都辉太狼,7639958622008737915,https://www.douyin.com/video/7639958622008737915,,7639965432757928755,12:07,未纳入,中性,自动映射到抖音视频评论池。,,false
2026-05-15,longge,抖音评论 12:07,冰轮,,,,否,video_id=7639958622008737915; video_url=https://www.douyin.com/video/7639958622008737915; creator=阿龙闯大A📈; like=0; reply=0; source_type=comment; yeren_signal_id=; parent_comment_text=,12:07,抖音评论,video,呼叫万手哥，帮忙拉一拉。#股票 #股民 #vlgo十亿流量扶持计划,平步.青云,7639958622008737915,https://www.douyin.com/video/7639958622008737915,,7639965372448555828,12:07,未纳入,中性,自动映射到抖音视频评论池。,,false
2026-05-15,longge,抖音评论 12:07,有没有大哥说一下大业,,,,否,video_id=7639958622008737915; video_url=https://www.douyin.com/video/7639958622008737915; creator=阿龙闯大A📈; like=0; reply=0; source_type=comment; yeren_signal_id=; parent_comment_text=,12:07,抖音评论,video,呼叫万手哥，帮忙拉一拉。#股票 #股民 #vlgo十亿流量扶持计划,꧁野†鹤꧂,7639958622008737915,https://www.douyin.com/video/7639958622008737915,,7639965273911018299,12:07,未纳入,中性,自动映射到抖音视频评论池。,,false
2026-05-15,longge,抖音评论 12:06,江特我心态快崩了[流泪],,,,否,video_id=7639958622008737915; video_url=https://www.douyin.com/video/7639958622008737915; creator=阿龙闯大A📈; like=0; reply=1; source_type=comment; yeren_signal_id=; parent_comment_text=,12:06,抖音评论,video,呼叫万手哥，帮忙拉一拉。#股票 #股民 #vlgo十亿流量扶持计划,八方来财健康平安貌美如花事事顺利暴富玉女,7639958622008737915,https://www.douyin.com/video/7639958622008737915,,7639965151392187173,12:06,未纳入,中性,自动映射到抖音视频评论池。,,false
2026-05-15,longge,抖音评论 12:13,裙子里说的巨轮 京能 盛合 中马 都吃到了吧[捂脸],,,评论热度较高，但暂未自动识别到明确股票线索，保留人工复核。,待确认,video_id=7639958622008737915; video_url=https://www.douyin.com/video/7639958622008737915; creator=阿龙闯大A📈; like=2; reply=26; source_type=comment; yeren_signal_id=; parent_comment_text=,12:13,抖音评论,video,呼叫万手哥，帮忙拉一拉。#股票 #股民 #vlgo十亿流量扶持计划,独读都杜渡。,7639958622008737915,https://www.douyin.com/video/7639958622008737915,,7639966952706360110,12:13,待确认,中性,自动映射到抖音视频评论池。,6.2,false
2026-05-15,longge,抖音评论 12:06,昨天粤传媒进少了[捂脸]中午顶峰进的，不敢all in,,,,否,video_id=7639958622008737915; video_url=https://www.douyin.com/video/7639958622008737915; creator=阿龙闯大A📈; like=0; reply=3; source_type=comment; yeren_signal_id=; parent_comment_text=,12:06,抖音评论,video,呼叫万手哥，帮忙拉一拉。#股票 #股民 #vlgo十亿流量扶持计划,1️⃣提世界🌏来赛哇,7639958622008737915,https://www.douyin.com/video/7639958622008737915,,7639965102117471013,12:06,未纳入,中性,自动映射到抖音视频评论池。,,false
2026-05-15,longge,抖音评论 12:06,三安同汇绿怎么了[绝望的凝视][绝望的凝视][绝望的凝视],,,,否,video_id=7639958622008737915; video_url=https://www.douyin.com/video/7639958622008737915; creator=阿龙闯大A📈; like=0; reply=2; source_type=comment; yeren_signal_id=; parent_comment_text=,12:06,抖音评论,video,呼叫万手哥，帮忙拉一拉。#股票 #股民 #vlgo十亿流量扶持计划,谢欢喜,7639958622008737915,https://www.douyin.com/video/7639958622008737915,,7639964980460323643,12:06,未纳入,中性,自动映射到抖音视频评论池。,,false
2026-05-15,longge,抖音评论 12:05,今天买啥好啊,,,,否,video_id=7639958622008737915; video_url=https://www.douyin.com/video/7639958622008737915; creator=阿龙闯大A📈; like=0; reply=0; source_type=comment; yeren_signal_id=; parent_comment_text=,12:05,抖音评论,video,呼叫万手哥，帮忙拉一拉。#股票 #股民 #vlgo十亿流量扶持计划,一朵美丽的向阳花,7639958622008737915,https://www.douyin.com/video/7639958622008737915,,7639964954946470713,12:05,未纳入,中性,自动映射到抖音视频评论池。,,false
2026-05-15,longge,抖音评论 12:03,江特和赣峰的那位兄弟报下地址，我给你送大特铲[呲牙],,,,否,video_id=7639958622008737915; video_url=https://www.douyin.com/video/7639958622008737915; creator=阿龙闯大A📈; like=2; reply=5; source_type=comment; yeren_signal_id=; parent_comment_text=,12:03,抖音评论,video,呼叫万手哥，帮忙拉一拉。#股票 #股民 #vlgo十亿流量扶持计划,大波哥,7639958622008737915,https://www.douyin.com/video/7639958622008737915,,7639964281216582437,12:03,未纳入,中性,自动映射到抖音视频评论池。,,false
2026-05-15,longge,抖音评论 12:02,中南跑吗前天进的,,,,否,video_id=7639958622008737915; video_url=https://www.douyin.com/video/7639958622008737915; creator=阿龙闯大A📈; like=1; reply=1; source_type=comment; yeren_signal_id=; parent_comment_text=,12:02,抖音评论,video,呼叫万手哥，帮忙拉一拉。#股票 #股民 #vlgo十亿流量扶持计划,🌈33两白银,7639958622008737915,https://www.douyin.com/video/7639958622008737915,,7639964117403452223,12:02,未纳入,中性,自动映射到抖音视频评论池。,,false
2026-05-15,longge,抖音评论 12:01,粤传？,,,,否,video_id=7639958622008737915; video_url=https://www.douyin.com/video/7639958622008737915; creator=阿龙闯大A📈; like=0; reply=1; source_type=comment; yeren_signal_id=; parent_comment_text=,12:01,抖音评论,video,呼叫万手哥，帮忙拉一拉。#股票 #股民 #vlgo十亿流量扶持计划,🌈W、,7639958622008737915,https://www.douyin.com/video/7639958622008737915,,7639963784543306553,12:01,未纳入,中性,自动映射到抖音视频评论池。,,false
2026-05-15,longge,抖音评论 12:00,金螳螂什么情况 走不走,,,,否,video_id=7639958622008737915; video_url=https://www.douyin.com/video/7639958622008737915; creator=阿龙闯大A📈; like=0; reply=5; source_type=comment; yeren_signal_id=; parent_comment_text=,12:00,抖音评论,video,呼叫万手哥，帮忙拉一拉。#股票 #股民 #vlgo十亿流量扶持计划,7、,7639958622008737915,https://www.douyin.com/video/7639958622008737915,,7639963589159469864,12:00,未纳入,中性,自动映射到抖音视频评论池。,,false
2026-05-15,longge,抖音评论 12:00,[呲牙],,,,否,video_id=7639958622008737915; video_url=https://www.douyin.com/video/7639958622008737915; creator=阿龙闯大A📈; like=2; reply=5; source_type=comment; yeren_signal_id=; parent_comment_text=,12:00,抖音评论,video,呼叫万手哥，帮忙拉一拉。#股票 #股民 #vlgo十亿流量扶持计划,@小半,7639958622008737915,https://www.douyin.com/video/7639958622008737915,,7639963479039066918,12:00,未纳入,中性,自动映射到抖音视频评论池。,,false
2026-05-15,longge,抖音评论 12:00,昨天大哥说的中马也涨停了，看着走平没进再回来涨停了[尬笑],,,,否,video_id=7639958622008737915; video_url=https://www.douyin.com/video/7639958622008737915; creator=阿龙闯大A📈; like=0; reply=0; source_type=comment; yeren_signal_id=; parent_comment_text=,12:00,抖音评论,video,呼叫万手哥，帮忙拉一拉。#股票 #股民 #vlgo十亿流量扶持计划,思绪飘féi🉐飞,7639958622008737915,https://www.douyin.com/video/7639958622008737915,,7639963412219724563,12:00,未纳入,中性,自动映射到抖音视频评论池。,,false
2026-05-15,longge,抖音评论 11:59,黄河咋说，有没有大哥说一下[流泪],,,,否,video_id=7639958622008737915; video_url=https://www.douyin.com/video/7639958622008737915; creator=阿龙闯大A📈; like=0; reply=3; source_type=comment; yeren_signal_id=; parent_comment_text=,11:59,抖音评论,video,呼叫万手哥，帮忙拉一拉。#股票 #股民 #vlgo十亿流量扶持计划,daidai🏝,7639958622008737915,https://www.douyin.com/video/7639958622008737915,,7639963208819753777,11:59,未纳入,中性,自动映射到抖音视频评论池。,,false
2026-05-15,longge,抖音评论 11:59,大哥们，巨轮智能能拿到多少？,巨轮智能(002031),,巨轮智能(002031) 被提及 1 次，有效评论 1 条，来源 1 个，单视频线索，情绪 中性，当前判断：保留观察。,待确认,video_id=7639958622008737915; video_url=https://www.douyin.com/video/7639958622008737915; creator=阿龙闯大A📈; like=0; reply=3; source_type=comment; yeren_signal_id=; parent_comment_text=,11:59,抖音评论,video,呼叫万手哥，帮忙拉一拉。#股票 #股民 #vlgo十亿流量扶持计划,A•,7639958622008737915,https://www.douyin.com/video/7639958622008737915,,7639963183663825705,11:59,待确认,中性,自动映射到抖音视频评论池。,6.4,false
2026-05-15,longge,抖音评论 11:58,西藏珠峰呢,西藏珠峰(600338),,西藏珠峰(600338) 被提及 2 次，有效评论 2 条，来源 2 个，跨来源共振，情绪 中性，当前判断：保留观察。,待确认,video_id=7639958622008737915; video_url=https://www.douyin.com/video/7639958622008737915; creator=阿龙闯大A📈; like=0; reply=0; source_type=comment; yeren_signal_id=; parent_comment_text=,11:58,抖音评论,video,呼叫万手哥，帮忙拉一拉。#股票 #股民 #vlgo十亿流量扶持计划,T,7639958622008737915,https://www.douyin.com/video/7639958622008737915,,7639963106399879993,11:58,待确认,中性,自动映射到抖音视频评论池。,7.6,false
2026-05-15,longge,抖音评论 11:57,为什么看不见啊,,,,否,video_id=7639958622008737915; video_url=https://www.douyin.com/video/7639958622008737915; creator=阿龙闯大A📈; like=0; reply=0; source_type=comment; yeren_signal_id=; parent_comment_text=,11:57,抖音评论,video,呼叫万手哥，帮忙拉一拉。#股票 #股民 #vlgo十亿流量扶持计划,无此人,7639958622008737915,https://www.douyin.com/video/7639958622008737915,,7639962750119478062,11:57,未纳入,中性,自动映射到抖音视频评论池。,,false
2026-05-15,longge,抖音评论 11:57,有大哥吗，下午哪个能吃涨停，给你寄特产,,,,否,video_id=7639958622008737915; video_url=https://www.douyin.com/video/7639958622008737915; creator=阿龙闯大A📈; like=0; reply=0; source_type=comment; yeren_signal_id=; parent_comment_text=,11:57,抖音评论,video,呼叫万手哥，帮忙拉一拉。#股票 #股民 #vlgo十亿流量扶持计划,🌈Ww🌈,7639958622008737915,https://www.douyin.com/video/7639958622008737915,,7639962726198264634,11:57,未纳入,中性,自动映射到抖音视频评论池。,,false
2026-05-15,longge,抖音评论 11:57,hlz,,,,否,video_id=7639958622008737915; video_url=https://www.douyin.com/video/7639958622008737915; creator=阿龙闯大A📈; like=0; reply=0; source_type=comment; yeren_signal_id=; parent_comment_text=,11:57,抖音评论,video,呼叫万手哥，帮忙拉一拉。#股票 #股民 #vlgo十亿流量扶持计划,韭菜包子,7639958622008737915,https://www.douyin.com/video/7639958622008737915,,7639962645538816817,11:57,未纳入,中性,自动映射到抖音视频评论池。,,false
2026-05-15,longge,抖音评论 11:56,[流泪][流泪][流泪]大唐….可惜了,,,评论热度较高，但暂未自动识别到明确股票线索，保留人工复核。,待确认,video_id=7639958622008737915; video_url=https://www.douyin.com/video/7639958622008737915; creator=阿龙闯大A📈; like=0; reply=8; source_type=comment; yeren_signal_id=; parent_comment_text=,11:56,抖音评论,video,呼叫万手哥，帮忙拉一拉。#股票 #股民 #vlgo十亿流量扶持计划,卡卡骆驼。,7639958622008737915,https://www.douyin.com/video/7639958622008737915,,7639962599840842545,11:56,待确认,中性,自动映射到抖音视频评论池。,6.2,false
2026-05-15,longge,抖音评论 11:56,华电ny今天地天了,,,评论热度较高，但暂未自动识别到明确股票线索，保留人工复核。,待确认,video_id=7639958622008737915; video_url=https://www.douyin.com/video/7639958622008737915; creator=阿龙闯大A📈; like=1; reply=7; source_type=comment; yeren_signal_id=; parent_comment_text=,11:56,抖音评论,video,呼叫万手哥，帮忙拉一拉。#股票 #股民 #vlgo十亿流量扶持计划,🌈蒜蓉辣椒酱（已有主银勿扰版）,7639958622008737915,https://www.douyin.com/video/7639958622008737915,,7639962564830823217,11:56,待确认,中性,自动映射到抖音视频评论池。,6.2,false
2026-05-15,longge,抖音评论 11:56,哪位大哥给我看下莲花   还能拿不,,,,否,video_id=7639958622008737915; video_url=https://www.douyin.com/video/7639958622008737915; creator=阿龙闯大A📈; like=0; reply=0; source_type=comment; yeren_signal_id=; parent_comment_text=,11:56,抖音评论,video,呼叫万手哥，帮忙拉一拉。#股票 #股民 #vlgo十亿流量扶持计划,爱喝小趴菜,7639958622008737915,https://www.douyin.com/video/7639958622008737915,,7639962565644927781,11:56,未纳入,中性,自动映射到抖音视频评论池。,,false
2026-05-15,longge,抖音评论 11:56,白银有 S 今天有没有人抄底的🤔,,,,否,video_id=7639958622008737915; video_url=https://www.douyin.com/video/7639958622008737915; creator=阿龙闯大A📈; like=0; reply=0; source_type=comment; yeren_signal_id=; parent_comment_text=,11:56,抖音评论,video,呼叫万手哥，帮忙拉一拉。#股票 #股民 #vlgo十亿流量扶持计划,王者江山🦌,7639958622008737915,https://www.douyin.com/video/7639958622008737915,,7639962561408451365,11:56,未纳入,中性,自动映射到抖音视频评论池。,,false
2026-05-15,longge,抖音评论 11:56,美年健康洗的差不多了,美年健康(002044),,美年健康(002044) 被提及 2 次，有效评论 2 条，来源 1 个，单视频线索，情绪 中性，当前判断：保留观察。,待确认,video_id=7639958622008737915; video_url=https://www.douyin.com/video/7639958622008737915; creator=阿龙闯大A📈; like=4; reply=11; source_type=comment; yeren_signal_id=; parent_comment_text=,11:56,抖音评论,video,呼叫万手哥，帮忙拉一拉。#股票 #股民 #vlgo十亿流量扶持计划,鹿灵研,7639958622008737915,https://www.douyin.com/video/7639958622008737915,,7639962477450642239,11:56,待确认,中性,自动映射到抖音视频评论池。,6.9,false
2026-05-15,longge,抖音评论 11:56,有没有大哥说说美利云,美利云(000815),,美利云(000815) 被提及 2 次，有效评论 2 条，来源 1 个，单视频线索，情绪 中性，当前判断：保留观察。,待确认,video_id=7639958622008737915; video_url=https://www.douyin.com/video/7639958622008737915; creator=阿龙闯大A📈; like=0; reply=0; source_type=comment; yeren_signal_id=; parent_comment_text=,11:56,抖音评论,video,呼叫万手哥，帮忙拉一拉。#股票 #股民 #vlgo十亿流量扶持计划,CHENS,7639958622008737915,https://www.douyin.com/video/7639958622008737915,,7639962417964270385,11:56,待确认,中性,自动映射到抖音视频评论池。,6.9,false
2026-05-15,longge,抖音评论 11:56,昨天一个大哥说波导，今天也涨停了,,,,否,video_id=7639958622008737915; video_url=https://www.douyin.com/video/7639958622008737915; creator=阿龙闯大A📈; like=1; reply=0; source_type=comment; yeren_signal_id=; parent_comment_text=,11:56,抖音评论,video,呼叫万手哥，帮忙拉一拉。#股票 #股民 #vlgo十亿流量扶持计划,魏魏一笑,7639958622008737915,https://www.douyin.com/video/7639958622008737915,,7639962376188707620,11:56,未纳入,中性,自动映射到抖音视频评论池。,,false
2026-05-15,longge,抖音评论 11:55,买啥[比心],,,,否,video_id=7639958622008737915; video_url=https://www.douyin.com/video/7639958622008737915; creator=阿龙闯大A📈; like=0; reply=0; source_type=comment; yeren_signal_id=; parent_comment_text=,11:55,抖音评论,video,呼叫万手哥，帮忙拉一拉。#股票 #股民 #vlgo十亿流量扶持计划,💎对、 小东北儿,7639958622008737915,https://www.douyin.com/video/7639958622008737915,,7639962368773456689,11:55,未纳入,中性,自动映射到抖音视频评论池。,,false
2026-05-15,longge,抖音评论 11:55,江特拿不住了，怎么搞？,,,评论热度较高，但暂未自动识别到明确股票线索，保留人工复核。,待确认,video_id=7639958622008737915; video_url=https://www.douyin.com/video/7639958622008737915; creator=阿龙闯大A📈; like=0; reply=13; source_type=comment; yeren_signal_id=; parent_comment_text=,11:55,抖音评论,video,呼叫万手哥，帮忙拉一拉。#股票 #股民 #vlgo十亿流量扶持计划,Hey  来年后。,7639958622008737915,https://www.douyin.com/video/7639958622008737915,,7639962197372584744,11:55,待确认,中性,自动映射到抖音视频评论池。,6.2,false
2026-05-15,longge,抖音评论 11:54,yolo姐去哪了[泣不成声]今天买啥姐,,,评论热度较高，但暂未自动识别到明确股票线索，保留人工复核。,待确认,video_id=7639958622008737915; video_url=https://www.douyin.com/video/7639958622008737915; creator=阿龙闯大A📈; like=1; reply=12; source_type=comment; yeren_signal_id=; parent_comment_text=,11:54,抖音评论,video,呼叫万手哥，帮忙拉一拉。#股票 #股民 #vlgo十亿流量扶持计划,英捷LoLo,7639958622008737915,https://www.douyin.com/video/7639958622008737915,,7639961858531541812,11:54,待确认,中性,自动映射到抖音视频评论池。,6.2,false
2026-05-15,longge,抖音评论 11:52,可以@大哥说说原理不，我知道会涨但是没想过涨停,,,,否,video_id=7639958622008737915; video_url=https://www.douyin.com/video/7639958622008737915; creator=阿龙闯大A📈; like=0; reply=0; source_type=comment; yeren_signal_id=; parent_comment_text=,11:52,抖音评论,video,呼叫万手哥，帮忙拉一拉。#股票 #股民 #vlgo十亿流量扶持计划,huni,7639958622008737915,https://www.douyin.com/video/7639958622008737915,,7639961591073129259,11:52,未纳入,中性,自动映射到抖音视频评论池。,,false
2026-05-15,longge,抖音评论 11:52,还是看我巨轮准备连班,,,,否,video_id=7639958622008737915; video_url=https://www.douyin.com/video/7639958622008737915; creator=阿龙闯大A📈; like=1; reply=2; source_type=comment; yeren_signal_id=; parent_comment_text=,11:52,抖音评论,video,呼叫万手哥，帮忙拉一拉。#股票 #股民 #vlgo十亿流量扶持计划,此用户已下线阿,7639958622008737915,https://www.douyin.com/video/7639958622008737915,,7639961577618195234,11:52,未纳入,中性,自动映射到抖音视频评论池。,,false
2026-05-15,longge,抖音评论 11:52,快给金杯汽车恶心死[流泪]，有没有大哥喂个票,金杯汽车(600609),,金杯汽车(600609) 被提及 1 次，有效评论 1 条，来源 1 个，单视频线索，情绪 中性，当前判断：保留观察。,待确认,video_id=7639958622008737915; video_url=https://www.douyin.com/video/7639958622008737915; creator=阿龙闯大A📈; like=0; reply=0; source_type=comment; yeren_signal_id=; parent_comment_text=,11:52,抖音评论,video,呼叫万手哥，帮忙拉一拉。#股票 #股民 #vlgo十亿流量扶持计划,白漂去死,7639958622008737915,https://www.douyin.com/video/7639958622008737915,,7639961547718869809,11:52,待确认,中性,自动映射到抖音视频评论池。,6.4,false
2026-05-15,longge,抖音评论 11:52,谁昨天发的沧州明珠[流泪][流泪][流泪][流泪][流泪],沧州明珠(002108),,沧州明珠(002108) 被提及 5 次，有效评论 5 条，来源 1 个，单视频线索，情绪 中性，当前判断：已进入推荐候选。,是,video_id=7639958622008737915; video_url=https://www.douyin.com/video/7639958622008737915; creator=阿龙闯大A📈; like=0; reply=11; source_type=comment; yeren_signal_id=; parent_comment_text=,11:52,抖音评论,video,呼叫万手哥，帮忙拉一拉。#股票 #股民 #vlgo十亿流量扶持计划,Hush,7639958622008737915,https://www.douyin.com/video/7639958622008737915,,7639961508105683718,11:52,已纳入,中性,自动映射到抖音视频评论池。,8.9,true
2026-05-15,longge,抖音评论 11:52,说江特的那位，出来一下我给你寄点特产,,,评论热度较高，但暂未自动识别到明确股票线索，保留人工复核。,待确认,video_id=7639958622008737915; video_url=https://www.douyin.com/video/7639958622008737915; creator=阿龙闯大A📈; like=4; reply=11; source_type=comment; yeren_signal_id=; parent_comment_text=,11:52,抖音评论,video,呼叫万手哥，帮忙拉一拉。#股票 #股民 #vlgo十亿流量扶持计划,灰于晏,7639958622008737915,https://www.douyin.com/video/7639958622008737915,,7639961466682770233,11:52,待确认,中性,自动映射到抖音视频评论池。,6.2,false
2026-05-15,longge,抖音评论 11:52,蹲蹲,,,,否,video_id=7639958622008737915; video_url=https://www.douyin.com/video/7639958622008737915; creator=阿龙闯大A📈; like=0; reply=0; source_type=comment; yeren_signal_id=; parent_comment_text=,11:52,抖音评论,video,呼叫万手哥，帮忙拉一拉。#股票 #股民 #vlgo十亿流量扶持计划,嘻哈enjoying,7639958622008737915,https://www.douyin.com/video/7639958622008737915,,7639961462924657457,11:52,未纳入,中性,自动映射到抖音视频评论池。,,false
2026-05-15,longge,抖音评论 11:51,亏麻了 来个大哥，下午买啥 回本送10条荷花。河北特产 好抽,,,,否,video_id=7639958622008737915; video_url=https://www.douyin.com/video/7639958622008737915; creator=阿龙闯大A📈; like=1; reply=5; source_type=comment; yeren_signal_id=; parent_comment_text=,11:51,抖音评论,video,呼叫万手哥，帮忙拉一拉。#股票 #股民 #vlgo十亿流量扶持计划,好好,7639958622008737915,https://www.douyin.com/video/7639958622008737915,,7639961287389397797,11:51,未纳入,中性,自动映射到抖音视频评论池。,,false
2026-05-15,longge,抖音评论 11:51,中利集团如何，,中利集团(002309),,中利集团(002309) 被提及 1 次，有效评论 1 条，来源 1 个，单视频线索，情绪 中性，当前判断：保留观察。,待确认,video_id=7639958622008737915; video_url=https://www.douyin.com/video/7639958622008737915; creator=阿龙闯大A📈; like=1; reply=4; source_type=comment; yeren_signal_id=; parent_comment_text=,11:51,抖音评论,video,呼叫万手哥，帮忙拉一拉。#股票 #股民 #vlgo十亿流量扶持计划,曹、筅笙￡,7639958622008737915,https://www.douyin.com/video/7639958622008737915,,7639961254043403017,11:51,待确认,中性,自动映射到抖音视频评论池。,6.4,false
2026-05-15,longge,抖音评论 11:51,有没有大佬指点一下票票 最近盘感真的不好[流泪]亏的不知道咋办了,,,,否,video_id=7639958622008737915; video_url=https://www.douyin.com/video/7639958622008737915; creator=阿龙闯大A📈; like=0; reply=0; source_type=comment; yeren_signal_id=; parent_comment_text=,11:51,抖音评论,video,呼叫万手哥，帮忙拉一拉。#股票 #股民 #vlgo十亿流量扶持计划,月见,7639958622008737915,https://www.douyin.com/video/7639958622008737915,,7639961243487126282,11:51,未纳入,中性,自动映射到抖音视频评论池。,,false
2026-05-15,longge,抖音评论 11:51,辽电今天吃个地天板！[比心],,,评论热度较高，但暂未自动识别到明确股票线索，保留人工复核。,待确认,video_id=7639958622008737915; video_url=https://www.douyin.com/video/7639958622008737915; creator=阿龙闯大A📈; like=3; reply=15; source_type=comment; yeren_signal_id=; parent_comment_text=,11:51,抖音评论,video,呼叫万手哥，帮忙拉一拉。#股票 #股民 #vlgo十亿流量扶持计划,股巨基,7639958622008737915,https://www.douyin.com/video/7639958622008737915,,7639961115560575778,11:51,待确认,中性,自动映射到抖音视频评论池。,6.2,false
2026-05-15,longge,抖音评论 11:50,我快气死，昨天看评论纠结买粤传媒还是新能ts，结果买了新能ts [发怒],,,,否,video_id=7639958622008737915; video_url=https://www.douyin.com/video/7639958622008737915; creator=阿龙闯大A📈; like=0; reply=5; source_type=comment; yeren_signal_id=; parent_comment_text=,11:50,抖音评论,video,呼叫万手哥，帮忙拉一拉。#股票 #股民 #vlgo十亿流量扶持计划,晓秋秋,7639958622008737915,https://www.douyin.com/video/7639958622008737915,,7639960974988919589,11:50,未纳入,中性,自动映射到抖音视频评论池。,,false
2026-05-15,longge,抖音评论 11:50,评论区都是蒙的还是干啥的 总感觉有一个会对,,,,否,video_id=7639958622008737915; video_url=https://www.douyin.com/video/7639958622008737915; creator=阿龙闯大A📈; like=1; reply=3; source_type=comment; yeren_signal_id=; parent_comment_text=,11:50,抖音评论,video,呼叫万手哥，帮忙拉一拉。#股票 #股民 #vlgo十亿流量扶持计划,命运歌,7639958622008737915,https://www.douyin.com/video/7639958622008737915,,7639960881643766587,11:50,未纳入,中性,自动映射到抖音视频评论池。,,false
2026-05-15,longge,抖音评论 11:50,江特绿了好几天了[泣不成声][泣不成声][泣不成声],,,评论热度较高，但暂未自动识别到明确股票线索，保留人工复核。,待确认,video_id=7639958622008737915; video_url=https://www.douyin.com/video/7639958622008737915; creator=阿龙闯大A📈; like=3; reply=13; source_type=comment; yeren_signal_id=; parent_comment_text=,11:50,抖音评论,video,呼叫万手哥，帮忙拉一拉。#股票 #股民 #vlgo十亿流量扶持计划,商胖子,7639958622008737915,https://www.douyin.com/video/7639958622008737915,,7639960873897739045,11:50,待确认,中性,自动映射到抖音视频评论池。,6.2,false
2026-05-15,longge,抖音评论 11:53,每天大哥太多了，全靠运气找[捂脸][捂脸],,,,否,video_id=7639958622008737915; video_url=https://www.douyin.com/video/7639958622008737915; creator=阿龙闯大A📈; like=0; reply=0; source_type=comment; yeren_signal_id=; parent_comment_text=,11:53,抖音评论,video,呼叫万手哥，帮忙拉一拉。#股票 #股民 #vlgo十亿流量扶持计划,王者江山🦌,7639958622008737915,https://www.douyin.com/video/7639958622008737915,,7639961639789970213,11:53,未纳入,中性,自动映射到抖音视频评论池。,,false
2026-05-15,longge,抖音评论 11:50,恩捷 还能拿吗,,,评论热度较高，但暂未自动识别到明确股票线索，保留人工复核。,待确认,video_id=7639958622008737915; video_url=https://www.douyin.com/video/7639958622008737915; creator=阿龙闯大A📈; like=2; reply=6; source_type=comment; yeren_signal_id=; parent_comment_text=,11:50,抖音评论,video,呼叫万手哥，帮忙拉一拉。#股票 #股民 #vlgo十亿流量扶持计划,Lnxz,7639958622008737915,https://www.douyin.com/video/7639958622008737915,,7639960831639798587,11:50,待确认,中性,自动映射到抖音视频评论池。,6.2,false
2026-05-15,longge,抖音评论 11:49,现在确实有大哥，问题是怎么分辨真大哥还是假大哥啊,,,,否,video_id=7639958622008737915; video_url=https://www.douyin.com/video/7639958622008737915; creator=阿龙闯大A📈; like=0; reply=0; source_type=comment; yeren_signal_id=; parent_comment_text=,11:49,抖音评论,video,呼叫万手哥，帮忙拉一拉。#股票 #股民 #vlgo十亿流量扶持计划,🇦 娇娇家的小猴         ╰╮,7639958622008737915,https://www.douyin.com/video/7639958622008737915,,7639960806818562831,11:49,未纳入,中性,自动映射到抖音视频评论池。,,false
2026-05-15,longge,抖音评论 11:49,有没有大哥说一下达安基因还能买吗，亏麻了,达安基因(002030),,达安基因(002030) 被提及 1 次，有效评论 1 条，来源 1 个，单视频线索，情绪 谨慎，当前判断：偏风险观察。,否,video_id=7639958622008737915; video_url=https://www.douyin.com/video/7639958622008737915; creator=阿龙闯大A📈; like=0; reply=5; source_type=comment; yeren_signal_id=; parent_comment_text=,11:49,抖音评论,video,呼叫万手哥，帮忙拉一拉。#股票 #股民 #vlgo十亿流量扶持计划,超级无敌考拉,7639958622008737915,https://www.douyin.com/video/7639958622008737915,,7639960719626961727,11:49,未纳入,谨慎,自动映射到抖音视频评论池。,5.9,false
2026-05-15,longge,抖音评论 11:49,今天有推荐的没,,,,否,video_id=7639958622008737915; video_url=https://www.douyin.com/video/7639958622008737915; creator=阿龙闯大A📈; like=0; reply=0; source_type=comment; yeren_signal_id=; parent_comment_text=,11:49,抖音评论,video,呼叫万手哥，帮忙拉一拉。#股票 #股民 #vlgo十亿流量扶持计划,打工人,7639958622008737915,https://www.douyin.com/video/7639958622008737915,,7639960663339434801,11:49,未纳入,中性,自动映射到抖音视频评论池。,,false
2026-05-15,longge,抖音评论 11:49,中视下周数板,,,评论热度较高，但暂未自动识别到明确股票线索，保留人工复核。,待确认,video_id=7639958622008737915; video_url=https://www.douyin.com/video/7639958622008737915; creator=阿龙闯大A📈; like=3; reply=6; source_type=comment; yeren_signal_id=; parent_comment_text=,11:49,抖音评论,video,呼叫万手哥，帮忙拉一拉。#股票 #股民 #vlgo十亿流量扶持计划,景升,7639958622008737915,https://www.douyin.com/video/7639958622008737915,,7639960580280058675,11:49,待确认,中性,自动映射到抖音视频评论池。,6.2,false
2026-05-15,longge,抖音评论 11:48,关注挺长时间 好巧不巧就进了一个江特 我服啦[流泪],,,评论热度较高，但暂未自动识别到明确股票线索，保留人工复核。,待确认,video_id=7639958622008737915; video_url=https://www.douyin.com/video/7639958622008737915; creator=阿龙闯大A📈; like=1; reply=8; source_type=comment; yeren_signal_id=; parent_comment_text=,11:48,抖音评论,video,呼叫万手哥，帮忙拉一拉。#股票 #股民 #vlgo十亿流量扶持计划,luvyourz,7639958622008737915,https://www.douyin.com/video/7639958622008737915,,7639960539963441947,11:48,待确认,中性,自动映射到抖音视频评论池。,6.2,false
2026-05-15,longge,抖音评论 11:48,圣阳下午反包[流泪],,,评论热度较高，但暂未自动识别到明确股票线索，保留人工复核。,待确认,video_id=7639958622008737915; video_url=https://www.douyin.com/video/7639958622008737915; creator=阿龙闯大A📈; like=2; reply=6; source_type=comment; yeren_signal_id=; parent_comment_text=,11:48,抖音评论,video,呼叫万手哥，帮忙拉一拉。#股票 #股民 #vlgo十亿流量扶持计划,走不出浪浪山,7639958622008737915,https://www.douyin.com/video/7639958622008737915,,7639960494736016187,11:48,待确认,中性,自动映射到抖音视频评论池。,6.2,false
2026-05-15,longge,抖音评论 11:48,那个说300790的，不咋地啊，龙都给你准备好了[捂脸],宇瞳光学(300790),,宇瞳光学(300790) 被提及 1 次，有效评论 1 条，来源 1 个，单视频线索，情绪 中性，当前判断：保留观察。,待确认,video_id=7639958622008737915; video_url=https://www.douyin.com/video/7639958622008737915; creator=阿龙闯大A📈; like=0; reply=0; source_type=comment; yeren_signal_id=; parent_comment_text=,11:48,抖音评论,video,呼叫万手哥，帮忙拉一拉。#股票 #股民 #vlgo十亿流量扶持计划,这家伙走狗屎运了,7639958622008737915,https://www.douyin.com/video/7639958622008737915,,7639960450826732340,11:48,待确认,中性,自动映射到抖音视频评论池。,6.4,false
2026-05-15,longge,抖音评论 11:48,美利y,,,,否,video_id=7639958622008737915; video_url=https://www.douyin.com/video/7639958622008737915; creator=阿龙闯大A📈; like=0; reply=2; source_type=comment; yeren_signal_id=; parent_comment_text=,11:48,抖音评论,video,呼叫万手哥，帮忙拉一拉。#股票 #股民 #vlgo十亿流量扶持计划,stay,7639958622008737915,https://www.douyin.com/video/7639958622008737915,,7639960345506874127,11:48,未纳入,中性,自动映射到抖音视频评论池。,,false
2026-05-15,longge,抖音评论 11:47,山东精密怎么办[捂脸]重仓了,,,评论热度较高，但暂未自动识别到明确股票线索，保留人工复核。,待确认,video_id=7639958622008737915; video_url=https://www.douyin.com/video/7639958622008737915; creator=阿龙闯大A📈; like=1; reply=14; source_type=comment; yeren_signal_id=; parent_comment_text=,11:47,抖音评论,video,呼叫万手哥，帮忙拉一拉。#股票 #股民 #vlgo十亿流量扶持计划,圆圆小脸蛋,7639958622008737915,https://www.douyin.com/video/7639958622008737915,,7639960230738953002,11:47,待确认,中性,自动映射到抖音视频评论池。,6.2,false
2026-05-15,longge,抖音评论 11:47,新能ts今天怎么样啊,,,,否,video_id=7639958622008737915; video_url=https://www.douyin.com/video/7639958622008737915; creator=阿龙闯大A📈; like=0; reply=0; source_type=comment; yeren_signal_id=; parent_comment_text=,11:47,抖音评论,video,呼叫万手哥，帮忙拉一拉。#股票 #股民 #vlgo十亿流量扶持计划,"墨染尘埃莫染殇""",7639958622008737915,https://www.douyin.com/video/7639958622008737915,,7639960023159194431,11:47,未纳入,中性,自动映射到抖音视频评论池。,,false
2026-05-15,longge,抖音评论 11:47,有没有大哥给个票回口血啊[感谢],,,,否,video_id=7639958622008737915; video_url=https://www.douyin.com/video/7639958622008737915; creator=阿龙闯大A📈; like=2; reply=0; source_type=comment; yeren_signal_id=; parent_comment_text=,11:47,抖音评论,video,呼叫万手哥，帮忙拉一拉。#股票 #股民 #vlgo十亿流量扶持计划,白雪🕶️,7639958622008737915,https://www.douyin.com/video/7639958622008737915,,7639960207619998523,11:47,未纳入,中性,自动映射到抖音视频评论池。,,false
2026-05-15,longge,抖音评论 11:47,国际sy，能不能给我上一次龙,,,评论热度较高，但暂未自动识别到明确股票线索，保留人工复核。,待确认,video_id=7639958622008737915; video_url=https://www.douyin.com/video/7639958622008737915; creator=阿龙闯大A📈; like=11; reply=12; source_type=comment; yeren_signal_id=; parent_comment_text=,11:47,抖音评论,video,呼叫万手哥，帮忙拉一拉。#股票 #股民 #vlgo十亿流量扶持计划,意初.,7639958622008737915,https://www.douyin.com/video/7639958622008737915,,7639960089592103737,11:47,待确认,中性,自动映射到抖音视频评论池。,6.2,false
2026-05-15,longge,抖音评论 11:46,万向，要走吗，大哥们,,,评论热度较高，但暂未自动识别到明确股票线索，保留人工复核。,待确认,video_id=7639958622008737915; video_url=https://www.douyin.com/video/7639958622008737915; creator=阿龙闯大A📈; like=0; reply=6; source_type=comment; yeren_signal_id=; parent_comment_text=,11:46,抖音评论,video,呼叫万手哥，帮忙拉一拉。#股票 #股民 #vlgo十亿流量扶持计划,飞飞扬,7639958622008737915,https://www.douyin.com/video/7639958622008737915,,7639959894044623653,11:46,待确认,中性,自动映射到抖音视频评论池。,6.2,false
2026-05-15,longge,抖音评论 11:46,哪位大哥看看，合肥城建，走不走？,合肥城建(002208),,合肥城建(002208) 被提及 2 次，有效评论 2 条，来源 1 个，单视频线索，情绪 中性，当前判断：保留观察。,待确认,video_id=7639958622008737915; video_url=https://www.douyin.com/video/7639958622008737915; creator=阿龙闯大A📈; like=1; reply=9; source_type=comment; yeren_signal_id=; parent_comment_text=,11:46,抖音评论,video,呼叫万手哥，帮忙拉一拉。#股票 #股民 #vlgo十亿流量扶持计划,xdjsj,7639958622008737915,https://www.douyin.com/video/7639958622008737915,,7639959866727383858,11:46,待确认,中性,自动映射到抖音视频评论池。,6.9,false
2026-05-15,longge,抖音评论 11:45,感觉关注你没啥意思了，以前啥也能看到，到后面给内容马赛克，然后评论区翻评论老长时间，现在更可恶，直接内容加头像，都打马赛克，谁知道是哪个？ 再不调整撤了,,,评论热度较高，但暂未自动识别到明确股票线索，保留人工复核。,待确认,video_id=7639958622008737915; video_url=https://www.douyin.com/video/7639958622008737915; creator=阿龙闯大A📈; like=9; reply=8; source_type=comment; yeren_signal_id=; parent_comment_text=,11:45,抖音评论,video,呼叫万手哥，帮忙拉一拉。#股票 #股民 #vlgo十亿流量扶持计划,赫城,7639958622008737915,https://www.douyin.com/video/7639958622008737915,,7639959724578489128,11:45,待确认,中性,自动映射到抖音视频评论池。,6.2,false
2026-05-15,longge,抖音评论 11:45,沧州的[泣不成声][泣不成声][泣不成声],,,评论热度较高，但暂未自动识别到明确股票线索，保留人工复核。,待确认,video_id=7639958622008737915; video_url=https://www.douyin.com/video/7639958622008737915; creator=阿龙闯大A📈; like=0; reply=7; source_type=comment; yeren_signal_id=; parent_comment_text=,11:45,抖音评论,video,呼叫万手哥，帮忙拉一拉。#股票 #股民 #vlgo十亿流量扶持计划,NON,7639958622008737915,https://www.douyin.com/video/7639958622008737915,,7639959701170062126,11:45,待确认,中性,自动映射到抖音视频评论池。,6.2,false
2026-05-15,longge,抖音评论 11:44,大哥说的是啥，打码不用这么彻底吧[流泪][流泪],,,,否,video_id=7639958622008737915; video_url=https://www.douyin.com/video/7639958622008737915; creator=阿龙闯大A📈; like=0; reply=3; source_type=comment; yeren_signal_id=; parent_comment_text=,11:44,抖音评论,video,呼叫万手哥，帮忙拉一拉。#股票 #股民 #vlgo十亿流量扶持计划,万里独行@,7639958622008737915,https://www.douyin.com/video/7639958622008737915,,7639959493074125626,11:44,未纳入,中性,自动映射到抖音视频评论池。,,false
2026-05-15,longge,抖音评论 11:44,我在有色里面吃大面,,,评论热度较高，但暂未自动识别到明确股票线索，保留人工复核。,待确认,video_id=7639958622008737915; video_url=https://www.douyin.com/video/7639958622008737915; creator=阿龙闯大A📈; like=2; reply=11; source_type=comment; yeren_signal_id=; parent_comment_text=,11:44,抖音评论,video,呼叫万手哥，帮忙拉一拉。#股票 #股民 #vlgo十亿流量扶持计划,哇哒橙子🍊,7639958622008737915,https://www.douyin.com/video/7639958622008737915,,7639959446303195910,11:44,待确认,中性,自动映射到抖音视频评论池。,6.2,false
2026-05-15,longge,抖音评论 11:44,长城被套了，我也想走了[流泪][流泪][流泪][流泪],,,评论热度较高，但暂未自动识别到明确股票线索，保留人工复核。,待确认,video_id=7639958622008737915; video_url=https://www.douyin.com/video/7639958622008737915; creator=阿龙闯大A📈; like=0; reply=10; source_type=comment; yeren_signal_id=; parent_comment_text=,11:44,抖音评论,video,呼叫万手哥，帮忙拉一拉。#股票 #股民 #vlgo十亿流量扶持计划,！！！,7639958622008737915,https://www.douyin.com/video/7639958622008737915,,7639959405354894122,11:44,待确认,中性,自动映射到抖音视频评论池。,6.2,false
2026-05-15,longge,抖音评论 11:43,电力又回来了？,,,,否,video_id=7639958622008737915; video_url=https://www.douyin.com/video/7639958622008737915; creator=阿龙闯大A📈; like=0; reply=2; source_type=comment; yeren_signal_id=; parent_comment_text=,11:43,抖音评论,video,呼叫万手哥，帮忙拉一拉。#股票 #股民 #vlgo十亿流量扶持计划,腰缠亿贯之亿事胜意,7639958622008737915,https://www.douyin.com/video/7639958622008737915,,7639959195345912619,11:43,未纳入,中性,自动映射到抖音视频评论池。,,false
2026-05-15,longge,抖音评论 11:43,下午进什么还能赚点，有没有大哥推荐,,,,否,video_id=7639958622008737915; video_url=https://www.douyin.com/video/7639958622008737915; creator=阿龙闯大A📈; like=0; reply=0; source_type=comment; yeren_signal_id=; parent_comment_text=,11:43,抖音评论,video,呼叫万手哥，帮忙拉一拉。#股票 #股民 #vlgo十亿流量扶持计划,林间书,7639958622008737915,https://www.douyin.com/video/7639958622008737915,,7639959111388758835,11:43,未纳入,中性,自动映射到抖音视频评论池。,,false
2026-05-15,longge,抖音评论 11:43,下午买哪个能吃到涨停啊,,,评论热度较高，但暂未自动识别到明确股票线索，保留人工复核。,待确认,video_id=7639958622008737915; video_url=https://www.douyin.com/video/7639958622008737915; creator=阿龙闯大A📈; like=0; reply=11; source_type=comment; yeren_signal_id=; parent_comment_text=,11:43,抖音评论,video,呼叫万手哥，帮忙拉一拉。#股票 #股民 #vlgo十亿流量扶持计划,🌈Ww🌈,7639958622008737915,https://www.douyin.com/video/7639958622008737915,,7639959105511686949,11:43,待确认,中性,自动映射到抖音视频评论池。,6.2,false
2026-05-15,longge,抖音评论 11:43,马赛克打成这样 怎么知道大哥推荐哪个[流泪][流泪][流泪],,,,否,video_id=7639958622008737915; video_url=https://www.douyin.com/video/7639958622008737915; creator=阿龙闯大A📈; like=7; reply=5; source_type=comment; yeren_signal_id=; parent_comment_text=,11:43,抖音评论,video,呼叫万手哥，帮忙拉一拉。#股票 #股民 #vlgo十亿流量扶持计划,抖音小能手,7639958622008737915,https://www.douyin.com/video/7639958622008737915,,7639959089892475691,11:43,未纳入,中性,自动映射到抖音视频评论池。,,false
2026-05-15,longge,抖音评论 11:42,来早了，不知道是啥[捂脸][捂脸][捂脸],,,,否,video_id=7639958622008737915; video_url=https://www.douyin.com/video/7639958622008737915; creator=阿龙闯大A📈; like=0; reply=2; source_type=comment; yeren_signal_id=; parent_comment_text=,11:42,抖音评论,video,呼叫万手哥，帮忙拉一拉。#股票 #股民 #vlgo十亿流量扶持计划,X.Sissi,7639958622008737915,https://www.douyin.com/video/7639958622008737915,,7639959011009282875,11:42,未纳入,中性,自动映射到抖音视频评论池。,,false
2026-05-15,longge,抖音评论 11:42,第五，,,,,否,video_id=7639958622008737915; video_url=https://www.douyin.com/video/7639958622008737915; creator=阿龙闯大A📈; like=0; reply=0; source_type=comment; yeren_signal_id=; parent_comment_text=,11:42,抖音评论,video,呼叫万手哥，帮忙拉一拉。#股票 #股民 #vlgo十亿流量扶持计划,"墨染尘埃莫染殇""",7639958622008737915,https://www.douyin.com/video/7639958622008737915,,7639958977778074411,11:42,未纳入,中性,自动映射到抖音视频评论池。,,false
2026-05-15,longge,抖音评论 11:42,中国长城被套了,,,评论热度较高，但暂未自动识别到明确股票线索，保留人工复核。,待确认,video_id=7639958622008737915; video_url=https://www.douyin.com/video/7639958622008737915; creator=阿龙闯大A📈; like=1; reply=7; source_type=comment; yeren_signal_id=; parent_comment_text=,11:42,抖音评论,video,呼叫万手哥，帮忙拉一拉。#股票 #股民 #vlgo十亿流量扶持计划,温酒,7639958622008737915,https://www.douyin.com/video/7639958622008737915,,7639958972493906714,11:42,待确认,中性,自动映射到抖音视频评论池。,6.2,false
2026-05-15,longge,抖音评论 11:42,昨天进的新能泰S跌了将近五个点……,,,评论热度较高，但暂未自动识别到明确股票线索，保留人工复核。,待确认,video_id=7639958622008737915; video_url=https://www.douyin.com/video/7639958622008737915; creator=阿龙闯大A📈; like=3; reply=20; source_type=comment; yeren_signal_id=; parent_comment_text=,11:42,抖音评论,video,呼叫万手哥，帮忙拉一拉。#股票 #股民 #vlgo十亿流量扶持计划,。慕慕朝朝,7639958622008737915,https://www.douyin.com/video/7639958622008737915,,7639958948842619658,11:42,待确认,中性,自动映射到抖音视频评论池。,6.2,false
2026-05-15,longge,抖音评论 11:42,大哥太多了。踩不准啊[捂脸],,,,否,video_id=7639958622008737915; video_url=https://www.douyin.com/video/7639958622008737915; creator=阿龙闯大A📈; like=1; reply=0; source_type=comment; yeren_signal_id=; parent_comment_text=,11:42,抖音评论,video,呼叫万手哥，帮忙拉一拉。#股票 #股民 #vlgo十亿流量扶持计划,桀桀骜不驯-🏠,7639958622008737915,https://www.douyin.com/video/7639958622008737915,,7639958939493106490,11:42,未纳入,中性,自动映射到抖音视频评论池。,,false
2026-05-15,longge,抖音评论 11:42,第四[不失礼貌的微笑][不失礼貌的微笑][不失礼貌的微笑],,,,否,video_id=7639958622008737915; video_url=https://www.douyin.com/video/7639958622008737915; creator=阿龙闯大A📈; like=2; reply=0; source_type=comment; yeren_signal_id=; parent_comment_text=,11:42,抖音评论,video,呼叫万手哥，帮忙拉一拉。#股票 #股民 #vlgo十亿流量扶持计划,我不说,7639958622008737915,https://www.douyin.com/video/7639958622008737915,,7639958937132368690,11:42,未纳入,中性,自动映射到抖音视频评论池。,,false
2026-05-15,longge,抖音评论 11:42,我进了,,,,否,video_id=7639958622008737915; video_url=https://www.douyin.com/video/7639958622008737915; creator=阿龙闯大A📈; like=0; reply=0; source_type=comment; yeren_signal_id=; parent_comment_text=,11:42,抖音评论,video,呼叫万手哥，帮忙拉一拉。#股票 #股民 #vlgo十亿流量扶持计划,Bingle,7639958622008737915,https://www.douyin.com/video/7639958622008737915,,7639958922644128547,11:42,未纳入,中性,自动映射到抖音视频评论池。,,false
2026-05-15,longge,抖音评论 11:42,厉害,,,,否,video_id=7639958622008737915; video_url=https://www.douyin.com/video/7639958622008737915; creator=阿龙闯大A📈; like=2; reply=0; source_type=comment; yeren_signal_id=; parent_comment_text=,11:42,抖音评论,video,呼叫万手哥，帮忙拉一拉。#股票 #股民 #vlgo十亿流量扶持计划,四季豆,7639958622008737915,https://www.douyin.com/video/7639958622008737915,,7639958916993909541,11:42,未纳入,中性,自动映射到抖音视频评论池。,,false
2026-05-15,longge,抖音评论 11:42,[捂脸][捂脸][捂脸],,,,否,video_id=7639958622008737915; video_url=https://www.douyin.com/video/7639958622008737915; creator=阿龙闯大A📈; like=0; reply=0; source_type=comment; yeren_signal_id=; parent_comment_text=,11:42,抖音评论,video,呼叫万手哥，帮忙拉一拉。#股票 #股民 #vlgo十亿流量扶持计划,花镜、园林、景观设计、绿化、栽种。,7639958622008737915,https://www.douyin.com/video/7639958622008737915,,7639958911035196209,11:42,未纳入,中性,自动映射到抖音视频评论池。,,false
2026-05-15,longge,抖音评论 11:42,[害羞][害羞][害羞],,,,否,video_id=7639958622008737915; video_url=https://www.douyin.com/video/7639958622008737915; creator=阿龙闯大A📈; like=0; reply=0; source_type=comment; yeren_signal_id=; parent_comment_text=,11:42,抖音评论,video,呼叫万手哥，帮忙拉一拉。#股票 #股民 #vlgo十亿流量扶持计划,开拓者,7639958622008737915,https://www.douyin.com/video/7639958622008737915,,7639958905846874929,11:42,未纳入,中性,自动映射到抖音视频评论池。,,false
2026-05-15,longge,抖音评论 11:42,哪个啊,,,,否,video_id=7639958622008737915; video_url=https://www.douyin.com/video/7639958622008737915; creator=阿龙闯大A📈; like=0; reply=1; source_type=comment; yeren_signal_id=; parent_comment_text=,11:42,抖音评论,video,呼叫万手哥，帮忙拉一拉。#股票 #股民 #vlgo十亿流量扶持计划,FL,7639958622008737915,https://www.douyin.com/video/7639958622008737915,,7639958903958553403,11:42,未纳入,中性,自动映射到抖音视频评论池。,,false
2026-05-15,longge,抖音评论 11:42,卓朗下午怎么说,,,,否,video_id=7639958622008737915; video_url=https://www.douyin.com/video/7639958622008737915; creator=阿龙闯大A📈; like=1; reply=4; source_type=comment; yeren_signal_id=; parent_comment_text=,11:42,抖音评论,video,呼叫万手哥，帮忙拉一拉。#股票 #股民 #vlgo十亿流量扶持计划,无敌小西風,7639958622008737915,https://www.douyin.com/video/7639958622008737915,,7639958874851115834,11:42,未纳入,中性,自动映射到抖音视频评论池。,,false
2026-05-15,longge,抖音评论 11:42,那个啊？我没上车啊，我没上车啊,,,,否,video_id=7639958622008737915; video_url=https://www.douyin.com/video/7639958622008737915; creator=阿龙闯大A📈; like=0; reply=2; source_type=comment; yeren_signal_id=; parent_comment_text=,11:42,抖音评论,video,呼叫万手哥，帮忙拉一拉。#股票 #股民 #vlgo十亿流量扶持计划,扬扬好物推荐,7639958622008737915,https://www.douyin.com/video/7639958622008737915,,7639958878889411374,11:42,未纳入,中性,自动映射到抖音视频评论池。,,false
2026-05-15,longge,抖音评论 11:42,[捂脸],,,,否,video_id=7639958622008737915; video_url=https://www.douyin.com/video/7639958622008737915; creator=阿龙闯大A📈; like=0; reply=0; source_type=comment; yeren_signal_id=; parent_comment_text=,11:42,抖音评论,video,呼叫万手哥，帮忙拉一拉。#股票 #股民 #vlgo十亿流量扶持计划,小帅财,7639958622008737915,https://www.douyin.com/video/7639958622008737915,,7639958851726918419,11:42,未纳入,中性,自动映射到抖音视频评论池。,,false
2026-05-15,longge,抖音评论 11:42,[看][看][看],,,,否,video_id=7639958622008737915; video_url=https://www.douyin.com/video/7639958622008737915; creator=阿龙闯大A📈; like=0; reply=0; source_type=comment; yeren_signal_id=; parent_comment_text=,11:42,抖音评论,video,呼叫万手哥，帮忙拉一拉。#股票 #股民 #vlgo十亿流量扶持计划,飞得更高,7639958622008737915,https://www.douyin.com/video/7639958622008737915,,7639958824229028659,11:42,未纳入,中性,自动映射到抖音视频评论池。,,false
2026-05-15,longge,抖音评论 11:42,第一,,,,否,video_id=7639958622008737915; video_url=https://www.douyin.com/video/7639958622008737915; creator=阿龙闯大A📈; like=0; reply=0; source_type=comment; yeren_signal_id=; parent_comment_text=,11:42,抖音评论,video,呼叫万手哥，帮忙拉一拉。#股票 #股民 #vlgo十亿流量扶持计划,大刚子,7639958622008737915,https://www.douyin.com/video/7639958622008737915,,7639958810862240527,11:42,未纳入,中性,自动映射到抖音视频评论池。,,false
2026-05-15,longge,抖音评论 12:05,中国长城，套了20%[捂脸],,,,否,video_id=7639958622008737915; video_url=https://www.douyin.com/video/7639958622008737915; creator=阿龙闯大A📈; like=0; reply=4; source_type=comment; yeren_signal_id=; parent_comment_text=,12:05,抖音评论,video,呼叫万手哥，帮忙拉一拉。#股票 #股民 #vlgo十亿流量扶持计划,小桥流水人家,7639958622008737915,https://www.douyin.com/video/7639958622008737915,,7639964731113014022,12:05,未纳入,中性,自动映射到抖音视频评论池。,,false
2026-05-15,longge,抖音评论 13:21,什么票啊,,,,否,video_id=7639958622008737915; video_url=https://www.douyin.com/video/7639958622008737915; creator=阿龙闯大A📈; like=0; reply=0; source_type=comment; yeren_signal_id=; parent_comment_text=,13:21,抖音评论,video,呼叫万手哥，帮忙拉一拉。#股票 #股民 #vlgo十亿流量扶持计划,Gai溜子,7639958622008737915,https://www.douyin.com/video/7639958622008737915,,7639984288519848761,13:21,未纳入,中性,自动映射到抖音视频评论池。,,false
2026-05-15,longge,抖音评论 14:23,"[看]分析师来了：
早盘大幅下杀。散户纷纷抄底[看]
明显看得出来。散户比主力入场的份额多。上午收尾翻红。散户纷纷跑步进厂抄底。下午狂跌。散户T+1跑不了。总结。下周一上午还得杀。",,,,否,video_id=7639958622008737915; video_url=https://www.douyin.com/video/7639958622008737915; creator=阿龙闯大A📈; like=1; reply=2; source_type=comment; yeren_signal_id=; parent_comment_text=,14:23,抖音评论,video,呼叫万手哥，帮忙拉一拉。#股票 #股民 #vlgo十亿流量扶持计划,酒保大叔、,7639958622008737915,https://www.douyin.com/video/7639958622008737915,,7640000392759329594,14:23,未纳入,中性,自动映射到抖音视频评论池。,,false
2026-05-15,longge,抖音评论 13:11,救救孩子吧，能拉一下安泰集团吗，谢谢,安泰集团(600408),,安泰集团(600408) 被提及 1 次，有效评论 1 条，来源 1 个，单视频线索，情绪 中性，当前判断：保留观察。,待确认,video_id=7639958622008737915; video_url=https://www.douyin.com/video/7639958622008737915; creator=阿龙闯大A📈; like=0; reply=0; source_type=comment; yeren_signal_id=; parent_comment_text=,13:11,抖音评论,video,呼叫万手哥，帮忙拉一拉。#股票 #股民 #vlgo十亿流量扶持计划,醉生梦死,7639958622008737915,https://www.douyin.com/video/7639958622008737915,,7639981792531923755,13:11,待确认,中性,自动映射到抖音视频评论池。,6.4,false
2026-05-15,longge,抖音评论 14:44,600736兄弟们冲啊，我已经被套到脖子了[流泪],苏州高新(600736),,苏州高新(600736) 被提及 3 次，有效评论 3 条，来源 1 个，单视频线索，情绪 谨慎，当前判断：偏风险观察。,否,video_id=7639958622008737915; video_url=https://www.douyin.com/video/7639958622008737915; creator=阿龙闯大A📈; like=1; reply=0; source_type=comment; yeren_signal_id=; parent_comment_text=,14:44,抖音评论,video,呼叫万手哥，帮忙拉一拉。#股票 #股民 #vlgo十亿流量扶持计划,玄月·清十七,7639958622008737915,https://www.douyin.com/video/7639958622008737915,,7640005829084594981,14:44,未纳入,谨慎,自动映射到抖音视频评论池。,6.7,false
2026-05-15,longge,抖音评论 14:12,买了高德红外 要死不活的,高德红外(002414),,高德红外(002414) 被提及 1 次，有效评论 1 条，来源 1 个，单视频线索，情绪 看多，当前判断：保留观察。,待确认,video_id=7639958622008737915; video_url=https://www.douyin.com/video/7639958622008737915; creator=阿龙闯大A📈; like=0; reply=0; source_type=comment; yeren_signal_id=; parent_comment_text=,14:12,抖音评论,video,呼叫万手哥，帮忙拉一拉。#股票 #股民 #vlgo十亿流量扶持计划,苘箐檾璚暒,7639958622008737915,https://www.douyin.com/video/7639958622008737915,,7639997436199535417,14:12,待确认,看多,自动映射到抖音视频评论池。,6.4,false
2026-05-15,yege,抖音评论 11:39,野哥抖音视频｜方向：｜谨慎/风控｜大盘洗盘导致部分投资者被震出，作者强调应去弱留强，按交易系统执行。他认为卖了是为了买更好的，只要挣钱，什么时候下车都对。然而，现在盘面难以捉摸，作者仅略有盈利。｜规则：去弱留强，弱势票降级或换强。；等待回踩承接，不追涨。；先写清仓位、失效位和止盈止损。；仓位跟随大盘和情绪周期调整。,,交易纪律,评论热度较高，但暂未自动识别到明确股票线索，保留人工复核。,待确认,video_id=7639958117740458100; video_url=https://www.douyin.com/video/7639958117740458100; creator=全能的野人; like=13; reply=0; source_type=yeren_video_signal; yeren_signal_id=7639958117740458100_discipline; parent_comment_text=,11:39,抖音视频,video,5月15日中午#金融 #财经 #股票#股市#股民,全能的野人,7639958117740458100,https://www.douyin.com/video/7639958117740458100,,yeren_douyin_7639958117740458100_discipline,11:39,待确认,中性,野哥抖音视频方向/个股线索，自动映射到评论聚合池。,6.4,false
2026-05-15,longge,抖音评论 未标注时间,朋友,,,,否,video_id=7639958622008737915; video_url=https://www.douyin.com/video/7639958622008737915; creator=阿龙闯大A📈; like=0; reply=0; source_type=reply; yeren_signal_id=; parent_comment_text=宏昌高开7个点怎么样，大业股份昨天解放左侧阴顶，今天涨停缩量过左峰，下午2.30在选一个，拿先手，一招就够用了。,--:--,抖音评论,video,呼叫万手哥，帮忙拉一拉。#股票 #股民 #vlgo十亿流量扶持计划,阿龙闯大A📈,7639958622008737915,https://www.douyin.com/video/7639958622008737915,,7639959006961730353_browser_reply_1,--:--,未纳入,中性,自动映射到抖音视频评论池。,,false
2026-05-15,longge,抖音评论 未标注时间,1960 大智若愚（阿中）,,,,否,video_id=7639958622008737915; video_url=https://www.douyin.com/video/7639958622008737915; creator=阿龙闯大A📈; like=0; reply=0; source_type=reply; yeren_signal_id=; parent_comment_text=宏昌高开7个点怎么样，大业股份昨天解放左侧阴顶，今天涨停缩量过左峰，下午2.30在选一个，拿先手，一招就够用了。,--:--,抖音评论,video,呼叫万手哥，帮忙拉一拉。#股票 #股民 #vlgo十亿流量扶持计划,阿龙闯大A📈,7639958622008737915,https://www.douyin.com/video/7639958622008737915,,7639959006961730353_browser_reply_2,--:--,未纳入,中性,自动映射到抖音视频评论池。,,false
2026-05-15,longge,抖音评论 未标注时间,大智若愚（阿中）,,,,否,video_id=7639958622008737915; video_url=https://www.douyin.com/video/7639958622008737915; creator=阿龙闯大A📈; like=0; reply=0; source_type=reply; yeren_signal_id=; parent_comment_text=宏昌高开7个点怎么样，大业股份昨天解放左侧阴顶，今天涨停缩量过左峰，下午2.30在选一个，拿先手，一招就够用了。,--:--,抖音评论,video,呼叫万手哥，帮忙拉一拉。#股票 #股民 #vlgo十亿流量扶持计划,阿龙闯大A📈,7639958622008737915,https://www.douyin.com/video/7639958622008737915,,7639959006961730353_browser_reply_3,--:--,未纳入,中性,自动映射到抖音视频评论池。,,false
2026-05-15,longge,抖音评论 未标注时间,00:27,,,,否,video_id=7639958622008737915; video_url=https://www.douyin.com/video/7639958622008737915; creator=阿龙闯大A📈; like=0; reply=0; source_type=reply; yeren_signal_id=; parent_comment_text=宏昌高开7个点怎么样，大业股份昨天解放左侧阴顶，今天涨停缩量过左峰，下午2.30在选一个，拿先手，一招就够用了。,--:--,抖音评论,video,呼叫万手哥，帮忙拉一拉。#股票 #股民 #vlgo十亿流量扶持计划,阿龙闯大A📈,7639958622008737915,https://www.douyin.com/video/7639958622008737915,,7639959006961730353_browser_reply_4,--:--,未纳入,中性,自动映射到抖音视频评论池。,,false
2026-05-15,longge,抖音评论 未标注时间,我的,,,,否,video_id=7639958622008737915; video_url=https://www.douyin.com/video/7639958622008737915; creator=阿龙闯大A📈; like=0; reply=0; source_type=reply; yeren_signal_id=; parent_comment_text=宏昌高开7个点怎么样，大业股份昨天解放左侧阴顶，今天涨停缩量过左峰，下午2.30在选一个，拿先手，一招就够用了。,--:--,抖音评论,video,呼叫万手哥，帮忙拉一拉。#股票 #股民 #vlgo十亿流量扶持计划,阿龙闯大A📈,7639958622008737915,https://www.douyin.com/video/7639958622008737915,,7639959006961730353_browser_reply_5,--:--,未纳入,中性,自动映射到抖音视频评论池。,,false
2026-05-15,longge,抖音评论 未标注时间,04:18 车速有点快，得扶稳坐好。 #股票 #创业板 #科创板 8322 投机大拿,大业股份(603278),,大业股份(603278) 被提及 4 次，有效评论 4 条，来源 1 个，单视频线索，情绪 看多，当前判断：已进入推荐候选。,是,video_id=7639958622008737915; video_url=https://www.douyin.com/video/7639958622008737915; creator=阿龙闯大A📈; like=0; reply=0; source_type=reply; yeren_signal_id=; parent_comment_text=宏昌高开7个点怎么样，大业股份昨天解放左侧阴顶，今天涨停缩量过左峰，下午2.30在选一个，拿先手，一招就够用了。,--:--,抖音评论,video,呼叫万手哥，帮忙拉一拉。#股票 #股民 #vlgo十亿流量扶持计划,阿龙闯大A📈,7639958622008737915,https://www.douyin.com/video/7639958622008737915,,7639959006961730353_browser_reply_6,--:--,已纳入,看多,自动映射到抖音视频评论池。,8.4,true
2026-05-15,longge,抖音评论 未标注时间,04:18,,,,否,video_id=7639958622008737915; video_url=https://www.douyin.com/video/7639958622008737915; creator=阿龙闯大A📈; like=0; reply=0; source_type=reply; yeren_signal_id=; parent_comment_text=宏昌高开7个点怎么样，大业股份昨天解放左侧阴顶，今天涨停缩量过左峰，下午2.30在选一个，拿先手，一招就够用了。,--:--,抖音评论,video,呼叫万手哥，帮忙拉一拉。#股票 #股民 #vlgo十亿流量扶持计划,阿龙闯大A📈,7639958622008737915,https://www.douyin.com/video/7639958622008737915,,7639959006961730353_browser_reply_7,--:--,未纳入,中性,自动映射到抖音视频评论池。,,false
2026-05-15,longge,抖音评论 未标注时间,车速有点快，得扶稳坐好。 #股票 #创业板 #科创板 8322 投机大拿,大业股份(603278),,大业股份(603278) 被提及 4 次，有效评论 4 条，来源 1 个，单视频线索，情绪 看多，当前判断：已进入推荐候选。,是,video_id=7639958622008737915; video_url=https://www.douyin.com/video/7639958622008737915; creator=阿龙闯大A📈; like=0; reply=0; source_type=reply; yeren_signal_id=; parent_comment_text=宏昌高开7个点怎么样，大业股份昨天解放左侧阴顶，今天涨停缩量过左峰，下午2.30在选一个，拿先手，一招就够用了。,--:--,抖音评论,video,呼叫万手哥，帮忙拉一拉。#股票 #股民 #vlgo十亿流量扶持计划,阿龙闯大A📈,7639958622008737915,https://www.douyin.com/video/7639958622008737915,,7639959006961730353_browser_reply_8,--:--,已纳入,看多,自动映射到抖音视频评论池。,8.4,true
2026-05-15,longge,抖音评论 未标注时间,车速有点快，得扶稳坐好。 #股票 #创业板 #科创板,,,,否,video_id=7639958622008737915; video_url=https://www.douyin.com/video/7639958622008737915; creator=阿龙闯大A📈; like=0; reply=0; source_type=reply; yeren_signal_id=; parent_comment_text=宏昌高开7个点怎么样，大业股份昨天解放左侧阴顶，今天涨停缩量过左峰，下午2.30在选一个，拿先手，一招就够用了。,--:--,抖音评论,video,呼叫万手哥，帮忙拉一拉。#股票 #股民 #vlgo十亿流量扶持计划,阿龙闯大A📈,7639958622008737915,https://www.douyin.com/video/7639958622008737915,,7639959006961730353_browser_reply_9,--:--,未纳入,中性,自动映射到抖音视频评论池。,,false
2026-05-15,longge,抖音评论 未标注时间,车速有点快，得扶稳坐好。,,,,否,video_id=7639958622008737915; video_url=https://www.douyin.com/video/7639958622008737915; creator=阿龙闯大A📈; like=0; reply=0; source_type=reply; yeren_signal_id=; parent_comment_text=宏昌高开7个点怎么样，大业股份昨天解放左侧阴顶，今天涨停缩量过左峰，下午2.30在选一个，拿先手，一招就够用了。,--:--,抖音评论,video,呼叫万手哥，帮忙拉一拉。#股票 #股民 #vlgo十亿流量扶持计划,阿龙闯大A📈,7639958622008737915,https://www.douyin.com/video/7639958622008737915,,7639959006961730353_browser_reply_10,--:--,未纳入,中性,自动映射到抖音视频评论池。,,false
2026-05-15,longge,抖音评论 未标注时间,#股票 #创业板 #科创板,,,,否,video_id=7639958622008737915; video_url=https://www.douyin.com/video/7639958622008737915; creator=阿龙闯大A📈; like=0; reply=0; source_type=reply; yeren_signal_id=; parent_comment_text=宏昌高开7个点怎么样，大业股份昨天解放左侧阴顶，今天涨停缩量过左峰，下午2.30在选一个，拿先手，一招就够用了。,--:--,抖音评论,video,呼叫万手哥，帮忙拉一拉。#股票 #股民 #vlgo十亿流量扶持计划,阿龙闯大A📈,7639958622008737915,https://www.douyin.com/video/7639958622008737915,,7639959006961730353_browser_reply_11,--:--,未纳入,中性,自动映射到抖音视频评论池。,,false
2026-05-15,longge,抖音评论 未标注时间,直播,,,,否,video_id=7639958622008737915; video_url=https://www.douyin.com/video/7639958622008737915; creator=阿龙闯大A📈; like=0; reply=0; source_type=reply; yeren_signal_id=; parent_comment_text=宏昌高开7个点怎么样，大业股份昨天解放左侧阴顶，今天涨停缩量过左峰，下午2.30在选一个，拿先手，一招就够用了。,--:--,抖音评论,video,呼叫万手哥，帮忙拉一拉。#股票 #股民 #vlgo十亿流量扶持计划,阿龙闯大A📈,7639958622008737915,https://www.douyin.com/video/7639958622008737915,,7639959006961730353_browser_reply_12,--:--,未纳入,中性,自动映射到抖音视频评论池。,,false
