date,source,comment_source,content,mentioned_stocks,mentioned_sectors,value_reason,include_in_logic,note,time,platform,parent_type,parent_title,commenter,parent_id,parent_url,parent_cover,comment_id,comment_time,include_status,sentiment,action_note,value_score,is_selected
2026-05-13,yege,同花顺评论备份 17:14,帖子评论量备份：926 条。帖子摘要：那些纯造谣我的，都点点小手。我买卖自由，你们也是，买卖自由，你们想干啥就干啥。我想减就减，我想做t就做t ，盈亏自负，我免费分享的人给那些不是粉丝的人造谣欺负了。就是你们粉丝的无能。不要吵架。我们人这么多和他把我欺负了？？,,交易动作;风险提示,文本包含买入、进场、加仓、低吸、锁仓或试错等动作词。；文本包含被套、解套、风险、盈亏自负等风控词。,待确认,post_id=2343840661; media=,,,,,,,,,,,,,,,
2026-05-13,yege,同花顺评论备份 14:59,帖子评论量备份：775 条。帖子摘要：圣阳股份(002580)  利通电子(603629)  浙江世宝(002703)  不符合我预期的我都减一点。没有做t昂。突然觉得没意思了。今天心情不好。就这样吧！emmm了,圣阳股份(002580);利通电子(603629);浙江世宝(002703),含图片/截图核对;个股相关;野哥同花顺逻辑;储能;铅酸电池,动态包含图片，可能有交易截图，需人工点开核对。；同花顺选股逻辑命中：THS-01 要信早信，无先手不追高；THS-01 要信早信，无先手不追高；THS-06 二次回踩看承接。,待确认,post_id=2343791794; media=/media/2026-05-13/yege/daily_01_1459_2343791794.jpg,,,,,,,,,,,,,,,
2026-05-13,yege,同花顺评论备份 14:50,帖子评论量备份：530 条。帖子摘要：润泽科技(300442)  合力泰(002217)  天华新能(300390)  今天下午急得要死。大盘涨疯了，手上的在画心电图。今天都没有跑赢你们。很无语,润泽科技(300442);合力泰(002217);天华新能(300390),含图片/截图核对;个股相关;野哥同花顺逻辑;AIDC;数据中心;消费电子;光学光电子;锂电材料,动态包含图片，可能有交易截图，需人工点开核对。；同花顺选股逻辑命中：THS-01 要信早信，无先手不追高。,待确认,post_id=2343774343; media=/media/2026-05-13/yege/daily_02_1450_2343774343.jpg,,,,,,,,,,,,,,,
2026-05-13,yege,同花顺评论备份 13:06,帖子评论量备份：867 条。帖子摘要：润泽科技(300442)  良信股份(002706)  啊呀我的粉丝真牛，16000白亿也是我粉丝抬轿子拉的。哈哈哈。菜就多练，别废口舌。aidc快点起飞。,润泽科技(300442);良信股份(002706),含图片/截图核对;个股相关;野哥同花顺逻辑;AIDC;数据中心;低压电器,动态包含图片，可能有交易截图，需人工点开核对。；同花顺选股逻辑命中：THS-01 要信早信，无先手不追高。,待确认,post_id=2343525166; media=/media/2026-05-13/yege/daily_03_1306_2343525166.jpg,,,,,,,,,,,,,,,
2026-05-13,yege,同花顺评论备份 10:57,"帖子评论量备份：749 条。帖子摘要：润泽科技(300442)  userId:104717706,userName:社区小助手",润泽科技(300442),含图片/截图核对;个股相关;野哥同花顺逻辑;AIDC;数据中心,动态包含图片，可能有交易截图，需人工点开核对。；同花顺选股逻辑命中：THS-01 要信早信，无先手不追高。,待确认,post_id=2343412337; media=/media/2026-05-13/yege/daily_01_1057_2343412337.jpg;/media/2026-05-13/yege/daily_04_1057_2343412337.jpg,,,,,,,,,,,,,,,
2026-05-13,yege,同花顺评论备份 09:34,帖子评论量备份：893 条。帖子摘要：良信股份(002706)  合力泰(002217)  天华新能(300390)  一手？？？？,良信股份(002706);合力泰(002217);天华新能(300390),含图片/截图核对;个股相关;低压电器;AIDC;消费电子;光学光电子;锂电材料,动态包含图片，可能有交易截图，需人工点开核对。,待确认,post_id=2343175931; media=/media/2026-05-13/yege/daily_02_0934_2343175931.jpg;/media/2026-05-13/yege/daily_05_0934_2343175931.jpg,,,,,,,,,,,,,,,
2026-05-13,yege,同花顺评论备份 09:26,帖子评论量备份：280 条。帖子摘要：良信股份(002706)  我只认资金。别跟我扯那些没用的。,良信股份(002706),含图片/截图核对;个股相关;低压电器;AIDC,动态包含图片，可能有交易截图，需人工点开核对。,待确认,post_id=2343162513; media=/media/2026-05-13/yege/daily_03_0926_2343162513.jpg;/media/2026-05-13/yege/daily_06_0926_2343162513.jpg,,,,,,,,,,,,,,,
2026-05-13,yege,同花顺评论备份 09:07,帖子评论量备份：271 条。帖子摘要：今天看好储能电池板块，半导体需要规避。,,,同花顺帖子备份，需结合截图和评论热度人工复核。,待确认,post_id=2343140590; media=,,,,,,,,,,,,,,,
2026-05-13,yege,同花顺评论备份 08:24,帖子评论量备份：0 条。帖子摘要：大唐发电(601991)  合力泰(002217)  你到底是什么意思，这个节点，你这样说。我们这样说肯定不被允许。你们明目张胆的说，这样好吗。辛亏我手上的都是低价股。不过也心里不舒服。,合力泰(002217);大唐发电(601991),含图片/截图核对;个股相关;野哥同花顺逻辑;消费电子;光学光电子;电力,动态包含图片，可能有交易截图，需人工点开核对。；同花顺选股逻辑命中：THS-01 要信早信，无先手不追高。,待确认,post_id=2343133276; media=/media/2026-05-13/yege/alert_01_0824_2343133276.jpg;/media/2026-05-13/yege/daily_01_0824_2343133276.jpg;/media/2026-05-13/yege/daily_04_0824_2343133276.jpg;/media/2026-05-13/yege/daily_07_0824_2343133276.jpg,,,,,,,,,,,,,,,
2026-05-13,wangduoyu,抖音评论 08:44,002428,云南锗业(002428),小金属;半导体材料,云南锗业(002428) 被提及 1 次，有效评论 1 条，来源 1 个，单视频线索，情绪 中性，当前判断：保留观察。,待确认,video_id=7639151315713620465; video_url=https://www.douyin.com/video/7639151315713620465; creator=王多于-股之子; like=1; reply=4; source_type=comment; parent_comment_text=,08:44,抖音评论,video,锁仓一天是什么体验#内容过于真实 #股民 #基金 #王多于股之子 #vlog十亿流量扶持计划,Good,7639151315713620465,https://www.douyin.com/video/7639151315713620465,,7639170873425412874,08:44,待确认,中性,自动映射到抖音视频评论池。,6.4,false
2026-05-13,wangduoyu,抖音评论 07:51,长江证券今天涨停,长江证券(000783),证券,长江证券(000783) 被提及 1 次，有效评论 1 条，来源 1 个，单视频线索，情绪 看多，当前判断：保留观察。,待确认,video_id=7639151315713620465; video_url=https://www.douyin.com/video/7639151315713620465; creator=王多于-股之子; like=3; reply=5; source_type=comment; parent_comment_text=,07:51,抖音评论,video,锁仓一天是什么体验#内容过于真实 #股民 #基金 #王多于股之子 #vlog十亿流量扶持计划,雨天,7639151315713620465,https://www.douyin.com/video/7639151315713620465,,7639157152427524913,07:51,待确认,看多,自动映射到抖音视频评论池。,6.4,false
2026-05-13,wangduoyu,抖音评论 07:33,今天大低开高走，问题不大，大问题在明天，003022今天看看,联泓新科(003022),化工新材料,联泓新科(003022) 被提及 6 次，有效评论 6 条，来源 1 个，单视频线索，情绪 中性，当前判断：已进入推荐候选。,是,video_id=7639151315713620465; video_url=https://www.douyin.com/video/7639151315713620465; creator=王多于-股之子; like=4; reply=6; source_type=comment; parent_comment_text=,07:33,抖音评论,video,锁仓一天是什么体验#内容过于真实 #股民 #基金 #王多于股之子 #vlog十亿流量扶持计划,栾川九十度装饰,7639151315713620465,https://www.douyin.com/video/7639151315713620465,,7639152671995462435,07:33,已纳入,中性,自动映射到抖音视频评论池。,9.2,true
2026-05-13,wangduoyu,抖音评论 07:30,应该不会跌 没理由跌 没道理跌,,,,否,video_id=7639151315713620465; video_url=https://www.douyin.com/video/7639151315713620465; creator=王多于-股之子; like=2; reply=4; source_type=comment; parent_comment_text=,07:30,抖音评论,video,锁仓一天是什么体验#内容过于真实 #股民 #基金 #王多于股之子 #vlog十亿流量扶持计划,王多于-股之子,7639151315713620465,https://www.douyin.com/video/7639151315713620465,,7639151824443949873,07:30,未纳入,中性,自动映射到抖音视频评论池。,,false
2026-05-13,wangduoyu,抖音评论 08:57,zgcc，ycm[思考],,,,否,video_id=7639151315713620465; video_url=https://www.douyin.com/video/7639151315713620465; creator=王多于-股之子; like=0; reply=4; source_type=comment; parent_comment_text=,08:57,抖音评论,video,锁仓一天是什么体验#内容过于真实 #股民 #基金 #王多于股之子 #vlog十亿流量扶持计划,pcx,7639151315713620465,https://www.douyin.com/video/7639151315713620465,,7639174163102958346,08:57,未纳入,中性,自动映射到抖音视频评论池。,,false
2026-05-13,wangduoyu,抖音评论 07:43,全仓存储，今天完了[泪奔],,,,否,video_id=7639151315713620465; video_url=https://www.douyin.com/video/7639151315713620465; creator=王多于-股之子; like=1; reply=0; source_type=comment; parent_comment_text=,07:43,抖音评论,video,锁仓一天是什么体验#内容过于真实 #股民 #基金 #王多于股之子 #vlog十亿流量扶持计划,長 乐.,7639151315713620465,https://www.douyin.com/video/7639151315713620465,,7639155259675853587,07:43,未纳入,中性,自动映射到抖音视频评论池。,,false
2026-05-13,wangduoyu,抖音评论 08:50,收盘打开一看   涨停了  然后  又回到水下了[呲牙][呲牙][呲牙],,,,否,video_id=7639151315713620465; video_url=https://www.douyin.com/video/7639151315713620465; creator=王多于-股之子; like=0; reply=0; source_type=comment; parent_comment_text=,08:50,抖音评论,video,锁仓一天是什么体验#内容过于真实 #股民 #基金 #王多于股之子 #vlog十亿流量扶持计划,邓大嗓,7639151315713620465,https://www.douyin.com/video/7639151315713620465,,7639172511376147237,08:50,未纳入,中性,自动映射到抖音视频评论池。,,false
2026-05-13,wangduoyu,抖音评论 08:41,我也锁仓睡觉去了，节能涨停踢我一下,,,,否,video_id=7639151315713620465; video_url=https://www.douyin.com/video/7639151315713620465; creator=王多于-股之子; like=0; reply=0; source_type=comment; parent_comment_text=,08:41,抖音评论,video,锁仓一天是什么体验#内容过于真实 #股民 #基金 #王多于股之子 #vlog十亿流量扶持计划,拒绝油腻,7639151315713620465,https://www.douyin.com/video/7639151315713620465,,7639169963316986681,08:41,未纳入,中性,自动映射到抖音视频评论池。,,false
2026-05-13,wangduoyu,抖音评论 08:09,黄毛来了，平潭要发展了,,,,否,video_id=7639151315713620465; video_url=https://www.douyin.com/video/7639151315713620465; creator=王多于-股之子; like=4; reply=2; source_type=comment; parent_comment_text=,08:09,抖音评论,video,锁仓一天是什么体验#内容过于真实 #股民 #基金 #王多于股之子 #vlog十亿流量扶持计划,Z9.,7639151315713620465,https://www.douyin.com/video/7639151315713620465,,7639161779687605019,08:09,未纳入,中性,自动映射到抖音视频评论池。,,false
2026-05-13,wangduoyu,抖音评论 09:12,大哥，你锁啥仓,,,,否,video_id=7639151315713620465; video_url=https://www.douyin.com/video/7639151315713620465; creator=王多于-股之子; like=0; reply=1; source_type=comment; parent_comment_text=,09:12,抖音评论,video,锁仓一天是什么体验#内容过于真实 #股民 #基金 #王多于股之子 #vlog十亿流量扶持计划,叶业,7639151315713620465,https://www.douyin.com/video/7639151315713620465,,7639178025527591743,09:12,未纳入,中性,自动映射到抖音视频评论池。,,false
2026-05-13,wangduoyu,抖音评论 07:30,别，哥你别锁啊 我记得你上次锁的时候是大跌特跌[流泪][流泪],,,评论热度较高，但暂未自动识别到明确股票线索，保留人工复核。,待确认,video_id=7639151315713620465; video_url=https://www.douyin.com/video/7639151315713620465; creator=王多于-股之子; like=22; reply=9; source_type=comment; parent_comment_text=,07:30,抖音评论,video,锁仓一天是什么体验#内容过于真实 #股民 #基金 #王多于股之子 #vlog十亿流量扶持计划,🌵,7639151315713620465,https://www.douyin.com/video/7639151315713620465,,7639151741112861440,07:30,待确认,中性,自动映射到抖音视频评论池。,6.2,false
2026-05-13,wangduoyu,抖音评论 08:35,完蛋了，锁仓了，开盘赶紧清仓。,,,,否,video_id=7639151315713620465; video_url=https://www.douyin.com/video/7639151315713620465; creator=王多于-股之子; like=1; reply=0; source_type=comment; parent_comment_text=,08:35,抖音评论,video,锁仓一天是什么体验#内容过于真实 #股民 #基金 #王多于股之子 #vlog十亿流量扶持计划,T。,7639151315713620465,https://www.douyin.com/video/7639151315713620465,,7639168639229150004,08:35,未纳入,中性,自动映射到抖音视频评论池。,,false
2026-05-13,wangduoyu,抖音评论 09:09,你一锁仓就亏，你又锁[捂脸]，赶紧给我拿出来[感谢],,,,否,video_id=7639151315713620465; video_url=https://www.douyin.com/video/7639151315713620465; creator=王多于-股之子; like=4; reply=0; source_type=comment; parent_comment_text=,09:09,抖音评论,video,锁仓一天是什么体验#内容过于真实 #股民 #基金 #王多于股之子 #vlog十亿流量扶持计划,泇涵🥳🌸🌈,7639151315713620465,https://www.douyin.com/video/7639151315713620465,,7639177170900796217,09:09,未纳入,中性,自动映射到抖音视频评论池。,,false
2026-05-13,wangduoyu,抖音评论 08:52,我又刷到你锁仓，每次锁都不妙,,,,否,video_id=7639151315713620465; video_url=https://www.douyin.com/video/7639151315713620465; creator=王多于-股之子; like=0; reply=0; source_type=comment; parent_comment_text=,08:52,抖音评论,video,锁仓一天是什么体验#内容过于真实 #股民 #基金 #王多于股之子 #vlog十亿流量扶持计划,等什么,7639151315713620465,https://www.douyin.com/video/7639151315713620465,,7639172818244862774,08:52,未纳入,中性,自动映射到抖音视频评论池。,,false
2026-05-13,wangduoyu,抖音评论 08:47,韶能再次造势 准备站上山巅,,,,否,video_id=7639151315713620465; video_url=https://www.douyin.com/video/7639151315713620465; creator=王多于-股之子; like=0; reply=1; source_type=comment; parent_comment_text=,08:47,抖音评论,video,锁仓一天是什么体验#内容过于真实 #股民 #基金 #王多于股之子 #vlog十亿流量扶持计划,万里晴空,7639151315713620465,https://www.douyin.com/video/7639151315713620465,,7639171687804158763,08:47,未纳入,中性,自动映射到抖音视频评论池。,,false
2026-05-13,wangduoyu,抖音评论 08:38,今天大盘绿了 找人干你[微笑],,,,否,video_id=7639151315713620465; video_url=https://www.douyin.com/video/7639151315713620465; creator=王多于-股之子; like=3; reply=3; source_type=comment; parent_comment_text=,08:38,抖音评论,video,锁仓一天是什么体验#内容过于真实 #股民 #基金 #王多于股之子 #vlog十亿流量扶持计划,Douᰔᩚ  包,7639151315713620465,https://www.douyin.com/video/7639151315713620465,,7639169365938602803,08:38,未纳入,中性,自动映射到抖音视频评论池。,,false
2026-05-13,wangduoyu,抖音评论 08:08,"北京特产，求推荐
中华也有，求推荐",,,评论热度较高，但暂未自动识别到明确股票线索，保留人工复核。,待确认,video_id=7639151315713620465; video_url=https://www.douyin.com/video/7639151315713620465; creator=王多于-股之子; like=2; reply=18; source_type=comment; parent_comment_text=,08:08,抖音评论,video,锁仓一天是什么体验#内容过于真实 #股民 #基金 #王多于股之子 #vlog十亿流量扶持计划,一生卜变,7639151315713620465,https://www.douyin.com/video/7639151315713620465,,7639161477974229769,08:08,待确认,中性,自动映射到抖音视频评论池。,6.2,false
2026-05-13,wangduoyu,抖音评论 08:57,昨天红94  今天不想亏,,,,否,video_id=7639151315713620465; video_url=https://www.douyin.com/video/7639151315713620465; creator=王多于-股之子; like=0; reply=0; source_type=comment; parent_comment_text=,08:57,抖音评论,video,锁仓一天是什么体验#内容过于真实 #股民 #基金 #王多于股之子 #vlog十亿流量扶持计划,大富婆,7639151315713620465,https://www.douyin.com/video/7639151315713620465,,7639174201437537064,08:57,未纳入,中性,自动映射到抖音视频评论池。,,false
2026-05-13,wangduoyu,抖音评论 08:30,老乡啊，刷住你锁仓4次，亏了4次[看],,,,否,video_id=7639151315713620465; video_url=https://www.douyin.com/video/7639151315713620465; creator=王多于-股之子; like=6; reply=0; source_type=comment; parent_comment_text=,08:30,抖音评论,video,锁仓一天是什么体验#内容过于真实 #股民 #基金 #王多于股之子 #vlog十亿流量扶持计划,就这样,7639151315713620465,https://www.douyin.com/video/7639151315713620465,,7639167252348846854,08:30,未纳入,中性,自动映射到抖音视频评论池。,,false
2026-05-13,wangduoyu,抖音评论 09:05,锁一定要在前一天收盘前发[捂脸],,,,否,video_id=7639151315713620465; video_url=https://www.douyin.com/video/7639151315713620465; creator=王多于-股之子; like=1; reply=0; source_type=comment; parent_comment_text=,09:05,抖音评论,video,锁仓一天是什么体验#内容过于真实 #股民 #基金 #王多于股之子 #vlog十亿流量扶持计划,可可患者,7639151315713620465,https://www.douyin.com/video/7639151315713620465,,7639176183959585587,09:05,未纳入,中性,自动映射到抖音视频评论池。,,false
2026-05-13,wangduoyu,抖音评论 09:09,你不要锁阿[流泪],,,,否,video_id=7639151315713620465; video_url=https://www.douyin.com/video/7639151315713620465; creator=王多于-股之子; like=0; reply=0; source_type=comment; parent_comment_text=,09:09,抖音评论,video,锁仓一天是什么体验#内容过于真实 #股民 #基金 #王多于股之子 #vlog十亿流量扶持计划,💋思钱₍˄·͈༝·͈˄*₎◞ ̑̑想厚,7639151315713620465,https://www.douyin.com/video/7639151315713620465,,7639177335249617722,09:09,未纳入,中性,自动映射到抖音视频评论池。,,false
2026-05-13,wangduoyu,抖音评论 08:54,上午10点，盒子摔稀碎,,,,否,video_id=7639151315713620465; video_url=https://www.douyin.com/video/7639151315713620465; creator=王多于-股之子; like=1; reply=0; source_type=comment; parent_comment_text=,08:54,抖音评论,video,锁仓一天是什么体验#内容过于真实 #股民 #基金 #王多于股之子 #vlog十亿流量扶持计划,愤怒的子弹头,7639151315713620465,https://www.douyin.com/video/7639151315713620465,,7639173500473901843,08:54,未纳入,中性,自动映射到抖音视频评论池。,,false
2026-05-13,wangduoyu,抖音评论 07:45,你为啥非得等老特来的时锁仓，听哥的，赶紧拿出来,,,,否,video_id=7639151315713620465; video_url=https://www.douyin.com/video/7639151315713620465; creator=王多于-股之子; like=1; reply=0; source_type=comment; parent_comment_text=,07:45,抖音评论,video,锁仓一天是什么体验#内容过于真实 #股民 #基金 #王多于股之子 #vlog十亿流量扶持计划,《《莫明》》,7639151315713620465,https://www.douyin.com/video/7639151315713620465,,7639155618200929030,07:45,未纳入,中性,自动映射到抖音视频评论池。,,false
2026-05-13,wangduoyu,抖音评论 08:28,你别锁啊，求求了,,,,否,video_id=7639151315713620465; video_url=https://www.douyin.com/video/7639151315713620465; creator=王多于-股之子; like=0; reply=0; source_type=comment; parent_comment_text=,08:28,抖音评论,video,锁仓一天是什么体验#内容过于真实 #股民 #基金 #王多于股之子 #vlog十亿流量扶持计划,Halo Lotus,7639151315713620465,https://www.douyin.com/video/7639151315713620465,,7639166609626333961,08:28,未纳入,中性,自动映射到抖音视频评论池。,,false
2026-05-13,wangduoyu,抖音评论 09:09,今天可不能锁呀[呲牙],,,,否,video_id=7639151315713620465; video_url=https://www.douyin.com/video/7639151315713620465; creator=王多于-股之子; like=0; reply=0; source_type=comment; parent_comment_text=,09:09,抖音评论,video,锁仓一天是什么体验#内容过于真实 #股民 #基金 #王多于股之子 #vlog十亿流量扶持计划,我也有一个梦想,7639151315713620465,https://www.douyin.com/video/7639151315713620465,,7639177323451515697,09:09,未纳入,中性,自动映射到抖音视频评论池。,,false
2026-05-13,wangduoyu,抖音评论 08:41,你再锁仓，我真的呼叫滴滴代打了[酷拽],,,,否,video_id=7639151315713620465; video_url=https://www.douyin.com/video/7639151315713620465; creator=王多于-股之子; like=1; reply=0; source_type=comment; parent_comment_text=,08:41,抖音评论,video,锁仓一天是什么体验#内容过于真实 #股民 #基金 #王多于股之子 #vlog十亿流量扶持计划,玉米胡萝卜,7639151315713620465,https://www.douyin.com/video/7639151315713620465,,7639170120305443627,08:41,未纳入,中性,自动映射到抖音视频评论池。,,false
2026-05-13,wangduoyu,抖音评论 08:26,不要锁了，你哪次锁不是亏钱啊,,,评论热度较高，但暂未自动识别到明确股票线索，保留人工复核。,待确认,video_id=7639151315713620465; video_url=https://www.douyin.com/video/7639151315713620465; creator=王多于-股之子; like=13; reply=2; source_type=comment; parent_comment_text=,08:26,抖音评论,video,锁仓一天是什么体验#内容过于真实 #股民 #基金 #王多于股之子 #vlog十亿流量扶持计划,只想静静,7639151315713620465,https://www.douyin.com/video/7639151315713620465,,7639166141827629870,08:26,待确认,中性,自动映射到抖音视频评论池。,6.2,false
2026-05-13,wangduoyu,抖音评论 07:57,来吧梅花味精[图片表情],,,,否,video_id=7639151315713620465; video_url=https://www.douyin.com/video/7639151315713620465; creator=王多于-股之子; like=2; reply=4; source_type=comment; parent_comment_text=,07:57,抖音评论,video,锁仓一天是什么体验#内容过于真实 #股民 #基金 #王多于股之子 #vlog十亿流量扶持计划,勇猛大帅,7639151315713620465,https://www.douyin.com/video/7639151315713620465,,7639158714905314082,07:57,未纳入,中性,自动映射到抖音视频评论池。,,false
2026-05-13,wangduoyu,抖音评论 08:19,今天清仓就对了，锁绿有开始锁仓,,,,否,video_id=7639151315713620465; video_url=https://www.douyin.com/video/7639151315713620465; creator=王多于-股之子; like=0; reply=0; source_type=comment; parent_comment_text=,08:19,抖音评论,video,锁仓一天是什么体验#内容过于真实 #股民 #基金 #王多于股之子 #vlog十亿流量扶持计划,小龙仔,7639151315713620465,https://www.douyin.com/video/7639151315713620465,,7639164499446530831,08:19,未纳入,中性,自动映射到抖音视频评论池。,,false
2026-05-13,wangduoyu,抖音评论 07:31,看你锁仓 开盘就跑了今天[流泪],,,,否,video_id=7639151315713620465; video_url=https://www.douyin.com/video/7639151315713620465; creator=王多于-股之子; like=0; reply=0; source_type=comment; parent_comment_text=,07:31,抖音评论,video,锁仓一天是什么体验#内容过于真实 #股民 #基金 #王多于股之子 #vlog十亿流量扶持计划,Luu.,7639151315713620465,https://www.douyin.com/video/7639151315713620465,,7639152146973754175,07:31,未纳入,中性,自动映射到抖音视频评论池。,,false
2026-05-13,wangduoyu,抖音评论 09:22,你拿出来[流泪][流泪][流泪][流泪][流泪][流泪],,,,否,video_id=7639151315713620465; video_url=https://www.douyin.com/video/7639151315713620465; creator=王多于-股之子; like=0; reply=0; source_type=comment; parent_comment_text=,09:22,抖音评论,video,锁仓一天是什么体验#内容过于真实 #股民 #基金 #王多于股之子 #vlog十亿流量扶持计划,feisilebufei,7639151315713620465,https://www.douyin.com/video/7639151315713620465,,7639180753050354495,09:22,未纳入,中性,自动映射到抖音视频评论池。,,false
2026-05-13,wangduoyu,抖音评论 09:19,完了又要大跌,,,,否,video_id=7639151315713620465; video_url=https://www.douyin.com/video/7639151315713620465; creator=王多于-股之子; like=0; reply=0; source_type=comment; parent_comment_text=,09:19,抖音评论,video,锁仓一天是什么体验#内容过于真实 #股民 #基金 #王多于股之子 #vlog十亿流量扶持计划,从你的世界陆过,7639151315713620465,https://www.douyin.com/video/7639151315713620465,,7639179991012131584,09:19,未纳入,中性,自动映射到抖音视频评论池。,,false
2026-05-13,wangduoyu,抖音评论 09:18,又锁仓。。。前两次锁仓都跌了[捂脸][捂脸][捂脸],,,,否,video_id=7639151315713620465; video_url=https://www.douyin.com/video/7639151315713620465; creator=王多于-股之子; like=0; reply=0; source_type=comment; parent_comment_text=,09:18,抖音评论,video,锁仓一天是什么体验#内容过于真实 #股民 #基金 #王多于股之子 #vlog十亿流量扶持计划,T Z,7639151315713620465,https://www.douyin.com/video/7639151315713620465,,7639179587403219750,09:18,未纳入,中性,自动映射到抖音视频评论池。,,false
2026-05-13,wangduoyu,抖音评论 09:18,锁的好,,,,否,video_id=7639151315713620465; video_url=https://www.douyin.com/video/7639151315713620465; creator=王多于-股之子; like=0; reply=0; source_type=comment; parent_comment_text=,09:18,抖音评论,video,锁仓一天是什么体验#内容过于真实 #股民 #基金 #王多于股之子 #vlog十亿流量扶持计划,奇奇柯柯爱睡觉,7639151315713620465,https://www.douyin.com/video/7639151315713620465,,7639179575649485594,09:18,未纳入,中性,自动映射到抖音视频评论池。,,false
2026-05-13,wangduoyu,抖音评论 09:17,那盈利的不得注意冲高减仓了[图片表情],,,,否,video_id=7639151315713620465; video_url=https://www.douyin.com/video/7639151315713620465; creator=王多于-股之子; like=0; reply=0; source_type=comment; parent_comment_text=,09:17,抖音评论,video,锁仓一天是什么体验#内容过于真实 #股民 #基金 #王多于股之子 #vlog十亿流量扶持计划,*Z*第二支羽毛🪶,7639151315713620465,https://www.douyin.com/video/7639151315713620465,,7639179437863715642,09:17,未纳入,中性,自动映射到抖音视频评论池。,,false
2026-05-13,wangduoyu,抖音评论 09:14,找人办你,,,,否,video_id=7639151315713620465; video_url=https://www.douyin.com/video/7639151315713620465; creator=王多于-股之子; like=0; reply=0; source_type=comment; parent_comment_text=,09:14,抖音评论,video,锁仓一天是什么体验#内容过于真实 #股民 #基金 #王多于股之子 #vlog十亿流量扶持计划,且将新火试新茶,7639151315713620465,https://www.douyin.com/video/7639151315713620465,,7639178513925702454,09:14,未纳入,中性,自动映射到抖音视频评论池。,,false
2026-05-13,wangduoyu,抖音评论 09:14,[呲牙],,,,否,video_id=7639151315713620465; video_url=https://www.douyin.com/video/7639151315713620465; creator=王多于-股之子; like=0; reply=0; source_type=comment; parent_comment_text=,09:14,抖音评论,video,锁仓一天是什么体验#内容过于真实 #股民 #基金 #王多于股之子 #vlog十亿流量扶持计划,无名珠,7639151315713620465,https://www.douyin.com/video/7639151315713620465,,7639178517221737256,09:14,未纳入,中性,自动映射到抖音视频评论池。,,false
2026-05-13,wangduoyu,抖音评论 09:13,今天不跑你是这个[赞],,,,否,video_id=7639151315713620465; video_url=https://www.douyin.com/video/7639151315713620465; creator=王多于-股之子; like=0; reply=0; source_type=comment; parent_comment_text=,09:13,抖音评论,video,锁仓一天是什么体验#内容过于真实 #股民 #基金 #王多于股之子 #vlog十亿流量扶持计划,咪生係曠野,7639151315713620465,https://www.douyin.com/video/7639151315713620465,,7639178356361511717,09:13,未纳入,中性,自动映射到抖音视频评论池。,,false
2026-05-13,wangduoyu,抖音评论 09:11,龙蟠科技怎么说,龙蟠科技(603906),锂电材料,龙蟠科技(603906) 被提及 1 次，有效评论 1 条，来源 1 个，单视频线索，情绪 中性，当前判断：保留观察。,待确认,video_id=7639151315713620465; video_url=https://www.douyin.com/video/7639151315713620465; creator=王多于-股之子; like=0; reply=3; source_type=comment; parent_comment_text=,09:11,抖音评论,video,锁仓一天是什么体验#内容过于真实 #股民 #基金 #王多于股之子 #vlog十亿流量扶持计划,吃一口鸡公煲,7639151315713620465,https://www.douyin.com/video/7639151315713620465,,7639177710073856805,09:11,待确认,中性,自动映射到抖音视频评论池。,6.4,false
2026-05-13,wangduoyu,抖音评论 09:08,你只要锁仓就跌[杀马特],,,,否,video_id=7639151315713620465; video_url=https://www.douyin.com/video/7639151315713620465; creator=王多于-股之子; like=0; reply=0; source_type=comment; parent_comment_text=,09:08,抖音评论,video,锁仓一天是什么体验#内容过于真实 #股民 #基金 #王多于股之子 #vlog十亿流量扶持计划,不迹,7639151315713620465,https://www.douyin.com/video/7639151315713620465,,7639177059629957929,09:08,未纳入,中性,自动映射到抖音视频评论池。,,false
2026-05-13,wangduoyu,抖音评论 09:08,完    锁仓就会大跌,,,,否,video_id=7639151315713620465; video_url=https://www.douyin.com/video/7639151315713620465; creator=王多于-股之子; like=0; reply=0; source_type=comment; parent_comment_text=,09:08,抖音评论,video,锁仓一天是什么体验#内容过于真实 #股民 #基金 #王多于股之子 #vlog十亿流量扶持计划,淡定,7639151315713620465,https://www.douyin.com/video/7639151315713620465,,7639177026700264244,09:08,未纳入,中性,自动映射到抖音视频评论池。,,false
2026-05-13,wangduoyu,抖音评论 09:08,[捂脸]完了,,,,否,video_id=7639151315713620465; video_url=https://www.douyin.com/video/7639151315713620465; creator=王多于-股之子; like=0; reply=0; source_type=comment; parent_comment_text=,09:08,抖音评论,video,锁仓一天是什么体验#内容过于真实 #股民 #基金 #王多于股之子 #vlog十亿流量扶持计划,路亚真人,7639151315713620465,https://www.douyin.com/video/7639151315713620465,,7639176984975115043,09:08,未纳入,中性,自动映射到抖音视频评论池。,,false
2026-05-13,wangduoyu,抖音评论 09:06,哈哈哈哈哈哈,,,,否,video_id=7639151315713620465; video_url=https://www.douyin.com/video/7639151315713620465; creator=王多于-股之子; like=1; reply=0; source_type=comment; parent_comment_text=,09:06,抖音评论,video,锁仓一天是什么体验#内容过于真实 #股民 #基金 #王多于股之子 #vlog十亿流量扶持计划,菲菲菲菲菲呀、,7639151315713620465,https://www.douyin.com/video/7639151315713620465,,7639176427195106086,09:06,未纳入,中性,自动映射到抖音视频评论池。,,false
2026-05-13,wangduoyu,抖音评论 09:05,还没开始买的嘛,,,,否,video_id=7639151315713620465; video_url=https://www.douyin.com/video/7639151315713620465; creator=王多于-股之子; like=0; reply=0; source_type=comment; parent_comment_text=,09:05,抖音评论,video,锁仓一天是什么体验#内容过于真实 #股民 #基金 #王多于股之子 #vlog十亿流量扶持计划,努力挣钱的小杨,7639151315713620465,https://www.douyin.com/video/7639151315713620465,,7639176334221493026,09:05,未纳入,中性,自动映射到抖音视频评论池。,,false
2026-05-13,wangduoyu,抖音评论 09:03,冲高就跑！锁仓等于爆仓,,,,否,video_id=7639151315713620465; video_url=https://www.douyin.com/video/7639151315713620465; creator=王多于-股之子; like=0; reply=0; source_type=comment; parent_comment_text=,09:03,抖音评论,video,锁仓一天是什么体验#内容过于真实 #股民 #基金 #王多于股之子 #vlog十亿流量扶持计划,A忠诚电商管理,7639151315713620465,https://www.douyin.com/video/7639151315713620465,,7639175674906215211,09:03,未纳入,中性,自动映射到抖音视频评论池。,,false
2026-05-13,wangduoyu,抖音评论 09:02,买的啥要锁,,,,否,video_id=7639151315713620465; video_url=https://www.douyin.com/video/7639151315713620465; creator=王多于-股之子; like=0; reply=0; source_type=comment; parent_comment_text=,09:02,抖音评论,video,锁仓一天是什么体验#内容过于真实 #股民 #基金 #王多于股之子 #vlog十亿流量扶持计划,祖国繁荣昌盛,7639151315713620465,https://www.douyin.com/video/7639151315713620465,,7639175460970808113,09:02,未纳入,中性,自动映射到抖音视频评论池。,,false
2026-05-13,wangduoyu,抖音评论 09:02,大家弄他,,,,否,video_id=7639151315713620465; video_url=https://www.douyin.com/video/7639151315713620465; creator=王多于-股之子; like=0; reply=0; source_type=comment; parent_comment_text=,09:02,抖音评论,video,锁仓一天是什么体验#内容过于真实 #股民 #基金 #王多于股之子 #vlog十亿流量扶持计划,暖羊羊🐑,7639151315713620465,https://www.douyin.com/video/7639151315713620465,,7639175399688291081,09:02,未纳入,中性,自动映射到抖音视频评论池。,,false
2026-05-13,wangduoyu,抖音评论 09:01,买啥,,,,否,video_id=7639151315713620465; video_url=https://www.douyin.com/video/7639151315713620465; creator=王多于-股之子; like=0; reply=0; source_type=comment; parent_comment_text=,09:01,抖音评论,video,锁仓一天是什么体验#内容过于真实 #股民 #基金 #王多于股之子 #vlog十亿流量扶持计划,💎对、 小东北儿,7639151315713620465,https://www.douyin.com/video/7639151315713620465,,7639175357933077305,09:01,未纳入,中性,自动映射到抖音视频评论池。,,false
2026-05-13,wangduoyu,抖音评论 09:01,不是哥，今天别锁仓了。外围不是跌惨了吗？今天难道会走独立行情吗,,,,否,video_id=7639151315713620465; video_url=https://www.douyin.com/video/7639151315713620465; creator=王多于-股之子; like=0; reply=0; source_type=comment; parent_comment_text=,09:01,抖音评论,video,锁仓一天是什么体验#内容过于真实 #股民 #基金 #王多于股之子 #vlog十亿流量扶持计划,我们都一样。,7639151315713620465,https://www.douyin.com/video/7639151315713620465,,7639175267458777907,09:01,未纳入,中性,自动映射到抖音视频评论池。,,false
2026-05-13,wangduoyu,抖音评论 09:01,完了，今天又是大跌,,,,否,video_id=7639151315713620465; video_url=https://www.douyin.com/video/7639151315713620465; creator=王多于-股之子; like=1; reply=0; source_type=comment; parent_comment_text=,09:01,抖音评论,video,锁仓一天是什么体验#内容过于真实 #股民 #基金 #王多于股之子 #vlog十亿流量扶持计划,小白,7639151315713620465,https://www.douyin.com/video/7639151315713620465,,7639175271611417370,09:01,未纳入,中性,自动映射到抖音视频评论池。,,false
2026-05-13,wangduoyu,抖音评论 09:00,[赞]买的啥,,,,否,video_id=7639151315713620465; video_url=https://www.douyin.com/video/7639151315713620465; creator=王多于-股之子; like=0; reply=0; source_type=comment; parent_comment_text=,09:00,抖音评论,video,锁仓一天是什么体验#内容过于真实 #股民 #基金 #王多于股之子 #vlog十亿流量扶持计划,HJ,7639151315713620465,https://www.douyin.com/video/7639151315713620465,,7639174858065560369,09:00,未纳入,中性,自动映射到抖音视频评论池。,,false
2026-05-13,wangduoyu,抖音评论 08:59,完了，今天又是拉的一天,,,,否,video_id=7639151315713620465; video_url=https://www.douyin.com/video/7639151315713620465; creator=王多于-股之子; like=0; reply=0; source_type=comment; parent_comment_text=,08:59,抖音评论,video,锁仓一天是什么体验#内容过于真实 #股民 #基金 #王多于股之子 #vlog十亿流量扶持计划,时光知味,7639151315713620465,https://www.douyin.com/video/7639151315713620465,,7639174707217400613,08:59,未纳入,中性,自动映射到抖音视频评论池。,,false
2026-05-13,wangduoyu,抖音评论 08:59,完了，锁仓了,,,,否,video_id=7639151315713620465; video_url=https://www.douyin.com/video/7639151315713620465; creator=王多于-股之子; like=0; reply=0; source_type=comment; parent_comment_text=,08:59,抖音评论,video,锁仓一天是什么体验#内容过于真实 #股民 #基金 #王多于股之子 #vlog十亿流量扶持计划,✨桃桃桃桃桃🍑,7639151315713620465,https://www.douyin.com/video/7639151315713620465,,7639174592846889782,08:59,未纳入,中性,自动映射到抖音视频评论池。,,false
2026-05-13,wangduoyu,抖音评论 08:56,再缩,,,,否,video_id=7639151315713620465; video_url=https://www.douyin.com/video/7639151315713620465; creator=王多于-股之子; like=0; reply=0; source_type=comment; parent_comment_text=,08:56,抖音评论,video,锁仓一天是什么体验#内容过于真实 #股民 #基金 #王多于股之子 #vlog十亿流量扶持计划,阿尔比斯特,7639151315713620465,https://www.douyin.com/video/7639151315713620465,,7639174049448739633,08:56,未纳入,中性,自动映射到抖音视频评论池。,,false
2026-05-13,wangduoyu,抖音评论 08:55,为国护盘,,,,否,video_id=7639151315713620465; video_url=https://www.douyin.com/video/7639151315713620465; creator=王多于-股之子; like=0; reply=0; source_type=comment; parent_comment_text=,08:55,抖音评论,video,锁仓一天是什么体验#内容过于真实 #股民 #基金 #王多于股之子 #vlog十亿流量扶持计划,另类天使,7639151315713620465,https://www.douyin.com/video/7639151315713620465,,7639173605095768884,08:55,未纳入,中性,自动映射到抖音视频评论池。,,false
2026-05-13,wangduoyu,抖音评论 08:53,[捂脸][捂脸][捂脸][捂脸],,,,否,video_id=7639151315713620465; video_url=https://www.douyin.com/video/7639151315713620465; creator=王多于-股之子; like=0; reply=0; source_type=comment; parent_comment_text=,08:53,抖音评论,video,锁仓一天是什么体验#内容过于真实 #股民 #基金 #王多于股之子 #vlog十亿流量扶持计划,元讯安装,7639151315713620465,https://www.douyin.com/video/7639151315713620465,,7639173085195354880,08:53,未纳入,中性,自动映射到抖音视频评论池。,,false
2026-05-13,wangduoyu,抖音评论 08:50,啊？我要死了？[发呆],,,,否,video_id=7639151315713620465; video_url=https://www.douyin.com/video/7639151315713620465; creator=王多于-股之子; like=0; reply=0; source_type=comment; parent_comment_text=,08:50,抖音评论,video,锁仓一天是什么体验#内容过于真实 #股民 #基金 #王多于股之子 #vlog十亿流量扶持计划,姥溪,7639151315713620465,https://www.douyin.com/video/7639151315713620465,,7639172461115900709,08:50,未纳入,中性,自动映射到抖音视频评论池。,,false
2026-05-13,wangduoyu,抖音评论 08:49,只要大唐发电今天不炸板，华电辽能就无脑进,华电辽能(600396);大唐发电(601991),电力,华电辽能(600396) 被提及 1 次，有效评论 1 条，来源 1 个，单视频线索，情绪 谨慎，当前判断：偏风险观察。；大唐发电(601991) 被提及 1 次，有效评论 1 条，来源 1 个，单视频线索，情绪 谨慎，当前判断：偏风险观察。,否,video_id=7639151315713620465; video_url=https://www.douyin.com/video/7639151315713620465; creator=王多于-股之子; like=0; reply=0; source_type=comment; parent_comment_text=,08:49,抖音评论,video,锁仓一天是什么体验#内容过于真实 #股民 #基金 #王多于股之子 #vlog十亿流量扶持计划,🌈十公子,7639151315713620465,https://www.douyin.com/video/7639151315713620465,,7639172223451054906,08:49,未纳入,谨慎,自动映射到抖音视频评论池。,5.9,false
2026-05-13,wangduoyu,抖音评论 08:49,我艹，快跑,,,,否,video_id=7639151315713620465; video_url=https://www.douyin.com/video/7639151315713620465; creator=王多于-股之子; like=0; reply=0; source_type=comment; parent_comment_text=,08:49,抖音评论,video,锁仓一天是什么体验#内容过于真实 #股民 #基金 #王多于股之子 #vlog十亿流量扶持计划,ᰔ°随风ᩚ࿐,7639151315713620465,https://www.douyin.com/video/7639151315713620465,,7639172086116139813,08:49,未纳入,中性,自动映射到抖音视频评论池。,,false
2026-05-13,wangduoyu,抖音评论 08:49,？别闹[流泪],,,,否,video_id=7639151315713620465; video_url=https://www.douyin.com/video/7639151315713620465; creator=王多于-股之子; like=0; reply=0; source_type=comment; parent_comment_text=,08:49,抖音评论,video,锁仓一天是什么体验#内容过于真实 #股民 #基金 #王多于股之子 #vlog十亿流量扶持计划,用户6207984138380,7639151315713620465,https://www.douyin.com/video/7639151315713620465,,7639172087122510635,08:49,未纳入,中性,自动映射到抖音视频评论池。,,false
2026-05-13,wangduoyu,抖音评论 08:42,干你,,,,否,video_id=7639151315713620465; video_url=https://www.douyin.com/video/7639151315713620465; creator=王多于-股之子; like=0; reply=0; source_type=comment; parent_comment_text=,08:42,抖音评论,video,锁仓一天是什么体验#内容过于真实 #股民 #基金 #王多于股之子 #vlog十亿流量扶持计划,严严严,7639151315713620465,https://www.douyin.com/video/7639151315713620465,,7639170336852378394,08:42,未纳入,中性,自动映射到抖音视频评论池。,,false
2026-05-13,wangduoyu,抖音评论 08:38,解开，快解开，你一锁就低开低走,,,,否,video_id=7639151315713620465; video_url=https://www.douyin.com/video/7639151315713620465; creator=王多于-股之子; like=0; reply=0; source_type=comment; parent_comment_text=,08:38,抖音评论,video,锁仓一天是什么体验#内容过于真实 #股民 #基金 #王多于股之子 #vlog十亿流量扶持计划,旧梦诗词,7639151315713620465,https://www.douyin.com/video/7639151315713620465,,7639169350671090490,08:38,未纳入,中性,自动映射到抖音视频评论池。,,false
2026-05-13,wangduoyu,抖音评论 08:38,别啊[流泪],,,,否,video_id=7639151315713620465; video_url=https://www.douyin.com/video/7639151315713620465; creator=王多于-股之子; like=0; reply=0; source_type=comment; parent_comment_text=,08:38,抖音评论,video,锁仓一天是什么体验#内容过于真实 #股民 #基金 #王多于股之子 #vlog十亿流量扶持计划,💎暖暖9921💎,7639151315713620465,https://www.douyin.com/video/7639151315713620465,,7639169290029826835,08:38,未纳入,中性,自动映射到抖音视频评论池。,,false
2026-05-13,wangduoyu,抖音评论 08:36,王锁绿[泪奔],,,,否,video_id=7639151315713620465; video_url=https://www.douyin.com/video/7639151315713620465; creator=王多于-股之子; like=0; reply=0; source_type=comment; parent_comment_text=,08:36,抖音评论,video,锁仓一天是什么体验#内容过于真实 #股民 #基金 #王多于股之子 #vlog十亿流量扶持计划,北坛北路,7639151315713620465,https://www.douyin.com/video/7639151315713620465,,7639168797711188794,08:36,未纳入,中性,自动映射到抖音视频评论池。,,false
2026-05-13,wangduoyu,抖音评论 08:36,买了啥呀,,,,否,video_id=7639151315713620465; video_url=https://www.douyin.com/video/7639151315713620465; creator=王多于-股之子; like=0; reply=0; source_type=comment; parent_comment_text=,08:36,抖音评论,video,锁仓一天是什么体验#内容过于真实 #股民 #基金 #王多于股之子 #vlog十亿流量扶持计划,MD90,7639151315713620465,https://www.douyin.com/video/7639151315713620465,,7639163478474277673,08:36,未纳入,中性,自动映射到抖音视频评论池。,,false
2026-05-13,wangduoyu,抖音评论 08:35,完蛋了[流泪],,,,否,video_id=7639151315713620465; video_url=https://www.douyin.com/video/7639151315713620465; creator=王多于-股之子; like=0; reply=0; source_type=comment; parent_comment_text=,08:35,抖音评论,video,锁仓一天是什么体验#内容过于真实 #股民 #基金 #王多于股之子 #vlog十亿流量扶持计划,我没事,7639151315713620465,https://www.douyin.com/video/7639151315713620465,,7639168564855423793,08:35,未纳入,中性,自动映射到抖音视频评论池。,,false
2026-05-13,wangduoyu,抖音评论 08:35,多鱼不信邪[懵],,,,否,video_id=7639151315713620465; video_url=https://www.douyin.com/video/7639151315713620465; creator=王多于-股之子; like=0; reply=0; source_type=comment; parent_comment_text=,08:35,抖音评论,video,锁仓一天是什么体验#内容过于真实 #股民 #基金 #王多于股之子 #vlog十亿流量扶持计划,一个兔子跑得慢✨,7639151315713620465,https://www.douyin.com/video/7639151315713620465,,7639168535575560987,08:35,未纳入,中性,自动映射到抖音视频评论池。,,false
2026-05-13,wangduoyu,抖音评论 08:34,你这。。。我是不是开盘就跑？,,,,否,video_id=7639151315713620465; video_url=https://www.douyin.com/video/7639151315713620465; creator=王多于-股之子; like=0; reply=0; source_type=comment; parent_comment_text=,08:34,抖音评论,video,锁仓一天是什么体验#内容过于真实 #股民 #基金 #王多于股之子 #vlog十亿流量扶持计划,从前、从钱,7639151315713620465,https://www.douyin.com/video/7639151315713620465,,7639168241995367209,08:34,未纳入,中性,自动映射到抖音视频评论池。,,false
2026-05-13,wangduoyu,抖音评论 08:34,你一锁就跌,,,,否,video_id=7639151315713620465; video_url=https://www.douyin.com/video/7639151315713620465; creator=王多于-股之子; like=0; reply=0; source_type=comment; parent_comment_text=,08:34,抖音评论,video,锁仓一天是什么体验#内容过于真实 #股民 #基金 #王多于股之子 #vlog十亿流量扶持计划,吞金兽的百果园,7639151315713620465,https://www.douyin.com/video/7639151315713620465,,7639168238336983827,08:34,未纳入,中性,自动映射到抖音视频评论池。,,false
2026-05-13,wangduoyu,抖音评论 08:34,睡觉了 好心人帮我留意一下我满仓的新洁能和洪兴股份[宕机],洪兴股份(001209);新洁能(605111),服装家纺;半导体,洪兴股份(001209) 被提及 1 次，有效评论 1 条，来源 1 个，单视频线索，情绪 中性，当前判断：保留观察。；新洁能(605111) 被提及 1 次，有效评论 1 条，来源 1 个，单视频线索，情绪 中性，当前判断：保留观察。,待确认,video_id=7639151315713620465; video_url=https://www.douyin.com/video/7639151315713620465; creator=王多于-股之子; like=0; reply=1; source_type=comment; parent_comment_text=,08:34,抖音评论,video,锁仓一天是什么体验#内容过于真实 #股民 #基金 #王多于股之子 #vlog十亿流量扶持计划,憨憨去质器,7639151315713620465,https://www.douyin.com/video/7639151315713620465,,7639168202149249827,08:34,待确认,中性,自动映射到抖音视频评论池。,6.4,false
2026-05-13,wangduoyu,抖音评论 08:34,杀人诛心[流泪][流泪][流泪],,,,否,video_id=7639151315713620465; video_url=https://www.douyin.com/video/7639151315713620465; creator=王多于-股之子; like=0; reply=0; source_type=comment; parent_comment_text=,08:34,抖音评论,video,锁仓一天是什么体验#内容过于真实 #股民 #基金 #王多于股之子 #vlog十亿流量扶持计划,@旧旧旧    &旧人,7639151315713620465,https://www.douyin.com/video/7639151315713620465,,7639168194854765371,08:34,未纳入,中性,自动映射到抖音视频评论池。,,false
2026-05-13,wangduoyu,抖音评论 08:34,今天赶紧跑路吧,,,,否,video_id=7639151315713620465; video_url=https://www.douyin.com/video/7639151315713620465; creator=王多于-股之子; like=0; reply=0; source_type=comment; parent_comment_text=,08:34,抖音评论,video,锁仓一天是什么体验#内容过于真实 #股民 #基金 #王多于股之子 #vlog十亿流量扶持计划,化债人↗,7639151315713620465,https://www.douyin.com/video/7639151315713620465,,7639168157144236806,08:34,未纳入,中性,自动映射到抖音视频评论池。,,false
2026-05-13,wangduoyu,抖音评论 08:33,清仓,,,,否,video_id=7639151315713620465; video_url=https://www.douyin.com/video/7639151315713620465; creator=王多于-股之子; like=1; reply=0; source_type=comment; parent_comment_text=,08:33,抖音评论,video,锁仓一天是什么体验#内容过于真实 #股民 #基金 #王多于股之子 #vlog十亿流量扶持计划,菜·菜,7639151315713620465,https://www.douyin.com/video/7639151315713620465,,7639167974663078694,08:33,未纳入,中性,自动映射到抖音视频评论池。,,false
2026-05-13,wangduoyu,抖音评论 08:32,好了，我知道要清仓了[裂开],,,,否,video_id=7639151315713620465; video_url=https://www.douyin.com/video/7639151315713620465; creator=王多于-股之子; like=0; reply=0; source_type=comment; parent_comment_text=,08:32,抖音评论,video,锁仓一天是什么体验#内容过于真实 #股民 #基金 #王多于股之子 #vlog十亿流量扶持计划,如意如意！顺我心意！,7639151315713620465,https://www.douyin.com/video/7639151315713620465,,7639167829669249841,08:32,未纳入,中性,自动映射到抖音视频评论池。,,false
2026-05-13,wangduoyu,抖音评论 08:31,[裂开][裂开][裂开],,,,否,video_id=7639151315713620465; video_url=https://www.douyin.com/video/7639151315713620465; creator=王多于-股之子; like=0; reply=0; source_type=comment; parent_comment_text=,08:31,抖音评论,video,锁仓一天是什么体验#内容过于真实 #股民 #基金 #王多于股之子 #vlog十亿流量扶持计划,木习习_,7639151315713620465,https://www.douyin.com/video/7639151315713620465,,7639167404363776819,08:31,未纳入,中性,自动映射到抖音视频评论池。,,false
2026-05-13,wangduoyu,抖音评论 08:30,打开,,,,否,video_id=7639151315713620465; video_url=https://www.douyin.com/video/7639151315713620465; creator=王多于-股之子; like=0; reply=0; source_type=comment; parent_comment_text=,08:30,抖音评论,video,锁仓一天是什么体验#内容过于真实 #股民 #基金 #王多于股之子 #vlog十亿流量扶持计划,梵尚私人订制  古月,7639151315713620465,https://www.douyin.com/video/7639151315713620465,,7639167338344071946,08:30,未纳入,中性,自动映射到抖音视频评论池。,,false
2026-05-13,wangduoyu,抖音评论 08:29,别锁啊[捂脸],,,,否,video_id=7639151315713620465; video_url=https://www.douyin.com/video/7639151315713620465; creator=王多于-股之子; like=0; reply=0; source_type=comment; parent_comment_text=,08:29,抖音评论,video,锁仓一天是什么体验#内容过于真实 #股民 #基金 #王多于股之子 #vlog十亿流量扶持计划,小颖丫头,7639151315713620465,https://www.douyin.com/video/7639151315713620465,,7639167067842167601,08:29,未纳入,中性,自动映射到抖音视频评论池。,,false
2026-05-13,wangduoyu,抖音评论 08:29,完蛋，每次锁仓都亏,,,,否,video_id=7639151315713620465; video_url=https://www.douyin.com/video/7639151315713620465; creator=王多于-股之子; like=0; reply=0; source_type=comment; parent_comment_text=,08:29,抖音评论,video,锁仓一天是什么体验#内容过于真实 #股民 #基金 #王多于股之子 #vlog十亿流量扶持计划,大佬的专属群演,7639151315713620465,https://www.douyin.com/video/7639151315713620465,,7639166870192653098,08:29,未纳入,中性,自动映射到抖音视频评论池。,,false
2026-05-13,wangduoyu,抖音评论 08:28,锁仓必跌[看],,,,否,video_id=7639151315713620465; video_url=https://www.douyin.com/video/7639151315713620465; creator=王多于-股之子; like=0; reply=0; source_type=comment; parent_comment_text=,08:28,抖音评论,video,锁仓一天是什么体验#内容过于真实 #股民 #基金 #王多于股之子 #vlog十亿流量扶持计划,绿了芭蕉,7639151315713620465,https://www.douyin.com/video/7639151315713620465,,7639166789142905658,08:28,未纳入,中性,自动映射到抖音视频评论池。,,false
2026-05-13,wangduoyu,抖音评论 08:28,不要啊,,,,否,video_id=7639151315713620465; video_url=https://www.douyin.com/video/7639151315713620465; creator=王多于-股之子; like=0; reply=0; source_type=comment; parent_comment_text=,08:28,抖音评论,video,锁仓一天是什么体验#内容过于真实 #股民 #基金 #王多于股之子 #vlog十亿流量扶持计划,＋愉,7639151315713620465,https://www.douyin.com/video/7639151315713620465,,7639166713225495333,08:28,未纳入,中性,自动映射到抖音视频评论池。,,false
2026-05-13,wangduoyu,抖音评论 08:27,又锁仓啦[发呆]看来又要大跌了多鱼,,,,否,video_id=7639151315713620465; video_url=https://www.douyin.com/video/7639151315713620465; creator=王多于-股之子; like=0; reply=0; source_type=comment; parent_comment_text=,08:27,抖音评论,video,锁仓一天是什么体验#内容过于真实 #股民 #基金 #王多于股之子 #vlog十亿流量扶持计划,似水流年,7639151315713620465,https://www.douyin.com/video/7639151315713620465,,7639166571700585253,08:27,未纳入,中性,自动映射到抖音视频评论池。,,false
2026-05-13,wangduoyu,抖音评论 08:27,怕了怕了,,,,否,video_id=7639151315713620465; video_url=https://www.douyin.com/video/7639151315713620465; creator=王多于-股之子; like=0; reply=0; source_type=comment; parent_comment_text=,08:27,抖音评论,video,锁仓一天是什么体验#内容过于真实 #股民 #基金 #王多于股之子 #vlog十亿流量扶持计划,user7477075873069,7639151315713620465,https://www.douyin.com/video/7639151315713620465,,7639166507118215971,08:27,未纳入,中性,自动映射到抖音视频评论池。,,false
2026-05-13,wangduoyu,抖音评论 08:27,每次都是跌,,,,否,video_id=7639151315713620465; video_url=https://www.douyin.com/video/7639151315713620465; creator=王多于-股之子; like=0; reply=0; source_type=comment; parent_comment_text=,08:27,抖音评论,video,锁仓一天是什么体验#内容过于真实 #股民 #基金 #王多于股之子 #vlog十亿流量扶持计划,12345四马打老虎,7639151315713620465,https://www.douyin.com/video/7639151315713620465,,7639166484816003877,08:27,未纳入,中性,自动映射到抖音视频评论池。,,false
2026-05-13,wangduoyu,抖音评论 08:26,今天又凉了,,,,否,video_id=7639151315713620465; video_url=https://www.douyin.com/video/7639151315713620465; creator=王多于-股之子; like=0; reply=0; source_type=comment; parent_comment_text=,08:26,抖音评论,video,锁仓一天是什么体验#内容过于真实 #股民 #基金 #王多于股之子 #vlog十亿流量扶持计划,🦅🍓,7639151315713620465,https://www.douyin.com/video/7639151315713620465,,7639166180083041073,08:26,未纳入,中性,自动映射到抖音视频评论池。,,false
2026-05-13,wangduoyu,抖音评论 08:24,刷到这娃锁仓2次了，每次都是跌。,,,,否,video_id=7639151315713620465; video_url=https://www.douyin.com/video/7639151315713620465; creator=王多于-股之子; like=0; reply=1; source_type=comment; parent_comment_text=,08:24,抖音评论,video,锁仓一天是什么体验#内容过于真实 #股民 #基金 #王多于股之子 #vlog十亿流量扶持计划,雷诺配件搬运工,7639151315713620465,https://www.douyin.com/video/7639151315713620465,,7639165793465451300,08:24,未纳入,中性,自动映射到抖音视频评论池。,,false
2026-05-13,wangduoyu,抖音评论 08:24,要跑的，昨天就跑了,,,,否,video_id=7639151315713620465; video_url=https://www.douyin.com/video/7639151315713620465; creator=王多于-股之子; like=0; reply=0; source_type=comment; parent_comment_text=,08:24,抖音评论,video,锁仓一天是什么体验#内容过于真实 #股民 #基金 #王多于股之子 #vlog十亿流量扶持计划,okk（居间人）,7639151315713620465,https://www.douyin.com/video/7639151315713620465,,7639165778747130673,08:24,未纳入,中性,自动映射到抖音视频评论池。,,false
2026-05-13,wangduoyu,抖音评论 08:24,我不信,,,,否,video_id=7639151315713620465; video_url=https://www.douyin.com/video/7639151315713620465; creator=王多于-股之子; like=0; reply=0; source_type=comment; parent_comment_text=,08:24,抖音评论,video,锁仓一天是什么体验#内容过于真实 #股民 #基金 #王多于股之子 #vlog十亿流量扶持计划,💍 秋刀鱼,7639151315713620465,https://www.douyin.com/video/7639151315713620465,,7639165704876999466,08:24,未纳入,中性,自动映射到抖音视频评论池。,,false
2026-05-13,wangduoyu,抖音评论 08:22,不要锁，烦死了,,,,否,video_id=7639151315713620465; video_url=https://www.douyin.com/video/7639151315713620465; creator=王多于-股之子; like=0; reply=0; source_type=comment; parent_comment_text=,08:22,抖音评论,video,锁仓一天是什么体验#内容过于真实 #股民 #基金 #王多于股之子 #vlog十亿流量扶持计划,大A捡漏王,7639151315713620465,https://www.douyin.com/video/7639151315713620465,,7639165130718495537,08:22,未纳入,中性,自动映射到抖音视频评论池。,,false
2026-05-13,wangduoyu,抖音评论 08:22,天塌了[流泪],,,,否,video_id=7639151315713620465; video_url=https://www.douyin.com/video/7639151315713620465; creator=王多于-股之子; like=0; reply=0; source_type=comment; parent_comment_text=,08:22,抖音评论,video,锁仓一天是什么体验#内容过于真实 #股民 #基金 #王多于股之子 #vlog十亿流量扶持计划,普拉提器械源头厂家,7639151315713620465,https://www.douyin.com/video/7639151315713620465,,7639165127513981745,08:22,未纳入,中性,自动映射到抖音视频评论池。,,false
2026-05-13,wangduoyu,抖音评论 08:21,你又在干嘛,,,,否,video_id=7639151315713620465; video_url=https://www.douyin.com/video/7639151315713620465; creator=王多于-股之子; like=1; reply=0; source_type=comment; parent_comment_text=,08:21,抖音评论,video,锁仓一天是什么体验#内容过于真实 #股民 #基金 #王多于股之子 #vlog十亿流量扶持计划,一剑,7639151315713620465,https://www.douyin.com/video/7639151315713620465,,7639164823334290191,08:21,未纳入,中性,自动映射到抖音视频评论池。,,false
2026-05-13,wangduoyu,抖音评论 08:19,多于，你今天又要弄我们呢,,,,否,video_id=7639151315713620465; video_url=https://www.douyin.com/video/7639151315713620465; creator=王多于-股之子; like=0; reply=0; source_type=comment; parent_comment_text=,08:19,抖音评论,video,锁仓一天是什么体验#内容过于真实 #股民 #基金 #王多于股之子 #vlog十亿流量扶持计划,Never let me go,7639151315713620465,https://www.douyin.com/video/7639151315713620465,,7639164528669098810,08:19,未纳入,中性,自动映射到抖音视频评论池。,,false
2026-05-13,wangduoyu,抖音评论 08:19,又要锁了[尬笑],,,,否,video_id=7639151315713620465; video_url=https://www.douyin.com/video/7639151315713620465; creator=王多于-股之子; like=0; reply=0; source_type=comment; parent_comment_text=,08:19,抖音评论,video,锁仓一天是什么体验#内容过于真实 #股民 #基金 #王多于股之子 #vlog十亿流量扶持计划,万礼,7639151315713620465,https://www.douyin.com/video/7639151315713620465,,7639164462755037988,08:19,未纳入,中性,自动映射到抖音视频评论池。,,false
2026-05-13,wangduoyu,抖音评论 08:19,又锁仓[杀马特],,,,否,video_id=7639151315713620465; video_url=https://www.douyin.com/video/7639151315713620465; creator=王多于-股之子; like=0; reply=0; source_type=comment; parent_comment_text=,08:19,抖音评论,video,锁仓一天是什么体验#内容过于真实 #股民 #基金 #王多于股之子 #vlog十亿流量扶持计划,PL,7639151315713620465,https://www.douyin.com/video/7639151315713620465,,7639164403862045498,08:19,未纳入,中性,自动映射到抖音视频评论池。,,false
2026-05-13,wangduoyu,抖音评论 08:19,这么早就锁了[捂脸],,,,否,video_id=7639151315713620465; video_url=https://www.douyin.com/video/7639151315713620465; creator=王多于-股之子; like=0; reply=0; source_type=comment; parent_comment_text=,08:19,抖音评论,video,锁仓一天是什么体验#内容过于真实 #股民 #基金 #王多于股之子 #vlog十亿流量扶持计划,德云女孩,7639151315713620465,https://www.douyin.com/video/7639151315713620465,,7639164347789525797,08:19,未纳入,中性,自动映射到抖音视频评论池。,,false
2026-05-13,wangduoyu,抖音评论 08:19,完了,,,,否,video_id=7639151315713620465; video_url=https://www.douyin.com/video/7639151315713620465; creator=王多于-股之子; like=0; reply=0; source_type=comment; parent_comment_text=,08:19,抖音评论,video,锁仓一天是什么体验#内容过于真实 #股民 #基金 #王多于股之子 #vlog十亿流量扶持计划,一生平安，,7639151315713620465,https://www.douyin.com/video/7639151315713620465,,7639164303594373945,08:19,未纳入,中性,自动映射到抖音视频评论池。,,false
2026-05-13,wangduoyu,抖音评论 08:17,开盘就跑,,,,否,video_id=7639151315713620465; video_url=https://www.douyin.com/video/7639151315713620465; creator=王多于-股之子; like=0; reply=0; source_type=comment; parent_comment_text=,08:17,抖音评论,video,锁仓一天是什么体验#内容过于真实 #股民 #基金 #王多于股之子 #vlog十亿流量扶持计划,秦岭傻雕,7639151315713620465,https://www.douyin.com/video/7639151315713620465,,7639163880980316966,08:17,未纳入,中性,自动映射到抖音视频评论池。,,false
2026-05-13,wangduoyu,抖音评论 08:16,天崩开局，怎么又锁了[裂开],,,,否,video_id=7639151315713620465; video_url=https://www.douyin.com/video/7639151315713620465; creator=王多于-股之子; like=0; reply=0; source_type=comment; parent_comment_text=,08:16,抖音评论,video,锁仓一天是什么体验#内容过于真实 #股民 #基金 #王多于股之子 #vlog十亿流量扶持计划,右侧,7639151315713620465,https://www.douyin.com/video/7639151315713620465,,7639163736847385385,08:16,未纳入,中性,自动映射到抖音视频评论池。,,false
2026-05-13,wangduoyu,抖音评论 08:16,我艹，赶紧跑！,,,,否,video_id=7639151315713620465; video_url=https://www.douyin.com/video/7639151315713620465; creator=王多于-股之子; like=0; reply=0; source_type=comment; parent_comment_text=,08:16,抖音评论,video,锁仓一天是什么体验#内容过于真实 #股民 #基金 #王多于股之子 #vlog十亿流量扶持计划,戒七,7639151315713620465,https://www.douyin.com/video/7639151315713620465,,7639163636418183985,08:16,未纳入,中性,自动映射到抖音视频评论池。,,false
2026-05-13,wangduoyu,抖音评论 08:15,又锁仓[捂脸][捂脸],,,,否,video_id=7639151315713620465; video_url=https://www.douyin.com/video/7639151315713620465; creator=王多于-股之子; like=0; reply=0; source_type=comment; parent_comment_text=,08:15,抖音评论,video,锁仓一天是什么体验#内容过于真实 #股民 #基金 #王多于股之子 #vlog十亿流量扶持计划,浩然正气,7639151315713620465,https://www.douyin.com/video/7639151315713620465,,7639163492981850907,08:15,未纳入,中性,自动映射到抖音视频评论池。,,false
2026-05-13,wangduoyu,抖音评论 08:15,完了……又要绿色了,,,,否,video_id=7639151315713620465; video_url=https://www.douyin.com/video/7639151315713620465; creator=王多于-股之子; like=0; reply=0; source_type=comment; parent_comment_text=,08:15,抖音评论,video,锁仓一天是什么体验#内容过于真实 #股民 #基金 #王多于股之子 #vlog十亿流量扶持计划,小自由,7639151315713620465,https://www.douyin.com/video/7639151315713620465,,7639163382684631866,08:15,未纳入,中性,自动映射到抖音视频评论池。,,false
2026-05-13,wangduoyu,抖音评论 08:40,大哥，你又来，你一锁仓我亏钱啊[绝望的凝视],,,,否,video_id=7639151315713620465; video_url=https://www.douyin.com/video/7639151315713620465; creator=王多于-股之子; like=0; reply=0; source_type=comment; parent_comment_text=,08:40,抖音评论,video,锁仓一天是什么体验#内容过于真实 #股民 #基金 #王多于股之子 #vlog十亿流量扶持计划,山城小农民,7639151315713620465,https://www.douyin.com/video/7639151315713620465,,7639169841039409930,08:40,未纳入,中性,自动映射到抖音视频评论池。,,false
2026-05-13,wangduoyu,抖音评论 08:40,完了  他又锁,,,,否,video_id=7639151315713620465; video_url=https://www.douyin.com/video/7639151315713620465; creator=王多于-股之子; like=0; reply=0; source_type=comment; parent_comment_text=,08:40,抖音评论,video,锁仓一天是什么体验#内容过于真实 #股民 #基金 #王多于股之子 #vlog十亿流量扶持计划,发财小胖子,7639151315713620465,https://www.douyin.com/video/7639151315713620465,,7639169829170135857,08:40,未纳入,中性,自动映射到抖音视频评论池。,,false
2026-05-13,wangduoyu,抖音评论 08:40,我不信你每次锁仓都跌，今天绝对不会跌[酷拽],,,,否,video_id=7639151315713620465; video_url=https://www.douyin.com/video/7639151315713620465; creator=王多于-股之子; like=0; reply=0; source_type=comment; parent_comment_text=,08:40,抖音评论,video,锁仓一天是什么体验#内容过于真实 #股民 #基金 #王多于股之子 #vlog十亿流量扶持计划,@小半,7639151315713620465,https://www.douyin.com/video/7639151315713620465,,7639169803493081865,08:40,未纳入,中性,自动映射到抖音视频评论池。,,false
2026-05-13,wangduoyu,抖音评论 08:38,解开，快解开，你一锁就低开低走,,,,否,video_id=7639151315713620465; video_url=https://www.douyin.com/video/7639151315713620465; creator=王多于-股之子; like=0; reply=0; source_type=comment; parent_comment_text=,08:38,抖音评论,video,锁仓一天是什么体验#内容过于真实 #股民 #基金 #王多于股之子 #vlog十亿流量扶持计划,旧梦诗词,7639151315713620465,https://www.douyin.com/video/7639151315713620465,,7639169350671090490,08:38,未纳入,中性,自动映射到抖音视频评论池。,,false
2026-05-13,wangduoyu,抖音评论 08:38,别啊[流泪],,,,否,video_id=7639151315713620465; video_url=https://www.douyin.com/video/7639151315713620465; creator=王多于-股之子; like=0; reply=0; source_type=comment; parent_comment_text=,08:38,抖音评论,video,锁仓一天是什么体验#内容过于真实 #股民 #基金 #王多于股之子 #vlog十亿流量扶持计划,💎暖暖9921💎,7639151315713620465,https://www.douyin.com/video/7639151315713620465,,7639169290029826835,08:38,未纳入,中性,自动映射到抖音视频评论池。,,false
2026-05-13,wangduoyu,抖音评论 08:37,拿出来 不然找人弄你[看],,,,否,video_id=7639151315713620465; video_url=https://www.douyin.com/video/7639151315713620465; creator=王多于-股之子; like=1; reply=0; source_type=comment; parent_comment_text=,08:37,抖音评论,video,锁仓一天是什么体验#内容过于真实 #股民 #基金 #王多于股之子 #vlog十亿流量扶持计划,💭。,7639151315713620465,https://www.douyin.com/video/7639151315713620465,,7639169103432909626,08:37,未纳入,中性,自动映射到抖音视频评论池。,,false
2026-05-13,wangduoyu,抖音评论 08:37,完了 今天又要亏钱了[裂开],,,,否,video_id=7639151315713620465; video_url=https://www.douyin.com/video/7639151315713620465; creator=王多于-股之子; like=0; reply=0; source_type=comment; parent_comment_text=,08:37,抖音评论,video,锁仓一天是什么体验#内容过于真实 #股民 #基金 #王多于股之子 #vlog十亿流量扶持计划,君君乖小宁,7639151315713620465,https://www.douyin.com/video/7639151315713620465,,7639169075507102510,08:37,未纳入,中性,自动映射到抖音视频评论池。,,false
2026-05-13,wangduoyu,抖音评论 08:37,哥 你别锁啊 解开解开[流泪],,,,否,video_id=7639151315713620465; video_url=https://www.douyin.com/video/7639151315713620465; creator=王多于-股之子; like=0; reply=0; source_type=comment; parent_comment_text=,08:37,抖音评论,video,锁仓一天是什么体验#内容过于真实 #股民 #基金 #王多于股之子 #vlog十亿流量扶持计划,今晚吃火锅,7639151315713620465,https://www.douyin.com/video/7639151315713620465,,7639168955005911854,08:37,未纳入,中性,自动映射到抖音视频评论池。,,false
2026-05-13,wangduoyu,抖音评论 08:36,完了[尬笑]今天开盘减仓,,,,否,video_id=7639151315713620465; video_url=https://www.douyin.com/video/7639151315713620465; creator=王多于-股之子; like=0; reply=0; source_type=comment; parent_comment_text=,08:36,抖音评论,video,锁仓一天是什么体验#内容过于真实 #股民 #基金 #王多于股之子 #vlog十亿流量扶持计划,xinqing1888,7639151315713620465,https://www.douyin.com/video/7639151315713620465,,7639168904711127859,08:36,未纳入,中性,自动映射到抖音视频评论池。,,false
2026-05-13,wangduoyu,抖音评论 08:36,王锁绿[泪奔],,,,否,video_id=7639151315713620465; video_url=https://www.douyin.com/video/7639151315713620465; creator=王多于-股之子; like=0; reply=0; source_type=comment; parent_comment_text=,08:36,抖音评论,video,锁仓一天是什么体验#内容过于真实 #股民 #基金 #王多于股之子 #vlog十亿流量扶持计划,北坛北路,7639151315713620465,https://www.douyin.com/video/7639151315713620465,,7639168797711188794,08:36,未纳入,中性,自动映射到抖音视频评论池。,,false
2026-05-13,wangduoyu,抖音评论 08:36,你每次手仓的时候必定是狂跌,,,,否,video_id=7639151315713620465; video_url=https://www.douyin.com/video/7639151315713620465; creator=王多于-股之子; like=0; reply=0; source_type=comment; parent_comment_text=,08:36,抖音评论,video,锁仓一天是什么体验#内容过于真实 #股民 #基金 #王多于股之子 #vlog十亿流量扶持计划,相约长马，做合格对手,7639151315713620465,https://www.douyin.com/video/7639151315713620465,,7639168752340960049,08:36,未纳入,中性,自动映射到抖音视频评论池。,,false
2026-05-13,wangduoyu,抖音评论 08:36,买了啥呀,,,,否,video_id=7639151315713620465; video_url=https://www.douyin.com/video/7639151315713620465; creator=王多于-股之子; like=0; reply=0; source_type=comment; parent_comment_text=,08:36,抖音评论,video,锁仓一天是什么体验#内容过于真实 #股民 #基金 #王多于股之子 #vlog十亿流量扶持计划,MD90,7639151315713620465,https://www.douyin.com/video/7639151315713620465,,7639163478474277673,08:36,未纳入,中性,自动映射到抖音视频评论池。,,false
2026-05-13,wangduoyu,抖音评论 08:35,完蛋了[流泪],,,,否,video_id=7639151315713620465; video_url=https://www.douyin.com/video/7639151315713620465; creator=王多于-股之子; like=0; reply=0; source_type=comment; parent_comment_text=,08:35,抖音评论,video,锁仓一天是什么体验#内容过于真实 #股民 #基金 #王多于股之子 #vlog十亿流量扶持计划,我没事,7639151315713620465,https://www.douyin.com/video/7639151315713620465,,7639168564855423793,08:35,未纳入,中性,自动映射到抖音视频评论池。,,false
2026-05-13,wangduoyu,抖音评论 08:35,多鱼不信邪[懵],,,,否,video_id=7639151315713620465; video_url=https://www.douyin.com/video/7639151315713620465; creator=王多于-股之子; like=0; reply=0; source_type=comment; parent_comment_text=,08:35,抖音评论,video,锁仓一天是什么体验#内容过于真实 #股民 #基金 #王多于股之子 #vlog十亿流量扶持计划,一个兔子跑得慢✨,7639151315713620465,https://www.douyin.com/video/7639151315713620465,,7639168535575560987,08:35,未纳入,中性,自动映射到抖音视频评论池。,,false
2026-05-13,wangduoyu,抖音评论 08:34,你这。。。我是不是开盘就跑？,,,,否,video_id=7639151315713620465; video_url=https://www.douyin.com/video/7639151315713620465; creator=王多于-股之子; like=0; reply=0; source_type=comment; parent_comment_text=,08:34,抖音评论,video,锁仓一天是什么体验#内容过于真实 #股民 #基金 #王多于股之子 #vlog十亿流量扶持计划,从前、从钱,7639151315713620465,https://www.douyin.com/video/7639151315713620465,,7639168241995367209,08:34,未纳入,中性,自动映射到抖音视频评论池。,,false
2026-05-13,wangduoyu,抖音评论 08:34,你一锁就跌,,,,否,video_id=7639151315713620465; video_url=https://www.douyin.com/video/7639151315713620465; creator=王多于-股之子; like=0; reply=0; source_type=comment; parent_comment_text=,08:34,抖音评论,video,锁仓一天是什么体验#内容过于真实 #股民 #基金 #王多于股之子 #vlog十亿流量扶持计划,吞金兽的百果园,7639151315713620465,https://www.douyin.com/video/7639151315713620465,,7639168238336983827,08:34,未纳入,中性,自动映射到抖音视频评论池。,,false
2026-05-13,wangduoyu,抖音评论 08:34,睡觉了 好心人帮我留意一下我满仓的新洁能和洪兴股份[宕机],洪兴股份(001209);新洁能(605111),服装家纺;半导体,洪兴股份(001209) 被提及 1 次，有效评论 1 条，来源 1 个，单视频线索，情绪 中性，当前判断：保留观察。；新洁能(605111) 被提及 1 次，有效评论 1 条，来源 1 个，单视频线索，情绪 中性，当前判断：保留观察。,待确认,video_id=7639151315713620465; video_url=https://www.douyin.com/video/7639151315713620465; creator=王多于-股之子; like=0; reply=1; source_type=comment; parent_comment_text=,08:34,抖音评论,video,锁仓一天是什么体验#内容过于真实 #股民 #基金 #王多于股之子 #vlog十亿流量扶持计划,憨憨去质器,7639151315713620465,https://www.douyin.com/video/7639151315713620465,,7639168202149249827,08:34,待确认,中性,自动映射到抖音视频评论池。,6.4,false
2026-05-13,wangduoyu,抖音评论 08:34,杀人诛心[流泪][流泪][流泪],,,,否,video_id=7639151315713620465; video_url=https://www.douyin.com/video/7639151315713620465; creator=王多于-股之子; like=0; reply=0; source_type=comment; parent_comment_text=,08:34,抖音评论,video,锁仓一天是什么体验#内容过于真实 #股民 #基金 #王多于股之子 #vlog十亿流量扶持计划,@旧旧旧    &旧人,7639151315713620465,https://www.douyin.com/video/7639151315713620465,,7639168194854765371,08:34,未纳入,中性,自动映射到抖音视频评论池。,,false
2026-05-13,wangduoyu,抖音评论 08:34,今天赶紧跑路吧,,,,否,video_id=7639151315713620465; video_url=https://www.douyin.com/video/7639151315713620465; creator=王多于-股之子; like=0; reply=0; source_type=comment; parent_comment_text=,08:34,抖音评论,video,锁仓一天是什么体验#内容过于真实 #股民 #基金 #王多于股之子 #vlog十亿流量扶持计划,化债人↗,7639151315713620465,https://www.douyin.com/video/7639151315713620465,,7639168157144236806,08:34,未纳入,中性,自动映射到抖音视频评论池。,,false
2026-05-13,wangduoyu,抖音评论 08:33,清仓,,,,否,video_id=7639151315713620465; video_url=https://www.douyin.com/video/7639151315713620465; creator=王多于-股之子; like=1; reply=0; source_type=comment; parent_comment_text=,08:33,抖音评论,video,锁仓一天是什么体验#内容过于真实 #股民 #基金 #王多于股之子 #vlog十亿流量扶持计划,菜·菜,7639151315713620465,https://www.douyin.com/video/7639151315713620465,,7639167974663078694,08:33,未纳入,中性,自动映射到抖音视频评论池。,,false
2026-05-13,wangduoyu,抖音评论 08:32,好了，我知道要清仓了[裂开],,,,否,video_id=7639151315713620465; video_url=https://www.douyin.com/video/7639151315713620465; creator=王多于-股之子; like=0; reply=0; source_type=comment; parent_comment_text=,08:32,抖音评论,video,锁仓一天是什么体验#内容过于真实 #股民 #基金 #王多于股之子 #vlog十亿流量扶持计划,如意如意！顺我心意！,7639151315713620465,https://www.douyin.com/video/7639151315713620465,,7639167829669249841,08:32,未纳入,中性,自动映射到抖音视频评论池。,,false
2026-05-13,wangduoyu,抖音评论 08:31,[裂开][裂开][裂开],,,,否,video_id=7639151315713620465; video_url=https://www.douyin.com/video/7639151315713620465; creator=王多于-股之子; like=0; reply=0; source_type=comment; parent_comment_text=,08:31,抖音评论,video,锁仓一天是什么体验#内容过于真实 #股民 #基金 #王多于股之子 #vlog十亿流量扶持计划,木习习_,7639151315713620465,https://www.douyin.com/video/7639151315713620465,,7639167404363776819,08:31,未纳入,中性,自动映射到抖音视频评论池。,,false
2026-05-13,wangduoyu,抖音评论 08:31,坏了，今天要跌[尬笑],,,,否,video_id=7639151315713620465; video_url=https://www.douyin.com/video/7639151315713620465; creator=王多于-股之子; like=1; reply=0; source_type=comment; parent_comment_text=,08:31,抖音评论,video,锁仓一天是什么体验#内容过于真实 #股民 #基金 #王多于股之子 #vlog十亿流量扶持计划,杏花村汾酒,7639151315713620465,https://www.douyin.com/video/7639151315713620465,,7639167401531835185,08:31,未纳入,中性,自动映射到抖音视频评论池。,,false
2026-05-13,wangduoyu,抖音评论 08:30,打开,,,,否,video_id=7639151315713620465; video_url=https://www.douyin.com/video/7639151315713620465; creator=王多于-股之子; like=0; reply=0; source_type=comment; parent_comment_text=,08:30,抖音评论,video,锁仓一天是什么体验#内容过于真实 #股民 #基金 #王多于股之子 #vlog十亿流量扶持计划,梵尚私人订制  古月,7639151315713620465,https://www.douyin.com/video/7639151315713620465,,7639167338344071946,08:30,未纳入,中性,自动映射到抖音视频评论池。,,false
2026-05-13,wangduoyu,抖音评论 08:29,别锁啊[捂脸],,,,否,video_id=7639151315713620465; video_url=https://www.douyin.com/video/7639151315713620465; creator=王多于-股之子; like=0; reply=0; source_type=comment; parent_comment_text=,08:29,抖音评论,video,锁仓一天是什么体验#内容过于真实 #股民 #基金 #王多于股之子 #vlog十亿流量扶持计划,小颖丫头,7639151315713620465,https://www.douyin.com/video/7639151315713620465,,7639167067842167601,08:29,未纳入,中性,自动映射到抖音视频评论池。,,false
2026-05-13,wangduoyu,抖音评论 08:29,完蛋，每次锁仓都亏,,,,否,video_id=7639151315713620465; video_url=https://www.douyin.com/video/7639151315713620465; creator=王多于-股之子; like=0; reply=0; source_type=comment; parent_comment_text=,08:29,抖音评论,video,锁仓一天是什么体验#内容过于真实 #股民 #基金 #王多于股之子 #vlog十亿流量扶持计划,大佬的专属群演,7639151315713620465,https://www.douyin.com/video/7639151315713620465,,7639166870192653098,08:29,未纳入,中性,自动映射到抖音视频评论池。,,false
2026-05-13,wangduoyu,抖音评论 08:28,锁仓必跌[看],,,,否,video_id=7639151315713620465; video_url=https://www.douyin.com/video/7639151315713620465; creator=王多于-股之子; like=0; reply=0; source_type=comment; parent_comment_text=,08:28,抖音评论,video,锁仓一天是什么体验#内容过于真实 #股民 #基金 #王多于股之子 #vlog十亿流量扶持计划,绿了芭蕉,7639151315713620465,https://www.douyin.com/video/7639151315713620465,,7639166789142905658,08:28,未纳入,中性,自动映射到抖音视频评论池。,,false
2026-05-13,wangduoyu,抖音评论 08:28,真的要打你了,,,,否,video_id=7639151315713620465; video_url=https://www.douyin.com/video/7639151315713620465; creator=王多于-股之子; like=0; reply=0; source_type=comment; parent_comment_text=,08:28,抖音评论,video,锁仓一天是什么体验#内容过于真实 #股民 #基金 #王多于股之子 #vlog十亿流量扶持计划,昕橙🍁,7639151315713620465,https://www.douyin.com/video/7639151315713620465,,7639166741947712313,08:28,未纳入,中性,自动映射到抖音视频评论池。,,false
2026-05-13,wangduoyu,抖音评论 08:28,不要啊,,,,否,video_id=7639151315713620465; video_url=https://www.douyin.com/video/7639151315713620465; creator=王多于-股之子; like=0; reply=0; source_type=comment; parent_comment_text=,08:28,抖音评论,video,锁仓一天是什么体验#内容过于真实 #股民 #基金 #王多于股之子 #vlog十亿流量扶持计划,＋愉,7639151315713620465,https://www.douyin.com/video/7639151315713620465,,7639166713225495333,08:28,未纳入,中性,自动映射到抖音视频评论池。,,false
2026-05-13,wangduoyu,抖音评论 08:27,又锁仓啦[发呆]看来又要大跌了多鱼,,,,否,video_id=7639151315713620465; video_url=https://www.douyin.com/video/7639151315713620465; creator=王多于-股之子; like=0; reply=0; source_type=comment; parent_comment_text=,08:27,抖音评论,video,锁仓一天是什么体验#内容过于真实 #股民 #基金 #王多于股之子 #vlog十亿流量扶持计划,似水流年,7639151315713620465,https://www.douyin.com/video/7639151315713620465,,7639166571700585253,08:27,未纳入,中性,自动映射到抖音视频评论池。,,false
2026-05-13,wangduoyu,抖音评论 08:27,怕了怕了,,,,否,video_id=7639151315713620465; video_url=https://www.douyin.com/video/7639151315713620465; creator=王多于-股之子; like=0; reply=0; source_type=comment; parent_comment_text=,08:27,抖音评论,video,锁仓一天是什么体验#内容过于真实 #股民 #基金 #王多于股之子 #vlog十亿流量扶持计划,user7477075873069,7639151315713620465,https://www.douyin.com/video/7639151315713620465,,7639166507118215971,08:27,未纳入,中性,自动映射到抖音视频评论池。,,false
2026-05-13,wangduoyu,抖音评论 08:27,每次都是跌,,,,否,video_id=7639151315713620465; video_url=https://www.douyin.com/video/7639151315713620465; creator=王多于-股之子; like=0; reply=0; source_type=comment; parent_comment_text=,08:27,抖音评论,video,锁仓一天是什么体验#内容过于真实 #股民 #基金 #王多于股之子 #vlog十亿流量扶持计划,12345四马打老虎,7639151315713620465,https://www.douyin.com/video/7639151315713620465,,7639166484816003877,08:27,未纳入,中性,自动映射到抖音视频评论池。,,false
2026-05-13,wangduoyu,抖音评论 08:27,今天走w,,,,否,video_id=7639151315713620465; video_url=https://www.douyin.com/video/7639151315713620465; creator=王多于-股之子; like=0; reply=0; source_type=comment; parent_comment_text=,08:27,抖音评论,video,锁仓一天是什么体验#内容过于真实 #股民 #基金 #王多于股之子 #vlog十亿流量扶持计划,嚜珥-,7639151315713620465,https://www.douyin.com/video/7639151315713620465,,7639166382840808226,08:27,未纳入,中性,自动映射到抖音视频评论池。,,false
2026-05-13,wangduoyu,抖音评论 08:27,这两天会给点甜头  正儿八经沙还没开始,,,,否,video_id=7639151315713620465; video_url=https://www.douyin.com/video/7639151315713620465; creator=王多于-股之子; like=1; reply=0; source_type=comment; parent_comment_text=,08:27,抖音评论,video,锁仓一天是什么体验#内容过于真实 #股民 #基金 #王多于股之子 #vlog十亿流量扶持计划,🌈春秋,7639151315713620465,https://www.douyin.com/video/7639151315713620465,,7639166385638114086,08:27,未纳入,中性,自动映射到抖音视频评论池。,,false
2026-05-13,wangduoyu,抖音评论 08:26,你一锁仓就大跌，我服了,,,,否,video_id=7639151315713620465; video_url=https://www.douyin.com/video/7639151315713620465; creator=王多于-股之子; like=0; reply=0; source_type=comment; parent_comment_text=,08:26,抖音评论,video,锁仓一天是什么体验#内容过于真实 #股民 #基金 #王多于股之子 #vlog十亿流量扶持计划,小郭啊,7639151315713620465,https://www.douyin.com/video/7639151315713620465,,7639166201695912713,08:26,未纳入,中性,自动映射到抖音视频评论池。,,false
2026-05-13,wangduoyu,抖音评论 08:26,今天又凉了,,,,否,video_id=7639151315713620465; video_url=https://www.douyin.com/video/7639151315713620465; creator=王多于-股之子; like=0; reply=0; source_type=comment; parent_comment_text=,08:26,抖音评论,video,锁仓一天是什么体验#内容过于真实 #股民 #基金 #王多于股之子 #vlog十亿流量扶持计划,🦅🍓,7639151315713620465,https://www.douyin.com/video/7639151315713620465,,7639166180083041073,08:26,未纳入,中性,自动映射到抖音视频评论池。,,false
2026-05-13,wangduoyu,抖音评论 08:24,刷到这娃锁仓2次了，每次都是跌。,,,,否,video_id=7639151315713620465; video_url=https://www.douyin.com/video/7639151315713620465; creator=王多于-股之子; like=0; reply=1; source_type=comment; parent_comment_text=,08:24,抖音评论,video,锁仓一天是什么体验#内容过于真实 #股民 #基金 #王多于股之子 #vlog十亿流量扶持计划,雷诺配件搬运工,7639151315713620465,https://www.douyin.com/video/7639151315713620465,,7639165793465451300,08:24,未纳入,中性,自动映射到抖音视频评论池。,,false
2026-05-13,wangduoyu,抖音评论 08:24,要跑的，昨天就跑了,,,,否,video_id=7639151315713620465; video_url=https://www.douyin.com/video/7639151315713620465; creator=王多于-股之子; like=0; reply=0; source_type=comment; parent_comment_text=,08:24,抖音评论,video,锁仓一天是什么体验#内容过于真实 #股民 #基金 #王多于股之子 #vlog十亿流量扶持计划,okk（居间人）,7639151315713620465,https://www.douyin.com/video/7639151315713620465,,7639165778747130673,08:24,未纳入,中性,自动映射到抖音视频评论池。,,false
2026-05-13,wangduoyu,抖音评论 08:24,这次你锁也不怕，昨天只留了底舱。,,,,否,video_id=7639151315713620465; video_url=https://www.douyin.com/video/7639151315713620465; creator=王多于-股之子; like=0; reply=0; source_type=comment; parent_comment_text=,08:24,抖音评论,video,锁仓一天是什么体验#内容过于真实 #股民 #基金 #王多于股之子 #vlog十亿流量扶持计划,1541520989,7639151315713620465,https://www.douyin.com/video/7639151315713620465,,7639165738805084977,08:24,未纳入,中性,自动映射到抖音视频评论池。,,false
2026-05-13,wangduoyu,抖音评论 08:24,我不信,,,,否,video_id=7639151315713620465; video_url=https://www.douyin.com/video/7639151315713620465; creator=王多于-股之子; like=0; reply=0; source_type=comment; parent_comment_text=,08:24,抖音评论,video,锁仓一天是什么体验#内容过于真实 #股民 #基金 #王多于股之子 #vlog十亿流量扶持计划,💍 秋刀鱼,7639151315713620465,https://www.douyin.com/video/7639151315713620465,,7639165704876999466,08:24,未纳入,中性,自动映射到抖音视频评论池。,,false
2026-05-13,wangduoyu,抖音评论 08:22,不要锁，烦死了,,,,否,video_id=7639151315713620465; video_url=https://www.douyin.com/video/7639151315713620465; creator=王多于-股之子; like=0; reply=0; source_type=comment; parent_comment_text=,08:22,抖音评论,video,锁仓一天是什么体验#内容过于真实 #股民 #基金 #王多于股之子 #vlog十亿流量扶持计划,大A捡漏王,7639151315713620465,https://www.douyin.com/video/7639151315713620465,,7639165130718495537,08:22,未纳入,中性,自动映射到抖音视频评论池。,,false
2026-05-13,wangduoyu,抖音评论 08:22,天塌了[流泪],,,,否,video_id=7639151315713620465; video_url=https://www.douyin.com/video/7639151315713620465; creator=王多于-股之子; like=0; reply=0; source_type=comment; parent_comment_text=,08:22,抖音评论,video,锁仓一天是什么体验#内容过于真实 #股民 #基金 #王多于股之子 #vlog十亿流量扶持计划,普拉提器械源头厂家,7639151315713620465,https://www.douyin.com/video/7639151315713620465,,7639165127513981745,08:22,未纳入,中性,自动映射到抖音视频评论池。,,false
2026-05-13,wangduoyu,抖音评论 08:21,老师，你在干嘛[流泪],,,,否,video_id=7639151315713620465; video_url=https://www.douyin.com/video/7639151315713620465; creator=王多于-股之子; like=0; reply=0; source_type=comment; parent_comment_text=,08:21,抖音评论,video,锁仓一天是什么体验#内容过于真实 #股民 #基金 #王多于股之子 #vlog十亿流量扶持计划,怎样才能瘦！,7639151315713620465,https://www.douyin.com/video/7639151315713620465,,7639164884755841849,08:21,未纳入,中性,自动映射到抖音视频评论池。,,false
2026-05-13,wangduoyu,抖音评论 08:21,你又在干嘛,,,,否,video_id=7639151315713620465; video_url=https://www.douyin.com/video/7639151315713620465; creator=王多于-股之子; like=1; reply=0; source_type=comment; parent_comment_text=,08:21,抖音评论,video,锁仓一天是什么体验#内容过于真实 #股民 #基金 #王多于股之子 #vlog十亿流量扶持计划,一剑,7639151315713620465,https://www.douyin.com/video/7639151315713620465,,7639164823334290191,08:21,未纳入,中性,自动映射到抖音视频评论池。,,false
2026-05-13,wangduoyu,抖音评论 08:19,大家都觉得今天该跑了，那是时候建仓了[看],,,,否,video_id=7639151315713620465; video_url=https://www.douyin.com/video/7639151315713620465; creator=王多于-股之子; like=0; reply=0; source_type=comment; parent_comment_text=,08:19,抖音评论,video,锁仓一天是什么体验#内容过于真实 #股民 #基金 #王多于股之子 #vlog十亿流量扶持计划,唯无炎,7639151315713620465,https://www.douyin.com/video/7639151315713620465,,7639164536062526245,08:19,未纳入,中性,自动映射到抖音视频评论池。,,false
2026-05-13,wangduoyu,抖音评论 08:19,多于，你今天又要弄我们呢,,,,否,video_id=7639151315713620465; video_url=https://www.douyin.com/video/7639151315713620465; creator=王多于-股之子; like=0; reply=0; source_type=comment; parent_comment_text=,08:19,抖音评论,video,锁仓一天是什么体验#内容过于真实 #股民 #基金 #王多于股之子 #vlog十亿流量扶持计划,Never let me go,7639151315713620465,https://www.douyin.com/video/7639151315713620465,,7639164528669098810,08:19,未纳入,中性,自动映射到抖音视频评论池。,,false
2026-05-13,wangduoyu,抖音评论 08:19,又要锁了[尬笑],,,,否,video_id=7639151315713620465; video_url=https://www.douyin.com/video/7639151315713620465; creator=王多于-股之子; like=0; reply=0; source_type=comment; parent_comment_text=,08:19,抖音评论,video,锁仓一天是什么体验#内容过于真实 #股民 #基金 #王多于股之子 #vlog十亿流量扶持计划,万礼,7639151315713620465,https://www.douyin.com/video/7639151315713620465,,7639164462755037988,08:19,未纳入,中性,自动映射到抖音视频评论池。,,false
2026-05-13,wangduoyu,抖音评论 08:19,又锁仓[杀马特],,,,否,video_id=7639151315713620465; video_url=https://www.douyin.com/video/7639151315713620465; creator=王多于-股之子; like=0; reply=0; source_type=comment; parent_comment_text=,08:19,抖音评论,video,锁仓一天是什么体验#内容过于真实 #股民 #基金 #王多于股之子 #vlog十亿流量扶持计划,PL,7639151315713620465,https://www.douyin.com/video/7639151315713620465,,7639164403862045498,08:19,未纳入,中性,自动映射到抖音视频评论池。,,false
2026-05-13,wangduoyu,抖音评论 08:19,这么早就锁了[捂脸],,,,否,video_id=7639151315713620465; video_url=https://www.douyin.com/video/7639151315713620465; creator=王多于-股之子; like=0; reply=0; source_type=comment; parent_comment_text=,08:19,抖音评论,video,锁仓一天是什么体验#内容过于真实 #股民 #基金 #王多于股之子 #vlog十亿流量扶持计划,德云女孩,7639151315713620465,https://www.douyin.com/video/7639151315713620465,,7639164347789525797,08:19,未纳入,中性,自动映射到抖音视频评论池。,,false
2026-05-13,wangduoyu,抖音评论 08:19,完了,,,,否,video_id=7639151315713620465; video_url=https://www.douyin.com/video/7639151315713620465; creator=王多于-股之子; like=0; reply=0; source_type=comment; parent_comment_text=,08:19,抖音评论,video,锁仓一天是什么体验#内容过于真实 #股民 #基金 #王多于股之子 #vlog十亿流量扶持计划,一生平安，,7639151315713620465,https://www.douyin.com/video/7639151315713620465,,7639164303594373945,08:19,未纳入,中性,自动映射到抖音视频评论池。,,false
2026-05-13,wangduoyu,抖音评论 08:17,开盘就跑,,,,否,video_id=7639151315713620465; video_url=https://www.douyin.com/video/7639151315713620465; creator=王多于-股之子; like=0; reply=0; source_type=comment; parent_comment_text=,08:17,抖音评论,video,锁仓一天是什么体验#内容过于真实 #股民 #基金 #王多于股之子 #vlog十亿流量扶持计划,秦岭傻雕,7639151315713620465,https://www.douyin.com/video/7639151315713620465,,7639163880980316966,08:17,未纳入,中性,自动映射到抖音视频评论池。,,false
2026-05-13,wangduoyu,抖音评论 08:16,天崩开局，怎么又锁了[裂开],,,,否,video_id=7639151315713620465; video_url=https://www.douyin.com/video/7639151315713620465; creator=王多于-股之子; like=0; reply=0; source_type=comment; parent_comment_text=,08:16,抖音评论,video,锁仓一天是什么体验#内容过于真实 #股民 #基金 #王多于股之子 #vlog十亿流量扶持计划,右侧,7639151315713620465,https://www.douyin.com/video/7639151315713620465,,7639163736847385385,08:16,未纳入,中性,自动映射到抖音视频评论池。,,false
2026-05-13,wangduoyu,抖音评论 08:16,我艹，赶紧跑！,,,,否,video_id=7639151315713620465; video_url=https://www.douyin.com/video/7639151315713620465; creator=王多于-股之子; like=0; reply=0; source_type=comment; parent_comment_text=,08:16,抖音评论,video,锁仓一天是什么体验#内容过于真实 #股民 #基金 #王多于股之子 #vlog十亿流量扶持计划,戒七,7639151315713620465,https://www.douyin.com/video/7639151315713620465,,7639163636418183985,08:16,未纳入,中性,自动映射到抖音视频评论池。,,false
2026-05-13,wangduoyu,抖音评论 08:15,又锁仓[捂脸][捂脸],,,,否,video_id=7639151315713620465; video_url=https://www.douyin.com/video/7639151315713620465; creator=王多于-股之子; like=0; reply=0; source_type=comment; parent_comment_text=,08:15,抖音评论,video,锁仓一天是什么体验#内容过于真实 #股民 #基金 #王多于股之子 #vlog十亿流量扶持计划,浩然正气,7639151315713620465,https://www.douyin.com/video/7639151315713620465,,7639163492981850907,08:15,未纳入,中性,自动映射到抖音视频评论池。,,false
2026-05-13,wangduoyu,抖音评论 08:15,等着喝奶茶[舔屏],,,,否,video_id=7639151315713620465; video_url=https://www.douyin.com/video/7639151315713620465; creator=王多于-股之子; like=0; reply=0; source_type=comment; parent_comment_text=,08:15,抖音评论,video,锁仓一天是什么体验#内容过于真实 #股民 #基金 #王多于股之子 #vlog十亿流量扶持计划,✨霞姐姐✨,7639151315713620465,https://www.douyin.com/video/7639151315713620465,,7639163451281425201,08:15,未纳入,中性,自动映射到抖音视频评论池。,,false
2026-05-13,wangduoyu,抖音评论 08:15,完了……又要绿色了,,,,否,video_id=7639151315713620465; video_url=https://www.douyin.com/video/7639151315713620465; creator=王多于-股之子; like=0; reply=0; source_type=comment; parent_comment_text=,08:15,抖音评论,video,锁仓一天是什么体验#内容过于真实 #股民 #基金 #王多于股之子 #vlog十亿流量扶持计划,小自由,7639151315713620465,https://www.douyin.com/video/7639151315713620465,,7639163382684631866,08:15,未纳入,中性,自动映射到抖音视频评论池。,,false
2026-05-13,wangduoyu,抖音评论 08:15,低开低走,,,,否,video_id=7639151315713620465; video_url=https://www.douyin.com/video/7639151315713620465; creator=王多于-股之子; like=0; reply=2; source_type=comment; parent_comment_text=,08:15,抖音评论,video,锁仓一天是什么体验#内容过于真实 #股民 #基金 #王多于股之子 #vlog十亿流量扶持计划,Nana ya,7639151315713620465,https://www.douyin.com/video/7639151315713620465,,7639163285353087781,08:15,未纳入,中性,自动映射到抖音视频评论池。,,false
2026-05-13,wangduoyu,抖音评论 08:15,好了，你真是牛逼[戳手手]仿佛看到了大跌特跌,,,,否,video_id=7639151315713620465; video_url=https://www.douyin.com/video/7639151315713620465; creator=王多于-股之子; like=1; reply=0; source_type=comment; parent_comment_text=,08:15,抖音评论,video,锁仓一天是什么体验#内容过于真实 #股民 #基金 #王多于股之子 #vlog十亿流量扶持计划,糕冷冰淇淋🍦,7639151315713620465,https://www.douyin.com/video/7639151315713620465,,7639163278387774235,08:15,未纳入,中性,自动映射到抖音视频评论池。,,false
2026-05-13,wangduoyu,抖音评论 08:14,不是，又锁？[看],,,,否,video_id=7639151315713620465; video_url=https://www.douyin.com/video/7639151315713620465; creator=王多于-股之子; like=0; reply=0; source_type=comment; parent_comment_text=,08:14,抖音评论,video,锁仓一天是什么体验#内容过于真实 #股民 #基金 #王多于股之子 #vlog十亿流量扶持计划,三旬绅士,7639151315713620465,https://www.douyin.com/video/7639151315713620465,,7639163100533048127,08:14,未纳入,中性,自动映射到抖音视频评论池。,,false
2026-05-13,wangduoyu,抖音评论 08:14,你一锁就绿[笑哭],,,,否,video_id=7639151315713620465; video_url=https://www.douyin.com/video/7639151315713620465; creator=王多于-股之子; like=0; reply=0; source_type=comment; parent_comment_text=,08:14,抖音评论,video,锁仓一天是什么体验#内容过于真实 #股民 #基金 #王多于股之子 #vlog十亿流量扶持计划,可乐要加冰@,7639151315713620465,https://www.douyin.com/video/7639151315713620465,,7639163092706968378,08:14,未纳入,中性,自动映射到抖音视频评论池。,,false
2026-05-13,wangduoyu,抖音评论 08:14,太可怕了   一看到你锁仓心慌慌,,,,否,video_id=7639151315713620465; video_url=https://www.douyin.com/video/7639151315713620465; creator=王多于-股之子; like=0; reply=0; source_type=comment; parent_comment_text=,08:14,抖音评论,video,锁仓一天是什么体验#内容过于真实 #股民 #基金 #王多于股之子 #vlog十亿流量扶持计划,哎哟喂yd,7639151315713620465,https://www.douyin.com/video/7639151315713620465,,7639163048263009033,08:14,未纳入,中性,自动映射到抖音视频评论池。,,false
2026-05-13,wangduoyu,抖音评论 08:14,你今天锁仓？就是今天要大跌？？？[尴尬流汗],,,,否,video_id=7639151315713620465; video_url=https://www.douyin.com/video/7639151315713620465; creator=王多于-股之子; like=0; reply=0; source_type=comment; parent_comment_text=,08:14,抖音评论,video,锁仓一天是什么体验#内容过于真实 #股民 #基金 #王多于股之子 #vlog十亿流量扶持计划,夏天、,7639151315713620465,https://www.douyin.com/video/7639151315713620465,,7639163025190355712,08:14,未纳入,中性,自动映射到抖音视频评论池。,,false
2026-05-13,wangduoyu,抖音评论 08:13,。。。又要绿？,,,,否,video_id=7639151315713620465; video_url=https://www.douyin.com/video/7639151315713620465; creator=王多于-股之子; like=1; reply=0; source_type=comment; parent_comment_text=,08:13,抖音评论,video,锁仓一天是什么体验#内容过于真实 #股民 #基金 #王多于股之子 #vlog十亿流量扶持计划,淡 淡,7639151315713620465,https://www.douyin.com/video/7639151315713620465,,7639162965677523752,08:13,未纳入,中性,自动映射到抖音视频评论池。,,false
2026-05-13,wangduoyu,抖音评论 08:12,拿出来，不然找人弄你,,,,否,video_id=7639151315713620465; video_url=https://www.douyin.com/video/7639151315713620465; creator=王多于-股之子; like=0; reply=0; source_type=comment; parent_comment_text=,08:12,抖音评论,video,锁仓一天是什么体验#内容过于真实 #股民 #基金 #王多于股之子 #vlog十亿流量扶持计划,砚云,7639151315713620465,https://www.douyin.com/video/7639151315713620465,,7639162641856824122,08:12,未纳入,中性,自动映射到抖音视频评论池。,,false
2026-05-13,wangduoyu,抖音评论 08:12,你又干嘛！,,,,否,video_id=7639151315713620465; video_url=https://www.douyin.com/video/7639151315713620465; creator=王多于-股之子; like=0; reply=0; source_type=comment; parent_comment_text=,08:12,抖音评论,video,锁仓一天是什么体验#内容过于真实 #股民 #基金 #王多于股之子 #vlog十亿流量扶持计划,爱吃辣椒🌶️,7639151315713620465,https://www.douyin.com/video/7639151315713620465,,7639162628312466230,08:12,未纳入,中性,自动映射到抖音视频评论池。,,false
2026-05-13,wangduoyu,抖音评论 08:11,完了，他锁仓了，今天包绿[流泪],,,,否,video_id=7639151315713620465; video_url=https://www.douyin.com/video/7639151315713620465; creator=王多于-股之子; like=5; reply=0; source_type=comment; parent_comment_text=,08:11,抖音评论,video,锁仓一天是什么体验#内容过于真实 #股民 #基金 #王多于股之子 #vlog十亿流量扶持计划,小陈CC,7639151315713620465,https://www.douyin.com/video/7639151315713620465,,7639162448478372667,08:11,未纳入,中性,自动映射到抖音视频评论池。,,false
2026-05-13,wangduoyu,抖音评论 08:11,完了，你锁仓就要跌,,,,否,video_id=7639151315713620465; video_url=https://www.douyin.com/video/7639151315713620465; creator=王多于-股之子; like=0; reply=0; source_type=comment; parent_comment_text=,08:11,抖音评论,video,锁仓一天是什么体验#内容过于真实 #股民 #基金 #王多于股之子 #vlog十亿流量扶持计划,Momo,7639151315713620465,https://www.douyin.com/video/7639151315713620465,,7639162400411337521,08:11,未纳入,中性,自动映射到抖音视频评论池。,,false
2026-05-13,wangduoyu,抖音评论 08:11,想操作还不容易，换个手机就行了,,,,否,video_id=7639151315713620465; video_url=https://www.douyin.com/video/7639151315713620465; creator=王多于-股之子; like=0; reply=0; source_type=comment; parent_comment_text=,08:11,抖音评论,video,锁仓一天是什么体验#内容过于真实 #股民 #基金 #王多于股之子 #vlog十亿流量扶持计划,向网未来,7639151315713620465,https://www.douyin.com/video/7639151315713620465,,7639162380857475876,08:11,未纳入,中性,自动映射到抖音视频评论池。,,false
2026-05-13,wangduoyu,抖音评论 08:11,你只要锁住就跌,,,,否,video_id=7639151315713620465; video_url=https://www.douyin.com/video/7639151315713620465; creator=王多于-股之子; like=0; reply=0; source_type=comment; parent_comment_text=,08:11,抖音评论,video,锁仓一天是什么体验#内容过于真实 #股民 #基金 #王多于股之子 #vlog十亿流量扶持计划,煤基厨灶油小张,7639151315713620465,https://www.douyin.com/video/7639151315713620465,,7639162222288618277,08:11,未纳入,中性,自动映射到抖音视频评论池。,,false
2026-05-13,wangduoyu,抖音评论 08:10,快拿出来,,,,否,video_id=7639151315713620465; video_url=https://www.douyin.com/video/7639151315713620465; creator=王多于-股之子; like=0; reply=0; source_type=comment; parent_comment_text=,08:10,抖音评论,video,锁仓一天是什么体验#内容过于真实 #股民 #基金 #王多于股之子 #vlog十亿流量扶持计划,燃烬✔,7639151315713620465,https://www.douyin.com/video/7639151315713620465,,7639162005773189951,08:10,未纳入,中性,自动映射到抖音视频评论池。,,false
2026-05-13,wangduoyu,抖音评论 08:10,今天你敢啊，大哥,,,,否,video_id=7639151315713620465; video_url=https://www.douyin.com/video/7639151315713620465; creator=王多于-股之子; like=0; reply=0; source_type=comment; parent_comment_text=,08:10,抖音评论,video,锁仓一天是什么体验#内容过于真实 #股民 #基金 #王多于股之子 #vlog十亿流量扶持计划,浩biu  biu,7639151315713620465,https://www.douyin.com/video/7639151315713620465,,7639161969949836089,08:10,未纳入,中性,自动映射到抖音视频评论池。,,false
2026-05-13,wangduoyu,抖音评论 08:09,完蛋[微笑],,,,否,video_id=7639151315713620465; video_url=https://www.douyin.com/video/7639151315713620465; creator=王多于-股之子; like=0; reply=0; source_type=comment; parent_comment_text=,08:09,抖音评论,video,锁仓一天是什么体验#内容过于真实 #股民 #基金 #王多于股之子 #vlog十亿流量扶持计划,日行一善积大德,7639151315713620465,https://www.douyin.com/video/7639151315713620465,,7639161913960137521,08:09,未纳入,中性,自动映射到抖音视频评论池。,,false
2026-05-13,wangduoyu,抖音评论 08:09,创立集团[宕机],,,,否,video_id=7639151315713620465; video_url=https://www.douyin.com/video/7639151315713620465; creator=王多于-股之子; like=0; reply=0; source_type=comment; parent_comment_text=,08:09,抖音评论,video,锁仓一天是什么体验#内容过于真实 #股民 #基金 #王多于股之子 #vlog十亿流量扶持计划,留言板,7639151315713620465,https://www.douyin.com/video/7639151315713620465,,7639161837603865401,08:09,未纳入,中性,自动映射到抖音视频评论池。,,false
2026-05-13,wangduoyu,抖音评论 08:09,又锁仓[捂脸]，大跌呀,,,,否,video_id=7639151315713620465; video_url=https://www.douyin.com/video/7639151315713620465; creator=王多于-股之子; like=0; reply=0; source_type=comment; parent_comment_text=,08:09,抖音评论,video,锁仓一天是什么体验#内容过于真实 #股民 #基金 #王多于股之子 #vlog十亿流量扶持计划,小   麦   子,7639151315713620465,https://www.douyin.com/video/7639151315713620465,,7639161806787134245,08:09,未纳入,中性,自动映射到抖音视频评论池。,,false
2026-05-13,wangduoyu,抖音评论 08:09,好 今天跌 可以不用看盘了,,,,否,video_id=7639151315713620465; video_url=https://www.douyin.com/video/7639151315713620465; creator=王多于-股之子; like=1; reply=0; source_type=comment; parent_comment_text=,08:09,抖音评论,video,锁仓一天是什么体验#内容过于真实 #股民 #基金 #王多于股之子 #vlog十亿流量扶持计划,巴拉巴拉拉,7639151315713620465,https://www.douyin.com/video/7639151315713620465,,7639161735186514747,08:09,未纳入,中性,自动映射到抖音视频评论池。,,false
2026-05-13,wangduoyu,抖音评论 08:08,你怎么又锁仓，我害怕！,,,,否,video_id=7639151315713620465; video_url=https://www.douyin.com/video/7639151315713620465; creator=王多于-股之子; like=1; reply=0; source_type=comment; parent_comment_text=,08:08,抖音评论,video,锁仓一天是什么体验#内容过于真实 #股民 #基金 #王多于股之子 #vlog十亿流量扶持计划,安达全国宠物托运,7639151315713620465,https://www.douyin.com/video/7639151315713620465,,7639161472291881765,08:08,未纳入,中性,自动映射到抖音视频评论池。,,false
2026-05-13,wangduoyu,抖音评论 08:07,今天大跌了,,,,否,video_id=7639151315713620465; video_url=https://www.douyin.com/video/7639151315713620465; creator=王多于-股之子; like=0; reply=0; source_type=comment; parent_comment_text=,08:07,抖音评论,video,锁仓一天是什么体验#内容过于真实 #股民 #基金 #王多于股之子 #vlog十亿流量扶持计划,吴糖可乐🥤🥤🥤,7639151315713620465,https://www.douyin.com/video/7639151315713620465,,7639161300649018149,08:07,未纳入,中性,自动映射到抖音视频评论池。,,false
2026-05-13,wangduoyu,抖音评论 08:07,[捂脸][捂脸][捂脸]马上跑,,,,否,video_id=7639151315713620465; video_url=https://www.douyin.com/video/7639151315713620465; creator=王多于-股之子; like=0; reply=0; source_type=comment; parent_comment_text=,08:07,抖音评论,video,锁仓一天是什么体验#内容过于真实 #股民 #基金 #王多于股之子 #vlog十亿流量扶持计划,健康，暴富，上岸的小黄,7639151315713620465,https://www.douyin.com/video/7639151315713620465,,7639161298672436025,08:07,未纳入,中性,自动映射到抖音视频评论池。,,false
2026-05-13,wangduoyu,抖音评论 08:06,今天看好飞马国际吗,飞马国际(002210),物流,飞马国际(002210) 被提及 1 次，有效评论 1 条，来源 1 个，单视频线索，情绪 中性，当前判断：保留观察。,待确认,video_id=7639151315713620465; video_url=https://www.douyin.com/video/7639151315713620465; creator=王多于-股之子; like=0; reply=0; source_type=comment; parent_comment_text=,08:06,抖音评论,video,锁仓一天是什么体验#内容过于真实 #股民 #基金 #王多于股之子 #vlog十亿流量扶持计划,Kitty,7639151315713620465,https://www.douyin.com/video/7639151315713620465,,7639161086730339087,08:06,待确认,中性,自动映射到抖音视频评论池。,6.4,false
2026-05-13,wangduoyu,抖音评论 08:06,你一锁仓我又要绿,,,,否,video_id=7639151315713620465; video_url=https://www.douyin.com/video/7639151315713620465; creator=王多于-股之子; like=0; reply=0; source_type=comment; parent_comment_text=,08:06,抖音评论,video,锁仓一天是什么体验#内容过于真实 #股民 #基金 #王多于股之子 #vlog十亿流量扶持计划,Zzz.,7639151315713620465,https://www.douyin.com/video/7639151315713620465,,7639160995025830705,08:06,未纳入,中性,自动映射到抖音视频评论池。,,false
2026-05-13,wangduoyu,抖音评论 08:06,危了[流泪],,,,否,video_id=7639151315713620465; video_url=https://www.douyin.com/video/7639151315713620465; creator=王多于-股之子; like=0; reply=0; source_type=comment; parent_comment_text=,08:06,抖音评论,video,锁仓一天是什么体验#内容过于真实 #股民 #基金 #王多于股之子 #vlog十亿流量扶持计划,投资且投机_听劝版,7639151315713620465,https://www.douyin.com/video/7639151315713620465,,7639160982124315411,08:06,未纳入,中性,自动映射到抖音视频评论池。,,false
2026-05-13,wangduoyu,抖音评论 08:05,我先跑你殿后[泣不成声],,,,否,video_id=7639151315713620465; video_url=https://www.douyin.com/video/7639151315713620465; creator=王多于-股之子; like=0; reply=0; source_type=comment; parent_comment_text=,08:05,抖音评论,video,锁仓一天是什么体验#内容过于真实 #股民 #基金 #王多于股之子 #vlog十亿流量扶持计划,文婧,7639151315713620465,https://www.douyin.com/video/7639151315713620465,,7639160846149583625,08:05,未纳入,中性,自动映射到抖音视频评论池。,,false
2026-05-13,wangduoyu,抖音评论 08:05,又锁仓？,,,,否,video_id=7639151315713620465; video_url=https://www.douyin.com/video/7639151315713620465; creator=王多于-股之子; like=0; reply=0; source_type=comment; parent_comment_text=,08:05,抖音评论,video,锁仓一天是什么体验#内容过于真实 #股民 #基金 #王多于股之子 #vlog十亿流量扶持计划,🌈🌈🌈墨,7639151315713620465,https://www.douyin.com/video/7639151315713620465,,7639160783858926351,08:05,未纳入,中性,自动映射到抖音视频评论池。,,false
2026-05-13,wangduoyu,抖音评论 08:04,？？？不是不锁仓了吗,,,,否,video_id=7639151315713620465; video_url=https://www.douyin.com/video/7639151315713620465; creator=王多于-股之子; like=0; reply=0; source_type=comment; parent_comment_text=,08:04,抖音评论,video,锁仓一天是什么体验#内容过于真实 #股民 #基金 #王多于股之子 #vlog十亿流量扶持计划,拾梦云间,7639151315713620465,https://www.douyin.com/video/7639151315713620465,,7639160521874948923,08:04,未纳入,中性,自动映射到抖音视频评论池。,,false
2026-05-13,wangduoyu,抖音评论 08:03,你别锁仓了，要绿啊[流泪][流泪][流泪],,,,否,video_id=7639151315713620465; video_url=https://www.douyin.com/video/7639151315713620465; creator=王多于-股之子; like=0; reply=0; source_type=comment; parent_comment_text=,08:03,抖音评论,video,锁仓一天是什么体验#内容过于真实 #股民 #基金 #王多于股之子 #vlog十亿流量扶持计划,芒果🥭味,7639151315713620465,https://www.douyin.com/video/7639151315713620465,,7639160315968635685,08:03,未纳入,中性,自动映射到抖音视频评论池。,,false
2026-05-13,wangduoyu,抖音评论 08:03,黄河刮旋风，漫天黄沙……,,,,否,video_id=7639151315713620465; video_url=https://www.douyin.com/video/7639151315713620465; creator=王多于-股之子; like=0; reply=2; source_type=comment; parent_comment_text=,08:03,抖音评论,video,锁仓一天是什么体验#内容过于真实 #股民 #基金 #王多于股之子 #vlog十亿流量扶持计划,做一生好人,7639151315713620465,https://www.douyin.com/video/7639151315713620465,,7639160160490144561,08:03,未纳入,中性,自动映射到抖音视频评论池。,,false
2026-05-13,wangduoyu,抖音评论 08:01,完蛋,,,,否,video_id=7639151315713620465; video_url=https://www.douyin.com/video/7639151315713620465; creator=王多于-股之子; like=0; reply=0; source_type=comment; parent_comment_text=,08:01,抖音评论,video,锁仓一天是什么体验#内容过于真实 #股民 #基金 #王多于股之子 #vlog十亿流量扶持计划,🌈梦,7639151315713620465,https://www.douyin.com/video/7639151315713620465,,7639159842540192561,08:01,未纳入,中性,自动映射到抖音视频评论池。,,false
2026-05-13,wangduoyu,抖音评论 08:01,偷偷告诉我你买的啥,,,,否,video_id=7639151315713620465; video_url=https://www.douyin.com/video/7639151315713620465; creator=王多于-股之子; like=0; reply=0; source_type=comment; parent_comment_text=,08:01,抖音评论,video,锁仓一天是什么体验#内容过于真实 #股民 #基金 #王多于股之子 #vlog十亿流量扶持计划,颜兮,7639151315713620465,https://www.douyin.com/video/7639151315713620465,,7639159812874486578,08:01,未纳入,中性,自动映射到抖音视频评论池。,,false
2026-05-13,wangduoyu,抖音评论 08:01,有意思[鼓掌][鼓掌][鼓掌],,,,否,video_id=7639151315713620465; video_url=https://www.douyin.com/video/7639151315713620465; creator=王多于-股之子; like=0; reply=0; source_type=comment; parent_comment_text=,08:01,抖音评论,video,锁仓一天是什么体验#内容过于真实 #股民 #基金 #王多于股之子 #vlog十亿流量扶持计划,明洋,7639151315713620465,https://www.douyin.com/video/7639151315713620465,,7639159653616485162,08:01,未纳入,中性,自动映射到抖音视频评论池。,,false
2026-05-13,wangduoyu,抖音评论 07:59,完蛋，他又锁了，今天快跑,,,,否,video_id=7639151315713620465; video_url=https://www.douyin.com/video/7639151315713620465; creator=王多于-股之子; like=0; reply=0; source_type=comment; parent_comment_text=,07:59,抖音评论,video,锁仓一天是什么体验#内容过于真实 #股民 #基金 #王多于股之子 #vlog十亿流量扶持计划,ivan,7639151315713620465,https://www.douyin.com/video/7639151315713620465,,7639159223671603987,07:59,未纳入,中性,自动映射到抖音视频评论池。,,false
2026-05-13,wangduoyu,抖音评论 07:59,你是不是知道今天会跌？,,,,否,video_id=7639151315713620465; video_url=https://www.douyin.com/video/7639151315713620465; creator=王多于-股之子; like=0; reply=0; source_type=comment; parent_comment_text=,07:59,抖音评论,video,锁仓一天是什么体验#内容过于真实 #股民 #基金 #王多于股之子 #vlog十亿流量扶持计划,只有马甲没有线,7639151315713620465,https://www.douyin.com/video/7639151315713620465,,7639159177483830051,07:59,未纳入,中性,自动映射到抖音视频评论池。,,false
2026-05-13,wangduoyu,抖音评论 07:58,完犊子了又锁了[酷拽][酷拽][酷拽][酷拽],,,,否,video_id=7639151315713620465; video_url=https://www.douyin.com/video/7639151315713620465; creator=王多于-股之子; like=0; reply=0; source_type=comment; parent_comment_text=,07:58,抖音评论,video,锁仓一天是什么体验#内容过于真实 #股民 #基金 #王多于股之子 #vlog十亿流量扶持计划,净儿闹,7639151315713620465,https://www.douyin.com/video/7639151315713620465,,7639159054275773211,07:58,未纳入,中性,自动映射到抖音视频评论池。,,false
2026-05-13,wangduoyu,抖音评论 07:57,今天该跑了谢谢提示,,,,否,video_id=7639151315713620465; video_url=https://www.douyin.com/video/7639151315713620465; creator=王多于-股之子; like=1; reply=0; source_type=comment; parent_comment_text=,07:57,抖音评论,video,锁仓一天是什么体验#内容过于真实 #股民 #基金 #王多于股之子 #vlog十亿流量扶持计划,格叽格叽格机格机,7639151315713620465,https://www.douyin.com/video/7639151315713620465,,7639158721515815726,07:57,未纳入,中性,自动映射到抖音视频评论池。,,false
2026-05-13,wangduoyu,抖音评论 07:57,别啊,,,,否,video_id=7639151315713620465; video_url=https://www.douyin.com/video/7639151315713620465; creator=王多于-股之子; like=0; reply=0; source_type=comment; parent_comment_text=,07:57,抖音评论,video,锁仓一天是什么体验#内容过于真实 #股民 #基金 #王多于股之子 #vlog十亿流量扶持计划,不给力Chen,7639151315713620465,https://www.douyin.com/video/7639151315713620465,,7639158671558345530,07:57,未纳入,中性,自动映射到抖音视频评论池。,,false
2026-05-13,wangduoyu,抖音评论 07:56,今天废了,,,,否,video_id=7639151315713620465; video_url=https://www.douyin.com/video/7639151315713620465; creator=王多于-股之子; like=0; reply=0; source_type=comment; parent_comment_text=,07:56,抖音评论,video,锁仓一天是什么体验#内容过于真实 #股民 #基金 #王多于股之子 #vlog十亿流量扶持计划,每日都做T,7639151315713620465,https://www.douyin.com/video/7639151315713620465,,7639158392877007616,07:56,未纳入,中性,自动映射到抖音视频评论池。,,false
2026-05-13,wangduoyu,抖音评论 07:55,完了，今天会绿吗？,,,,否,video_id=7639151315713620465; video_url=https://www.douyin.com/video/7639151315713620465; creator=王多于-股之子; like=1; reply=0; source_type=comment; parent_comment_text=,07:55,抖音评论,video,锁仓一天是什么体验#内容过于真实 #股民 #基金 #王多于股之子 #vlog十亿流量扶持计划,泡打双喜,7639151315713620465,https://www.douyin.com/video/7639151315713620465,,7639158293035205418,07:55,未纳入,中性,自动映射到抖音视频评论池。,,false
2026-05-13,wangduoyu,抖音评论 07:55,跑,,,,否,video_id=7639151315713620465; video_url=https://www.douyin.com/video/7639151315713620465; creator=王多于-股之子; like=0; reply=0; source_type=comment; parent_comment_text=,07:55,抖音评论,video,锁仓一天是什么体验#内容过于真实 #股民 #基金 #王多于股之子 #vlog十亿流量扶持计划,往北的地方海未眠,7639151315713620465,https://www.douyin.com/video/7639151315713620465,,7639158243315663650,07:55,未纳入,中性,自动映射到抖音视频评论池。,,false
2026-05-13,wangduoyu,抖音评论 07:54,好的，集合竞价我就跑[微笑],,,,否,video_id=7639151315713620465; video_url=https://www.douyin.com/video/7639151315713620465; creator=王多于-股之子; like=4; reply=1; source_type=comment; parent_comment_text=,07:54,抖音评论,video,锁仓一天是什么体验#内容过于真实 #股民 #基金 #王多于股之子 #vlog十亿流量扶持计划,野美,7639151315713620465,https://www.douyin.com/video/7639151315713620465,,7639158075823719177,07:54,未纳入,中性,自动映射到抖音视频评论池。,,false
2026-05-13,wangduoyu,抖音评论 07:52,不行 取出来啊啊啊啊,,,,否,video_id=7639151315713620465; video_url=https://www.douyin.com/video/7639151315713620465; creator=王多于-股之子; like=0; reply=0; source_type=comment; parent_comment_text=,07:52,抖音评论,video,锁仓一天是什么体验#内容过于真实 #股民 #基金 #王多于股之子 #vlog十亿流量扶持计划,°Pretend☀,7639151315713620465,https://www.douyin.com/video/7639151315713620465,,7639157482720281384,07:52,未纳入,中性,自动映射到抖音视频评论池。,,false
2026-05-13,wangduoyu,抖音评论 07:51,别锁,,,,否,video_id=7639151315713620465; video_url=https://www.douyin.com/video/7639151315713620465; creator=王多于-股之子; like=0; reply=0; source_type=comment; parent_comment_text=,07:51,抖音评论,video,锁仓一天是什么体验#内容过于真实 #股民 #基金 #王多于股之子 #vlog十亿流量扶持计划,用户9305899382950,7639151315713620465,https://www.douyin.com/video/7639151315713620465,,7639157183339414287,07:51,未纳入,中性,自动映射到抖音视频评论池。,,false
2026-05-13,wangduoyu,抖音评论 07:51,今天大科技板块全部回调，资金全部进入电力电网板块,,,,否,video_id=7639151315713620465; video_url=https://www.douyin.com/video/7639151315713620465; creator=王多于-股之子; like=0; reply=2; source_type=comment; parent_comment_text=,07:51,抖音评论,video,锁仓一天是什么体验#内容过于真实 #股民 #基金 #王多于股之子 #vlog十亿流量扶持计划,乔大大999,7639151315713620465,https://www.douyin.com/video/7639151315713620465,,7639157168177087281,07:51,未纳入,中性,自动映射到抖音视频评论池。,,false
2026-05-13,wangduoyu,抖音评论 07:50,这就要看你你手里拿的什么票了[泪奔][泪奔],,,,否,video_id=7639151315713620465; video_url=https://www.douyin.com/video/7639151315713620465; creator=王多于-股之子; like=0; reply=2; source_type=comment; parent_comment_text=,07:50,抖音评论,video,锁仓一天是什么体验#内容过于真实 #股民 #基金 #王多于股之子 #vlog十亿流量扶持计划,我本坏蛋,7639151315713620465,https://www.douyin.com/video/7639151315713620465,,7639157009413882658,07:50,未纳入,中性,自动映射到抖音视频评论池。,,false
2026-05-13,wangduoyu,抖音评论 07:50,😙,,,,否,video_id=7639151315713620465; video_url=https://www.douyin.com/video/7639151315713620465; creator=王多于-股之子; like=0; reply=0; source_type=comment; parent_comment_text=,07:50,抖音评论,video,锁仓一天是什么体验#内容过于真实 #股民 #基金 #王多于股之子 #vlog十亿流量扶持计划,奥 迪,7639151315713620465,https://www.douyin.com/video/7639151315713620465,,7639156916501103409,07:50,未纳入,中性,自动映射到抖音视频评论池。,,false
2026-05-13,wangduoyu,抖音评论 07:49,别锁了,,,,否,video_id=7639151315713620465; video_url=https://www.douyin.com/video/7639151315713620465; creator=王多于-股之子; like=0; reply=0; source_type=comment; parent_comment_text=,07:49,抖音评论,video,锁仓一天是什么体验#内容过于真实 #股民 #基金 #王多于股之子 #vlog十亿流量扶持计划,法务老张,7639151315713620465,https://www.douyin.com/video/7639151315713620465,,7639156719709389622,07:49,未纳入,中性,自动映射到抖音视频评论池。,,false
2026-05-13,wangduoyu,抖音评论 07:49,哥们，美股崩了,,,,否,video_id=7639151315713620465; video_url=https://www.douyin.com/video/7639151315713620465; creator=王多于-股之子; like=0; reply=0; source_type=comment; parent_comment_text=,07:49,抖音评论,video,锁仓一天是什么体验#内容过于真实 #股民 #基金 #王多于股之子 #vlog十亿流量扶持计划,你若安好 那不得了,7639151315713620465,https://www.douyin.com/video/7639151315713620465,,7639156575139758883,07:49,未纳入,中性,自动映射到抖音视频评论池。,,false
2026-05-13,wangduoyu,抖音评论 07:47,又来[捂脸],,,,否,video_id=7639151315713620465; video_url=https://www.douyin.com/video/7639151315713620465; creator=王多于-股之子; like=0; reply=0; source_type=comment; parent_comment_text=,07:47,抖音评论,video,锁仓一天是什么体验#内容过于真实 #股民 #基金 #王多于股之子 #vlog十亿流量扶持计划,啥？,7639151315713620465,https://www.douyin.com/video/7639151315713620465,,7639156248693621542,07:47,未纳入,中性,自动映射到抖音视频评论池。,,false
2026-05-13,wangduoyu,抖音评论 07:47,今天要大绿,,,,否,video_id=7639151315713620465; video_url=https://www.douyin.com/video/7639151315713620465; creator=王多于-股之子; like=0; reply=0; source_type=comment; parent_comment_text=,07:47,抖音评论,video,锁仓一天是什么体验#内容过于真实 #股民 #基金 #王多于股之子 #vlog十亿流量扶持计划,股市捡钱,7639151315713620465,https://www.douyin.com/video/7639151315713620465,,7639156102597690163,07:47,未纳入,中性,自动映射到抖音视频评论池。,,false
2026-05-13,wangduoyu,抖音评论 07:47,完了完了,,,,否,video_id=7639151315713620465; video_url=https://www.douyin.com/video/7639151315713620465; creator=王多于-股之子; like=0; reply=0; source_type=comment; parent_comment_text=,07:47,抖音评论,video,锁仓一天是什么体验#内容过于真实 #股民 #基金 #王多于股之子 #vlog十亿流量扶持计划,一炬浩劫,7639151315713620465,https://www.douyin.com/video/7639151315713620465,,7639156035052471089,07:47,未纳入,中性,自动映射到抖音视频评论池。,,false
2026-05-13,wangduoyu,抖音评论 07:46,完蛋了，你锁仓，我就亏钱,,,,否,video_id=7639151315713620465; video_url=https://www.douyin.com/video/7639151315713620465; creator=王多于-股之子; like=0; reply=0; source_type=comment; parent_comment_text=,07:46,抖音评论,video,锁仓一天是什么体验#内容过于真实 #股民 #基金 #王多于股之子 #vlog十亿流量扶持计划,心想事成2025,7639151315713620465,https://www.douyin.com/video/7639151315713620465,,7639155932246016777,07:46,未纳入,中性,自动映射到抖音视频评论池。,,false
2026-05-13,wangduoyu,抖音评论 07:46,奶茶还没喝上呢，能不能翻我一下,,,,否,video_id=7639151315713620465; video_url=https://www.douyin.com/video/7639151315713620465; creator=王多于-股之子; like=0; reply=0; source_type=comment; parent_comment_text=,07:46,抖音评论,video,锁仓一天是什么体验#内容过于真实 #股民 #基金 #王多于股之子 #vlog十亿流量扶持计划,啊湫,7639151315713620465,https://www.douyin.com/video/7639151315713620465,,7639155895445111578,07:46,未纳入,中性,自动映射到抖音视频评论池。,,false
2026-05-13,wangduoyu,抖音评论 07:46,你tm的,,,,否,video_id=7639151315713620465; video_url=https://www.douyin.com/video/7639151315713620465; creator=王多于-股之子; like=0; reply=0; source_type=comment; parent_comment_text=,07:46,抖音评论,video,锁仓一天是什么体验#内容过于真实 #股民 #基金 #王多于股之子 #vlog十亿流量扶持计划,疑是地上霜,7639151315713620465,https://www.douyin.com/video/7639151315713620465,,7639155827126911802,07:46,未纳入,中性,自动映射到抖音视频评论池。,,false
2026-05-13,wangduoyu,抖音评论 07:45,你别锁仓,,,,否,video_id=7639151315713620465; video_url=https://www.douyin.com/video/7639151315713620465; creator=王多于-股之子; like=0; reply=0; source_type=comment; parent_comment_text=,07:45,抖音评论,video,锁仓一天是什么体验#内容过于真实 #股民 #基金 #王多于股之子 #vlog十亿流量扶持计划,修身养性,7639151315713620465,https://www.douyin.com/video/7639151315713620465,,7639155770252477242,07:45,未纳入,中性,自动映射到抖音视频评论池。,,false
2026-05-13,wangduoyu,抖音评论 07:45,哥，别锁了,,,,否,video_id=7639151315713620465; video_url=https://www.douyin.com/video/7639151315713620465; creator=王多于-股之子; like=0; reply=0; source_type=comment; parent_comment_text=,07:45,抖音评论,video,锁仓一天是什么体验#内容过于真实 #股民 #基金 #王多于股之子 #vlog十亿流量扶持计划,uuu,7639151315713620465,https://www.douyin.com/video/7639151315713620465,,7639155611552826149,07:45,未纳入,中性,自动映射到抖音视频评论池。,,false
2026-05-13,wangduoyu,抖音评论 07:44,[流泪]我瑟瑟发抖,,,,否,video_id=7639151315713620465; video_url=https://www.douyin.com/video/7639151315713620465; creator=王多于-股之子; like=1; reply=0; source_type=comment; parent_comment_text=,07:44,抖音评论,video,锁仓一天是什么体验#内容过于真实 #股民 #基金 #王多于股之子 #vlog十亿流量扶持计划,🌈🌈  娇,7639151315713620465,https://www.douyin.com/video/7639151315713620465,,7639155474948555579,07:44,未纳入,中性,自动映射到抖音视频评论池。,,false
2026-05-13,wangduoyu,抖音评论 07:44,等下看谁跑的快[尬笑][尬笑],,,,否,video_id=7639151315713620465; video_url=https://www.douyin.com/video/7639151315713620465; creator=王多于-股之子; like=0; reply=0; source_type=comment; parent_comment_text=,07:44,抖音评论,video,锁仓一天是什么体验#内容过于真实 #股民 #基金 #王多于股之子 #vlog十亿流量扶持计划,一上班就眼训,7639151315713620465,https://www.douyin.com/video/7639151315713620465,,7639155434892362496,07:44,未纳入,中性,自动映射到抖音视频评论池。,,false
2026-05-13,wangduoyu,抖音评论 07:43,4140那边的缺口刚好今天补一补！,,,,否,video_id=7639151315713620465; video_url=https://www.douyin.com/video/7639151315713620465; creator=王多于-股之子; like=0; reply=0; source_type=comment; parent_comment_text=,07:43,抖音评论,video,锁仓一天是什么体验#内容过于真实 #股民 #基金 #王多于股之子 #vlog十亿流量扶持计划,鱼先生,7639151315713620465,https://www.douyin.com/video/7639151315713620465,,7639155115270538020,07:43,未纳入,中性,自动映射到抖音视频评论池。,,false
2026-05-13,wangduoyu,抖音评论 07:43,今天还是不要锁了，感觉风险比较大，今天早上高开我就跑，低开看情况了[捂脸][捂脸][捂脸],,,,否,video_id=7639151315713620465; video_url=https://www.douyin.com/video/7639151315713620465; creator=王多于-股之子; like=1; reply=0; source_type=comment; parent_comment_text=,07:43,抖音评论,video,锁仓一天是什么体验#内容过于真实 #股民 #基金 #王多于股之子 #vlog十亿流量扶持计划,安庆德佑严姐看房,7639151315713620465,https://www.douyin.com/video/7639151315713620465,,7639155059876873014,07:43,未纳入,中性,自动映射到抖音视频评论池。,,false
2026-05-13,wangduoyu,抖音评论 07:46,完了完了,,,,否,video_id=7639151315713620465; video_url=https://www.douyin.com/video/7639151315713620465; creator=王多于-股之子; like=0; reply=0; source_type=comment; parent_comment_text=,07:46,抖音评论,video,锁仓一天是什么体验#内容过于真实 #股民 #基金 #王多于股之子 #vlog十亿流量扶持计划,十一哦,7639151315713620465,https://www.douyin.com/video/7639151315713620465,,7639155905267696421,07:46,未纳入,中性,自动映射到抖音视频评论池。,,false
2026-05-13,wangduoyu,抖音评论 07:43,哥，你怎么又锁仓了，你一锁仓我就害怕,,,,否,video_id=7639151315713620465; video_url=https://www.douyin.com/video/7639151315713620465; creator=王多于-股之子; like=0; reply=0; source_type=comment; parent_comment_text=,07:43,抖音评论,video,锁仓一天是什么体验#内容过于真实 #股民 #基金 #王多于股之子 #vlog十亿流量扶持计划,筱&美美,7639151315713620465,https://www.douyin.com/video/7639151315713620465,,7639155020718883633,07:43,未纳入,中性,自动映射到抖音视频评论池。,,false
2026-05-13,wangduoyu,抖音评论 07:41,你等着，今天肯定有人弄你！,,,,否,video_id=7639151315713620465; video_url=https://www.douyin.com/video/7639151315713620465; creator=王多于-股之子; like=0; reply=0; source_type=comment; parent_comment_text=,07:41,抖音评论,video,锁仓一天是什么体验#内容过于真实 #股民 #基金 #王多于股之子 #vlog十亿流量扶持计划,邹,7639151315713620465,https://www.douyin.com/video/7639151315713620465,,7639154728685585210,07:41,未纳入,中性,自动映射到抖音视频评论池。,,false
2026-05-13,wangduoyu,抖音评论 07:41,再锁仓，找人弄你,,,,否,video_id=7639151315713620465; video_url=https://www.douyin.com/video/7639151315713620465; creator=王多于-股之子; like=0; reply=0; source_type=comment; parent_comment_text=,07:41,抖音评论,video,锁仓一天是什么体验#内容过于真实 #股民 #基金 #王多于股之子 #vlog十亿流量扶持计划,空,7639151315713620465,https://www.douyin.com/video/7639151315713620465,,7639154487647585076,07:41,未纳入,中性,自动映射到抖音视频评论池。,,false
2026-05-13,wangduoyu,抖音评论 07:39,今天买啥[大笑],,,,否,video_id=7639151315713620465; video_url=https://www.douyin.com/video/7639151315713620465; creator=王多于-股之子; like=0; reply=0; source_type=comment; parent_comment_text=,07:39,抖音评论,video,锁仓一天是什么体验#内容过于真实 #股民 #基金 #王多于股之子 #vlog十亿流量扶持计划,A~~芬,7639151315713620465,https://www.douyin.com/video/7639151315713620465,,7639154224735470370,07:39,未纳入,中性,自动映射到抖音视频评论池。,,false
2026-05-13,wangduoyu,抖音评论 07:39,主播在提示我们该撤了,,,,否,video_id=7639151315713620465; video_url=https://www.douyin.com/video/7639151315713620465; creator=王多于-股之子; like=0; reply=0; source_type=comment; parent_comment_text=,07:39,抖音评论,video,锁仓一天是什么体验#内容过于真实 #股民 #基金 #王多于股之子 #vlog十亿流量扶持计划,甄玉,7639151315713620465,https://www.douyin.com/video/7639151315713620465,,7639154210508440366,07:39,未纳入,中性,自动映射到抖音视频评论池。,,false
2026-05-13,wangduoyu,抖音评论 07:39,你踏马又锁。。我早上就跑,,,,否,video_id=7639151315713620465; video_url=https://www.douyin.com/video/7639151315713620465; creator=王多于-股之子; like=0; reply=0; source_type=comment; parent_comment_text=,07:39,抖音评论,video,锁仓一天是什么体验#内容过于真实 #股民 #基金 #王多于股之子 #vlog十亿流量扶持计划,曾经,7639151315713620465,https://www.douyin.com/video/7639151315713620465,,7639154011823932212,07:39,未纳入,中性,自动映射到抖音视频评论池。,,false
2026-05-13,wangduoyu,抖音评论 07:38,我大胆猜测一下 今天低开高走或高开高走,,,评论热度较高，但暂未自动识别到明确股票线索，保留人工复核。,待确认,video_id=7639151315713620465; video_url=https://www.douyin.com/video/7639151315713620465; creator=王多于-股之子; like=13; reply=13; source_type=comment; parent_comment_text=,07:38,抖音评论,video,锁仓一天是什么体验#内容过于真实 #股民 #基金 #王多于股之子 #vlog十亿流量扶持计划,王多于-股之子,7639151315713620465,https://www.douyin.com/video/7639151315713620465,,7639153976650875697,07:38,待确认,中性,自动映射到抖音视频评论池。,6.2,false
2026-05-13,wangduoyu,抖音评论 07:38,不是，你又锁仓啊,,,,否,video_id=7639151315713620465; video_url=https://www.douyin.com/video/7639151315713620465; creator=王多于-股之子; like=0; reply=0; source_type=comment; parent_comment_text=,07:38,抖音评论,video,锁仓一天是什么体验#内容过于真实 #股民 #基金 #王多于股之子 #vlog十亿流量扶持计划,娜一,7639151315713620465,https://www.douyin.com/video/7639151315713620465,,7639153943873340197,07:38,未纳入,中性,自动映射到抖音视频评论池。,,false
2026-05-13,wangduoyu,抖音评论 07:38,你快把手机拿出来[捂脸],,,,否,video_id=7639151315713620465; video_url=https://www.douyin.com/video/7639151315713620465; creator=王多于-股之子; like=0; reply=0; source_type=comment; parent_comment_text=,07:38,抖音评论,video,锁仓一天是什么体验#内容过于真实 #股民 #基金 #王多于股之子 #vlog十亿流量扶持计划,然毛🍑,7639151315713620465,https://www.douyin.com/video/7639151315713620465,,7639153911714874150,07:38,未纳入,中性,自动映射到抖音视频评论池。,,false
2026-05-13,wangduoyu,抖音评论 07:38,真烦……本来预期就不行，一锁铁跌了,,,,否,video_id=7639151315713620465; video_url=https://www.douyin.com/video/7639151315713620465; creator=王多于-股之子; like=0; reply=0; source_type=comment; parent_comment_text=,07:38,抖音评论,video,锁仓一天是什么体验#内容过于真实 #股民 #基金 #王多于股之子 #vlog十亿流量扶持计划,且听龙吟,7639151315713620465,https://www.douyin.com/video/7639151315713620465,,7639153861600920379,07:38,未纳入,中性,自动映射到抖音视频评论池。,,false
2026-05-13,wangduoyu,抖音评论 07:38,存储跌了，不知道电怎么样,,,,否,video_id=7639151315713620465; video_url=https://www.douyin.com/video/7639151315713620465; creator=王多于-股之子; like=0; reply=0; source_type=comment; parent_comment_text=,07:38,抖音评论,video,锁仓一天是什么体验#内容过于真实 #股民 #基金 #王多于股之子 #vlog十亿流量扶持计划,新时尚整装中心（黄岛）,7639151315713620465,https://www.douyin.com/video/7639151315713620465,,7639153735537640244,07:38,未纳入,中性,自动映射到抖音视频评论池。,,false
2026-05-13,wangduoyu,抖音评论 07:37,你还挺积极！！！这么早  [流泪],,,,否,video_id=7639151315713620465; video_url=https://www.douyin.com/video/7639151315713620465; creator=王多于-股之子; like=0; reply=1; source_type=comment; parent_comment_text=,07:37,抖音评论,video,锁仓一天是什么体验#内容过于真实 #股民 #基金 #王多于股之子 #vlog十亿流量扶持计划,sword new new不看擦边的稳哥,7639151315713620465,https://www.douyin.com/video/7639151315713620465,,7639153669112480570,07:37,未纳入,中性,自动映射到抖音视频评论池。,,false
2026-05-13,wangduoyu,抖音评论 07:37,你又锁！玩辣,,,,否,video_id=7639151315713620465; video_url=https://www.douyin.com/video/7639151315713620465; creator=王多于-股之子; like=0; reply=0; source_type=comment; parent_comment_text=,07:37,抖音评论,video,锁仓一天是什么体验#内容过于真实 #股民 #基金 #王多于股之子 #vlog十亿流量扶持计划,红牛,7639151315713620465,https://www.douyin.com/video/7639151315713620465,,7639153655338468123,07:37,未纳入,中性,自动映射到抖音视频评论池。,,false
2026-05-13,wangduoyu,抖音评论 07:37,你取出来，快点[图片表情],,,,否,video_id=7639151315713620465; video_url=https://www.douyin.com/video/7639151315713620465; creator=王多于-股之子; like=1; reply=0; source_type=comment; parent_comment_text=,07:37,抖音评论,video,锁仓一天是什么体验#内容过于真实 #股民 #基金 #王多于股之子 #vlog十亿流量扶持计划,橙～子🍊,7639151315713620465,https://www.douyin.com/video/7639151315713620465,,7639153578733110065,07:37,未纳入,中性,自动映射到抖音视频评论池。,,false
2026-05-13,wangduoyu,抖音评论 07:37,外围崩了,,,,否,video_id=7639151315713620465; video_url=https://www.douyin.com/video/7639151315713620465; creator=王多于-股之子; like=0; reply=0; source_type=comment; parent_comment_text=,07:37,抖音评论,video,锁仓一天是什么体验#内容过于真实 #股民 #基金 #王多于股之子 #vlog十亿流量扶持计划,向,7639151315713620465,https://www.douyin.com/video/7639151315713620465,,7639153541156078342,07:37,未纳入,中性,自动映射到抖音视频评论池。,,false
2026-05-13,wangduoyu,抖音评论 07:35,你又锁？？？？,,,,否,video_id=7639151315713620465; video_url=https://www.douyin.com/video/7639151315713620465; creator=王多于-股之子; like=0; reply=0; source_type=comment; parent_comment_text=,07:35,抖音评论,video,锁仓一天是什么体验#内容过于真实 #股民 #基金 #王多于股之子 #vlog十亿流量扶持计划,神润-润滑油泵制造厂家,7639151315713620465,https://www.douyin.com/video/7639151315713620465,,7639153115287798586,07:35,未纳入,中性,自动映射到抖音视频评论池。,,false
2026-05-13,wangduoyu,抖音评论 07:35,别锁了，今天要暴跌，跑得快的时候，你锁仓,,,,否,video_id=7639151315713620465; video_url=https://www.douyin.com/video/7639151315713620465; creator=王多于-股之子; like=0; reply=0; source_type=comment; parent_comment_text=,07:35,抖音评论,video,锁仓一天是什么体验#内容过于真实 #股民 #基金 #王多于股之子 #vlog十亿流量扶持计划,最厉害的树先生,7639151315713620465,https://www.douyin.com/video/7639151315713620465,,7639153053987439417,07:35,未纳入,中性,自动映射到抖音视频评论池。,,false
2026-05-13,wangduoyu,抖音评论 07:34,又锁了，你这明明就是锁我们平民玩家的心[戳手手],,,,否,video_id=7639151315713620465; video_url=https://www.douyin.com/video/7639151315713620465; creator=王多于-股之子; like=0; reply=0; source_type=comment; parent_comment_text=,07:34,抖音评论,video,锁仓一天是什么体验#内容过于真实 #股民 #基金 #王多于股之子 #vlog十亿流量扶持计划,沧海🇨🇳,7639151315713620465,https://www.douyin.com/video/7639151315713620465,,7639152942179943205,07:34,未纳入,中性,自动映射到抖音视频评论池。,,false
2026-05-13,wangduoyu,抖音评论 07:34,我真服了，要锁仓能不能提前一天说[热化了],,,,否,video_id=7639151315713620465; video_url=https://www.douyin.com/video/7639151315713620465; creator=王多于-股之子; like=0; reply=0; source_type=comment; parent_comment_text=,07:34,抖音评论,video,锁仓一天是什么体验#内容过于真实 #股民 #基金 #王多于股之子 #vlog十亿流量扶持计划,随心i,7639151315713620465,https://www.douyin.com/video/7639151315713620465,,7639152847854600996,07:34,未纳入,中性,自动映射到抖音视频评论池。,,false
2026-05-13,wangduoyu,抖音评论 07:32,你又吓唬我,,,,否,video_id=7639151315713620465; video_url=https://www.douyin.com/video/7639151315713620465; creator=王多于-股之子; like=0; reply=0; source_type=comment; parent_comment_text=,07:32,抖音评论,video,锁仓一天是什么体验#内容过于真实 #股民 #基金 #王多于股之子 #vlog十亿流量扶持计划,小彩儿,7639151315713620465,https://www.douyin.com/video/7639151315713620465,,7639152331200414527,07:32,未纳入,中性,自动映射到抖音视频评论池。,,false
2026-05-13,wangduoyu,抖音评论 07:32,收盘给他砸懵,,,,否,video_id=7639151315713620465; video_url=https://www.douyin.com/video/7639151315713620465; creator=王多于-股之子; like=0; reply=0; source_type=comment; parent_comment_text=,07:32,抖音评论,video,锁仓一天是什么体验#内容过于真实 #股民 #基金 #王多于股之子 #vlog十亿流量扶持计划,🌈毛毛虫,7639151315713620465,https://www.douyin.com/video/7639151315713620465,,7639152235989877539,07:32,未纳入,中性,自动映射到抖音视频评论池。,,false
2026-05-13,wangduoyu,抖音评论 07:32,你又要锁仓？？？那满仓的我怎么办[图片表情],,,,否,video_id=7639151315713620465; video_url=https://www.douyin.com/video/7639151315713620465; creator=王多于-股之子; like=1; reply=0; source_type=comment; parent_comment_text=,07:32,抖音评论,video,锁仓一天是什么体验#内容过于真实 #股民 #基金 #王多于股之子 #vlog十亿流量扶持计划,油腻大肥猪深情表白大A感动村里所有人,7639151315713620465,https://www.douyin.com/video/7639151315713620465,,7639152203513742130,07:32,未纳入,中性,自动映射到抖音视频评论池。,,false
2026-05-13,wangduoyu,抖音评论 07:32,干嘛？[杀马特]不能睡到十点起来吗？锁仓干嘛又？[杀马特],,,,否,video_id=7639151315713620465; video_url=https://www.douyin.com/video/7639151315713620465; creator=王多于-股之子; like=0; reply=0; source_type=comment; parent_comment_text=,07:32,抖音评论,video,锁仓一天是什么体验#内容过于真实 #股民 #基金 #王多于股之子 #vlog十亿流量扶持计划,蚂蚁游墙漫漫闯,7639151315713620465,https://www.douyin.com/video/7639151315713620465,,7639152199901365029,07:32,未纳入,中性,自动映射到抖音视频评论池。,,false
2026-05-13,wangduoyu,抖音评论 07:31,完了，今天得吃大面,,,,否,video_id=7639151315713620465; video_url=https://www.douyin.com/video/7639151315713620465; creator=王多于-股之子; like=0; reply=0; source_type=comment; parent_comment_text=,07:31,抖音评论,video,锁仓一天是什么体验#内容过于真实 #股民 #基金 #王多于股之子 #vlog十亿流量扶持计划,沙漠灬之鹰,7639151315713620465,https://www.douyin.com/video/7639151315713620465,,7639152140048974641,07:31,未纳入,中性,自动映射到抖音视频评论池。,,false
2026-05-13,wangduoyu,抖音评论 07:31,美股芯片跌了你居然今天锁仓[捂脸],,,,否,video_id=7639151315713620465; video_url=https://www.douyin.com/video/7639151315713620465; creator=王多于-股之子; like=0; reply=0; source_type=comment; parent_comment_text=,07:31,抖音评论,video,锁仓一天是什么体验#内容过于真实 #股民 #基金 #王多于股之子 #vlog十亿流量扶持计划,🌈小鹏,7639151315713620465,https://www.douyin.com/video/7639151315713620465,,7639152139868521265,07:31,未纳入,中性,自动映射到抖音视频评论池。,,false
2026-05-13,wangduoyu,抖音评论 07:31,又完了,,,,否,video_id=7639151315713620465; video_url=https://www.douyin.com/video/7639151315713620465; creator=王多于-股之子; like=0; reply=0; source_type=comment; parent_comment_text=,07:31,抖音评论,video,锁仓一天是什么体验#内容过于真实 #股民 #基金 #王多于股之子 #vlog十亿流量扶持计划,58866654563,7639151315713620465,https://www.douyin.com/video/7639151315713620465,,7639152140203639589,07:31,未纳入,中性,自动映射到抖音视频评论池。,,false
2026-05-13,wangduoyu,抖音评论 07:31,今天大跌[白眼],,,,否,video_id=7639151315713620465; video_url=https://www.douyin.com/video/7639151315713620465; creator=王多于-股之子; like=0; reply=0; source_type=comment; parent_comment_text=,07:31,抖音评论,video,锁仓一天是什么体验#内容过于真实 #股民 #基金 #王多于股之子 #vlog十亿流量扶持计划,鹿鸣,7639151315713620465,https://www.douyin.com/video/7639151315713620465,,7639152130255389477,07:31,未纳入,中性,自动映射到抖音视频评论池。,,false
2026-05-13,wangduoyu,抖音评论 07:31,把手机拿出来！！！[图片表情],,,,否,video_id=7639151315713620465; video_url=https://www.douyin.com/video/7639151315713620465; creator=王多于-股之子; like=6; reply=2; source_type=comment; parent_comment_text=,07:31,抖音评论,video,锁仓一天是什么体验#内容过于真实 #股民 #基金 #王多于股之子 #vlog十亿流量扶持计划,阿魚,7639151315713620465,https://www.douyin.com/video/7639151315713620465,,7639152104858567461,07:31,未纳入,中性,自动映射到抖音视频评论池。,,false
2026-05-13,wangduoyu,抖音评论 07:31,应该锁仓前一天报告，才好早跑[捂脸],,,,否,video_id=7639151315713620465; video_url=https://www.douyin.com/video/7639151315713620465; creator=王多于-股之子; like=0; reply=0; source_type=comment; parent_comment_text=,07:31,抖音评论,video,锁仓一天是什么体验#内容过于真实 #股民 #基金 #王多于股之子 #vlog十亿流量扶持计划,鸟语花香,7639151315713620465,https://www.douyin.com/video/7639151315713620465,,7639152037250433841,07:31,未纳入,中性,自动映射到抖音视频评论池。,,false
2026-05-13,wangduoyu,抖音评论 07:31,羡慕,,,,否,video_id=7639151315713620465; video_url=https://www.douyin.com/video/7639151315713620465; creator=王多于-股之子; like=0; reply=0; source_type=comment; parent_comment_text=,07:31,抖音评论,video,锁仓一天是什么体验#内容过于真实 #股民 #基金 #王多于股之子 #vlog十亿流量扶持计划,寸草春晖,7639151315713620465,https://www.douyin.com/video/7639151315713620465,,7639152016770302772,07:31,未纳入,中性,自动映射到抖音视频评论池。,,false
2026-05-13,wangduoyu,抖音评论 07:31,花样还挺多[呲牙],,,,否,video_id=7639151315713620465; video_url=https://www.douyin.com/video/7639151315713620465; creator=王多于-股之子; like=0; reply=0; source_type=comment; parent_comment_text=,07:31,抖音评论,video,锁仓一天是什么体验#内容过于真实 #股民 #基金 #王多于股之子 #vlog十亿流量扶持计划,蓝黑精灵,7639151315713620465,https://www.douyin.com/video/7639151315713620465,,7639151972808950582,07:31,未纳入,中性,自动映射到抖音视频评论池。,,false
2026-05-13,wangduoyu,抖音评论 07:30,哥我求你了,,,,否,video_id=7639151315713620465; video_url=https://www.douyin.com/video/7639151315713620465; creator=王多于-股之子; like=0; reply=0; source_type=comment; parent_comment_text=,07:30,抖音评论,video,锁仓一天是什么体验#内容过于真实 #股民 #基金 #王多于股之子 #vlog十亿流量扶持计划,可名,7639151315713620465,https://www.douyin.com/video/7639151315713620465,,7639151887796044602,07:30,未纳入,中性,自动映射到抖音视频评论池。,,false
2026-05-13,wangduoyu,抖音评论 07:29,今天抓紧时间跑。。。又锁仓了,,,,否,video_id=7639151315713620465; video_url=https://www.douyin.com/video/7639151315713620465; creator=王多于-股之子; like=0; reply=0; source_type=comment; parent_comment_text=,07:29,抖音评论,video,锁仓一天是什么体验#内容过于真实 #股民 #基金 #王多于股之子 #vlog十亿流量扶持计划,周口木一家居全屋定制工厂,7639151315713620465,https://www.douyin.com/video/7639151315713620465,,7639151624321450790,07:29,未纳入,中性,自动映射到抖音视频评论池。,,false
2026-05-13,wangduoyu,抖音评论 07:29,no[流泪][流泪][流泪],,,,否,video_id=7639151315713620465; video_url=https://www.douyin.com/video/7639151315713620465; creator=王多于-股之子; like=1; reply=0; source_type=comment; parent_comment_text=,07:29,抖音评论,video,锁仓一天是什么体验#内容过于真实 #股民 #基金 #王多于股之子 #vlog十亿流量扶持计划,流水不争先,7639151315713620465,https://www.douyin.com/video/7639151315713620465,,7639151471813215035,07:29,未纳入,中性,自动映射到抖音视频评论池。,,false
2026-05-13,wangduoyu,抖音评论 08:54,低开高走，那边来人，必须红红火火,,,,否,video_id=7639151315713620465; video_url=https://www.douyin.com/video/7639151315713620465; creator=王多于-股之子; like=0; reply=0; source_type=comment; parent_comment_text=,08:54,抖音评论,video,锁仓一天是什么体验#内容过于真实 #股民 #基金 #王多于股之子 #vlog十亿流量扶持计划,今夜有风,7639151315713620465,https://www.douyin.com/video/7639151315713620465,,7639173408635339563,08:54,未纳入,中性,自动映射到抖音视频评论池。,,false
2026-05-13,wangduoyu,抖音评论 09:24,他一锁舅爹，预测100%,,,,否,video_id=7639151315713620465; video_url=https://www.douyin.com/video/7639151315713620465; creator=王多于-股之子; like=0; reply=0; source_type=comment; parent_comment_text=,09:24,抖音评论,video,锁仓一天是什么体验#内容过于真实 #股民 #基金 #王多于股之子 #vlog十亿流量扶持计划,卖房的小文,7639151315713620465,https://www.douyin.com/video/7639151315713620465,,7639181210946519857,09:24,未纳入,中性,自动映射到抖音视频评论池。,,false
2026-05-13,wangduoyu,抖音评论 09:16,现在就绿了，打他[流泪][流泪][流泪],,,,否,video_id=7639151315713620465; video_url=https://www.douyin.com/video/7639151315713620465; creator=王多于-股之子; like=0; reply=0; source_type=comment; parent_comment_text=,09:16,抖音评论,video,锁仓一天是什么体验#内容过于真实 #股民 #基金 #王多于股之子 #vlog十亿流量扶持计划,芒果🥭味,7639151315713620465,https://www.douyin.com/video/7639151315713620465,,7639179061822620473,09:16,未纳入,中性,自动映射到抖音视频评论池。,,false
2026-05-13,wangduoyu,抖音评论 08:04,拿出来，马上打你！,,,,否,video_id=7639151315713620465; video_url=https://www.douyin.com/video/7639151315713620465; creator=王多于-股之子; like=0; reply=0; source_type=comment; parent_comment_text=,08:04,抖音评论,video,锁仓一天是什么体验#内容过于真实 #股民 #基金 #王多于股之子 #vlog十亿流量扶持计划,星&辰,7639151315713620465,https://www.douyin.com/video/7639151315713620465,,7639160663194272521,08:04,未纳入,中性,自动映射到抖音视频评论池。,,false
2026-05-13,wangduoyu,抖音评论 07:53,靠，今天不会还绿吧[流泪][流泪][流泪][流泪]，看几次都绿[流泪][流泪][流泪],,,,否,video_id=7639151315713620465; video_url=https://www.douyin.com/video/7639151315713620465; creator=王多于-股之子; like=0; reply=0; source_type=comment; parent_comment_text=,07:53,抖音评论,video,锁仓一天是什么体验#内容过于真实 #股民 #基金 #王多于股之子 #vlog十亿流量扶持计划,孤_冰,7639151315713620465,https://www.douyin.com/video/7639151315713620465,,7639157708222087995,07:53,未纳入,中性,自动映射到抖音视频评论池。,,false
2026-05-13,wangduoyu,抖音评论 未标注时间,00:49,,,,否,video_id=7639151315713620465; video_url=https://www.douyin.com/video/7639151315713620465; creator=王多于-股之子; like=0; reply=0; source_type=reply; parent_comment_text=今天大低开高走，问题不大，大问题在明天，003022今天看看,--:--,抖音评论,video,锁仓一天是什么体验#内容过于真实 #股民 #基金 #王多于股之子 #vlog十亿流量扶持计划,王多于-股之子,7639151315713620465,https://www.douyin.com/video/7639151315713620465,,7639152671995462435_browser_reply_1,--:--,未纳入,中性,自动映射到抖音视频评论池。,,false
2026-05-13,wangduoyu,抖音评论 未标注时间,朋友,,,,否,video_id=7639151315713620465; video_url=https://www.douyin.com/video/7639151315713620465; creator=王多于-股之子; like=0; reply=0; source_type=reply; parent_comment_text=今天大低开高走，问题不大，大问题在明天，003022今天看看,--:--,抖音评论,video,锁仓一天是什么体验#内容过于真实 #股民 #基金 #王多于股之子 #vlog十亿流量扶持计划,王多于-股之子,7639151315713620465,https://www.douyin.com/video/7639151315713620465,,7639152671995462435_browser_reply_2,--:--,未纳入,中性,自动映射到抖音视频评论池。,,false
2026-05-13,wangduoyu,抖音评论 未标注时间,我的,,,,否,video_id=7639151315713620465; video_url=https://www.douyin.com/video/7639151315713620465; creator=王多于-股之子; like=0; reply=0; source_type=reply; parent_comment_text=今天大低开高走，问题不大，大问题在明天，003022今天看看,--:--,抖音评论,video,锁仓一天是什么体验#内容过于真实 #股民 #基金 #王多于股之子 #vlog十亿流量扶持计划,王多于-股之子,7639151315713620465,https://www.douyin.com/video/7639151315713620465,,7639152671995462435_browser_reply_3,--:--,未纳入,中性,自动映射到抖音视频评论池。,,false
2026-05-13,wangduoyu,抖音评论 未标注时间,00:14 #股票#股民#大盘 开超市不是没有道理，至少有的票吃地板，有的票还能红 2.2万 茶股小小凌成长记,联泓新科(003022),化工新材料,联泓新科(003022) 被提及 6 次，有效评论 6 条，来源 1 个，单视频线索，情绪 中性，当前判断：已进入推荐候选。,是,video_id=7639151315713620465; video_url=https://www.douyin.com/video/7639151315713620465; creator=王多于-股之子; like=0; reply=0; source_type=reply; parent_comment_text=今天大低开高走，问题不大，大问题在明天，003022今天看看,--:--,抖音评论,video,锁仓一天是什么体验#内容过于真实 #股民 #基金 #王多于股之子 #vlog十亿流量扶持计划,王多于-股之子,7639151315713620465,https://www.douyin.com/video/7639151315713620465,,7639152671995462435_browser_reply_4,--:--,已纳入,中性,自动映射到抖音视频评论池。,9.2,true
2026-05-13,wangduoyu,抖音评论 未标注时间,00:14,,,,否,video_id=7639151315713620465; video_url=https://www.douyin.com/video/7639151315713620465; creator=王多于-股之子; like=0; reply=0; source_type=reply; parent_comment_text=今天大低开高走，问题不大，大问题在明天，003022今天看看,--:--,抖音评论,video,锁仓一天是什么体验#内容过于真实 #股民 #基金 #王多于股之子 #vlog十亿流量扶持计划,王多于-股之子,7639151315713620465,https://www.douyin.com/video/7639151315713620465,,7639152671995462435_browser_reply_5,--:--,未纳入,中性,自动映射到抖音视频评论池。,,false
2026-05-13,wangduoyu,抖音评论 未标注时间,#股票#股民#大盘 开超市不是没有道理，至少有的票吃地板，有的票还能红 2.2万 茶股小小凌成长记,联泓新科(003022),化工新材料,联泓新科(003022) 被提及 6 次，有效评论 6 条，来源 1 个，单视频线索，情绪 中性，当前判断：已进入推荐候选。,是,video_id=7639151315713620465; video_url=https://www.douyin.com/video/7639151315713620465; creator=王多于-股之子; like=0; reply=0; source_type=reply; parent_comment_text=今天大低开高走，问题不大，大问题在明天，003022今天看看,--:--,抖音评论,video,锁仓一天是什么体验#内容过于真实 #股民 #基金 #王多于股之子 #vlog十亿流量扶持计划,王多于-股之子,7639151315713620465,https://www.douyin.com/video/7639151315713620465,,7639152671995462435_browser_reply_6,--:--,已纳入,中性,自动映射到抖音视频评论池。,9.2,true
2026-05-13,wangduoyu,抖音评论 未标注时间,#股票#股民#大盘 开超市不是没有道理，至少有的票吃地板，有的票还能红,联泓新科(003022),化工新材料,联泓新科(003022) 被提及 6 次，有效评论 6 条，来源 1 个，单视频线索，情绪 中性，当前判断：已进入推荐候选。,是,video_id=7639151315713620465; video_url=https://www.douyin.com/video/7639151315713620465; creator=王多于-股之子; like=0; reply=0; source_type=reply; parent_comment_text=今天大低开高走，问题不大，大问题在明天，003022今天看看,--:--,抖音评论,video,锁仓一天是什么体验#内容过于真实 #股民 #基金 #王多于股之子 #vlog十亿流量扶持计划,王多于-股之子,7639151315713620465,https://www.douyin.com/video/7639151315713620465,,7639152671995462435_browser_reply_7,--:--,已纳入,中性,自动映射到抖音视频评论池。,9.2,true
2026-05-13,wangduoyu,抖音评论 未标注时间,直播,,,,否,video_id=7639151315713620465; video_url=https://www.douyin.com/video/7639151315713620465; creator=王多于-股之子; like=0; reply=0; source_type=reply; parent_comment_text=今天大低开高走，问题不大，大问题在明天，003022今天看看,--:--,抖音评论,video,锁仓一天是什么体验#内容过于真实 #股民 #基金 #王多于股之子 #vlog十亿流量扶持计划,王多于-股之子,7639151315713620465,https://www.douyin.com/video/7639151315713620465,,7639152671995462435_browser_reply_8,--:--,未纳入,中性,自动映射到抖音视频评论池。,,false
2026-05-13,wangduoyu,抖音评论 未标注时间,2.2万 茶股小小凌成长记,,,,否,video_id=7639151315713620465; video_url=https://www.douyin.com/video/7639151315713620465; creator=王多于-股之子; like=0; reply=0; source_type=reply; parent_comment_text=今天大低开高走，问题不大，大问题在明天，003022今天看看,--:--,抖音评论,video,锁仓一天是什么体验#内容过于真实 #股民 #基金 #王多于股之子 #vlog十亿流量扶持计划,王多于-股之子,7639151315713620465,https://www.douyin.com/video/7639151315713620465,,7639152671995462435_browser_reply_9,--:--,未纳入,中性,自动映射到抖音视频评论池。,,false
2026-05-13,wangduoyu,抖音评论 未标注时间,2.2万,,,,否,video_id=7639151315713620465; video_url=https://www.douyin.com/video/7639151315713620465; creator=王多于-股之子; like=0; reply=0; source_type=reply; parent_comment_text=今天大低开高走，问题不大，大问题在明天，003022今天看看,--:--,抖音评论,video,锁仓一天是什么体验#内容过于真实 #股民 #基金 #王多于股之子 #vlog十亿流量扶持计划,王多于-股之子,7639151315713620465,https://www.douyin.com/video/7639151315713620465,,7639152671995462435_browser_reply_10,--:--,未纳入,中性,自动映射到抖音视频评论池。,,false
2026-05-13,wangduoyu,抖音评论 未标注时间,茶股小小凌成长记,,,,否,video_id=7639151315713620465; video_url=https://www.douyin.com/video/7639151315713620465; creator=王多于-股之子; like=0; reply=0; source_type=reply; parent_comment_text=今天大低开高走，问题不大，大问题在明天，003022今天看看,--:--,抖音评论,video,锁仓一天是什么体验#内容过于真实 #股民 #基金 #王多于股之子 #vlog十亿流量扶持计划,王多于-股之子,7639151315713620465,https://www.douyin.com/video/7639151315713620465,,7639152671995462435_browser_reply_11,--:--,未纳入,中性,自动映射到抖音视频评论池。,,false
2026-05-13,wangduoyu,抖音评论 未标注时间,王多于-股之子 作者 ... 应该不会跌 没理由跌 没道理跌 1小时前·河南 2 分享 回复 展开4条回复,联泓新科(003022),化工新材料,联泓新科(003022) 被提及 6 次，有效评论 6 条，来源 1 个，单视频线索，情绪 中性，当前判断：已进入推荐候选。,是,video_id=7639151315713620465; video_url=https://www.douyin.com/video/7639151315713620465; creator=王多于-股之子; like=0; reply=0; source_type=reply; parent_comment_text=今天大低开高走，问题不大，大问题在明天，003022今天看看,--:--,抖音评论,video,锁仓一天是什么体验#内容过于真实 #股民 #基金 #王多于股之子 #vlog十亿流量扶持计划,王多于-股之子,7639151315713620465,https://www.douyin.com/video/7639151315713620465,,7639152671995462435_browser_reply_12,--:--,已纳入,中性,自动映射到抖音视频评论池。,9.2,true
2026-05-13,wangduoyu,抖音评论 未标注时间,朋友,,,,否,video_id=7639151315713620465; video_url=https://www.douyin.com/video/7639151315713620465; creator=王多于-股之子; like=0; reply=0; source_type=reply; parent_comment_text=长江证券今天涨停,--:--,抖音评论,video,锁仓一天是什么体验#内容过于真实 #股民 #基金 #王多于股之子 #vlog十亿流量扶持计划,王多于-股之子,7639151315713620465,https://www.douyin.com/video/7639151315713620465,,7639157152427524913_browser_reply_1,--:--,未纳入,中性,自动映射到抖音视频评论池。,,false
2026-05-13,wangduoyu,抖音评论 未标注时间,白白理财日记,,,,否,video_id=7639151315713620465; video_url=https://www.douyin.com/video/7639151315713620465; creator=王多于-股之子; like=0; reply=0; source_type=reply; parent_comment_text=长江证券今天涨停,--:--,抖音评论,video,锁仓一天是什么体验#内容过于真实 #股民 #基金 #王多于股之子 #vlog十亿流量扶持计划,王多于-股之子,7639151315713620465,https://www.douyin.com/video/7639151315713620465,,7639157152427524913_browser_reply_2,--:--,未纳入,中性,自动映射到抖音视频评论池。,,false
2026-05-13,wangduoyu,抖音评论 未标注时间,00:15,,,,否,video_id=7639151315713620465; video_url=https://www.douyin.com/video/7639151315713620465; creator=王多于-股之子; like=0; reply=0; source_type=reply; parent_comment_text=长江证券今天涨停,--:--,抖音评论,video,锁仓一天是什么体验#内容过于真实 #股民 #基金 #王多于股之子 #vlog十亿流量扶持计划,王多于-股之子,7639151315713620465,https://www.douyin.com/video/7639151315713620465,,7639157152427524913_browser_reply_3,--:--,未纳入,中性,自动映射到抖音视频评论池。,,false
2026-05-13,wangduoyu,抖音评论 未标注时间,我的,,,,否,video_id=7639151315713620465; video_url=https://www.douyin.com/video/7639151315713620465; creator=王多于-股之子; like=0; reply=0; source_type=reply; parent_comment_text=长江证券今天涨停,--:--,抖音评论,video,锁仓一天是什么体验#内容过于真实 #股民 #基金 #王多于股之子 #vlog十亿流量扶持计划,王多于-股之子,7639151315713620465,https://www.douyin.com/video/7639151315713620465,,7639157152427524913_browser_reply_4,--:--,未纳入,中性,自动映射到抖音视频评论池。,,false
2026-05-13,wangduoyu,抖音评论 未标注时间,00:49 锐评炒股博主从夯到拉停不下来#日常#夯爆了#股民#财经博主#干货 2581,,,,否,video_id=7639151315713620465; video_url=https://www.douyin.com/video/7639151315713620465; creator=王多于-股之子; like=0; reply=0; source_type=reply; parent_comment_text=长江证券今天涨停,--:--,抖音评论,video,锁仓一天是什么体验#内容过于真实 #股民 #基金 #王多于股之子 #vlog十亿流量扶持计划,王多于-股之子,7639151315713620465,https://www.douyin.com/video/7639151315713620465,,7639157152427524913_browser_reply_5,--:--,未纳入,中性,自动映射到抖音视频评论池。,,false
2026-05-13,wangduoyu,抖音评论 未标注时间,00:49,,,,否,video_id=7639151315713620465; video_url=https://www.douyin.com/video/7639151315713620465; creator=王多于-股之子; like=0; reply=0; source_type=reply; parent_comment_text=长江证券今天涨停,--:--,抖音评论,video,锁仓一天是什么体验#内容过于真实 #股民 #基金 #王多于股之子 #vlog十亿流量扶持计划,王多于-股之子,7639151315713620465,https://www.douyin.com/video/7639151315713620465,,7639157152427524913_browser_reply_6,--:--,未纳入,中性,自动映射到抖音视频评论池。,,false
2026-05-13,wangduoyu,抖音评论 未标注时间,锐评炒股博主从夯到拉停不下来#日常#夯爆了#股民#财经博主#干货 2581,,,,否,video_id=7639151315713620465; video_url=https://www.douyin.com/video/7639151315713620465; creator=王多于-股之子; like=0; reply=0; source_type=reply; parent_comment_text=长江证券今天涨停,--:--,抖音评论,video,锁仓一天是什么体验#内容过于真实 #股民 #基金 #王多于股之子 #vlog十亿流量扶持计划,王多于-股之子,7639151315713620465,https://www.douyin.com/video/7639151315713620465,,7639157152427524913_browser_reply_7,--:--,未纳入,中性,自动映射到抖音视频评论池。,,false
2026-05-13,wangduoyu,抖音评论 未标注时间,锐评炒股博主从夯到拉停不下来#日常#夯爆了#股民#财经博主#干货,,,,否,video_id=7639151315713620465; video_url=https://www.douyin.com/video/7639151315713620465; creator=王多于-股之子; like=0; reply=0; source_type=reply; parent_comment_text=长江证券今天涨停,--:--,抖音评论,video,锁仓一天是什么体验#内容过于真实 #股民 #基金 #王多于股之子 #vlog十亿流量扶持计划,王多于-股之子,7639151315713620465,https://www.douyin.com/video/7639151315713620465,,7639157152427524913_browser_reply_8,--:--,未纳入,中性,自动映射到抖音视频评论池。,,false
2026-05-13,wangduoyu,抖音评论 未标注时间,直播,,,,否,video_id=7639151315713620465; video_url=https://www.douyin.com/video/7639151315713620465; creator=王多于-股之子; like=0; reply=0; source_type=reply; parent_comment_text=长江证券今天涨停,--:--,抖音评论,video,锁仓一天是什么体验#内容过于真实 #股民 #基金 #王多于股之子 #vlog十亿流量扶持计划,王多于-股之子,7639151315713620465,https://www.douyin.com/video/7639151315713620465,,7639157152427524913_browser_reply_9,--:--,未纳入,中性,自动映射到抖音视频评论池。,,false
2026-05-13,wangduoyu,抖音评论 未标注时间,栾川九十度装饰 ... 今天大低开高走，问题不大，大问题在明天，003022今天看看 1小时前·河南 4 分享 回复,,,,否,video_id=7639151315713620465; video_url=https://www.douyin.com/video/7639151315713620465; creator=王多于-股之子; like=0; reply=0; source_type=reply; parent_comment_text=长江证券今天涨停,--:--,抖音评论,video,锁仓一天是什么体验#内容过于真实 #股民 #基金 #王多于股之子 #vlog十亿流量扶持计划,王多于-股之子,7639151315713620465,https://www.douyin.com/video/7639151315713620465,,7639157152427524913_browser_reply_10,--:--,未纳入,中性,自动映射到抖音视频评论池。,,false
2026-05-13,wangduoyu,抖音评论 未标注时间,栾川九十度装饰 ...,,,,否,video_id=7639151315713620465; video_url=https://www.douyin.com/video/7639151315713620465; creator=王多于-股之子; like=0; reply=0; source_type=reply; parent_comment_text=长江证券今天涨停,--:--,抖音评论,video,锁仓一天是什么体验#内容过于真实 #股民 #基金 #王多于股之子 #vlog十亿流量扶持计划,王多于-股之子,7639151315713620465,https://www.douyin.com/video/7639151315713620465,,7639157152427524913_browser_reply_11,--:--,未纳入,中性,自动映射到抖音视频评论池。,,false
2026-05-13,wangduoyu,抖音评论 未标注时间,栾川九十度装饰,,,,否,video_id=7639151315713620465; video_url=https://www.douyin.com/video/7639151315713620465; creator=王多于-股之子; like=0; reply=0; source_type=reply; parent_comment_text=长江证券今天涨停,--:--,抖音评论,video,锁仓一天是什么体验#内容过于真实 #股民 #基金 #王多于股之子 #vlog十亿流量扶持计划,王多于-股之子,7639151315713620465,https://www.douyin.com/video/7639151315713620465,,7639157152427524913_browser_reply_12,--:--,未纳入,中性,自动映射到抖音视频评论池。,,false
